S01B00006275696C642F72656C656173652F7A69676265652E73333714
S21400400008100020B97C00004DC40000B90603006B
S214004010B906030055C400005DC40000B9060300DD
S214004020B9060300B9060300B9060300B906030083
S21400403061C400001C4A0400B9060300B906030068
S214004040B9060300B9060300B9060300D1770000DD
S214004050B9060300B9060300B9060300B906030053
S214004060B9060300B906030061C90000B9060300DB
S214004070B9060300B9060300B9060300B906030033
S214004080B9060300B9060300B9060300B906030023
S214004090B9060300B9060300B9060300B906030013
S2140040A0B90603008180000065800000B9060300A1
S2140040B0B9060300B9060300B9060300491D02004D
S2140040C0CB610300C7610300AD140200E161030089
S2140040D0CF610300091D0200D36103003D01020009
S2140040E0891D0200B9060300B9060300B9060300DD
S2140040F0B9060300B9060300B9060300B9060300B3
S214004100B9060300B9060300B9060300B9060300A2
S214004110B9060300B9060300B9060300B906030092
S214004120B9060300B9060300B9060300B906030082
S208004130B9060300C4
S214004134F0B5114A114C124E00F00105E3695F0711
S21400414413D40DB9334213D103EA00078F4207D1C3
S2140041540B4A1A40002A14BF6FF001000020F0BD7D
S214004164013AEBD16FF00200F9E74FF0FF30F6E7C3
S2140041746FF00100F3E700BF80969800000003503C
S214004184020001000B4B70B5D96911F480310DD1D2
S21400419401244FF48072084E084DF46020462C64C7
S2140041A41A61FFF7C5FF3464EC6070BD6FF0010060
S2140041B4FBE700BF0000035000100350002003502C
S2140041C438B541F6713301220C4C0021E569E363EE
S2140041D40B4B05F48035DA600223606121202361ED
S2140041E4FFF7A6FF10B92120FFF7A2FF0122054B17
S2140041F4DA600DB10023E36338BD00BF000003504E
S214004204001003500020035070B5134C6061E3693E
S2140042145B071ED40E4656F8043B8D18A361AE42C7
S2140042240BD10423002121202361FFF781FF58B915
S214004234BDE870402120FFF77BBF08210846FFF742
S21400424477FF10B10423236170BD56F8043BA361C5
S214004254E5E74FF0FF30F7E7000003502DE9F84399
S214004264154641F67132164B8946DF69DA63012238
S214004274064603F58053DFF8508007F48037DA608B
S21400428455B9284601220F4BDA601FB10022A3F568
S2140042940053DA63BDE8F88306F5005404EA08041C
S2140042A4A41BAC4228BF2C46494622463046FFF79C
S2140042B4ABFF0028E6D12644A1442D1BE0E700BF4F
S2100042C4000003500020035000E0FFFF45
S2140042D02DE9F04F4FF0FD0BC9B09A460DF11B09C2
S2140042E09DF8503108AFCDF80C90CDF808B0019786
S2140042F0059303890446009383790E4690464188C9
S2140043008288407812F06CFA054650B10090A38877
S214004310002062883A4912F0A7FD284649B0BDE859
S214004320F08F99F800002FF0A2FA38B12846A3883B
S2140043306288344912F098FD8D25EEE75A463946D4
S21400434099F800002FF03BFA8346002851D0529B84
S2140043501BB1BDF84C3198424BD8002399F8009019
S2140043600793A9F14102012A5FFA8BF123D8384658
S2140043700139254ADFF898C05FFA81FE734513DBE2
S214004380059B04210792C3B907AF18221F489FED6B
S2140043901A7B02FB060420460A460830394684ED9E
S2140043A0027B17F089FA11E010F8011F0133514023
S2140043B00CFB01F2E2E7059B33B123464A4638463A
S2140043C0009610F08FF9A8E70829DED9B8F1000F9B
S2140043D001D088F80090BAF1000F01D0AAF800B01A
S2140043E0529B002B99D05A46184608A917F064FA33
S2140043F093E7012591E700BF0000000000000000E1
S214004400F1F2030026F30300C59D1C8180100020F6
S21400441093010001000000002DE9F04F93B0CDE9B4
S2140044200A32DDE91C530E9353EC102BCDE908013C
S214004430104619468DED060B1E9E16F0C7FC80B181
S214004440DDE906014FF0FF32C54B16F0E7FC40B938
S214004450DDE906014FF0FF326FF4801316F0C0FC62
S21400446070B1DDE908019DED060B0E9B1E96CDE9A9
S2140044701C53DDE90A3213B0BDE8F04F00F088B9EE
S2140044800022DDE90601002316F0AAFC002800F051
S2140044903381DDE906A303F1004BCBF30A5016F493
S2140044A08063A0F2FF3008BF06250F9316F0BCF914
S2140044B09BA3D3E9002316F021FA9BA3D3E900239C
S2140044C016F066F8CBF31304894644F07F51804615
S2140044D00022A44B504641F4401116F057F894A31E
S2140044E0D3E9002316F00AFA02460B464046494630
S2140044F016F04EF816F09CFC044616F095F98EA3BE
S214004500D3E900238046894616F0F8F90022964B38
S21400451016F03EF816F08CFC89A3D3E90023074674
S2140045204946404616F0EAF980463846894616F06F
S2140045307BF985A3D3E9002316F0E0F902460B4683
S2140045404046494616F022F802460B46CDE90C23B3
S21400455016F0D4F9DDE90C23804689461046194644
S21400456016F016F80022CDE91001804B4046494669
S21400457016F0EEFA00227E4B16F00AF802460B46BC
S2140045804046494616F0E4FA00227A4B16F000F848
S21400459002460B464046494616F0DAFADDE90C2399
S2140045A08046894600204FF0804115F0EFFF024616
S2140045B00B464046494615F0EBFF02460B46DDE942
S2140045C0100116F0C5FA07F2FF3700226A4B15F005
S2140045D0DFFF00223B0516F091F952465B46804607
S2140045E0894616F01BFC002840F08980CDE90C892E
S2140045F004F16303C62B8CBF0527042731051BD5A2
S21400460053A3D3E900235046594616F0FDFB002875
S2140046107FD051A3D3E900235046594616F0E0FB5D
S214004620002876D00027A542C6BF2C1B04F1FF3514
S21400463000253C4646F480660E9B9F422CBF4FF0FA
S2140046400008A3EB070816F0020903D0002F18BFD6
S2140046504FF000083CB1DDE90C235046594616F0F1
S21400466077FA82468B46DDE906010022002316F023
S214004670B7FB10B10BF100439B46DDE9080126F4B9
S2140046800063CDE90183DDE90A324BEC10AB0095FF
S21400469000F07EF802465FB3DDE9091316F0200F3E
S2140046A000F10105089E0CBF65204520B047DDE9F6
S2140046B008010523002205930A23002CCDE90232C7
S2140046C007F1FF374FEAD473B8BF64422A46019316
S2140046D004970A9B009430F0E6FE0246B9F1000FFC
S2140046E006D00B9BC41A0B9B1A190E9BA34245D8E7
S2140046F0104613B0BDE8F08FDDE906ABCDE600222C
S214004700404649461A4B16F023FA013CCDE90C0107
S2140047106EE7002D90D00F9B002B8DD0013D8BE7D0
S214004720FB799F501344D33FB3C8608B288AC63F9B
S21400473061436F63A787D23F71A379094F930A40FD
S2140047401655B5BBB16B0240EF39FAFE422EE63F76
S2140047502D431CEBE2361A3F0000000080842E41F9
S214004760FFFFEF7F0000F83F0000E03F00002C4016
S21400477000002440000018400000F03F2020DDE943
S2140047800913089DA8470134ADE700BF00000000EC
S2140047902DE9F04F5BEC10AB97B0CDE90501DDE9F4
S2140047A02058CDE90723504652465B465946229F7D
S2140047B016F00CFB70B90323CDE902870193AA4BD0
S2140047C00093DDE90501DDE9072330F09EFD17B013
S2140047D0BDE8F08F4FF0FF326FF480135046594615
S2140047E016F0FEFA28B10423CDE9028701939F4B09
S2140047F0E6E74FF0FF32504659469D4B16F00EFB4B
S21400480068B19C4A07F00403002B08BF03229A4BAA
S2140048101CBF13460422CDE902870192D0E750461A
S2140048208DA3D3E90023594616F0F8FA38B98CA3BD
S214004830D3E900235046594616F0D2FA68B1DDE9AE
S2140048400723DDE905014BEC10ABCDE92187209568
S21400485017B0BDE8F04FFFF7DFBD0022002350463B
S214004860594616F0BDFA002800F091805B46524685
S2140048700020002115F08AFE012382468B4609930C
S21400488017F4806400F08580092D40F285800024AE
S21400489030210EABA5F109020134202C03F8011BD0
S2140048A0A5EB040901D09442F6D15946504616F0BD
S2140048B0BFFA724B054603EBC90393ED007B8DED03
S2140048C00A7B15F0B1FF02460B465046594615F0D6
S2140048D05DFEDDE90A2316F011F802460B46CDE927
S2140048E00C2316F0CDFA064615F08EFF02460B4650
S2140048F0DDE90C0115F04AFE02460B46CDE90C2315
S21400490000225F4B16F08AFA002848D0013630465F
S21400491015F07AFF02460B46DDE90A0116F06AFA40
S21400492008B100260135B9F1000F45D1284615F02B
S2140049307BFF02460B465046594615F027FE0022DE
S2140049404F4B16F04DFA10B9E90700D501350A218C
S2140049500EAB1A19202C0AD095FBF1F001FB10556E
S214004960303502F8015B013405460028F2D107F025
S2140049700302012A55D1B8F1000F52D0099A12B994
S21400498017F00C0F01D008F1FF38302240E00990F4
S21400499076E74FF0060988E7A946002485E7002257
S2140049A0DDE90C01364B16F01BFA0028BBD10EB120
S2140049B0F007B8D50136B6E70A210EAB1A19202C37
S2140049C00DD0B6FBF1F001FB1063092E03F13003A6
S2140049D009F1FF3904F1010402F8013B11D8302136
S2140049E0A1440EAA202CB2D04C4504F101030AD1F2
S2140049F004F158020DEB02042E2204F8202C1C466B
S214004A00A5E70646DBE7A1541C46EBE71A5501343A
S214004A10444506D2202CF9D1CDE9028701940EAB8D
S214004A20CEE6202CF8D0099B3BB12D2204F158038A
S214004A306B4403F8202C0134EEE77A0704D504F122
S214004A4058032B226B44F4E73B07E5D504F15803E3
S214004A5020226B44EDE700BF0000000065CDCD418D
S214004A600000000065CDCDC114100400181004002D
S214004A70FFFFEF7F0B1004001010040050590400D5
S214004A800000E03F0000000070B58EB02C22002130
S214004A9003A816F081FD64234FF002320893CDE997
S214004AA005230B2301218DF834305B4B8DF8101055
S214004AB01D880D4040F0A980084634F04FFD0A22BC
S214004AC0564B574C1A704FF42873ADF812304FF00F
S214004AD0FF332360534B54491B8820460B82534BAD
S214004AE0534A1B68CD828B61524B0D621B884B82EA
S214004AF0514B1B68CB611DF0BDF920B14FF41B7103
S214004B004E4835F0C6FD0521206830F0BFFE20B1C6
S214004B1040F27D21494835F0BCFD206815F0F2FCD6
S214004B20474B2068196830F074FF0C2535F07EF985
S214004B306843099035F07AF968430DEB0501079054
S214004B40206817F0EBFB20B140F295213B4835F08A
S214004B50A0FD25681FF0C6FB00220146284630F05F
S214004B60D0FF20B140F29721344835F092FD40F254
S214004B700353344D344E2B80052396F90000AB705A
S214004B807F2801D11DF06CFA3378EB7035F04EF9C2
S214004B9000EB80008000A88035F048F90023C000B4
S214004BA04FF0FF31E880AB604FF0FF3018A3D3E939
S214004BB0002334F025FE2549206830F05BFF20688E
S214004BC002A931F077FB20B14FF434711B4835F061
S214004BD060FD042220680DEB020130F0EFFE042891
S214004BE004D040F2D721154835F053FD01A9012025
S214004BF030F0F0FA07F06EFC01201DF0B5FE2CF048
S214004C0053FB1DF0DBFE1DF0C3F90EB070BD00BFF8
S214004C100A0020FF42030000FE5900202B610020FE
S214004C2024540020FE720400DC6700200473040095
S214004C3085950300FC72040000730400DD48040040
S214004C402465002018540020B26A0020F99503005D
S214004C500348044B834202D0034B03B11847704706
S214004C60E06A0020E06A002000000000064B0749CA
S214004C70C91A891048BF0131491003D0044B0BB143
S214004C8001481847704700BFE06A0020E06A00202D
S214004C900000000010B5064C237843B9FFF7D8FF94
S214004CA0044B13B10448AFF300800123237010BDFA
S214004CB0B0150020000000008496040008B5044BE0
S214004CC01BB104490448AFF30080BDE80840CDE7B7
S214004CD000000000B415002084960400A3F5803A76
S214004CE0704700BF154B002B08BF114B9D46FFF7C2
S214004CF0F5FF00218B460F461148124A121A16F08D
S214004D004BFC0C4B002B00D098470B4B002B00D0D5
S214004D1098470020002104000D000B4816F082FF83
S214004D2016F012FC200029002BF0E2F916F068FFBE
S214004D30000008000000000000000000081000202E
S214004D4008100020806100208DBC010007B50121FD
S214004D5020200DF1070201F031F858B1022301219D
S214004D6020200DF107028DF8073001F037F803B068
S214004D705DF804FB9DF807100229F8D002220948C6
S214004D8015F0F8FA022301210DF1070220208DF814
S214004D90073001F023F82BF005F94FF4FA6000F025
S214004DA057FEE4E7C8AA030038B501F0DDFF01F0BE
S214004DB0A3F9012805D001F09FF9022801D001F0DF
S214004DC0C1F9064D2B783BB901F096F90128044647
S214004DD002D12BF070F92C7038BD00BFDC5A0020D1
S214004DE010B5044600882BF0B1F8A37884F8440088
S214004DF0834202BF0123E3702371074B04F11C00BA
S214004E00C4E9073401F030F8224620880349BDE89B
S214004E10104000F06DBF00BFE3FC0200ADFC0200D6
S214004E2070B5C37804460D461646002B34D1D1B172
S214004E30214815F09FFA0123E370E36CA6600BB1DE
S214004E40E06D9847E368F61A63699E4221D2217E98
S214004E501A480131C9B2217615F08CFAA36D13B148
S214004E60217EE06D9847E5702BF0AFF815B32379F7
S214004E7003BBA268238A801A83421BD801231048EA
S214004E80237115F077FA236DA3B1E06DBDE870408D
S214004E90184701232376E6E70029E4D1094815F0F0
S214004EA069FA636DE660E5702571002BDBD0E06D76
S214004EB09847D8E770BD00BFF0AA030001AB030017
S214004EC02FAB03001CAB030070B51E468388044658
S214004ED00D46C18002810BB1868070BD8178008846
S214004EE02AF020FF0123E370064BA680C4E90334B2
S214004EF00C34204600F0B8FF29462046BDE8704036
S214004F002BF05AB82FFD020010B501790446B1FA0D
S214004F1081F1008849092AF07CFF21796088B1FA7E
S214004F2081F149092AF075FF034B1A68A24204BFB3
S214004F3000221A6010BD00BFCC15002070B5437962
S214004F400446A3B100880E4E04F10805336813B179
S214004F500C4B1B786BB121792AF05BFF64210A4B5E
S214004F603460A3602846BDE870402BF025B8408822
S214004F70E9E7064815F0FEF9054B3221A360F1E794
S214004F80CC150020DD5A0020094F000045AB030079
S214004F903D4F000010B50446E0B10F4815F0EAF9A1
S214004FA001236371A37953B9217920882AF031FF50
S214004FB0236B7BB1606B0121BDE81040184720468B
S214004FC0FFF7A2FF04F108002AF0FBFF2046FFF7D8
S214004FD0B5FFEDE710BD00BF7BAB030010B5044680
S214004FE0F8B1104815F0C6F900236371A3796BB9C0
S214004FF021792088B1FA81F149092AF00AFF236B4A
S2140050007BB1606B0021BDE8104018472046FFF7D3
S2140050107BFF04F108002AF0D4FF2046FFF78EFF3E
S214005020EDE710BD86AB030010B5044668B107482F
S21400503015F0A0F9637920461BB1BDE81040FFF7D4
S214005040CDBFBDE81040FFF7A5BF10BD92AB030073
S21400505010B50E4C0E48214615F08CF982210D48ED
S21400506015F088F982210220A21E00F0B7FE014644
S21400507030B134F8022C0848BDE8104015F07AB973
S2140050800648BDE8104015F075B900BF6A55002007
S214005090A1AB0300BCAB0300C7AB03000BAC030023
S2140050A038B50E4C82212246022000F087FEA51C51
S2140050B0014650B122880A4815F05CF94E2228466F
S2140050C0084916F0F9FB4D23238035F8021C064AE2
S2140050D00648BDE8384015F04DB900BF68550020B9
S2140050E016AC030096AC03006A55002074AC0300AF
S2140050F0034B1B781BB18B4201D82AF053BF704775
S214005100586A002010B5044601460E4815F032F9DC
S214005110012C11D10C4B0D481A884FF6FF739A429A
S2140051201EBF0022094B5A742AF059FE01F072FF86
S214005130BDE8104001F044BE0448BDE810402AF027
S21400514050BE00BFE4AC03000C6A0020B064002030
S21400515070B500241A4D1B4E3378A3421BDC002486
S214005160194D1A4E3378A3421BDC0024184D194EF5
S2140051703378A3421BDC00F0BFFF012816481CD181
S2140051802AF02DFE01F046FF01F01AFEBDE8704041
S214005190124800F0D1BF2846FFF722FE01346035E2
S2140051A0DAE728462AF001FE01343435DAE72846E5
S2140051B02AF034FE01343835DAE72AF012FEE5E745
S2140051C078210020E35A002098250020E45A002089
S2140051D0481F0020E25A0020B0640020055100005D
S2140051E02DE9F04F87B0FFF75BFFB94B05A8059395
S2140051F02AF038FE054616F0CBF8B64CC2B21F2A87
S214005200627004D9B44815F0B5F800F015FC2946CC
S214005210A01C16F051FB05A82AF024FE054616F041
S214005220B7F8C2B21F2A84F8212001D9AB48EAE7B2
S214005230294604F1220016F03FFB05A82AF012FECC
S2140052403226044600272578002D40F09F80A44C87
S214005250FFF77EFF2378DFF8C8A2DFF8C882A14FE9
S21400526000939AF8003098F8002039789E4815F098
S21400527081F83A7898F800109AF80000531803441A
S214005280DFF894B220782C4603445846DBB2AA4294
S21400529000F3E482012B38BF0123944E029332467A
S2140052A0002335464FF482714FF6FF74029801339F
S2140052B0984213705180948002F10C02F6DC8C4BFD
S2140052C08A498448AB6000F0EDFFE879AB68DFF808
S2140052D0449200EB400003EB800000F0B9FDEB7950
S2140052E0B9F800200133A242EB7103D07F49814810
S2140052F001F0DCF84FF6FF73B9F800207B49D21AAC
S21400530018BF01227C4801F09BFC4FF00009784C46
S2140053103A784A4500F3CA8200264FF00C09774ACD
S214005320DFF8C8B198F800003978B04200F3D282AE
S21400533046180C21002501FB06B19AF800009423BC
S214005340A8426F4A00F3E4820C253E7898F80030B5
S21400535000274FF070081E44064405FB06B5DFF82C
S214005360C8A15F4B1B78BB4200F3E58202995F48F9
S21400537000F0FCFD059B56491A468B4240F0EE8233
S214005380604807B0BDE8F04F14F0F4BF532D0FD1BE
S21400539063784C2B40F04881A378502B40F0448132
S2140053A00122594B1A7005A82AF05CFD04464AE70C
S2140053B0442D13D16378303B092BF4D8601C2AF0B7
S2140053C05EFD524B524A1978002386B2994202F18A
S2140053D06002E8DD22F8466C0133F7E7422D0BD178
S2140053E06378542B54D1A01C00F0D0FC494B188095
S2140053F018462AF038FCD6E7582D33D8412DD2D996
S214005400433D152DCFD801A353F825F0CB57000008
S214005410A7530000A7530000A7530000A75300009F
S214005420A75300007B550000A7530000A7530000B9
S2140054302D55000077540000A7530000A753000026
S214005440A7530000A7530000AD56000029560000E1
S214005450A7530000A7530000A7530000A75300005F
S21400546023570000692D9ED1601C2AF008FD80B2EB
S2140054702AF094FD97E71B4B012019780023264A53
S214005480994202F1A8028EDD02F8A60C0133F7E776
S214005490601C00F07BFC0546E01C2AF068FD01213C
S2140054A0024628462AF01FFD60211848184C03784B
S2140054B05943621865524FF4FA6111824FF44871ED
S2140054C05161164956831165013303706BE700BFBF
S2140054D06A550020C463002003AD03001AAD030024
S2140054E0DE5A0020E15A00202AAD0300981600205C
S2140054F01017002048160020D01500209C1B002006
S214005500E01900207AAD0300DD5A0020E35A00209F
S214005510782100200C6A00209C1C00204FFE020010
S214005520DF5A0020E05A002090180020601C00F08F
S2140055302DFC00224FF034088146CC4F11462AF04D
S214005540D2FC3878CA4D08FB00F325F80390EA1819
S214005550E3781046693B18BF012393702AF025FCB8
S2140055600021C44A3B785160012103FB08550B44D7
S2140055703B7015600F46117415E7601C00F006FCC2
S2140055800022114681462AF0AEFC3422B74DDFF8E1
S214005590E082287802FB00F328F8039008EB03016A
S2140055A0E3780846693B18BF01238B702AF0FDFBA1
S2140055B0B14A00231046916B31BB00EB83103423B5
S2140055C02A7802FB03838363AC4A00231046D2F892
S2140055D0A410F9B9A82202FB030034232A7802FBA0
S2140055E00383C0F8A4305FB9A24A3B46114652F87E
S2140055F0040BA8B93422287800FB028241F8232045
S2140056002B7801332B70CEE60133042B02F14002D7
S214005610D1D1D9E70133042B02F1A802D7D1E2E7B2
S2140056200133042BE3D1EBE7601C00F0AFFB8046B0
S214005630E01C2AF09CFC0121024640462AF053FC5E
S21400564060218F488F4D0278DFF854C251436B18A3
S21400565025F801804FF44871198259618A495E83A2
S2140056609965E178A824642904BF012199709CF803
S2140056700030DFF808E25C430EEB04010EF804305D
S2140056804FF400744C8003240C718C7102EB4204BE
S21400569005EB441532240133DBB201324B718D60C9
S2140056A081F8A04002708CF800307CE6601C00F0A8
S2140056B06DFB00224FF0380A8146DFF8DC81114688
S2140056C02AF011FC98F80030704D0AFB03F325F819
S2140056D003904FF00109EA1882F80490E37873B15A
S2140056E0E01C00F053FB0022044611462AF0FBFBA8
S2140056F098F800300AFB03535C8083F806906448F1
S2140057005D4A03789901535498F8001002EB83140D
S214005710C1EBC10205EBC2054A1C656388F8002090
S214005720D2E6601C00F032FB8046E01C00F02EFB48
S2140057300546601D2AF01BFC044602460121404631
S2140057402AF0D1FB2246284601212AF0CCFB602015
S2140057504FF4487CDFF828E14A4A9EF8003000FB08
S21400576003F422F80480DFF820811119A1F810C094
S214005770C1F814C04E83C1F85880591CC9B24843BA
S2140057801418A4F810C0C4F814C06683C4F858806F
S214005790942415523F4D981C8EF800002878DFF8A8
S2140057A004C1444303EB430301EB41010CEB040E3D
S2140057B002EB431302EB41120CF80400CEF804305F
S2140057C0CEF8082001302870EDE5601C00F0DEFA07
S2140057D08046E01C00F0DAFA0022054611464046F4
S2140057E02AF081FB00223824114628462AF07BFB4B
S2140057F02948264A03784FF0000E04FB03FC22F8E3
S2140058000C804FF0010802EB0C0181F806E081F8ED
S214005810048003EB0801C9B24C4302EB040C155399
S2140058209C1C047070241D4D8CF806E028788CF8BB
S21400583004804443DFF870C0C3EBC303C1EBC1016F
S2140058400CEB040E02EBC30302EBC1020CF80400DF
S214005850CEF80430CEF808204044B4E74679013547
S2140058608E4284BF04714471A83010E5E45A0020CB
S21400587098250020B06400209C1B00209C1C002063
S214005880E35A002078210020F1500000481F002035
S214005890E05A0020DF5A0020E25A0020DE5A00209C
S2140058A0E15A0020E019002090180020B9F1000FFE
S2140058B006D016F8052C02EB420204EB8204B46014
S2140058C03146584601F07AFD09F101090BF1A80BA3
S2140058D00C361DE571180AD0481E09FB00B0C079C9
S2140058E000EB400004EB800409FB01B08460104626
S2140058F009FB0151039201F01FFB39781C48314423
S21400590009FB015101F086F8039A0136403209E599
S214005910F54218BF11F8050C03911EBF00EB4000BE
S21400592004EB80048C6003FB052000F083FF0399E2
S21400593001350C3101E5F74218BF15F8053C29463C
S2140059401CBF03EB430304EB830408FB07A018BF4C
S214005950AC6000F045FE01370C3502E513F8011D7A
S21400596000297FF408AD3B2102F8011C03E500BFC7
S2140059703C1F002007B5012121200DF1070200F091
S2140059801DFA18B99DF80720024B1A7003B05DF88F
S21400599004FB00BF586A002007B5064B8DF80700C9
S2140059A0187001210DF10702212000F017FA03B04C
S2140059B05DF804FB586A002007B5022101200DF1AE
S2140059C0060200F0FBF938B9044814F0D3FCBDF821
S2140059D0060003B05DF804FB0020FAE797AD03006D
S2140059E007B50221ADF806000DF10602012000F011
S2140059F0F5F9014610B1034814F0BCFC03B05DF89D
S214005A0004FB00BFB8AD030010B5FFF7D5FF044692
S214005A100146074814F0AEFC0121064814F0AAFC23
S214005A2024B9BDE810400120FFF7DABF10BD00BF63
S214005A30E8AD0300FAAD030008B5044814F09AFC7C
S214005A4000F0DCF92AF0AEFA2AF0A9FA10AE03004C
S214005A5038B50446084D094B28462B6000F004FA7A
S214005A60002C18BF21462846BDE8384008BF4FF432
S214005A7096712AF0A1BA00BF9C2600209DFE020067
S214005A802DE9F043384D91B008AC0746894690465C
S214005A900FCD0FC495E80F00002684E80F000125FF
S214005AA00323324C3248CDE90366CDE905668DF80E
S214005AB00E300796029534F095FD2E4834F092FD90
S214005AC032462D4920468DF8176004F09FFD334678
S214005AD032462A498DF81900009020468DF823900A
S214005AE0CDF82C808DF8216004F0AAFD0A9020469F
S214005AF08DF8097004F00CFD204608AA05A904F0EC
S214005B00C5FD02AA204603A92BF02AFB4FF400721B
S214005B101B4B5A62194BE560626A920510D46BB94A
S214005B204FF40072164B11485A6204F0F1FC11480B
S214005B3034F05BFD002011B0BDE8F083013BEBE7DD
S214005B40002BEDD0094908A82BF03DFB4FF400725E
S214005B500B4B06485A6204F0DBFC064834F045FD61
S214005B60BDF82000E7E700BFD44904000040005A13
S214005B707C4C0400784C040080841E0040420F00D9
S214005B800060005A0122034B1870034B1980034B28
S214005B901A707047E65A0020146A0020E55A002062
S214005BA0F8B5454B1B780BB90020F8BD434B1B7866
S214005BB0012B03D1BDE8F8402AF073B9404B1C888E
S214005BC04FF6FF739C42EFD03E4834F00BFD0023A7
S214005BD0260AE4B21A462146304604F059FC012E45
S214005BE0354604F0010335D015D9B51E012DDBD896
S214005BF0002B0BBF4FF480754FF080754FF470612B
S214005C004FF070610BBF01274FF480370F204FF421
S214005C1070202D4B11E0002B0BBF4FF480754FF01A
S214005C2080754FF470614FF070610BBF01274FF421
S214005C3080370F204FF47020244B1A6802401CD087
S214005C40BA421AD01A680A4032D11A6822EA010209
S214005C502A4316E0002B0BBF4FF480754FF080757B
S214005C604FF470614FF070610BBF01274FF480371F
S214005C700F204FF47020164BDFE71A6822EA000266
S214005C803A431A602AF00DF9054600288CD00836EB
S214005C9044EA06102A460321C0B2FFF7F1FE40F69A
S214005CA0FF73684300F2FF70B0FBF3F080B27CE74E
S214005CB095427FF479AFC8E7E55A0020E65A0020FF
S214005CC0146A00207C4C040028C3035020C30350F1
S214005CD024C3035010B5044C237823B9034834F08A
S214005CE081FC0123237010BDE85A00207C4C040080
S214005CF02DE9F0431F4C85B0074688469146FFF7CE
S214005D00E9FF23781BB902F073F8012323707BBAEE
S214005D10ADF80C3030220023174E02FB03F4315D41
S214005D20A51901BB012333554FF0FF3304F11000D2
S214005D3012493044AB606F80C5F80480C5F80C90FB
S214005D4009F0E8FA04F10801042231440C4B0095EE
S214005D5003A802F023F9A96802460A4814F00AFBD1
S214005D6005B0BDE8F0830133102BD6D1064814F0F9
S214005D7001FBF5E7E75A0020C4260020C7FE020014
S214005D80D9FE02001DAE03004BAE030080B10278C0
S214005D90A2F14103032B0BD840783038C0B2082854
S214005DA006D8054B134413F8413C40EA03207047DD
S214005DB04FF6FF70704700BFF449040008B50B4665
S214005DC042B101460448006803F02CFABDE80840DA
S214005DD02AF0DEB8022008BD1C65002008B50B4678
S214005DE042B101460448006803F0A4FBBDE8084041
S214005DF02AF0CEB8022008BD1C650020F0B50026AB
S214005E00124F8DB0FF2300930A223346386802A94A
S214005E102AF063FFC0B102AB1D4603EB800404E02A
S214005E2055F8043BB34228BF5E1CAC423868E9D93B
S214005E30296803F005FD0028F2D02D28F0D00DB01B
S214005E40BDE8F0402AF0A4B80DB0F0BD1C650020F7
S214005E5028B1034B0360034B436000238360704705
S214005E6019000003C4640020FF2307B50021044A7C
S214005E700093083009F0D2F903B05DF804FB00BFC8
S214005E80B3FF02000B460449024608680349097836
S214005E9008B12AF0B5B87047D0290020EA5A002089
S214005EA0F7B50C4618B12921194834F0F2FB2468DE
S214005EB023685E795F8830463946FFF7E3FFF0B126
S214005EC08568E5B1A089227D3946904291BF0020C1
S214005ED0801AA36880B294BF03469B18E27C0090A9
S214005EE03046A8470138032803D8DFE800F0080F3B
S214005EF00B0D002420462EF022FA204600E08120DA
S214005F0003B0F0BD8024F5E79324F3E78724F1E798
S214005F1073AE0300F8B515460D4A044610680D4AE0
S214005F200B46117850B122462AF06AF8034628B18B
S214005F3000210C27C678B14201DB0020F8BD07FB24
S214005F4001F45A681019125BAA42F7D00131F2E741
S214005F50D0290020EA5A002008B5034B1B6803B17D
S214005F609847002008BD00BFCC2900202DE9F74F38
S214005F7004460D460026454B454F1860454B1970A4
S214005F8033010021F85C013610F018FA0C2EF7D118
S214005F900C2D28BF0C254FF0000901953C4EDFF86C
S214005FA000A13D4DDFF8FC80019B4B4502DC03B0B1
S214005FB0BDE8F08F23784FF0000B33706388738052
S214005FC0A388B380A379C6F80880B371E379C8F8CC
S214005FD0005088F804304FF00003A768A8F8063091
S214005FE0E3795B450ADC012116F8100B10F0E6F9A0
S214005FF008F1080809F101090C34D5E74FF0000351
S21400600038886B812880FB784FF0000C2B81BA789B
S214006010C5F804A0002A00920CBF802240222A73F2
S21400602079680AF10C02634513DC03EB43030AEBC1
S214006030830ABB6843B1009A4FF6FF71B2FA82F248
S214006040164B52092EF00BF914350BF1010B0C37D9
S214006050C6E7B1F800E00CF1010C22F80CEC91F860
S21400606002E00C3202F816EC91F804E00C3102F86B
S21400607015EC11F809ECBEF1010F14BF4FF0100E2D
S2140060804FF0110E02F814ECCDE700BFD029002027
S21400609008410020EA5A0020D42F0020A15E00000C
S2140060A0D429002054320020014B1860704700BFEE
S2140060B0C8290020014B1860704700BFCC2900207B
S2140060C070B5128805460E46FFF724FF044670B1E9
S2140060D002790499806815F0B1FA064B1B680BB973
S2140060E0002070BD3146284622889847F8E786206B
S2140060F0F7E700BFC829002008B50FF0FBF9022813
S21400610006D0012806D0044B18784000C0B208BD5F
S2140061100120FCE70220FAE7E95A0020054B10B5FB
S2140061201C682CB1FFF7E8FF2346BDE8104018476F
S21400613010BD00BFC4290020014B1860704700BF87
S214006140C4290020034B1A781AB901221A700BF0E2
S21400615031BA7047E95A00200022024B1A70FFF746
S214006160DDBF00BFE95A002037B50446002832D00C
S2140061700FF0C0F9022830D160892EF042FCE07999
S214006180237A003818BF0120012B637A08BF40F03D
S21400619008000BB140F0100063890BB140F004001A
S2140061A0257CA188A2790DB1E36873B90C4B10F079
S2140061B0E1FC2178084610F059FD2DF04BFF002831
S2140061C014BF0320002003B030BDCDE90035054BD9
S2140061D010F0D0FCEDE70220F5E70120F3E700BF62
S2140061E03EFF030007CF030008B50DF041FB014654
S2140061F030B1044814F0BEF8BDE808400DF0DCBE2F
S21400620008BD00BFE5AE0300034B044A5B7C0121DA
S21400621003201370FFF7E2BDB0640020EB5A0020A5
S21400622010B50446FFF7F0FFB4F57F4F0BD10024FE
S2140062300F4B1A8813449C70FEF70AFF2046BDE8F1
S2140062401040FFF705BC4FF601739C4204D1BDE831
S2140062501040084829F0ABBD4FF602739C4205D1AA
S214006260BDE81040044B1878FFF796BB10BD00BF82
S21400627068550020B0640020586A002010B5074C0E
S214006280012122460320FFF799FD28B92378044A06
S214006290003B18BF0123537410BD00BFEB5A00200B
S2140062A0B0640020F8B5574B574C1A884FF6FF736A
S2140062B09A4218BF03234FF0080218BF2370534BAF
S2140062C032251A7030229A705A7137229A7131220A
S2140062D0DA7134225D70DD7036251A724FF40012C2
S2140062E01D714B4D4264C5644A4D012205654A4DF9
S2140062F086188565494DC667C565494D494E45664C
S214006300494D80F848208566484D80F8542005673A
S214006310474D80F860204567202580F8785080F843
S214006320845000F12105C0F88850424D80F86C205A
S214006330C0F88C50C0F8806080F89020C0F8944078
S214006340C0F8B8303C4B3D4CC0F8BC300223C0F817
S21400635098403B4C80F8C030C0F8A4400F24394B1E
S21400636080F8A840C0F8C430374B384CC0F8C83066
S2140063708223C0F8AC40364C80F8CC30C0F8B04031
S2140063800924344B344DC0F8D030344B80F8B44038
S214006390C0F8D4302C7C324B80F89C20C0F8A0008B
S2140063A080F8D820C0F8DC3044B12E4B80F8E420CA
S2140063B0C0F8E03005F11103C0F8E8304FF0000CEB
S2140063C0CA798E6802EB42039F00443006EB8303D3
S2140063D026F807C0586001200D349870DC7013183A
S2140063E0CB71FFF7C7FAFFF749FFFFF785FE0128D5
S2140063F006D12B7C23B1BDE8F840174829F0D7BC5E
S214006400F8BD00BF0C6A0020596A0020EC5A002034
S2140064100D4A0400010020000C4A0400020020007F
S2140064200B4A040005004200030020000A4A04004C
S2140064300400420007003000FDFF2100120010019A
S21400644000404200084A040000FF4401F8490400E6
S2140064500600420068550020B064002002FF2001BC
S214006460586A002001FF100113B504460D4829F0B4
S21400647005FC6422C0F30F43637083B2B3FBF2F3F0
S214006480A07823702022012129F0DCFDA0782122AB
S214006490012129F0D7FD0449201D02B0BDE81040B7
S2140064A029F08ABD0C6A0020E09304000B7870B5D2
S2140064B083704CF61E0303804FF02013C362012343
S2140064C080F8303080F83C30C3180364124B044622
S2140064D043640223114A80F84830114B8263C36438
S2140064E04063CA798D6802EB420305EB830004F132
S2140064F02C0646600B4E45F8236000238360531C31
S214006500CB71094B201DC4E90134FFF7ADFC2046D2
S214006510BDE87040FFF7A8BFFDFF21002100200066
S2140065200E4A04000100010369640000437B044A2C
S2140065300121137000781130C0B2FFF74FBC00BFC6
S214006540F65A002038B504460078054D11302A4624
S2140065500121C0B2FFF732FC08B92B78637338BD4F
S214006560F65A0020024B53F8200029F046BE00BF22
S214006570B4320020012908B506D0022907D049B94F
S21400658029F032FE002008BD29F031FEFAE729F096
S21400659031FEF7E7024813F0EDFE0120F3E700BFF7
S2140065A012AF030010B4054C114654F820001A46EA
S2140065B0BDF804305DF8044BFFF7DCBFB4320020B2
S2140065C0002310B5044683810364A0F844304830A5
S2140065D0FFF74AFC014BC4E9123410BDE101030089
S2140065E038B504460B781A4A43700D4642F8230025
S2140065F0FFF7E6FF2046FFF7A5FF4FF440132361A1
S2140066000123144A2375A261134A84F82030E261FC
S214006610124A84F82C306262114A84F83830A2623A
S21400662004F10C0222630F4A04F10D036263E36374
S214006630EA79A86802EB420300EB830110344C6051
S214006640094C40F82340094B8B60531CEB7138BD56
S214006650B4320020F55A0020080020005A6A0020B4
S21400666000FF300001FF100102010104A5650000D3
S21400667010B47024427B0D48013A012904FB020045
S21400668006D0022908D059B95DF8044B29F0ACBDF4
S2140066905DF8044B29F0ABBD5DF8044B29F0AABDAC
S2140066A003485DF8044B13F065BE00BF9018002049
S2140066B02EAF0300B0F85C302DE9F0418B42044663
S2140066C00E4638D0437B077C8BB31C4A12789A421E
S2140066D02DD370251A4A013B05FB032390F80F8043
S2140066E01B7B424629F097FDB845054601D1FF2899
S2140066F01FD13A463146204694F8903029F08BFD5B
S2140067002F460546552212216078A4F85C6029F0D1
S21400671099FCFF2F03D039462046FFF7A9FFFF2D2F
S21400672009D029462046BDE8F04129F0B4BDFF2532
S214006730DFE70746E6E7BDE8F08100BFDE5A002047
S2140067409018002041688268C978D27849B112B1A1
S2140067500321FFF7AFBF837B002B0CBF0121022173
S214006760F7E72AB1837B002B0CBF02210121F0E75B
S214006770014813F0FFBD00BF3FAF0300037BD3B15A
S2140067804368DA7812B18268D278A2B91B7933B13D
S214006790837B002B0CBF04210521FFF78BBF83688A
S2140067A01B792BB1837B002B0CBF05210421F4E75A
S2140067B0014813F0DFBD704771AF0300084A437B02
S2140067C005211370837B5370C37B9370037CD37057
S2140067D0037B137100780E30C0B2FFF7FFBA00BF1C
S2140067E0F75A002038B5044600780C4D0E302A467D
S2140067F00521C0B2FFF7E2FA20B1BDE838400848EC
S21400680013F0B8BD2B7863736B78A373AB78E37320
S214006810EB7823742B79237338BD00BFF75A00201A
S214006820ADAF0300024B53F8200029F07EBD00BF39
S214006830DC320020F8B504460B78424A43700D4619
S21400684042F82300404E29F08EFDFFF7CBFF62682A
S214006850A3683E483E49D6641165D4655065C3E9D1
S2140068601410DE64DC654FF0987302266361012322
S21400687004F10C01E16137491032216204F10D0187
S214006880A16235492376E16204F10E016163334962
S21400689084F82430A16304F10F012164304984F8A0
S2140068A03030616404F11001E1642E4984F83C3014
S2140068B084F84830216584F85460A265E879A968B0
S2140068C000EB400201EB820704F1140CC7F804C089
S2140068D04FF4817C244F41F82270C218D2B202EBEA
S2140068E0420241F822C001EB820700227A601F4A6A
S2140068F084F8703022661E4A84F88830A2661D4AE4
S2140069001D4BE2661D4AC4F88C3062671C4A831928
S214006910A26704F15C02C4F88020DBB2194A03EBDC
S2140069204303C4F8842084F8646084F87C6001EB38
S214006930830260345460144A033041F82320E8711F
S214006940F8BD00BFDC32002045670000ED02030002
S2140069507D670000010020010200100103003001E5
S214006960040030010500210101FC01064A00210057
S214006970104A040051001000124A0400134A040092
S214006980550021006F0018001200010470B50D4676
S2140069900646144613460A4601461A4813F0EAFC11
S2140069A025B92046BDE87040FFF73ABC072D05D153
S2140069B021463046BDE8704000F0C4BC4FF60143A7
S2140069C09D4205D121463046BDE87040FFF72ABFFC
S2140069D0062D05D121463046BDE8704000F066BA67
S2140069E0B5F5817F05D121463046BDE87040FFF7FA
S2140069F0B9BD202D04D12046BDE8704000F0ECB8AB
S214006A0070BD00BFDCAF03000148FFF74DBB00BF01
S214006A108D6900004FF4C01330B503600123037185
S214006A20074B8C688360CA7902EB420304EB83054C
S214006A306860044844F82300531CCB7130BD00BF87
S214006A40144A0400040001010368064A0C2113607E
S214006A504368536003891381438922205381FFF7DB
S214006A60BDB900BF0433002010B50368044686B0E5
S214006A70FBB1114813F07EFCA37B104A8DF804305E
S214006A804FF48273ADF806300123CDE902230023CC
S214006A9001A804938DF81430FFF766FB2046618941
S214006AA029F071FC2046FA2150F8143B594329F08E
S214006AB083FA06B010BD00BF0FB00300200000012F
S214006AC010B5064C236843B1054813F053FC206804
S214006AD0BDE81040418929F056BC10BD1033002097
S214006AE030B0030070B5364910460C68BDF810206B
S214006AF0002C5ED003285CD8DFE800F0021E274595
S214006B00002B5AD0022A58D91D78B3F80160291EE6
S214006B1018BF012132462B4813F02CFC2DB131460C
S214006B20204629F030FC002070BDE573FA2063682B
S214006B30584329F0C8FAF6E7234813F01BFCE37B1A
S214006B40002B38D00023E373F0E7002B35D0032A60
S214006B5033D91D681D48294613F00CFC1C4B2A1F10
S214006B609A4201D90220DFE723680BB19D42F9D88B
S214006B7023899D42F6D3E37B6560B3B9FA20684368
S214006B8029F0A1FA11E0002BCED0012ACCD91D881D
S214006B901048294613F0EEFB002DE3D063689D42B3
S214006BA0E0D8E37B2581002BE8D12046FFF74CFF99
S214006BB0B9E70120B8E70420B6E70320B4E700BF32
S214006BC01033002053B003008AB00300A9B00300BE
S214006BD0FCFF6D00D4B0030038B5154B1C6834B309
S214006BE0F0B92168134813F0C5FB23683BB162680F
S214006BF0934204D2104813F0BDFB6368236004F18F
S214006C001405284629F0DDF9236823B1FA21284621
S214006C10594329F0D1F92046BDE83840FFF714BFA4
S214006C20032804D16189054813F0A4FBF3E738BDB7
S214006C3010330020FFB003002DB1030062B1030043
S214006C4070B53E4B0D46044609781860002A6FD191
S214006C5001231A46A1730021E1730121A1814FF49B
S214006C606151C4E900132823354E22810C21324697
S214006C7022206381FFF7A2F860B9D6E900230AB1A3
S214006C809A4207D3318999429FBFC4E9002373898A
S214006C90218163812B4B2C4AE363042384F8403024
S214006CA084F84C30E3182365284BA26463650223FE
S214006CB004F10802E265264A84F85830226604F198
S214006CC00A02A266234A84F8643084F8703004F11D
S214006CD00C03E26663676464EA79A86802EB420321
S214006CE000EB830104F13C064E601B4E40F8236027
S214006CF0FA261A4B1A488B60531CEB71FFF7DAF929
S214006D00208904F11405704329F0DDF961892046D5
S214006D1029F039FB134B2846C4E90534FFF7A4F8DD
S214006D20216849B128467143BDE8704029F044B94E
S214006D304FF4F07302228DE770BD00BF10330020C1
S214006D40043300200000230101002300020021007C
S214006D5003002101FDFF210020000105E56A000077
S214006D60C16A0000696A0000134B10B51C680CB3BA
S214006D70E37BEBB129F029F92369C01A002809DB67
S214006D800E4813F0F7FA0023FA20E37363685843BB
S214006D9029F099F9E37B5BB12489FA235C4329F057
S214006DA09DF9A04206D02046BDE8104029F08BB9D8
S214006DB06468F2E710BD00BF103300208FB10300F7
S214006DC038B50024044D55F8040B08B129F0EEFA46
S214006DD001340A2CF7D138BD14330020042908B535
S214006DE00AD172B16BB113781BB929F00AFB0020E7
S214006DF008BD29F0FCFAFAE7034813F0BBFA0120B5
S214006E00F6E70320F4E700BFC9B1030010B4054C51
S214006E10114654F820001A46BDF804305DF8044BBD
S214006E20FFF7DCBF143300200229024608B50ED057
S214006E3004D839B9104629F0E4FA06E04029F9D01A
S214006E40412907D1104629F0D2FA002008BD29F0C2
S214006E50E2FAFAE7024813F08DFA0120F6E700BFDF
S214006E60E9B1030010B4054C114654F820001A4648
S214006E70BDF804305DF8044BFFF7D6BF143300208E
S214006E80426B094B52791A7082785A70C2789A709F
S214006E90826B12B190F83C20DA7000780421093039
S214006EA0014AC0B2FEF79ABFFC5A0020024B53F8C4
S214006EB0200029F0CCBA00BF1433002038B50446B1
S214006EC00078084D09302A460421C0B2FEF776FF46
S214006ED030B96B78A370AB78E370EB7884F83C300D
S214006EE038BD00BFFC5A002038B504460078114D66
S214006EF009302A460421C0B2FEF760FFC8B9A3785D
S214006F002A78022B0CD004D863B9204629F079FAE7
S214006F1001E0FF2B0AD02046BDE8384029F046BAEB
S214006F20002AF2D1204629F062FAF4E7002AF9D1C5
S214006F30EBE738BDFC5A0020F8B504460B78284A23
S214006F400D4642F823004370FFF7B8FF636B254AEF
S214006F505C631A632046FFF7C7FF204629F026FA2F
S214006F604FF4801363600123626BA66B0532E26008
S214006F701D4A23722261A21C2375A26166B11B4AB8
S214006F8084F82030E261E21C6262194A84F82C30F0
S214006F9004F13C03A26223630627EA79A96802EBA0
S214006FA04203002E21F8237001EB83000CBF02235E
S214006FB00423C370012383700E4B04348360531C78
S214006FC04460DBB20C4C03EB430341F8234001EB77
S214006FD0830000234360094B02328360EA71F8BDE8
S214006FE0143300202B0403000340300101FF30015E
S214006FF002FF1001656E0000080001000D6E000023
S21400700028B1034B1B78834234BF00200120704711
S214007010E05A002070B500250A4C0B4E3378AB4280
S21400702000DC70BDD4F8A42042B123791BB160798E
S214007030FFF7E6FF10B9104628F0AAFE0135A8347F
S214007040ECE700BF9C1C0020E15A002008B54279FE
S21400705001461046FFF7D4FFA8B1CB780A48013A9C
S214007060042B00EB82100ED8012B08D81BB9BDE804
S214007070084029F0BCB9BDE8084029F0C2B9BDE80F
S214007080084029F0C8B908BD9C1B002008B5427905
S21400709001461046FFF7B4FFA8B1CB780A48013A7C
S2140070A0042B00EB82100ED8012B08D81BB9BDE8C4
S2140070B0084029F0A6B9BDE8084029F098B9BDE80F
S2140070C0084029F0A8B908BD9C1B002010B586B062
S2140070D00446FFF711F8012830D1E278042A2DD8AB
S2140070E0DFE802F013323403030061790846FFF745
S2140070F087FF58B31648032A00EB811050F80C3C63
S21400710058791DD1003818BF012063784FF480727B
S2140071108DF804304FF48273ADF806300623ADF8D0
S214007120083001238DF80B3000238DF80A0001A8E3
S214007130CDE903238DF81430FFF716F806B010BD1E
S214007140B0FA80F04009E0E70020DEE70220DCE746
S2140071509C1B002010B586B00446FEF7CDFF012824
S21400716030D1E278042A2DD8DFE802F01313320378
S214007170030061790846FFF743FF48B31548032A22
S21400718000EB811050F80C3C5B791DD11A1E18BF1D
S214007190012263788DF80A208DF804304FF482734C
S2140071A0ADF806300623ADF8083001234FF48072A0
S2140071B08DF80B30002301A8CDE903238DF8143099
S2140071C0FEF7D2FF06B010BDB3FA83F25209E0E72D
S2140071D00222DEE79C1B002010B586B00446FEF7B0
S2140071E08BFF012812D16378094A8DF804304FF4DA
S2140071F08273ADF806304FF48073CDE90223002386
S21400720001A804938DF81430FEF7AEFF06B010BD4B
S2140072100800070110B586B00446FEF76DFF01288A
S21400722020D16278104B8DF804204FF4827294F8C7
S214007230A01094F8A10059701870ADF806200493B9
S2140072404FF480720223094901A88DF81430CDE965
S2140072500212FEF789FF94F8A130013B18BF012304
S21400726084F8A13006B010BD005B002008000501C0
S21400727010B58378044603B30379022B0AD142790A
S2140072801046FFF7BDFE28B10C48013A00EB82100D
S21400729029F0C1F8A379022B02D12046FFF716FF8A
S2140072A02046FFF7B7FF02236078A4F86C3055221B
S2140072B0BDE81040122128F0C5BE10BD9C1B002062
S2140072C04388094A082113808388538083681B8A71
S2140072D0938090F8A03093718379D371007804304E
S2140072E0C0B2FEF77BBD00BFEA55002038B50D469C
S2140072F004460178114813F03DF84FF602739D429C
S2140073000ED10F4B1B782BB963712046BDE8384071
S214007310FFF7D6BF62790AB19342F6D20123F3E7AC
S214007320B5F57F4FF1D1204629F00EF9A378022B50
S2140073300CBF01220022A3689A70E6E705B203009C
S214007340E05A0020024B53F82000FFF7CFBF00BFE3
S2140073503C33002038B504460078144D04302A46E5
S2140073600821C0B2FEF72AFD20B1BDE8384010481B
S21400737013F000B82B8863806B88E978A380AA880E
S214007380A3681A82AB7984F8A030EB79A371094B15
S2140073901B780BB9637138BD09B19942FBD9064811
S2140073A012F0E8FF23780133F4E700BFEA55002027
S2140073B01FB20300E05A002048B20300F8B50446A6
S2140073C00B78474A0D4642F823004370FFF7C2FF8A
S2140073D0A268444BD465D364434B02265365434BA3
S2140073E0A11C13654FF44013E36001236161E16261
S2140073F03F49103221632265211D3E4AA1633E4863
S2140074003E49626504F1A002A061E163E265E01C0A
S214007410611D3B4A206261643A483B492266A21DD0
S2140074202374237784F8283084F8343084F8403086
S214007430A16484F84C6084F8583084F86430606244
S214007440A266E879AA6800EB400102EB810704F126
S2140074500C0CC7F804C04FF0060C2C4F42F82170F5
S214007460C118C9B201EB410142F821C002EB810705
S21400747000217960264F84F880302767254F84F8EE
S2140074809830A767244F254BE767254F84F874602C
S21400749084F88C60C4F89C3004F16C06831CC4F835
S2140074A08470C4F890601F4F1F4EDBB203EB43039B
S2140074B0C4F89460C4F8887002EB83067034746075
S2140074C008261A4C42F82340C31CDBB203EB4303E6
S2140074D002EB8304043042F823606160E871F8BD73
S2140074E03C3300209F040300E9040300717200008F
S2140074F001FF300104FF20011000300102FF2001CF
S21400750005FF300100FF300103FF210107000108DD
S2140075104A002100164A040051001000184A0400D0
S214007520194A0400550021006F00180012000104DB
S21400753000239B6AB3F5804F03D21968064A91422E
S21400754003D00023037083607047012202709A689C
S2140075509B694260F7E700BF07B0CD5E024B034A67
S2140075601A602AF015BC00BF0000002002020FF0CF
S21400757073B53F4B04461A781AB102221A7002B04D
S21400758070BDCDE900220028F9D001261E7032F029
S2140075908BFF384D384B186017F0CEFC2B785BB954
S2140075A002F0F2F940B935480823354A35490068F3
S2140075B001F038FE00B92E70334B5A68E260334A49
S2140075C09A601A6E22605A6E6260D3F87021A260CA
S2140075D01B6E5C042CD52E4AD368D807FCD42D4BE2
S2140075E01A68531C29D04FF4801393402A4A136616
S2140075F00423294C4FF0804223664FF480632366B1
S214007600102323664FF400536846236601A92266BA
S214007610636628F0B1FF009B2366019B63662B78A8
S214007620002BACD0164B1A6822665B686366A6E72A
S2140076301A4AD368D907FCD4D1E7194B1B78002B1C
S214007640D6D1184B5A68144B12B94FF480121A66EA
S214007650154A526812B94FF400121A66134B5B684B
S214007660002BC5D14FF480020B4B1A66C0E700BF53
S214007670035B0020045B0020743300201C650020A0
S21400768078330020007108000080004455CEAC001E
S21400769000000440E864002000900044000004500D
S2140076A0025B00200080055000C005500000065018
S2140076B038B5224D04462B78012B02D001232B70BF
S2140076C038BD0028FCD028F07CFF013009D028F017
S2140076D078FF40F20113984203D0194AD368DB07BB
S2140076E0FCD42268174B1A6662685A66A268C3F80A
S2140076F07021E268D40744BF00229A60124B1A68D1
S214007700013213D1114A127882B911494968C80763
S21400771048BF1A600F4A5268D10744BF01221A6058
S2140077200D4A5268D20744BF02221A6017F00CFCBA
S2140077300A4B186832F0B3FE0023C0E7035B002054
S2140077400000044000800044E8640020025B002043
S2140077500080055000C0055000000650743300201D
S21400776070B50024A36AB3F5804F23D21A68134B72
S2140077709A421FD1124E337813F0FD0518D14FF4FC
S21400778080341048FFF7F4FE032004F04FFC0E4B45
S2140077900320DC6004F02EFC0C4B1C61AB6ADB693A
S2140077A0984704460748FFF783FF0CB90123337058
S2140077B0204670BD4FF48174FAE700BF07B0CD5E77
S2140077C0025B00206433002000A0004400900044C8
S2140077D013B5204B1B7803B9FEE700231E4CCDE9FA
S2140077E000336A4608231D49206801F01BFDF8B9DE
S2140077F01B4AD2F84031D2F840211F2B4FF001032C
S21400780011D9203A9340019A1A43019208236A46F6
S2140078101249206801F08EFE124B134A1A602AF0B5
S214007820B7FA02B010BD9340009A1A430092EDE7F3
S2140078302D28F1D10A4AD2F84031D2F840211F2B28
S2140078404FF0010385BF203A93409340019398BFC1
S2140078500093DBE7035B00201C6500200071080036
S21400786000800044000000200B020FF038B5002511
S214007870AB6A0446B3F5804F10D21B6BB3F5804F4E
S2140078800CD20748FFF774FEAB6A20461B6B5B689A
S2140078909847BDE838400248FFF70ABF38BD00BF2A
S2140078A08033002013B50024A36A0190B3F5804FFF
S2140078B013D21B6BB3F5804F0FD20948FFF758FE63
S2140078C0A36A01211B6B01A89B69984704460448DC
S2140078D0FFF7EEFE204602B010BD4FF48174F9E7C4
S2140078E08033002070B50026B36A0446B3F5804F97
S2140078F00D4612D21B6BB3F5804F0ED20848FFF729
S21400790037FEB36A20461B6B29469B699847044698
S2140079100348FFF7CDFE204670BD4FF48174FAE7AA
S2140079208033002070B50026B36A0446B3F5804F56
S2140079300D4612D21B6BB3F5804F0ED20848FFF7E8
S21400794017FEB36A20461B6B2946DB699847044638
S2140079500348FFF7ADFE204670BD4FF48174FAE78A
S21400796080330020F8B50027BB6A0446B3F5804F85
S2140079700D46164611D21B6B7BB10948FFF7F8FD82
S214007980BB6A20461B6B324629465B6A984704460C
S2140079900348FFF78DFE2046F8BD4FF40174FAE762
S2140079A08033002070B50026B36A0446B3F5804FD6
S2140079B00D4612D21B6BB3F5804F0ED20848FFF768
S2140079C0D7FDB36A20461B6B29469B6A9847044638
S2140079D00348FFF76DFE204670BD4FF40174FAE7CA
S2140079E080330020F0B50027BB6A0446B3F5804F0D
S2140079F00D461646ADF5337D20D21B6BB3F5804F92
S214007A001CD21048FFF7B4FDBB6A20461B6B40F241
S214007A10C1225B6A01A99847044630B10948FFF7BE
S214007A2047FE20460DF5337DF0BD836A32461B6B5C
S214007A302946DB6A01A898470446EFE74FF401742D
S214007A40EFE700BF8033002010B50024A36AB3F52B
S214007A50804F10D21B6BB3F5804F0CD20748FFF750
S214007A6087FDA36A1B6B1B6B984704460348FFF70A
S214007A701FFE204610BD0124FBE700BF8033002018
S214007A80F0B58FB0044601A80E461546FFF7EEFE89
S214007A909DF80C30012B12D1B5F5402F27D8B4F540
S214007AA0402F24D86319B3F5402F20D821462A4604
S214007AB0304613F001FF002420460FB0F0BD00272B
S214007AC0BB6AB3F5804F15D21B6BB3F5804F11D24E
S214007AD00A48FFF74DFDBB6A2A461B6B3146204617
S214007AE05B6B984704460548FFF7E2FDE4E740F283
S214007AF00244E1E740F20114DEE700BF80330020D5
S214007B00F0B58FB0044601A80E461546FFF7AEFE48
S214007B109DF80C30012B1FD1B5F5402F06D8B4F5D3
S214007B20402F03D86319B3F5402F13D940F202440F
S214007B3020460FB0F0BDE258013225D104339D42F5
S214007B40F9D82A463146204628F06BFD0028EDD0AD
S214007B500024EDE70023F2E70027BB6AB3F5804F69
S214007B6015D21B6BB3F5804F11D20A48FFF700FD04
S214007B70BB6A2A461B6B314620469B6B98470446D9
S214007B800448FFF795FDD3E740F20344D0E740F200
S214007B900114CDE78033002070B58EB0044601A8EE
S214007BA00D46FFF763FE9DF80C30012B22D144EA08
S214007BB00503C3F30C03002B33D1B5F5402F04D9CE
S214007BC040F2024420460EB070BDB4F5402FF7D800
S214007BD02544B5F5402FF3D8204604F5005428F088
S214007BE019FDAC4202D00028F6D1E9E70028E7D01C
S214007BF00024E7E70026B36AB3F5804F14D21B6B68
S214007C00B3F5804F10D20A48FFF7B2FCB36A294694
S214007C101B6B2046DB6B984704460548FFF748FD7C
S214007C20D0E740F20444CDE740F20114CAE700BFB3
S214007C3080330020BFF34F8F0549064BCA6802F415
S214007C40E0621343CB60BFF34F8F00BFFDE700BF7A
S214007C5000ED00E00400FA0570B5D0B1C9B10E4ED3
S214007C60431E013913F8014F2046325D02F003022D
S214007C70012A11F8012F08BF04F12000B55C05F0B9
S214007C800305012D08BF2032801A01D1002CE9D14E
S214007C9070BD0120FCE700BFED7104000348044AF4
S214007CA00449121A921028F008BD00BF34410000A3
S214007CB0D04200001C62002008B5154B83F30A88EA
S214007CC000F030F8FFF7EAFF124B13498B4212D34D
S214007CD00020124B12498B4218D3FDF703F81868A0
S214007CE050F82240586840F8224001329868824294
S214007CF0F5D30C33EAE70022F8E71C6844F82200C4
S214007D0001325C68A242F8D30833E4E70022F8E7C1
S214007D10080000208C9604009896040098960400AC
S214007D2098960400124B134A70B59A60D3F88820D0
S214007D30114D42F47002C3F888206FF0010205F579
S214007D400054226641F2FF7262660222C3F8D02017
S214007D50BFF34F8FBFF36F8F4FF44036032004F00E
S214007D6065F90320E66004F045F92E6170BD00BF9A
S214007D7000ED00E00040000000800044014B186069
S214007D80704700BFF0640020054B1860054B1B6F62
S214007D9003F00703032B01D130F0DEBC704700BFB1
S214007DA0F8640020008000502DE9F04104464FF0B2
S214007DB001080C250D4E0CB9BDE8F08194FAA4F02C
S214007DC0B0FA80F00F2808FA00F2C8BF103824EA8C
S214007DD00204CABF05FB006205FB0062B4325768A6
S214007DE0002FE8D09168C0B2B847E4E7903300208F
S214007DF008B50C4832F0F6FB192004F009F928B152
S214007E00192004F013F9192004F0F4F81A2004F0ED
S214007E10FFF828B11A2004F009F91A2004F0EAF84D
S214007E20002008BD7C4C04002DE9F0410E461746A4
S214007E30054618B30F2923D80378DBB1013BDBB224
S214007E40022B19D8104AD35C6A78D340DB0717D5C3
S214007E500E4BD3F81043ACB932F026FB80463A46B8
S214007E602846314602F042FE404632F018FB2046D5
S214007E70BDE8F0817F23E7E70023E5E72224F6E765
S214007E802124F4E70224F2E76C4A040000C0035001
S214007E9010B5044610B30378E3B1013BDBB2022B06
S214007EA01AD8104AD35C6278D340DB0718D532F074
S214007EB0FBFA0122617823788A4030214B4341F255
S214007EC0100103F1A04303F570335A5032F0E7FA7D
S214007ED0002010BD7F23E6E70023E4E72220F8E732
S214007EE02120F6E76C4A040010B5044610B3037868
S214007EF0E3B1013BDBB2022B1AD8104AD35C62789E
S214007F00D340DB0718D532F0CFFA01226178237808
S214007F108A4030214B4342F2100103F1A04303F59F
S214007F2070335A5032F0BBFA002010BD7F23E6E7CC
S214007F300023E4E72220F8E72120F6E76C4A040055
S214007F4038B50D46044618B311B30378E3B1013BC8
S214007F50DBB2022B1AD8104AD35C6278D340DB0718
S214007F6018D532F0A1FA30222378534303F1A04308
S214007F7003F570335B696278D34003F001032B701E
S214007F8032F08DFA002038BD7F23E6E70023E4E7D1
S214007F902220F8E72120F6E76C4A04002DE9F0419C
S214007FA00D4616469846044600284FD000294DD068
S214007FB00178002940D04B1EDBB2022B3ED8254A62
S214007FC0D25C6378DA40D20701D4FF2940D1022E72
S214007FD001D9042E3CD132F067FA23780746FF2BEE
S214007FE005D032462046296802F0C6FD28602B6878
S214007FF0013309D12378FF2B06D1174B6078D3F8CD
S214008000241429F035F9286029684B1C18D00C2355
S214008010124A03FB0122069BC2F804809360237871
S214008020FF2B04D001230E4A8B40C2F82434384676
S21400803032F035FA002007E07F22C2E70022C0E7D0
S214008040384632F02CFA2D20BDE8F0812220FBE7DE
S2140080502120F9E76C4A040000C00350903300204A
S21400806000D0035008B502F037FD044B00F0553041
S214008070C3F82004BDE80840FFF796BE00E00350B2
S21400808008B502F029FD044B00F0AA30C3F820041E
S214008090BDE80840FFF788BE00E003502DE9F04F2A
S2140080A0144605460E469B46C36B87B001225B69A5
S2140080B002A960689847EB6B01225B6903A930460A
S2140080C0984702A828F0F8FE074648B10023A37593
S2140080D063754FF0FF33A360002007B0BDE8F08F54
S2140080E003A828F0F6FE0123A375237E04EBC30342
S2140080F0DE611F846368B3420ED1206003A828F0B7
S2140081000AFF4FF0FF332075A360237D043B022B4C
S21400811026D80023A375DFE723681A1A5342534173
S214008120A37503A828F0F7FE237D834218BFA77522
S21400813003A828F0D2FE074602A828F0CEFE874203
S21400814018BF002303A818BFA37528F0CEFE074665
S21400815002A828F0CAFE87421CBF0023A375D4E7F6
S21400816003A828F0BAFE80B1EB6B022230465B69AA
S21400817004A9984704A828F0BFFE0346207D0328DC
S21400818039D8DFE800F03838040903A8F3E7CC2232
S214008190237E04EBC3031A8401F06EFC109B187058
S2140081A003A8277E28F08DFE04EBC70787F8220079
S2140081B0237E03A804EBC303B3F8209093F8227041
S2140081C028F08BFE804603A828F08FFE8246B8F182
S2140081D0000F15D0EB6B022230465B6904A9984766
S2140081E004A828F04EFE6075637D6BB90023A37566
S2140081F04FF0000838E0227E04EBC2021384CBE77F
S21400820003A828F029FEEEE794F81680B8F1000FD0
S214008210EED0B9F1000F09D1DFB10123E375637E1B
S214008220002B4FD1012F42D1677614E06B6C06EB22
S2140082300A015A4286EA010010421CBF0022A275BB
S2140082405A1E0A409B1A9945D0D8A37D002BE3D12D
S214008250CEE7E37D43B94FF000084B465246314621
S214008260284628F074FBA060A27D12B123694B4417
S21400827023611A49237E097899422AD90133237645
S214008280BBF1000F27D032B3E37D23B3B8F1000F64
S21400829021D1032F1FD0A1684B1C1CD0109B224657
S2140082A0009328460123FFF7F9FEA07513E095F822
S2140082B0343063B9EB6A0133CFD1032FCDD101231C
S2140082C0A376C8E7012FCFD0032FC4D1F7E798468F
S2140082D0C3E70023A375A07DFFE600BF904A040015
S2140082E02DE9F04F0E46984600238BB004464FF01B
S2140082F0FF31104617468DF8133001F0A7FBB6F590
S214008300801F20D2314605AA04F1080028F026FD79
S214008310451C014603D1237CBBB92D2010E038460E
S21400832001F094FB0122394620460DF1130328F094
S21400833060FB0028EFD09DF8133088F8003000204E
S2140083400BB0BDE8F08FB01CE5D1E56A691C36D1EC
S2140083502046616A28F041FA0546B31C18BF01237F
S214008360DFF8CC900193636A626C0293236805A9D8
S21400837002FB053AE36B05225B695046984705A861
S21400838028F035FE28F058FE504628F060FE4FF0E4
S214008390000B824601464B1C05D0636C81EA0A023C
S2140083A05B42134211D02946204628F016FA029B5B
S2140083B0AB422CD0BBF1000F2CD10546D3E7236887
S2140083C0ED1A636CB5FBF3F5C7E7484601F03EFBD4
S2140083D00DF1130349462046019A28F00AFB03468E
S2140083E090B1B21C03D0D9F80020B2420CD19DF84F
S2140083F0132003930D4B88F8002049461A68384628
S21400840013F05AFA039B9B46D9F80810C3E7BBF152
S214008410000F82D0B6F5801F91D2314698F8003012
S2140084207A6804F1080001F03FFA88E78C4A0400F5
S2140084306C3B00202DE9F3410446174698460E464D
S214008440184D816AE36A8B4201D04B1C02D102B000
S214008450BDE8F081284601F0F9FA012229462046B7
S2140084600DF1070328F0C5FA38B1434629462046E1
S2140084709DF80720B8470028E9D0A9684A1C04D10F
S2140084806968204628F036FA0146012EDAD16B6874
S21400849081EA0302636C5B421A4218BF4FF0FF3159
S2140084A0D0E700BF403B00202DE9F04F4FF0FF33F0
S2140084B04FF6FF720025044600F10806C0E90923BE
S2140084C08BB0C362056205633046884628F017FC09
S2140084D0204628F052F960BB2046414628F0CDF9E8
S2140084E0204628F04AF960BB5E200BB0BDE8F08F4E
S2140084F02368E26B606C576900FB0530052205A90E
S214008500B84705A828F073FD012807460CD1294670
S214008510204628F083F9012F024600D10132294671
S214008520204628F049F903E028F08BFD0028EED11C
S2140085300135E3699D42DBD3204628F01EF900286A
S214008540CAD000254FF0FF394FF6FF73CA46A8463B
S214008550C4E90853E36998450AD3A5EB0905012D3C
S2140085602CD84FF6FF72636A93423CD16720BCE773
S2140085702368E26B606C576900FB0830052205A98A
S214008580B84705A828F033FD834605A828F006FD61
S2140085900746584628F050FD68B1574538BFC4F81E
S2140085A02480B94528BFB946BD4238BF3D46BA46C5
S2140085B0236A0133236208F10108CBE74FF6FF7305
S2140085C000256362E3699D42CBD2676C2068E36B4B
S2140085D0052207FB05005B6905A9984705A828F052
S2140085E0DDFC0135EEE7E26B676C2068694607FB49
S2140085F0030055690522A847684628F0CFFC626A42
S2140086002368606C4B4D00FB023028F020FD4FF0D5
S214008610FF33A062E3622A466FF00101204605ABF5
S214008620FFF75EFE002846D1AD6829462046E56283
S21400863028F07FF8206320B92046E16A28F05AF92E
S214008640E0622946204628F055F90546A36A9D4271
S21400865033D1204628F040F800278046B946E36923
S21400866099453CD3B84559D92046616A28F0B5F8F3
S2140086700026054604F1400AB74212D8626C236809
S214008680694602FB0539E36B05225B694846984755
S214008690684628F083FC534602464946E06B28F0BD
S2140086A0D8FC2946204628F098F80136B0450546FD
S2140086B0E2D1642019E7A56AB7E72946204628F0E4
S2140086C038F8236B2946034407462363204628F0E0
S2140086D011F90546002FB9D1C4E90B07B6E7636C5C
S2140086E02568052203FB0955E36B05A95B69284647
S2140086F0984705A828F07BFC28F09EFC58B1284631
S21400870028F0A5FC0146204628F013F8636C143BBD
S214008710984208BF013709F10109A0E7304628F062
S214008720EEFA002320461946034AFFF783FE002090
S214008730DBE600BF983B0020E10903002DE9F0418D
S214008740036B9046826B07689A4288BF8363426CCD
S214008750436A90B002FB0377C36B0E46052201A95D
S2140087605B6904463846984701A828F040FC012873
S2140087700146307057D0656CE26B2368606AD2F8A9
S21400878014C005FB0030052206A9E04706A828F01D
S2140087902EFC01284FF0000523D0D4E90A3201212F
S2140087A09342CDE90B458DF834800E958DF83C103C
S2140087B02AD11946204628F09DF8236B626C1433A4
S2140087C09B1AE06223630C9B53B99DF83C303BB187
S2140087D0626A616C2368E06B01FB023128F0BFFB24
S2140087E00C9DE36B05225B6901A93846984701A8F2
S2140087F028F0FDFB30702846236BA26B9A4288BF98
S214008800A36310B0BDE8F081237C33B91C490BAAE2
S21400881004F1080001F096F8D5E72046194A0BAB9C
S214008820FFF708FECFE7237C23BB2246164904F158
S214008830080001F087F8616A204627F0EFFF616ABA
S214008840421C204627F0B8FF054620B9236B626C11
S2140088501344143B23632046A16A28F04BF8236890
S214008860A062C01A636CB0FBF3F06062204628F08A
S21400887084F8B6E700232046044AFFF7DBFDDAE774
S214008880E18F00005D8F00007B0A0300170A0300DB
S21400889073B50D46D11E4A421C461B7E4A419A427B
S2140088A026D129682368994222D3636899421FD843
S2140088B0114E0DF107033246FFF712FDC0B972687C
S2140088C06B689A4214D19DF80730DA1E5342534122
S2140088D0227E93420CD1636901336361D4E903239A
S2140088E0934205D22968A26842F823100133236117
S2140088F0012002B070BD00BF983B00202DE9F04F6C
S2140089009B4689B09DF848309046514A01931369BA
S21400891007465B450D46C0F09580D94653680093E0
S214008920B9F1000F7BD0FB6B01225B6905A90098AB
S214008930984705A828F0CDFA454B1B68984240F0AA
S214008940848005A828F0D1FA0428064615D105A883
S21400895028F0D2FA009B04461E44019B002B3ED111
S214008960804512D91C46A8EB00083846009927F027
S214008970C1FFA9EB04090090D2E7FB6B02225B69FA
S214008980009806A9984706A8E2E7A0EB08045C450D
S21400899028BF5C46032C4644ABEB040B1DD9FB6B8F
S2140089A0294630465B69A208984724F0030304F082
S2140089B0030A1E441D44DDF80480BAF1000FD4D02B
S2140089C0FB6B012206A930465B699847524628464B
S2140089D006A912F071FF5544C7E7A246EBE78246A8
S2140089E000F0030302932B1803930644039BA6EBA5
S2140089F00A00A3EB0A05029B9A4514D1BAF1000FB0
S214008A00B3D0FB6B012206A95B69984752462846FD
S214008A1006A913F00DF90028DDD04FF036094846B8
S214008A2009B0BDE8F08FFB6B012206A95B69984789
S214008A300422284606A913F0FBF80028EDD1AAF177
S214008A40040AD3E74FF06309E9E74FF06F09E6E75A
S214008A50C43B00202DE9F0410F46164698460446D2
S214008A6088B060B390F83450FDB1012127F07AFE4B
S214008A7000210E9BCDE90511CDE902379DF83C306B
S214008A80CDF804808DF81C30237C04968BB90D49F4
S214008A9001AA04F1080000F055FFDDE90553E06B7C
S214008AA0002E08BF1D4627F0F6FF284608B0BDE892
S214008AB0F0812046044A01ABFFF7BCFCEDE7054613
S214008AC0F3E700BF450A0300918800007FB590F8E1
S214008AD04260044601920DF10B030A4630461149E6
S214008AE027F0E1FF012E0546E36B17D132465B699E
S214008AF003A998479DF80B10039B019A59B19BB2A6
S214008B0043EA0243012228460393E36B03A99B69C9
S214008B10984704B070BD62F30F03F3E701229B6928
S214008B2001A9F5E7C43B00202DE9F04F99B00E46A9
S214008B300D920A69416C0B931439D31DB3FBF1F304
S214008B40013302EBC302036B04469342C0F001827A
S214008B500023DFF804940893E36A48461946059311
S214008B6000F074FFD6E9033707930B9B022B4DD119
S214008B70CC2F40F0D7810D9B3BB13146204627F0E5
S214008B80E8FF656C1490012044E00120079B656CAB
S214008B901B68149300F0010000280CBF0423082370
S214008BA0782F0E9349D8059A6B1E1340ED1A3B1D7D
S214008BB09D423CD2002F3DD0082D3ED800230425F0
S214008BC006934FF0040A336806990B98C9F80030EC
S214008BD0C9F8107028F0A3F94FEA9A030F93059B83
S214008BE089F814000393002309930C9304930A93C3
S214008BF0616C039B4A1E1A408B1A27B35544AB423E
S214008C0023D8236B5B1A134423632FE1782F656CFC
S214008C10B9D8F07D0D9B002BBCD0E36B01225B69BD
S214008C20706816A9984716A828F057F9B4E70025E3
S214008C300695C6E704250697C3E7012300254FF0EF
S214008C40080A0693BFE75345DBD3A3EB0A02974215
S214008C50039BB84628BF90469742534428D9012222
S214008C60D9F8101089F817208F4226D10399C9F831
S214008C700410049299F817200AB399F8181003986C
S214008C80CA1C09EBC202506004980131A2F80880A1
S214008C90907289F81810B8F1000F07D00B9A022AC4
S214008CA040F08180099A72B1012209929B46ABE09E
S214008CB0049A002A18BF0322DBE70222D9E7039AA8
S214008CC0C9F80420E7E70C9A4244032AEED9E26B7F
S214008CD01846956914A901220993A847099B0546D9
S214008CE00028E1D03D2D40F01E8104F108030393D7
S214008CF02368059A606CA2EB030ABAFBF0FA00FB45
S214008D000A3028F0A4F9E16A8046204627F0F2FDF2
S214008D10A26A824200F00F81626CD9F80830511EB8
S214008D200B40216B2768891A0B442363089BE0627B
S214008D30DF1BB7FBF2F7BA4540F0FA80059BB3EBB2
S214008D40080A12D0E36B4FEA9A0241469B6998479D
S214008D508346E36A059A5344E362236B03989B1A9F
S214008D604344236327F0CBFFDA462368616CE06B4D
S214008D7001FB073128F0E0F8204627F0FEFC2046ED
S214008D8027F0FBFD2063BAF1000F00F0D4803269B3
S214008D90616CD31D1439B3FBF1F3013302EBC3024C
S214008DA09042A5D2BFE00D9A002A77D1B8F1030F02
S214008DB04FEA98026ED9E16B18468D6907991093B1
S214008DC0A847109B0546C0B918F0030515D0079AAA
S214008DD028F0030B02EB0B019B444FF0FF3215A863
S214008DE015922A46109312F067FDE26B5846956975
S214008DF015A90122A8470546109B9B46079A4244A0
S214008E000792002D40F08B80049B16A80193069BCA
S214008E10009399F814204346316800F0CDFDE36BCB
S214008E200F9A9B69039816A99847039A051E089BF4
S214008E3018BF13460893434652462046039927F028
S214008E4086FD236B08F10302A3EB0A0322F003025C
S214008E509B1AC9F808002363002D7FF443AF0C9BD0
S214008E60A7EB080743440C93CDF80CB020460399B3
S214008E7027F040FD00250390002F7FF4B9AE364A58
S214008E803168936804F10800E36252680B9B00F0B7
S214008E900BFD49E09B46454607999EE79B4606F133
S214008EA020021092F27D7068A2B1002296F818C0D7
S214008EB00A99D5B2AC4511D9109D02F1010E35F8CC
S214008EC032508D4228D90E9806EBC2020144D06972
S214008ED0084403E00E9A0A990A441044E26B15A966
S214008EE0556901221193A847159A0A9B1392E26BC3
S214008EF0043395695846012213A90A93A847119B83
S214008F00054603EB0802A2EB0B02042A7FF679AFB4
S214008F1028B90BF1040BC5E77246491BC9E7CDF823
S214008F2020B088E770252F46384619B0BDE8F08F88
S214008F304FF0000A19E73269616CD31D1439B3FB90
S214008F40F1F3013302EBC302236B9342BFF404AE8A
S214008F50E9E71C27E8E700BF6C3B0020032A2DE961
S214008F60F34106460D4617461C4606D1237A012BCA
S214008F7023D0012002B0BDE8F081DFF860800968E8
S214008F8042460DF10703FFF7ABF960600028EDD10C
S214008F909DF80720237A032AE8D0D8F804106A68D8
S214008FA09142E3D1012B2969D4F80CC007D172692C
S214008FB00CEB0103934202D92074207CDAE70831D7
S214008FC06144E1603B46012229463046FFF7ACFD8E
S214008FD060600028CAD00020CCE700BF983B002085
S214008FE02DE9F341089C032A1746266806D1237A02
S214008FF0012B24D0012002B0BDE8F081DFF890807C
S214009000304642460DF10703FFF76AF96060002814
S214009010EDD12568D8F80400A96AD5F844C04840C0
S214009020CCF100031840227AE1D1012A09D1E26886
S214009030D8F8103013447269934202D92074207C09
S214009040D9E72868EB6A1B1A081AB3FBFCF3B0FBD7
S214009050FCF083420BD1706CF36A421E1340326BF5
S214009060121A13442846336327F044FCE862D8F803
S2140090701020E36808321344E36001223B460449AB
S2140090802068FFF751FD60600028B0D00020B2E7EE
S214009090983B00202DE9F0410025604B0E46D3F8A2
S2140090A0008004461D6018B921252846BDE8F081D9
S2140090B090F8347007B30A6803689A4240F0A380B9
S2140090C04A6843689A4240F09E808A6883689A425B
S2140090D040F09980CA68C3689A4240F094800A6952
S2140090E043699A4240F08F808A69C36B9A4240F087
S2140090F08A804B698361D8E768223946856B12F00F
S2140091004BFAD6E90212336804F10800236073684C
S214009110A5636360336963617369A36127F001FE29
S214009120B36904F14000E3639B68984720B9676C15
S21400913017B16368B3FBF7F794F84330E761002B89
S214009140B2D00023656C2366002D64D0002F62D059
S2140091502368B3FBF5F205FB1233002B55D1666886
S214009160B6FBF5F305FB1363002B4ED1204627F024
S214009170D0FAA369043303449E4248D340F63472BF
S2140091806369CC3B934244D8B5F5805F43D3032153
S214009190204627F0E7FAD4E90001E36B1B689847FE
S2140091A00546E36B0220DB689847CDB9414620466A
S2140091B0FFF77AF96428054604D141462046FFF7B2
S2140091C073F90546666C5DB9236A2046143E5E4315
S2140091D027F09FFAA369043303449E4238BF5A25FA
S2140091E0002D0CBF0123002384F8343007D1D4E9C6
S2140091F000010B4A13680133136027F02CFEE06B66
S21400920027F049FC51E75D254FE759254DE75A25DC
S2140092104BE75F2549E75B2547E700BFFC340020A6
S214009220F83400202DE9FF410C4616461F46054639
S21400923080B390F834307BB3B1F5801F2ED2DFF8C0
S2140092406080012127F08EFA2146424628460DF11D
S2140092500F03FFF745F8044670B99DF80F30012B51
S21400926011D1D8F81030BB4212D1024600903146D8
S2140092702846FFF743FB0446E86B27F00CFC204625
S21400928004B0BDE8F081022B14BF2D246024F3E760
S2140092906324F1E72124F2E71124F0E72924EEE71E
S2140092A0C43B00202DE9F04385B00C4617461E4609
S2140092B00546DDF8308098B390F8343093B3B1F5B6
S2140092C0801F31D2DFF86490012127F04BFA214647
S2140092D04A4628460DF10F03FFF702F8044688B900
S2140092E09DF80F30012B14D1D9F8102006EB080397
S2140092F09A4213D300904346324639462846FFF733
S214009300FDFA0446E86B27F0C6FB204605B0BDE82C
S214009310F083022B14BF2D246024F3E76324F1E7C7
S2140093202124F2E71124F0E72924EEE7C43B0020CD
S21400933073B50C461646054630B390F834302BB35A
S214009340B1F5801F24D2012127F00CFA21462846C9
S214009350104A0DF10703FEF7C3FF044680B99DF8D7
S2140093600730032B0CD0022B0CD12846094927F0D6
S214009370F0FB3060E86B27F08EFB204602B070BD35
S2140093802D24F7E76124F5E72124F6E71124F4E716
S2140093902924F2E7C43B00202DE9F3411E460023B2
S2140093A00C4617460546336050B390F834304BB33E
S2140093B0B1F5801F28D2DFF85480012127F0D2F9BA
S2140093C02146424628460DF10703FEF789FF04466C
S2140093D0A0B99DF80730032B10D0022B03BF012342
S2140093E03B600423D8F8103018BF38603360E86B51
S2140093F027F051FB204602B0BDE8F0812D24F6E7A9
S2140094002124F7E71124F5E72924F3E7C43B0020DD
S21400941073B50446056B27F07CF9636E03449D42E2
S2140094202CBF00230123854294BF00252D1A207CE3
S21400943084F85030656584F85800A8B100230C4EB7
S2140094401A4619462046009627F047FC0023054694
S2140094501A4619462046009627F048FCE36828443A
S214009460984294BF0020C01AE06502B070BD00BFED
S214009470FFFF0F002DE9F3471E4643690446B3423B
S214009480884617469DF828904ED300258DF807503D
S214009490204627F03EF9D4F830A082450AD2236A47
S2140094A0B5EB430F06D2002220460DF10701FFF769
S2140094B045F9B8B39DF80730012B05D100222046A8
S2140094C00DF10701FFF73AF9B9F1030F06D031465F
S2140094D0204627F00EF9256B854227D3144D4FF012
S2140094E0FF31284600F0B2FA4B46294600222046B5
S2140094F0C5E90376C5F80080FFF716FB236E054620
S21400950063B12046FFF784FF94F8503013B994F8FF
S21400951058301BB1236E04F150009847284602B01D
S214009520BDE8F0870135B3E76225F7E71C25F5E7C8
S214009530983B00202DE9FF410F4690461E46054603
S21400954098B390F8343093B3B1F5801F31D21A4CEB
S214009550022127F007F92246394628460DF10F0367
S214009560FEF7BEFE024678B1012342460093394616
S21400957033462846FFF77EFF0446E86B27F08BFA53
S214009580204604B0BDE8F0819DF80F30012BEBD1EA
S2140095902169B142E8D10093414633462846FFF799
S2140095A0ADF904460028DFD1E7E72124E8E71124D7
S2140095B0E6E72924E4E700BFC43B00202DE9F04796
S2140095C090F8423086B0012B05460391A1EB0207C6
S2140095D040F0AA80FF2F03D81E464FF0640807E02D
S2140095E00226012B14BF4FF032084FF064080136F4
S2140095F000244FF6FF79DFF844A195F84230012B9E
S21400960014BF322364239C4202D35FFA88F40DE031
S21400961005AB22465146284627F079FA95F842309F
S214009620012B059B34D14B452DD1E4B295F8423041
S214009630012B14BF32226422121BB24217D3012E12
S21400964039D10022012B05978DF8132027D1082247
S21400965005A90DF1130027F016FD9DF81330059AA5
S21400966042EA032221462846FFF730FA40B1022399
S214009670324900932846CC23096803AAFFF7FAFE6E
S21400968006B0BDE8F087DBB203B902340134B4E7B4
S214009690591CCAD09BB2002BF8D10134F6E7102231
S2140096A005A90DF1130027F0EEFC9DF81330059A7E
S2140096B042EA0342D6E7039A012B059223D10823F8
S2140096C0202205A90DF113008DF8133027F0DBFCDE
S2140096D09DF81320120221462846FFF7F7F995F861
S2140096E04230611C012BC9B21AD10028BFD12846CE
S2140096F0BDF81420FFF7EAF90028B8D10234BDF807
S2140097001620E1B2AFE71023202205A90DF11300C1
S2140097108DF8133027F0B7FC9DF813201204DAE713
S2140097200028A4D1059A9EE7B7F5803F4FF00106C2
S214009730BFF457AF4FF032085AE700BFC43B0020D3
S21400974070B586B00E4605460392A0B390F8343046
S2140097509BB3B1F5801F32D2022127F003F83146C1
S2140097602846184A0DF11703FEF7BAFD044618B945
S2140097709DF81730032B0ED102233146009328465E
S214009780CC2303AAFFF776FE0446E86B27F083F99E
S214009790204606B070BD022B0BD10A49284627F09A
S2140097A0D8F9039902468142EFD02846FFF706FF14
S2140097B0EAE76124E9E72124EAE71124E8E7292417
S2140097C0E6E700BFC43B0020F7B50C461646054644
S2140097D068B390F8343063B3B1F5801F2BD2022102
S2140097E026F0C0FF21462846144A0DF10703FEF76F
S2140097F077FDC0B99DF80730032B14D0022B14D187
S2140098000E49284627F0A5F9471C02463946284641
S214009810FFF7D4FE044606B13760E86B27F03BF945
S214009820204603B0F0BD2D24F7E76124F5E7212498
S214009830F6E71124F4E72924F2E700BFC43B002032
S21400984030B50C46054685B028B390F8343023B3BF
S214009850B1F5801F23D2022126F084FF0DF10F03FD
S214009860214628460F4AFEF73BFD034688B99DF879
S2140098700F20032A0DD003222146009202462846D6
S214009880FFF7F8FD0446E86B27F005F9204605B01B
S21400989030BD2D24F7E72124F8E71124F6E7292424
S2140098A0F4E700BFC43B00202DE9F043466886B3CA
S2140098B0056898464FF0000CA946AE4655F83C4061
S2140098C00CF1010CC4F31307013401D0B94217D0D0
S2140098D0B4450EF1080EF1D12F46002403E0B44241
S2140098E007F1080712D055F8343001340133F6D1A9
S2140098F0C1F3130141EA0851C7E90012BDE8F0833D
S21400990041EA0851CEE90012BDE8F083B8F1030F32
S21400991003D101230372BDE8F083002303E0B342C2
S21400992009F10809F5D055F833400133C4F307545C
S214009930032CF4D1C1F3130343EA0853C9E90032F8
S214009940BDE8F0832DE9F0410646406882B0B8B124
S2140099500F4690460024336853F8345003EBC40394
S214009960C5F30752C5F31301013506D05B683046D0
S214009970CDF80080B84718B1706801348442EAD345
S21400998002B0BDE8F08100BF024B1968024B1868B0
S214009990FFF780BBFC6400201C65002008B530F093
S2140099A076FD014B186008BDF03B0020014B18689F
S2140099B030F068BDF03B002073B504462248012A0B
S2140099C000EAC1119DF8185023F07C4007D9961E76
S2140099D0012E28D9073303F07F03194308E09DF8CA
S2140099E01C300A43DB0603F0C053134343F06041C8
S2140099F00023C4E900108DF80730B5B120222146B7
S214009A000DF1070027F03FFB1A220DF10700211D7C
S214009A1027F039FB082063689DF8072043EA826335
S214009A20636002B070BD1143E2E71B220DF1070030
S214009A30214627F028FB23689DF80720042043EAE8
S214009A40C2632360EDE700BF80FFFF0738B5094B10
S214009A500D461A680021044611F09EFD00234FF0C3
S214009A60FF322383C4E900252361A260E382A37644
S214009A7038BD00BF8C4A04000138C0B205289ABF22
S214009A80014B185C01207047914A04002DE9F04113
S214009A900746154600240E46596888B0490A01292B
S214009AA022464FEA510104F10104F8D8DC7899788F
S214009AB024031B88C90201F4006104F480540C439B
S214009AC0C3F30A035203234492B24FF000089C18D3
S214009AD0274B6FEA0444039325F07843ED4302A92D
S214009AE00DF107001B2202938DF8078027F0CBFAB2
S214009AF09DF80720029B02A943EAC2630DF1070006
S214009B001B2225F07845049302958DF8078027F0F0
S214009B10BAFA9DF80720029B6FEA144443EAC26330
S214009B2005934FF0FF330794069307A9BB690122FC
S214009B3006F110009847BB6905A90446012206F104
S214009B4008009847BB69404518BF044604A901228F
S214009B50301D98470122404518BF0446BB69304671
S214009B6003A99847404508BF204608B0BDE8F081E5
S214009B7001009AB238B5104B0546D3F800310C46B2
S214009B8003F00303022B0BD0032B0DD0012B0FD1B8
S214009B902EF0FCFD032305B1286004B1236038BD18
S214009BA02EF03EFE0723F6E730F084FC0623F2E7AD
S214009BB001230020EFE700BF0080005038B5134BAC
S214009BC00546D3F820010C4600F0070004281AD8F2
S214009BD0DFE800F003090D111500012305B1286028
S214009BE004B1236038BD2EF097FD0423F6E72EF06F
S214009BF0CDFD0323F2E72EF0CFFD0523EEE72EF092
S214009C00C1FD0223EAE700231846E7E7008000507C
S214009C1038B5104B0546D3F840310C4603F0030325
S214009C20022B0BD0032B0DD0012B0FD130F044FCB0
S214009C30082305B1286004B1236038BD2EF0F0FD7E
S214009C400723F6E730F03BFC0923F2E70123002068
S214009C50EFE700BF0080005038B5104B0546D3F83C
S214009C6060310C4603F00303022B0BD0032B0DD000
S214009C70012B0FD130F020FC082305B1286004B179
S214009C80236038BD2EF0CCFD0723F6E730F017FC36
S214009C900923F2E701230020EFE700BF0080005011
S214009CA041F6713210B5104C104BA04294BF002400
S214009CB00124D969DA639A6801F4803122F44012EB
S214009CC042EA04529A600A4A90420A4AD2F81802B5
S214009CD08CBF40F0020020F00200C2F8180209B162
S214009CE00022DA6310BD00BF005A62020000035073
S214009CF080F0FA0200C007502E4B98424AD022D875
S214009D002D4B984240D014D82C4B984239D00AD8C4
S214009D102B4B984232D02B4B98422FD02A4B98424E
S214009D202CD000207047294B9842FAD1284B186F48
S214009D307047284B98422AD0274B9842F1D1244BA3
S214009D40D3F880007047254B98422BD009D8244B77
S214009D50984223D0234B9842E3D11D4BD3F88C0076
S214009D607047214B984221D003F5740303F5105336
S214009D709842D6D1164BD3F898007047144B986D7E
S214009D807047134B586E7047114B586F7047104B07
S214009D90986F70470E4BD3F8840070470C4BD3F87F
S214009DA0880070470A4BD3F890007047084BD3F8EA
S214009DB0940070470048E8010024F400C0CF6A0011
S214009DC080841E0000093D0040420F00405DC60032
S214009DD00080E00FC0EA210180BA8C01007E5603A5
S214009DE080D54302006CDC020090D00337B50C46E9
S214009DF00021114B0191D3F88031054603F003038F
S214009E00022B0ED0032B11D0012B03D101A8FFF794
S214009E10D5FE0D210DB1019B2B6004B1216003B06E
S214009E2030BD2EF0B9FC05210190F3E72EF0AAFC18
S214009E3002210190EEE700BF0080005038B5104BBD
S214009E400546D3F840320C4603F00303022B0BD032
S214009E50032B0DD0012B0FD130F02EFB082305B1BC
S214009E60286004B1236038BD2EF0DAFC0723F6E73D
S214009E7030F025FB0923F2E700231846EFE700BF82
S214009E800080005038B5144B0546D3F800020C4647
S214009E9000F0070004281BD8DFE800F003090D11C6
S214009EA01500012305B1286004B1236038BD30F0E9
S214009EB003FB0823F6E72EF0B3FC0723F2E730F0A7
S214009EC0FEFA0923EEE72EF047FC0C23800AE9E7AA
S214009ED000231846E6E700BF0080005038B5144B54
S214009EE00546D3F808020C4600F0070004281BD8E5
S214009EF0DFE800F003090D111500012305B1286005
S214009F0004B1236038BD30F0D7FA0823F6E72EF008
S214009F1087FC0723F2E730F0D2FA0923EEE72EF0AB
S214009F201BFC0C23800AE9E700231846E6E700BF7F
S214009F3000800050032814D005D8012805D0022838
S214009F4009D0002005E00F28FBD1084B186FC0F39E
S214009F50013001307047054BD3F89000C0F3046021
S214009F60F7E7024B186FC0F38020F2E7008000503E
S214009F701FB500230193252817D8DFE800F0131A31
S214009F801D272C363B51565B60656A78161A4016BC
S214009F9016561A272C27361A5127783B3B3B3B2769
S214009FA027275B602EF0BEFB0190019805B05DF898
S214009FB004FB2EF0D1FBF7E72EF0B4FB024602209E
S214009FC0FFF7B8FFB2FBF0F20192EEE72EF0C4FB0B
S214009FD002460320F4E72EF0BFFB02460320FFF7FD
S214009FE0A9FFB2FBF0F25208EEE7002101A8FFF746
S214009FF0FDFEDAE7002101A8FFF7E0FDD5E70293B2
S21400A0004FF0E0231B695B0705D52EF0A5FB0290F9
S21400A010029B0193C9E703A902A8FFF7F9FDF7E73A
S21400A020002101A8FFF7F4FDBFE7002101A8FFF714
S21400A03013FEBAE7002101A8FFF724FFB5E70021C9
S21400A04001A8FFF74BFFB0E7002101A8FFF792FD3C
S21400A050ABE7094BD3F8803003F00303022BA8D0FC
S21400A060032B01D000209FE72EF096FB9CE70021F3
S21400A07001A8FFF7E3FE98E70080005008B501202E
S21400A080FFF776FFBDE808400349884294BF0121E8
S21400A0900221032000F002B880F0FA02032810B56F
S21400A0A00C4627D004D8012804D0022817D010BDAB
S21400A0B00F28FCD127F005F827F00BF8124A013CD0
S21400A0C0136F23F4405343EA043313672EF044FB24
S21400A0D00021FFF7E5FDBDE81040FFF7CFBF0A4AB5
S21400A0E04C1ED2F8903023F0F85343EA0463C2F8CB
S21400A0F09030DCE7044A4C1E136F23F4806343EA77
S21400A10084231367D3E700BF008000501FB50023E9
S21400A1100193252821D8DFE800F013202020202AEC
S21400A1202F454A4F54595E7120203420204A202063
S21400A13020202A204520712F2F2F2F2020204F54FB
S21400A140314B1B6F03F00703013B032B05D8DFE8F9
S21400A15003F00C02080A04230193019805B05DF889
S21400A16004FB0323F8E70623F6E70223F4E70020C0
S21400A17001A9FFF73BFEF0E7002001A9FFF71EFD4F
S21400A180EBE702934FF0E0231B695B0705D52EF043
S21400A190E3FA0B230393039BDEE703A902A8FFF76A
S21400A1A037FDF8E7002001A9FFF732FDD5E70020CC
S21400A1B001A9FFF751FDD0E7002001A9FFF762FED5
S21400A1C0CBE7002001A9FFF789FEC6E7002001A91A
S21400A1D0FFF7D0FCC1E70C4BD3F8803003F0030345
S21400A1E0022B03D0032B05D00023B5E72EF0B4FADC
S21400A1F00B23B1E72EF0D0FA0523ADE7002001A926
S21400A200FFF71CFEA9E700BF0080005008B503203A
S21400A210FFF790FE034B187026F053FFBDE808408A
S21400A22026F057BF055B002010B504462EF094FAC2
S21400A2300021FFF735FD1CB1BDE81040FFF71EBF3B
S21400A240034B0320BDE810401978FFF727BF00BF77
S21400A250055B002038B50546FFF74EFD204B04464B
S21400A2605A68012A04D11F494A609A699207FCD1AC
S21400A2700020FFF74BFF042803D126F022FF26F02C
S21400A28028FF194A24F0407395421FD0174A95427A
S21400A2901FD0174AD16811F0060FFBD19068936063
S21400A2A091684B4013F4F81F16D12846FDF766FD5B
S21400A2B00020FFF72BFF042810D12EF04DFA0021C6
S21400A2C0FFF7EEFCBDE83840FFF7D8BE43F000735A
S21400A2D0DFE743F08073DCE79060E9E738BD00BF56
S21400A2E000C0015000E0015040420F0080841E0074
S21400A2F00000015070B504460020FFF707FF032852
S21400A3007CD045F60E030221414AC2F88030414B0C
S21400A3109962012103F580539962936DD903FCD4A9
S21400A320D4E900131B0543EA0163E17B94F823504C
S21400A3300B43217B43EA0143617B43EA0133A17B64
S21400A34043EA811313619169D4E904031B0643EAC7
S21400A350806301F000410B43A17EE07E0B43217E2B
S21400A36043EA0143617E43EA01239361E169136A8C
S21400A370002923F00D0343EA010314BF0121002145
S21400A38043EA800343EAC103136294F8203094F84A
S21400A3902200916A4FEA431331D194F8216021F0EC
S21400A3A0330143EA06130B4343F0010393621A4951
S21400A3B0174A936D31EA0303FBD10221154B9962CC
S21400A3C0936D5B00FCD41369A16823F4700343EA21
S21400A3D0015313614FF000420E4B9A6118B90222E6
S21400A3E003F580539A6215B901220C4B9A6294F8D1
S21400A3F024301BB1064B0A4AC3F8802070BD21F0FA
S21400A400330129430B4343EA40039362EFE700BF5F
S21400A41000C0005000D000500300014000E0005093
S21400A420F1A7FFFF014B93F900007047065B002081
S21400A430014B1880704700BF166A00200C4A10B502
S21400A4401369044643F0040313612EF0F5FC26F06E
S21400A45044FE084B084AC3F8202430BF26F03EFED0
S21400A46002F066F91CB9BDE810402EF075B910BDB3
S21400A47000ED00E000E003500000FFFF034A017912
S21400A480D36E23F030030B43D36670470040005072
S21400A490F8B504460D461F4616464AB101238B40C2
S21400A4A03021184A01FB0022F7B141F21001535047
S21400A4B004EB4403072D4FF00F014FEA031316D8A1
S21400A4C0A80006FA00F281400F48184426F009FE5C
S21400A4D04EB9012330210B4AAB4001FB042277B171
S21400A4E041F210015350F8BD42F21001DFE7A5F12A
S21400A4F00800800006FA00F281400448E5E742F2D0
S21400A5001001EFE700C0035004C003500CC0035016
S21400A510012200F5805310B55A60244B244AC360CC
S21400A52043691340FCD18361C0F89830436913F443
S21400A530401FFBD14369DA052CD4836F53BB4369B4
S21400A5409B0529D4D0F8883033BB0121C26FD0F8E0
S21400A5508C2000F500525160302183600361C36295
S21400A56003620167C0F880101249884208D142F29F
S21400A5706004114984640165436584650166436629
S21400A5800C49884202D10020102B08D10B4B536295
S21400A590936210BD436FCDE7D0F88430CFE703F168
S21400A5A0280441F824000133EEE700BF1200020041
S21400A5B0520001000040005A00C002808F330F8016
S21400A5C0084608B569B91820FFF7D2FCB0B10C4BA5
S21400A5D0984206D90B4B9B68C3F302730133B0FB5A
S21400A5E0F3F0094B00F5742000F23F20B0FBF3F0C7
S21400A5F001387F2828BF7F20C0B208BD0120F0E7C1
S21400A600005A62020040005A40420F000B4B10B541
S21400A610994228BF19460C461AB91820FFF7A8FC1D
S21400A6200246631E1344B3FBF4F0A34228BF00F1B6
S21400A630FF30032828BF0320C0B210BD005A6202B4
S21400A64010B51048104C002B08BF04468C4228BF9B
S21400A6500C461AB91820FFF78BFC02469DF8083006
S21400A66040F2FF300133B2FBF3F2631E1A44B2FB32
S21400A670F4F3A24228BF03F1FF33984228BF1846DE
S21400A68010BD00BF80969800404B4C002DE9F04F5F
S21400A6902DED068BB64D0C4616462946002285B093
S21400A6A00746FFF7B3FF94F805800122804538BFC0
S21400A6B0804607F500535A6020795FFA88F850B94B
S21400A6C01820FFF755FCA842014628BFB0FBF8F15A
S21400A6D03846FFF775FF4FF00009E37822781B0134
S21400A6E0524202F0020203F0300313436278000481
S21400A6F0524202F004021343A27800F4FE005242D3
S21400A70002F0080213434FEA087202F0E0421343D5
S21400A7101843E3882289B8603B616389DFF85CA24E
S21400A72043EA02433B62574502D1B9F1020F08D112
S21400A730012307F580577B6005B0BDEC068BBDE8AE
S21400A740F08F002235788B488B49B468954218BF45
S21400A75001462B468948CDF80080FFF771FF07EBCE
S21400A76009118B6CA2B223F0405323F4EE2323F09E
S21400A7701F0305F003041C43737882424FEA8303E9
S21400A78003F01C0344EA0304B37838BF02461B03F5
S21400A790F07803F4E0432343040404F4E024234362
S21400A7A034794FEA091C240704F0405423438B6491
S21400A7B08C6C09F1050BC4F30234013C7049042C7F
S21400A7C026D8DFE804F0252503101A00D1F88041CA
S21400A7D0240C2DB3C2F309020AEB0B135A6009F1DD
S21400A7E0010910369FE7D1F88441002DF2D1D1F847
S21400A7F08C11A4B20914490015E0D1F88441002D4B
S21400A800E8D1D1F88C11240C091401EB41010AE0BF
S21400A810D1F88041A4B2002DDCD1DFED5A7A06E0F3
S21400A820D1F88C11091407EE901AF8EEE77A012198
S21400A8300CF1B44C0CF5804C2304DCF8483024F4BE
S21400A840C045C3F3820C0CF1010C01FA0CF107EEC3
S21400A850101A4FEA854548BF45F0004513F01C0F17
S21400A860B8EEC79AF6EE008A454B55D1D3F88C1150
S21400A8700BB208EE103AB8EEC88A38EE278A9FED7B
S21400A88042AAF7EE049A00285DD1039226F0A3FCB4
S21400A89007EE900AF8EE677A87EE8A7AC9EE877A2C
S21400A8A027EE888A039A9FED397AC7EE097A9FEDDC
S21400A8B0387A67EE877AB1EE007AB5F1004F48EE47
S21400A8C0077A0BD09FED337A06EE104A77EE876A4A
S21400A8D0BAEEE86AF0EE477A56EE267AF5EEC07AD9
S21400A8E0F1EE10FACBBFF1EE677A78EEE78A77EEF4
S21400A8F0E87AFDEEE87AC8BFFDEEE77A17EE901A22
S21400A900B1F5003F2ADB6FEA55456FEA45451B481F
S21400A9104FEA0B1145505DE7D3F8901169EE286AAF
S21400A92009B207EE101AB8EEC77AD3F8881177EE98
S21400A930677A0BB208EE103A87EEA67AB8EEC88AA7
S21400A94038EE078A9BE7D6ED037AF8EE677A87EE4D
S21400A9508A7AC9EE877A27EE888AA4E711F5003F3F
S21400A960AABFC1F3110145F400350D43CFE700BF80
S21400A970005A6202404B4C00809698000040005AF5
S21400A9800080E00F0000000000007A4400008043D2
S21400A990000020440000004941F67132034BDA63A0
S21400A9A0012203F50053DA60704700BF0000035031
S21400A9B041F671320121044BDA6303F50052D1608F
S21400A9C00022DA63704700BF00000350044B18688B
S21400A9D0421C02BF034AD2F894001860704700BFBA
S21400A9E02065002000400050CB784A7810B55B0107
S21400A9F00C7843EA82030A79234343EA02130C22C3
S21400AA00424302F1B0421363012C02BF8A78024B24
S21400AA1043F8202010BD00BFD080035008B54FF08B
S21400AA20B0435A6802B960B15B680BB126F0FBFB15
S21400AA304FF0B04130B10120074B586026F0F3FBD1
S21400AA40C86008BD26F0EFFB0223CB6026F0EBFBC8
S21400AA500122024B5A60F4E700100058002000580C
S21400AA604FF0B0414B6810B50BB126F0DCFB01226D
S21400AA700B4BC4785A608378934043EA8403447847
S21400AA802343047943EA0413447943EAC4038B60FE
S21400AA90044B5A600378C3F10203CB6010BD00BFBD
S21400AAA00020005800100058054B5B69C3F3851260
S21400AAB0827003F03F021B0B42700370704700BFAA
S21400AAC000C007500120034B9B680A3303F01F03A6
S21400AAD0984070470080E00F034BD3F82424D3F847
S21400AAE020041040704700BF00C003502DE9F84313
S21400AAF01E4B0546D3F810334B1E0E2B0E4617463C
S21400AB0090F8009044781DD909B34FF00008284605
S21400AB10D7B12FF0D7FC09EB4903072C4FF00F01F4
S21400AB204FEA031315D8A400114808FA04F2A1400E
S21400AB30184426F080FBBEB928468FB1BDE8F8431E
S21400AB402FF0C0BC8846E2E726F084FBE3E78846A1
S21400AB50E1E7083CA400074808FA04F2A140E7E74A
S21400AB60BDE8F84326F076BBBDE8F88300C0035086
S21400AB7004C003500CC003502DE9F041204B16468C
S21400AB80D3F810234A1C05460C46407804D1D3F867
S21400AB90241426F06DFB0446002C2EDB072C14DC58
S21400ABA003274FEA84082A7807FA08F73946154833
S21400ABB002FA08F226F03FFB6A78394602F00302F2
S21400ABC0114802FA08F226F036FB012316F0050FAC
S21400ABD00E4A18BF0E4903FA04F30CBFC2F810342D
S21400ABE0C1F8103416F0060F18BF094AC2F814341C
S21400ABF00123064AA340C2F820342046BDE8F0816F
S21400AC0000C0035000C4035008C4035000E00350C3
S21400AC1000D0035070B504462AF00CFF064630B943
S21400AC200FCC044D0FC594E80F0085E80F003046A2
S21400AC3070BD00BFF43B002047F6FF739A42F0B5A4
S21400AC4070D0022970D8394B5B5C022B6CD8384D1B
S21400AC50DE0005EBC304A77815F83330012F39461C
S21400AC6038BF0121012B16D1E078401A0021884216
S21400AC7005D8012F2CBFC0190130C0B2F0BD431A51
S21400AC806568A0EB530335F913509542D4BF1946B7
S21400AC9003F1FF30EBE760680028EFD0B0F9004022
S21400ACA0944204DBB0F902409442B8BF144683884D
S21400ACB03544FF2B19BFC8232827B0F90630B0F952
S21400ACC00870A3EB04030CBF0122002293FBF7F3EA
S21400ACD06E7813441BB29E4201DD002B01DA731E10
S21400ACE01BB24FF47A7C00EBC305EA88AD685F1CA4
S21400ACF014FB02521D4622EAE2723BB25C329E42CE
S21400AD00B2FBFCF204DD00EBC307BF889742EAD231
S21400AD1000EBC5039888904228BF1046884238BF8B
S21400AD200846AAE7FF20A9E70020A7E7974A0400FD
S21400AD30F43B00200229F0B560D8314B595C02295B
S21400AD405CD8304B13F83100012816D103EBC10351
S21400AD509C78D878012C214638BF0121904294BFB8
S21400AD60C1EB0001C1EB0201001BCAB28242C8BFA0
S21400AD7000225B6833F91200F0BD002A3CD003EBDA
S21400AD80C1035968002939D09878904202D3B1F9A6
S21400AD900200F1E7DC78B1F900009442ECD95C7867
S21400ADA08B88013CA3F1FF06734201F10405E4B26F
S21400ADB0734101F10C07DEB2B44216D805EBC303AB
S21400ADC04FF47A756A43B3F902405B68D21A04EB13
S21400ADD0D47302EB630292FBF4F29042CCDBB1F93F
S21400ADE002009042C8DC10B2C6E737F833C05E1CDB
S21400ADF09445E3D33346DEE70348BDE70348BBE7A5
S21400AE00974A0400F43B00200CFEFFFF0080FFFF83
S21400AE1008B50448FFF7FEFEBDE8084001202AF00A
S21400AE200FBE00BF9C4A04007FB51422002101A873
S21400AE3010F0B2FB044B01A94FF0FF3002932AF04A
S21400AE4045FE07B05DF804FB006A18002DE9F041E6
S21400AE508CB08846DDE912761D460446002847D0A9
S21400AE60002945D0002F43D0002E41D013F00F0309
S21400AE703ED120482049A360002A08BF014623622D
S21400AE80C4E90013404609A926F084FA68BB2046A8
S21400AE9009992FF072FB294620462FF06EFB694673
S21400AEA0404626F006FB00BB6946204626F031FBEE
S21400AEB0404603A926F008FBB8B9204603A926F0A9
S21400AEC028FB06970127204645F0005506A9079758
S21400AED0089526F01EFB204609A909960A970B95A9
S21400AEE02FF071FB20462FF02BFB0CB0BDE8F08155
S21400AEF02120FAE700010004000101042DE9F04FCB
S21400AF0097B0894690461F460546DDF880A0002883
S21400AF1000F0BB80002900F0B8803AB1229B002BDD
S21400AF2000F0B380239B002B00F0AF80BAF1000F37
S21400AF3000F0AB80219B002B00F0A78067B13C6837
S21400AF400026229B43440293464507D307B13C6044
S21400AF50002017B0BDE8F08F3C46F1E75CB1229BBD
S21400AF60219A9B5D125D01345340239A04F00F042E
S21400AF7093550136E8E7A8EB060BBBF10F0F58D93F
S21400AF80434B4846C5E90034AC602C6213A926F052
S21400AF9001FA0028DDD1284613992BF00F0B2FF06D
S21400AFA0ECFA594628462FF0E8FA484604A926F057
S21400AFB080FA0028CDD1284604A926F0AAFA4846E9
S21400AFC007A926F081FA0028C3D1284607A926F04B
S21400AFD0A0FA012322992F4ACDF828A00B930C92B1
S21400AFE08A190D9228464BF000520AA90E93039236
S21400AFF00F9226F08EFA28460DA926F08AFA239B91
S21400B000039A99190123109111931292214A284606
S21400B01010A9CDF84CA0149315922FF0D4FA284618
S21400B02013A92FF0D0FA28462FF08AFA5E4400289B
S21400B0308FD1229B03EB060B239B1E44029B9B4552
S21400B04001D1464680E7ACB9219B2246CDE900A354
S21400B050494610232846FFF7F9FE00287FF479AF0B
S21400B0600AF1100212F8013D0133DBB213700BB97E
S21400B0705245F7D1219A1BF8013B125D013453402B
S21400B08006F8013B04F00F04D8E7212061E700BF73
S21400B09003030004100000207FB50E461D4604463C
S21400B0A0F0B102B9E3B901230192029345F00053CF
S21400B0B0039300230B4AA360C4E9002323622046BF
S21400B0C001A926F026FA314620462FF056FA2046E9
S21400B0D029462FF052FA20462FF032FA04B070BDFF
S21400B0E02120FBE700000943084B984202D0084B9A
S21400B0F0984207D10B88B3F5105F14BF6FF0850038
S21400B100002070476FF08500704700BF0044400481
S21400B1100013C0041038102808D8064BC34013F09C
S21400B120010F0CBF6FF08600002070476FF086009E
S21400B130704700BF010101002DE9F04FA7B008AF2E
S21400B140CDE90501DDE93295DDE9346A0021079293
S21400B150384610229846DDF8D8B010F01DFA1022B6
S21400B16000210CA810F018FA069B2BB96FF0860485
S21400B170204627B0BDE8F08F079B002BF6D0B9F12C
S21400B180000F01D1002DF1D1309B13B9319B002B5C
S21400B190ECD116B9BAF1000FE8D1BBF1000FE5D03B
S21400B1A040460599FFF7A0FF04460028E0D1014677
S21400B1B028221CA810F0F0F92022214614A810F02E
S21400B1C0EBF91CA82FF0CFF9002840F0AF80DDE99E
S21400B1D00612059814AB26F0E8F904460028C7D1F5
S21400B1E01498FFF797FF04460028C1D115B9CBF88D
S21400B1F00000BDE7B14518D209EB05039E4214D204
S21400B2005545B3D82A464946304610F017FA554BEE
S21400B210984526D006D3544B984524D003F5407362
S21400B220984520D06FF08504A2E74F4B98451BD079
S21400B23003F54073984517D04A4B9845F2D15545CB
S21400B24094D815F00F0291D12B46CDE9009614A99B
S21400B2501CA8FFF7FBFD814600285CD1CBF8005008
S21400B26086E7B146EDE7B1461022002110A810F09F
S21400B27093F955453FF67AAF3C4B9845319B39D10B
S21400B2800D2B7FF473AF01238DF84030309B0DF10A
S21400B290410203F10C0153F8040B8B4242F8040BF5
S21400B2A0F9D11B78137001238DF84F3015F00F0875
S21400B2B042D025F00F034B440DF1300C03F1100E75
S21400B2C0624618685968083303C273459446F7D136
S21400B2D00F2D33D825F00F03334403930CABCDE981
S21400B2E0017310AB00934246002314A91CA8FFF775
S21400B2F005FEB0E7102B7FF439AF309B10AA03F1A0
S21400B300100E9446186859680833ACE80300734575
S21400B3106246F6D1CAE752460021304610F03CF9A4
S21400B3200023B9F1010FCBF8003002D06FF0920481
S21400B3301EE76FF08B041BE70F2D8FD910ABCDE9FE
S21400B340029600930197002325F00F0214A91CA86B
S21400B350FFF7D4FD81460028DDD1B8F1000F3FF499
S21400B3607DAFB7E7004440040010C0040013C004DB
S21400B3702DE9F04F8A46A1B00021DDE92A56DDE925
S21400B3802C790590934606A81022984610F004F9EA
S21400B390102200210AA810F0FFF8BAF1000F05D11C
S21400B3A06FF08604204621B0BDE8F08FBBF1000F99
S21400B3B0F6D00DB9002EF3D117B9B9F1000FEFD1C1
S21400B3C02E9B002BECD040460599FFF78DFE0446D9
S21400B3D00028E7D10146282216A810F0DDF8202222
S21400B3E021460EA810F0D8F816A82FF0BCF80028B2
S21400B3F054D15A46514605980EAB26F0D6F8044668
S21400B4000028CFD10E98FFF785FE04460028C9D144
S21400B41016B92E9B1860C5E7BD4216D2AB199F42DF
S21400B42013D24E45BCD832462946384610F006F9A7
S21400B4303A4B98455BD003F54073984531D0384B6E
S21400B440984511D06FF08504ACE7344B98454FD043
S21400B45003F54073984525D0314B9845F2D14E45BB
S21400B46003D96FF089049DE73D46330798D13346EC
S21400B4700122CDE900570EA916A8FFF7E7FC2E9B80
S21400B48005461E6000288DD04A460021384610F03A
S21400B49083F800232E9A012D13603BD06FF09204A0
S21400B4A080E73D460D3E4E45DBD801238DF828301B
S21400B4B02B460DF1290205F10C0153F8040B8B42C3
S21400B4C042F8040BF9D11B780D3513704FF48073D6
S21400B4D0ADF8363006AB01930AAB00933246002334
S21400B4E0CDE902570EA916A8FFF708FDC7E73D46A7
S21400B4F0103E4E45B5D82B460DF1280C05F1100E22
S21400B500624618685968083303C273459446F7D1F3
S21400B5101035DFE76FF08B0444E700BF0010C0046F
S21400B5200044400410B54FF42F720021044610F07A
S21400B53033F88023C4F88C30054B04F19C00C4F823
S21400B5408430012384F88830BDE8104025F079B8AF
S21400B5507DB2030010B5D0F8A0400A468CB926F09C
S21400B5603AFA044610B90024204610BD2D2896BF8E
S21400B570064B074953F82010064A074826F071FB89
S21400B580F2E7D0F8A4101046A047ECE7884B04007A
S21400B59080B203001BAE0300B0B30300F8B590F80A
S21400B5A08060044616B100263046F8BD26F046F800
S21400B5B00028F8D1012384F8803094F8883033B11D
S21400B5C0D4F884101F4884F8886026F04AFB4FF0B1
S21400B5D0FF37D4F8B402421C1FD0C4F8B47210F07F
S21400B5E0FF052CD0204626F026F82946204600F0F7
S21400B5F0A7FB0028EDD0204626F02BF894F88830DC
S21400B6003BB1D4F884100F4826F02BFB002384F8B7
S21400B6108830002384F88030C6E726F007FB431CFA
S21400B620DDD1D4F88C30D4F89420013B9A4204DB68
S21400B630054A0649064826F014FB0126E9E70126D6
S21400B640C7E700BF52C503001BAE03008EB203005F
S21400B650B0B30300F8B50B780446302B0D461646FB
S21400B66004D14B7803F0DF03582B11D0284F6A1E05
S21400B67012F8011F002934D128460A220FF07CFE5A
S21400B680202C03460D4631D1B1FA81F040091AE06C
S21400B6904A1C1F4912F8013F8BB928460FF078FE66
S21400B6A01C4B02382340032B12D10134A4108442D1
S21400B6B00AD1A87837288CBF0020012003E0CB5C95
S21400B6C013F04400E6D1F8BDCCBF01200020FAE715
S21400B6D0002CB8BF0334B0EBA40FD4BF0120002069
S21400B6E0F1E77B5C13F00400C2D1ECE726B1084317
S21400B6F002D0013B61F100050122A240013A1A4046
S21400B700002D08BF9A420CBF01200020DBE700BFD7
S21400B710ED71040003000080F0B5037801467B2B32
S21400B72017D10646022400220B4F16F8015F7D2D26
S21400B73005D10B5D6BB9D24302F0010008E07B5DDA
S21400B74013F0440002D001320134EEE7202DFBD086
S21400B750F0BD0020FCE700BFED71040070B50646A2
S21400B7600D460FF015FE0446304626F07AFA044ED3
S21400B770AC4200D370BD304626F073FA0134F7E7CA
S21400B7802ABC03002DE9F84F044602215148FFF772
S21400B790E5FF1E212068FFF7E1FF6368586826F082
S21400B7A060FA4D4826F05DFA67683B7BFD2B12D8A1
S21400B7B0D7F808804FF0FF3640460FF0E9FD054603
S21400B7C0DFF81091DFF870A1DFF84CB10C3717F8EE
S21400B7D0013BFF2B01D1BDE8F88F212B18D8212B78
S21400B7E036D8DFE803F0377274111B1D1F2135357C
S21400B7F0353535353535232527292B2D2F3135354C
S21400B8003535353535353D33344C002D2BD12EE0CE
S21400B810334C344AFE2B08BF1446F6E7324CF4E7A6
S21400B820324CF2E7324CF0E7324CEEE7324CECE7C3
S21400B830324CEAE7324CE8E7324CE6E7324CE4E7D3
S21400B840324CE2E7324CE0E7324CDEE7324CDCE7E3
S21400B850234CDAE7314CD8E726F0F7F901362AE030
S21400B860002DB4D02E4C202B06F10106AFD00221BD
S21400B8704846FFF773FF1E214846FFF76FFF504606
S21400B88026F0EFF95946204610F0DCF82549002846
S21400B89018BF2146244826F0E4F93B78202B02D135
S21400B8A02B2026F0D2F9214826F0DBF94DB118F806
S21400B8B006301F2B05D018F806001F2801D0AE4210
S21400B8C0CADB054826F0CDF981E7194C9DE7194CEF
S21400B8D09BE700BF3EFF03001BAE030038B3030028
S21400B8E04AB3030070CF030095B303009CB3030074
S21400B8F08DB3030089B3030080B3030076B303005F
S21400B9006CB3030081B3030077B303006DB3030089
S21400B91062B303005BB3030052B3030037B3030004
S21400B9203DB3030048B3030052C50300C1B603008D
S21400B93094B303009BB3030058D003002DE9F04FE7
S21400B9409BB005468B460024009203930FF020FD23
S21400B950249F039B04901C6028463C600AAA09A901
S21400B96026F0A1F9064658B90A980FF011FD34469C
S21400B970B046039B1860D5F89C300293029B1BB917
S21400B98020461BB0BDE8F08F029BD3F80890B9F1B3
S21400B990000F6CD02E4416F8013B202B11D0002649
S21400B9A00C23734309EB030A59F803300193002B69
S21400B9B058D0099B434555DB9AF808202AB1721CDB
S21400B9C039E03B6801333B60E5E73968D5F89420F9
S21400B9D00793039B521A1A601AAB03EB880151F8BF
S21400B9E0403C0199184605930FF0ECFF069000289E
S21400B9F0E5D101980FF0CCFCDDE906230146DAF824
S21400BA000400D7F800A090F80CC0BCF1FE0F16D1C9
S21400BA1003F1FF3EC64512D0D0F80090059801927B
S21400BA200FF0B6FC0AF1010A019A50442B5C23B1D0
S21400BA30386008F101081646B2E70130F6E7D5F897
S21400BA4094200591A2EB0A028A4220DC58460FF0A9
S21400BA509FFC059901447B290DD958461F4A009939
S21400BA6024F016FE2B46049A2A4493422CD1029BBD
S21400BA701B68029382E7DDE90012584624F008FEB0
S21400BA805846174A0099013424F002FE97E7BCF1A5
S21400BA90FE0F94D1013B434591D1D0F800A0DFF8CA
S21400BAA040905AF80C2B22B9049B3B60039B1A600B
S21400BAB0D8E75846009924F0EBFD4A4658460099C8
S21400BAC024F0E6FD0134ECE713F8011B0029CCD185
S21400BAD04FF0200103F8011CC7E700BFA2B3030024
S21400BAE02ABC03002DE9F047002486B01C60DDE97F
S21400BAF00EA8064689468AF800401168154888F858
S21400BB00004017461D468DF81740FCF7A5F818B9F3
S21400BB1001242B6801332B600020D6F89C6036B9D0
S21400BB2014B1012388F8003006B0BDE8F087B0688D
S21400BB3068B14B460021CDE902A8CDE900750DF1AC
S21400BB40170225F0E7FE9DF81730002BE8D136687F
S21400BB50E5E700BFA7B303002DE9F0470446ADF5BF
S21400BB60447D8022002104A802AF0FF015FD80223C
S21400BB702046009703AB04A9FFF7E0FE01283DD15D
S21400BB8004A80FF005FC03993B68461A0B4426EA06
S21400BB90E6762344054604A83246014418460FF0CC
S21400BBA08BFE00228255D4F89060039B3968D4F847
S21400BBB090201944B14212DCD4F89410E81A0244DA
S21400BBC0C4F89020014404AAC4F89410D418251888
S21400BBD02B1B002B0DDC0DF5447DBDE8F087A05C2B
S21400BBE026F033F8D4F8903001360133C4F890309C
S21400BBF0DBE714F8010B26F028F8E9E7EBDD24ADC7
S21400BC008022002128460DF5887A0FF0C5FC0DF13C
S21400BC1010094FF40072002150460FF0BDFC4FF0A3
S21400BC2001084A46002312F8016BA6B904A84AF890
S21400BC3028300FF0ADFB2946334698451CDB19F833
S21400BC40016B0DF5887C5CF8042B82420CD101F860
S21400BC50016B0133F1E7202E03F1010304BF4AF81C
S21400BC60283008F10108DEE70DF1100E7244D25CB0
S21400BC70B242E8D00022EA54D4F89060039BB34264
S21400BC802FDC23462C4A04A92C4825F0EAFF284638
S21400BC900FF07EFB0646039B3F68F61A1F4426EA13
S21400BCA0E672E01917441D44E11904F19003994225
S21400BCB03CD904F19803984238D26A1E81190B1AAF
S21400BCC0002B27DD12F8013F00F8013BD4F8903036
S21400BCD00133C4F89030D4F894300133C4F894306B
S21400BCE0EDE7D4F890300136E05C25F0AEFFD4F8EE
S21400BCF090300133C4F89030C0E7D4F89020013B70
S21400BD000132C4F89020D4F894200132C4F894206C
S21400BD10002BF2DC00232E44E355731B002B7FF729
S21400BD205AAF15F8010B25F090FFF6E729460FF0FD
S21400BD30C3FD3346ECE700BF7DB20300ACB303009F
S21400BD402DE9F843D0E9245604460F46002294F81D
S21400BD509830012B07D10A2F07D1002384F898309A
S21400BD600020BDE8F88300F29F801B2F01D102233C
S21400BD70F4E70D2F0DD1012384F898300D2025F01F
S21400BD8064FF0A2025F061FF00230120C4E9243364
S21400BD90E7E74FF00008082F84F8988034D145452F
S21400BDA030DDB5420FD1384625F04FFF202025F074
S21400BDB04CFF013D384625F048FF013E04F805805B
S21400BDC0C4E92456CCE7FBDA05F1FF39384625F0FE
S21400BDD03CFF04EB0903A6EB0902611918460FF0B5
S21400BDE02DFC04F806800146013E484825F039FF40
S21400BDF035464D4501DC4D46E2E7082025F025FF97
S21400BE00013DF6E7ACD0DBE77F2F1CD1002EA7DD87
S21400BE10B542A5DA6319691C21441846721B0FF057
S21400BE200DFC04F806800146394825F01AFF082064
S21400BE30013E25F00AFFB542F9D1D4F89430013B13
S21400BE40C4F894308CE70A2F98D0092F03D12046E7
S21400BE50FFF782FE84E7D4F88C30013BB3427FF7CD
S21400BE607FAFB54204EB050805F101090CDB384647
S21400BE7088F80070D4F89430C4F890900133C4F871
S21400BE80943025F0E2FE6BE74146721B04EB090096
S21400BE900FF0D4FB404625F0E4FE0820013E25F0D6
S21400BEA0D4FEB542F9DDE2E7022B06D15B2F01D1C5
S21400BEB0032353E784F8982049E7032B7FF450AF19
S21400BEC0413F84F89820032F3FF64AAFDFE807F09B
S21400BED002070A160121204625F068FE40E74FF0CB
S21400BEE0FF31F8E7B542BFF63BAF605D25F0ADFE2B
S21400BEF0D4F890300133C4F8903031E7002D7FF746
S21400BF002FAF013D0820C4F89050BAE7B5B3030040
S21400BF10AFB7030008B50248FEF79CF9002008BD3D
S21400BF2000B4C40430B58BB06C46174D0FCD0FC4AB
S21400BF300FCD0FC495E8030084E80300134BD3F835
S21400BF404C2112031CD5A3F5FE431C884FF6FF7345
S21400BF509C4208BF8C248DF81940FEF763FA2044F3
S21400BF6080F308008DF818000948FBF70DFF6846B7
S21400BF70FEF7C0F93220FEF75BFA00200BB030BDAA
S21400BF80D3F85041E4B2E6E7404C04000080E00FEE
S21400BF9000F049020028ACBF00F16040064B4FEAB3
S21400BFA00111C9B2ABBF00F5614000F00F0080F888
S21400BFB000131954704700BF14ED00E008B52EF0CA
S21400BFC073FA0B4B1A7872B901221A702EF067FAC0
S21400BFD06FF0040210460132052152B2FFF7DAFF75
S21400BFE03D2AF7D108BDBDE808402EF058BA00BF7C
S21400BFF0075B0020002807DB01234109034A00F005
S21400C0001F00834042F82130704700BF00E100E087
S21400C010054B421153F8223000F01F0023FA00F0BF
S21400C020C04300F00100704700E100E0002808DB94
S21400C03001224309034900F01F008240603341F8A3
S21400C0402320704700E100E010B504462EF01FFAEA
S21400C050024B1C602EF016FA002010BD1C3C00207F
S21400C06010B52EF014FA034B1C682EF00BFA20467F
S21400C07010BD00BF1C3C002038B50C4615460146D6
S21400C08010B9FFF7EDFF01462B46224603480EF097
S21400C09093F90028D4BF3720002038BDFD1D0300CB
S21400C0A008B500F0E3FB18B16A2102482EF0F1FA59
S21400C0B0002008BDBAB3030008B500F049F80C4AE2
S21400C0C0536A43F470235362EFF308834FF0CD3185
S21400C0D0084A043B934208D200F070FAFFF7E0FFEC
S21400C0E0BDE808400448FEF795BD43F80419F1E79B
S21400C0F000ED00E0080000209C4A040007B504227A
S21400C10000200DEB020129F059FC042803D0D721AA
S21400C11004482EF0BEFA019800F0DCF903B05DF892
S21400C12004FB00BFBAB30300082310B50C0A414055
S21400C1300648C9B241F30002013B024013F0FF0378
S21400C14082EA5101F6D184EA010010BD2083B8EDE1
S21400C15038B5FEF73BFC044625F05FF8E3072AD423
S21400C16001221046114600FA01F3234002F10102B3
S21400C17023D01D4B33F811301C48062B0288448808
S21400C1801B4920D14FF20F039C4219D1B2F5406FE4
S21400C19028BF4FF4C0624CF23C330A80438040F222
S21400C1A001730A889A4201BF124B134AD2E9000172
S21400C1B0C3E9000115E00021DBE7102AD2D1DBE756
S21400C1C04FF4C062E7E740F20725AB420AD14FF2D0
S21400C1D00F05AC4206D19A4204D14CF23C320B8099
S21400C1E0428038BD0B80DAE7044E04001862002057
S21400C1F0F2550020203C002010620020014B1888D9
S21400C200704700BFF2550020014B1888000A70479F
S21400C210F2550020044B05481B881A0AB3F5406FF8
S21400C22038BF00EB82007047F2550020D44D040062
S21400C230044B1888044B020A53F82230C0B203EBB2
S21400C24080007047F2550020A44D040010B5044647
S21400C2502EF021F94FF20F02044B1C805A80BFF3D8
S21400C2605F8FBDE8104025F093BD00BF1862002028
S21400C2706D4A2DE9F0416D4B55686D4C5D65516A10
S21400C28099656C49D1F80002D865D1F80412586B4C
S21400C2901966916A10F0040F5966D16A4FF00000D3
S21400C2A09966116BD966516B1967D26BD8645A6759
S21400C2B0D3E90E1218BF11465F4A91421A655DD344
S21400C2C001F12000A04259D88869C5F30805186412
S21400C2D0CE69062D5E6455D1584DA84252D3584DAE
S21400C2E0A8424FD205884DF6426085424AD118686A
S21400C2F0C3F890005868C3F8940040F20170A24258
S21400C300154604D22E680432B6F1CD3FF7D000228F
S21400C310C3E91E22C3E92022C3E92222641BDFF8F8
S21400C3201CC1434DDFF818E19C648D422DD8D3E93B
S21400C3301EC7D3E92065D3E922414FF0000E013A2B
S21400C340D2B2FF2A3CD1BEF1000F05D0C3E91EC70A
S21400C350C3E92065C3E92241B3F85430C3F30803A8
S21400C3600C2B3BD8022B54D9DA1E092A51D8DFE809
S21400C37002F03157404350505050504D0021C3E911
S21400C38010112D494FF42060B9E755F8044D644567
S21400C390CBD37445C9D2E607C7D50026294F57F830
S21400C3A0048FA045C1D00136062EF8D132B1013A2D
S21400C3B0D2B202F11E0643F82640B6E70522F8E799
S21400C3C0E0464FF0010EBC4637462E4625460C4644
S21400C3D04146B4E740F60120BDE8F0813B2B18D17A
S21400C3E0194B9B6913F0020F40F2025318BF184610
S21400C3F0F2E740F60320EFE740F6042240F201732E
S21400C400B0F5206F0CBF10461846E5E740F605204D
S21400C410E2E740F60722013B4B2B98BF1046DBE7CE
S21400C42040F60220D8E700BF00ED00E08061002063
S21400C4300810002000E100E008000020D0420000C4
S21400C440A0AA0300F46100200080015A00F00CB896
S21400C45000F00AB800F008B800F006B800F004B81B
S21400C46000F002B800F000B872B61EF0080F09D04F
S21400C4701EF0040F0DD0DFF850E0AEE8FF1F6FF09F
S21400C48002000CE0DFF840E0AEE8FF1F6FF00E00A1
S21400C49005E0DFF834E0AEE8FF1F6FF006006946FF
S21400C4A0EFF309828EE8070086460848084C854563
S21400C4B001D3A54501D384F30888FFF7D9FE84F39A
S21400C4C00888FFF7C3FE00008061002048000020B7
S21400C4D0081000204BF6EF6283B2002B08BF13460D
S21400C4E0044A000C13804FF6CE2308BF1846024BB2
S21400C4F0188070471A6A0020186A00200B4BB3F9A0
S21400C50000201888002AB8BF80F0620042001A8017
S21400C510074AB2F9001013880029BCBF83F4805381
S21400C52083F00B0359001180584070471A6A0020A8
S21400C530186A002007B5684600F01AF8DDE9000121
S21400C5400022034B03B05DF804EB25F01DBF00BFCF
S21400C550283C002007B5009313460A4601460348C8
S21400C56025F0C6FC03B05DF804FB00BF283C0020A5
S21400C5700249034A0160521A42607047E06A00208E
S21400C5800000012000487047283C002038B5416074
S21400C59004462DF07CFF05462146044824F054F856
S21400C5A02846BDE838402DF06DBF00BF503C002047
S21400C5B0014824F046B800BF503C00200222014B40
S21400C5C01A6770470040005070B52DF060FF174E98
S21400C5D0054617482EF006F83378CBB900F046F932
S21400C5E0044620B128462DF04DFF204670BDFFF7CB
S21400C5F0DFFF2EF0C1F80F4B1C602CF099FD0E4BA0
S21400C6000E4A1860536F43F00103536725F0D8FEB7
S21400C61000F028F825F0EBFE094B002418600123F3
S21400C620284633702DF02EFFDFE700BF135B002097
S21400C6307C4C0400543C00207C3C00200040005011
S21400C640583C0020054B1B685843054B00F57420EA
S21400C65000F23F20B0FBF3F0704700BF7C3C0020A8
S21400C66040420F00294B2A4AD3F8003170B503F038
S21400C670030313602CF0F2FA4FF4C870FFF7E2FFE2
S21400C6800022244B24491860244C0B680132D2B295
S21400C6900A2A44F8040BF9D1034400EBC000034413
S21400C6A00B601F4B1F4D1B7813B3184BD3F800318C
S21400C6B003F00303022B22D0032B23D0012B17D128
S21400C6C02CF064F8024698B1174B184EDC6800232D
S21400C6D01946C4F30B04013404EB84040138E4FB6C
S21400C6E006010EF0EDFBFFF7ADFF2B6803442B6051
S21400C6F01F20FFF7A7FF2B6803442B6070BD2CF0AC
S21400C7008FF8DFE72DF0D6FEDCE700BF0080005094
S21400C710BC3C0020803C0020843C0020883C00205C
S21400C720175B0020B43C002000C0015040420F00C0
S21400C7300122154B10B55A67144B154C1B7813B3D2
S21400C74002202EF00AF8F0B12CF078FDD8B1A36DD7
S21400C750D90302D5E36D9A0715D40D4B9B6DDB0705
S21400C76011D401220B4B1A702DF0EBFFBDE81040E0
S21400C770094B0A4A1860136F23F0070343F00303BC
S21400C78013672BF0E9BF10BD00D00050185B0020E7
S21400C79000C00050155B0020B03C00200080005018
S21400C7A00122014B1A707047185B002007B5FFF78F
S21400C7B0C1FE01A8FEF778F99DF80530012B25D1BA
S21400C7C0234B9A6DD20311D45A6B6FF3162242F4A0
S21400C7D0BC1242F4A0625A631A6B22F4704242F40E
S21400C7E040421A631A6B42F4E0621A639DF8043002
S21400C7F063B94FF000531B68164B1B68164B1B683B
S21400C800164B1B68164B1B68164B1B68164AD2F84D
S21400C810803043F00303C2F8803025F0F0FDFFF7C8
S21400C820CDFBFFF777FBFFF77DFB0DF00FFEFFF765
S21400C830CBFE00F01BF825F0E3FDFFF73DFC25F0EE
S21400C840EEFD28F0EBFE03B05DF804EB25F0D9BD55
S21400C85000C00050004000200080002000C00020E3
S21400C86000000120004001200080005070B52DF02F
S21400C8701BFE144E05463478FCB9134B1C60134B54
S21400C8801C60134B1C6000F031F801202CF0C4FD36
S21400C8902CF0B6FD0F4B0246186020B928462DF046
S21400C8A0FEFD232070BD234640F2E7310A480EF015
S21400C8B007FB0A4B18600123337028462DF0EFFD66
S21400C8C00020EFE71B5B0020CC3C0020C83C00208B
S21400C8D0D43C0020D03C002018FCFFFFC43C0020C5
S21400C8E0014B1868704700BFC43C00201FB50024E9
S21400C8F0184B18689A880290D3F806009B7A009026
S21400C9001548ADF80C208DF804302DF06BFE02A80B
S21400C9108DF808408DF80C40FEF7A2F86946012015
S21400C9208DF80040FEF760F81F220C4B9A615A61A2
S21400C9304FF0B042936A13F00803FBD11362012054
S21400C940FEF76CF80A20FFF771FB0A20FFF752FB90
S21400C95004B010BD2D4E0400744C04000020005896
S21400C96010B52DF0A1FD4FF0B04304465B691A07E1
S21400C970074A03F0010003F00D0348BF40F0020031
S21400C98053612CF071FC2046BDE810402DF087BDA9
S21400C9900020005821282DE9F341054604D82C46EE
S21400C9A0204602B0BDE8F08100240B4E0B4FDFF8A6
S21400C9B030800023CDF800801A461946386824F0E7
S21400C9C08CF98442EBD2222CE9D056F8043BAB42D9
S21400C9D0E6D00134EDE700BF4C5104001C65002092
S21400C9E0FFFF0F002DE9F04F644E654D89B025F02E
S21400C9F062FD31682868FCF74DFB0446002827D006
S21400CA0033680024D3E900019A69126890473368B6
S21400CA1004A89B699B689847336802209B69DB687B
S21400CA209847326805985368E7B2B3FBF0F3BB4209
S21400CA30916904F101044ED8CB680020984733680A
S21400CA409B695B68984731682868FCF723FB0446B7
S21400CA500027DFF844A1DFF84481DFF84491F4B9F9
S21400CA60484B2868DB5D002B00F08380D8F8006018
S21400CA7002AB314603AAFCF78FFC2D2807D070B90D
S21400CA80039B012B0BD031462868FCF7D9FEDAF859
S21400CA90003031461A682868FCF752FE0446013713
S21400CAA0222F0AF1040A08F1040809F10109D6D177
S21400CAB0B4FA84F3344A5B0913702B681B7C33B1D9
S21400CAC025F0C5FC18B1DB2130482DF0E2FD2046EC
S21400CAD009B0BDE8F08F12680B6907FB0020984785
S21400CAE09FE7D8F8003003AA194402AB0191FCF77F
S21400CAF053FC2D28034601992BD0286813B30BF15D
S21400CB00010B5FFA8BF18E422868EAD8204BDB5D7A
S21400CB10002BC4D0F3B27E2B2868C0D8D8F80030DB
S21400CB2003AA06EB030B594602ABFCF735FC2D288F
S21400CB30B5D059462868FCF783FE0136044600281F
S21400CB40E8D0ACE7039B7BB999F80020029B9A4299
S21400CB50D5D099F80030DAF800202868FCF7EAFC0F
S21400CB600028CCD00446D1E70191FCF769FE019974
S21400CB70EFE7084BA346DE5DC3E700BFFC6400207A
S21400CB801C650020285104001D5B002041B40300F2
S21400CB9006510400C2500400384E04004C510400F4
S21400CBA0E4500400F8B51F46214B04461B780D469A
S21400CBB0164623B100F47E23B3F50E2F2BD0204665
S21400CBC0FFF7E8FE2128044614D81A4B53F8201025
S21400CBD0194B1B78ABB1194B212C18681DD8184B74
S21400CBE01B5DD3B13268FCF7ABFD044650B125F0AF
S21400CBF02DFC07E0FF2807D93A46314680B225F0DB
S21400CC0039F900242046F8BD4FF4A9710D482DF0DF
S21400CC1040FD0021DCE70146DAE77F2D08BF00254E
S21400CC203B46324651FA85F1FCF784FCDDE700BF4F
S21400CC301C5B00204C5104001D5B00201C6500207E
S21400CC402851040041B4030030B5134600F07E625C
S21400CC50B2F17E6F8BB00DD10A46C0F30B01684669
S21400CC60FEF71AFA20B140F2931109482DF011FD93
S21400CC700BB030BD5A0825F0ECFB0028F8D04FF476
S21400CC809C7103480BB0BDE830402DF002BD00BFDC
S21400CC90D2B403002DE9F743C70705460E461446EF
S21400CCA004D540F2E31149482DF0F3FCE10704D522
S21400CCB04FF4F27145482DF0ECFC454B93F800809C
S21400CCC0B8F1000F20D043F260239D4208D12246DF
S21400CCD0314640480EF0F0FD002003B0BDE8F0837A
S21400CCE0C5F30B0705F44055B5F5805F14BF4FF448
S21400CCF00F204FF40E20234632467F21384303B0E0
S21400CD00BDE8F043FFF74EBF05F47043B3F5805F10
S21400CD103FD1C5F30B05304A05F17E65631E2B44F3
S21400CD20934230D82F46DFF8A49007EB0408474517
S21400CD3042D1AA070ED04FF6FF7336F8022BA81E74
S21400CD4043EA024304220DEB02010193FFF77CFF46
S21400CD500235023CA3070ED0023C24F00103F35A2E
S21400CD6004226FEA03436FEA13430DEB020128190E
S21400CD700193FFF769FF002CAED0224631462846C5
S21400CD80FFF762FFA8E740F2FD1110482DF081FC86
S21400CD90C8E705F46043B3F5005F04D1C5F30B059F
S21400CDA005F53E25BEE740F2052108482DF071FC4A
S21400CDB06FF00F074546B6E717F8013BFF2BB6D0D6
S21400CDC04FF4047148462DF064FCB0E7D2B403007B
S21400CDD01C5B00201C6A0020FF03E00F10B500F06B
S21400CDE077F825F082FB044618B100F079F8204663
S21400CDF010BD00F07BF804460028F6D10122014B56
S21400CE001A70F2E71E5B0020054B1B7833B1054B0A
S21400CE10C0F3130100221868FCF7D6BC1120704737
S21400CE201E5B00201C650020144B2DE9F0411B788A
S21400CE3005460E461746FBB125F03EFB012805D9F0
S21400CE40841EE4B2012C09D9212412E03B46314667
S21400CE502846BDE8F041002200F052B800F038F84D
S21400CE603B4600223146284600F076F8044600F09D
S21400CE7037F82046BDE8F0811124FAE71E5B002053
S21400CE80124B70B51B7804460D461646E3B125F0E6
S21400CE9013FB012805D9831EDBB2012B08D92124F8
S21400CEA010E0324629462046BDE8704000F040B803
S21400CEB000F00EF820463246294625F018FB0446B8
S21400CEC000F00EF8204670BD1124FBE71E5B002024
S21400CED008B52DF0DCFA014B186008BDD83C0020E0
S21400CEE0014B18682DF0CEBAD83C0020024B1968CA
S21400CEF0024B1868FCF7CEB8FC6400201C650020C6
S21400CF0037B505460C46C0F313010848ED02006825
S21400CF1005D5224603B0BDE83040FCF709BA0093B9
S21400CF2013462246FCF7BEF903B030BD1C65002050
S21400CF3030B405461346074A0C46C0F31301106882
S21400CF40EA0203D5226830BCFCF7FABB224630BCA6
S21400CF50FCF7F0BA1C650020F7B505460F461446E8
S21400CF601E461BB92125284603B0F0BD0029F9D07E
S21400CF7025F0A2FA4BF23462ABB2934220D14FF0C6
S21400CF80FF3322466946CDE9003325483346FFF78E
S21400CF90E3FF08220546234968460EF049FE38B9E5
S21400CFA033462246694641F2F010FFF7D5FF0546A4
S21400CFB0002DD8D13246694638460EF07DFCD2E7C1
S21400CFC041F2F01293420FD1174B311908299A6C8F
S21400CFD0DB6CC7D8CDE9002332460DEB040138469A
S21400CFE00EF06AFC0025BEE702280BD1C5F30C4301
S21400CFF032199342B6D3C5F30B0104F17E64324670
S21400D0002144ECE7032809D1C5F30C4332199342B7
S21400D010A8D3C5F30B0104F53E24F0E70125A2E7EB
S21400D020021008C0D85104000080E00F10B527F0A9
S21400D030BEFC28F055FDBDE8104003460121022045
S21400D040014A02F00BBC00BF69B5030013B5D0E976
S21400D050023253F822301C78204627F0BAFC2346CA
S21400D060009001210220024A02F0F8FB02B010BD37
S21400D0707DB50300014B187827F093B81F5B00209E
S21400D080FF232DE9F04F8FB01122002108A88DF85C
S21400D09013300EF081FA08A826F043FA0121022088
S21400D0A0B04A08AB02F0DAFB41F24903AE4A01216E
S21400D0B0022002F0D3FB06A826F062FB08A90DF1B9
S21400D0C0130026F068FB02200021A84A02F0C6FBE7
S21400D0D0002027F097F810B106A809F047FE9DF942
S21400D0E02A3001210220A24A00939DF82B3002F03C
S21400D0F0B5FB27F058FC831EDBB2FC2B054631D867
S21400D100012102209B4A02F0A9FB01249A4E9B4F64
S21400D110DFF8D082234632460021022002F09EFB32
S21400D12005A9E0B227F041FC034650B1A0F1160273
S21400D130012A40F2AA8042460121022002F08EFB1C
S21400D1400CE09DF914303A4601939DF81630012103
S21400D150009302209DF8153002F080FB0134E3B204
S21400D1609D42D7D8BDF8284008F0ECF923460021A8
S21400D170834A0090022002F071FB02200021814ABF
S21400D18002F06CFB002027F03DF810B108A809F06B
S21400D190EDFD01217C4A022002F060FB27F05FFBD8
S21400D1A0044627F05AFB23460121784A00900220C5
S21400D1B002F054FB08F09EFE00210220744A02F0A2
S21400D1C04DFB9DF81330FF2B65D000210220714ADD
S21400D1D002F044FB01216C4A022002F03FFB26F0DD
S21400D1E0DFFA012103466C4A022002F037FB08F002
S21400D1F081F900210346694A022002F02FFB26F03F
S21400D200D5FA044626F0D4FA23460121644A009053
S21400D210022002F023FB2DF049FA08F013FF01214B
S21400D2200346604A022002F019FB0025DFF8B881A9
S21400D23008F008FFECB2A04233D82DF037FA0123ED
S21400D240594A1946022002F009FB002026F0A9FFE1
S21400D250564B574C0093012100230220554A02F0FA
S21400D260FDFA236863B1012102201B78524A02F0BE
S21400D270F5FA2368012102205B78504A02F0EEFAA4
S21400D28026F094FF0FB0BDE8F08F012102204C4A33
S21400D29002F0E4FA62E7002102204A4A02F0DEFACF
S21400D2A098E7494B204603EB0416D6F8089008F09A
S21400D2B083FF8246204608F0CBFE444F00280CBF72
S21400D2C0C346BB46204608F077FF0AF031FD00282B
S21400D2D008BF4746534600210220CDE900B73C4A26
S21400D2E002F0BCFAB37901210293B38802200193BD
S21400D2F07388384A0093337B02F0B0FA0026DFF8D2
S21400D300ECB099F80430F4B2A34203D82DF0CEF96D
S21400D31001358DE714235C43D9F8007002203A5B90
S21400D32007EB040A9AF90C3000922B4A002132EAE5
S21400D330230228BF5A461346284A02F08FFA0020D6
S21400D34026F060FF38B150463C5B26F098FA01465E
S21400D35020460AF03BFD01210220214A02F07EFA17
S21400D3600136CEE7BEB50300CDB50300E9B5030030
S21400D37015B60300F0B5030006B603000DB60300AD
S21400D38042B6030062B60300ACB603006BB60300F9
S21400D3908DB60300EFD6030098B60300AEB60300C2
S21400D3A0C4B60300DAB6030053B703006BB7030036
S21400D3B0D44100205FB7030079B703008DB70300A0
S21400D3C02AB603004AB303000841002095B50300BF
S21400D3D0E5B6030005B70300B2B503003BB703008C
S21400D3E03EFF030035B603009DB50300A6B5030057
S21400D3F02DE9F7430025134EDFF8588008F022FE8B
S21400D400ECB2A04202D803B0BDE8F0832701204664
S21400D41016F8079008F01CFE0B4A4B46002808BF7B
S21400D4204246002102200092084A02F017FAF05DF8
S21400D43026F0C2F901210220054A02F00FFA013552
S21400D440DCE700BF08410020D7050400A8B70300AA
S21400D4503EFF0300E105040008B583685A681178AA
S21400D460C26853F82230A1F1650251425141187842
S21400D47008F0A4FF30B9BDE8084001210220024AA6
S21400D48002F0ECB908BD00BFB3B7030000210220CC
S21400D490014A02F0E3B900BFCDB703000021022025
S21400D4A0014A02F0DBB900BFFBB7030010B5044623
S21400D4B086B01822002168460EF06EF8684626F000
S21400D4C0F0FDD4E9022052F8203002EB80021B78EF
S21400D4D08DF80B30516891F900108DF80A1091689C
S21400D4E00988ADF808106168091A032907DDD268B3
S21400D4F003F01F03127843EA42138DF80B30684698
S21400D50008F0CEF800210346024A022002F0A6F9EF
S21400D51006B010BD17B8030007B5002027F007FABD
S21400D52000210090034B0220034A02F097F903B053
S21400D5305DF804FB24B803002AB8030013B5D0E94D
S21400D540023253F8221003EB82035B6808781968EE
S21400D5500023094CA222994208BF2146C01A18BFD0
S21400D560012027F0D8F901210090044B0420044A3A
S21400D57002F074F902B010BD00F8FF0735B80300DA
S21400D58043B9030013B5D0E9023203EB820153F826
S21400D5902230D1E901141878FF22003818BF012084
S21400D5A02378096827F0B7F901210090034B04207F
S21400D5B0034A02F053F902B010BD00BF3CB80300A6
S21400D5C043B9030008B5002101230C4A27F028F8C8
S21400D5D00A4826F088FD0020094909F05FFC002073
S21400D5E026F010FE10B1054809F0C0FBBDE8084063
S21400D5F001210420034A02F031B900BF5160002027
S21400D60051B803003EFF030010B526F0D3F80346DA
S21400D61030B1BDE8104001210420054A02F01EB9D1
S21400D6200121BDE810400420024A02F017B900BFED
S21400D6305FB8030070B8030010B526F056FDBDE8CD
S21400D6401040034601210220014A02F007B900BF3C
S21400D6507BB8030010B526F01AFDBDE8104003465F
S21400D66001210220014A02F0F9B800BF91B8030078
S21400D67037B5D0E90232012453F822304FF6FF7056
S21400D6801D78FE2204FA05F1002327F0B0F92B4698
S21400D690009021460420024A02F0E0F803B030BDB4
S21400D6A0A5B80300D0E9023253F822301B7823B124
S21400D6B001210220024A02F0D1B8024A13707047D4
S21400D6C0C4B803001F5B002007B5684626F058F86C
S21400D6D007F038FF01210346084A022002F0BEF890
S21400D6E0684609F043FB08F0A1F901210346044A05
S21400D6F0022002F0B3F803B05DF804FBDAB80300CA
S21400D700F4B8030037B5D0E90245406854F8253030
S21400D710401B0328D8BF002004EB8504C8BFE06880
S21400D72019786368C8BF00781A78A36893F9003040
S21400D7300090012027F0DFF838B901210220084ABE
S21400D74003B0BDE8304002F089B8064B0190009364
S21400D75001210220044B054A02F080F803B030BDD8
S21400D76005B903000DB90300E1E7030021B9030082
S21400D77007B5012027F0C7F848B90090012102201C
S21400D780084B094A02F06AF803B05DF804FB054B43
S21400D7900190009301210220044B054A02F05EF836
S21400D7A0F2E700BF0DB9030038B90300C613040042
S21400D7B021B9030008B5D0E9023253F822301878B0
S21400D7C027F053F830B9044A0121BDE80840042088
S21400D7D002F044B8014AF7E74DB9030069B90300FF
S21400D7E008B5D0E9023253F82230188827F03BF803
S21400D7F030B9044A0121BDE80840042002F02EB8E2
S21400D800014AF7E788B90300B8B9030073B503788F
S21400D810044613F0050F0ED04588062D17D18368F1
S21400D82001215B68174A1B780193838804200093C4
S21400D830154B02F013F82378012B20D00121042089
S21400D840114B124A02B0BDE8704002F007B835B975
S21400D8508388012104200E4A02F000F8EBE7012D30
S21400D860E9D186680B49002009F018FB304609F01C
S21400D8707DFA29460420084A01F0F0FFDBE702B0F3
S21400D88070BD00BFEEB90300E5B9030040BA03005F
S21400D8900BBA030028BA03003EFF03002DE9F04F41
S21400D8A000268FB0364D09AC0FCD0FC42B68012172
S21400D8B00220344A236001F0D1FF3446DFF8DC90C2
S21400D8C025F072FFF5B2A8420BD825F06DFF23466F
S21400D8D00090012102202C4A01F0C0FF0FB0BDE8E5
S21400D8E0F08F284605A926F0AAFF0346002841D156
S21400D8F09DF81430032B39D904238DF814302B46A9
S21400D90000210220214A01F0A9FF9DF814300EAA3A
S21400D91002EB830300214A4653F8143C022001F030
S21400D9209DFF28469DF821A09DF815B09DF818701B
S21400D930BDF8168026F085FF5346CDE9028000210B
S21400D9400220CDE900B7124A01F088FF013400201A
S21400D950E4B226F057FC18B10DF1190009F006FAEA
S21400D960002102200B4A01F079FF01E0002BC6D10E
S21400D9700136A5E700210220074A01F06FFFF7E70E
S21400D980E051040052BA0300CBBA030008B6030005
S21400D9907FBA03001BAE0300A6BA030052C50300FD
S21400D9A0C3688268013BDBB252F8233002201B7842
S21400D9B0652B14BF00220121044B1BBF01211A70E6
S21400D9C0034A044A08BF197001F048BF836A002062
S21400D9D0E2BA0300F0BA0300D0E9023253F822306C
S21400D9E01A88014B1A8070471E6A002007B5D0E9D6
S21400D9F0023103EB810253F8213052681988054B37
S21400DA000548128800930088012309F0A3FE03B09E
S21400DA105DF804FB0DD800001E6A0020C36882680B
S21400DA20013BDBB252F823305B78A3F16602534227
S21400DA305341014A13707047866A002030B5D0E91A
S21400DA40023253F8223089B01D78012302AA194603
S21400DA50044626F0E5FD01230093102302210DEB7A
S21400DA600302204626F0BDFD284604AA02A926F099
S21400DA70D8FF0446002026F0C5FB18B1214604480E
S21400DA8007F0F0FD0020034909F0EEF909B030BDBB
S21400DA90FFBA03003EFF0300002330B58FB002211B
S21400DAA0009309AA1223054626F09BFD05AA014607
S21400DAB009A807F0B5FB044698B1232805D1134AF8
S21400DAC00121042001F0CAFE09E0212801D1104AF4
S21400DAD0F6E70346012104200E4A01F0BFFE0FB010
S21400DAE030BD01232846194603AA26F099FD05A94C
S21400DAF003A826F098FF0546204626F083FB18B1BB
S21400DB002946054807F0AEFD044AD9E70CBB0300DA
S21400DB102FBB03006ABB03008BBB03003EFF030062
S21400DB20F0B5D0E9023253F8221003EB82039B686B
S21400DB3005461F7887B038460E7826F043FB044625
S21400DB4008BBD5E9022101238DF80830194452F8A4
S21400DB50210002EB810200888DF809709268ADF80A
S21400DB600A00127804218DF80C2028460DF10D02CB
S21400DB7026F056FD304602A98DF8154026F063FEC5
S21400DB80044626F013FB334601210420024A009483
S21400DB9001F064FE07B0F0BDA0BB03002DE9F04124
S21400DBA001218EB00220274A01F058FE002005AB66
S21400DBB001AA09A926F02FFF00250446224E234F6E
S21400DBC0DFF898801CB128460EB0BDE8F081022030
S21400DBD02B463246214601F041FE204626F012FB37
S21400DBE010B10AA809F0C2F83A46002102209DF8B2
S21400DBF0303001F033FE424600210220079B01F040
S21400DC002DFE00210220BDF82030114A01F026FE2C
S21400DC10BDF8143000210F4A022001F01FFE013526
S21400DC2001A826F0EAFAEDB2012102200A4A01F024
S21400DC3015FE284605AB01AA09A926F0ECFE044607
S21400DC40C0E700BFD2BB030018BC030020BC030023
S21400DC500ED7030035BC03003EFF03002CBC0300B8
S21400DC602DE9F047064698B0C0B925F09BFD07465B
S21400DC7000250EA826F0D9FE01210220384A01F020
S21400DC80EDFD2C46DFF8E080DFF8E090DFF8E0A05E
S21400DC90BC4205D3284618B0BDE8F0870127E7E761
S21400DCA013A826F0C2FE002E4CD0022306A913A805
S21400DCB08DF84C30FE2426F0AAFE00283FD102A99B
S21400DCC013A826F0AAFE9DF8593043F001038DF8FC
S21400DCD05930002E3DD1234631460220214A01F01C
S21400DCE0BDFD9DF859300AA943F0010313A88DF82D
S21400DCF0593026F092FE002026F084FA10B114A8BF
S21400DD0009F034F80C9B42460021022001F0A6FDE3
S21400DD10BDF82820002112F4007F0CBF4C234123BD
S21400DD2012F0100F0CBF6E227922022000924A4693
S21400DD3001F094FD06A826F060FA0135EDB2013434
S21400DD40E4B2A5E720460AAB06AA13A926F061FEB0
S21400DD50B3E752460021022001F080FDC1E700BF74
S21400DD603FBC030018BC03002CBC03007BBC0300B4
S21400DD7074BC030030B5012499B00EA826F055FEF9
S21400DD8013A88DF8384026F0EEFDC0B9BDF84C104B
S21400DD9011EA040513D121460220444A01F05EFD33
S21400DDA029460220424A01F059FD214602203F4AF8
S21400DDB001F054FD214602203C4A01F04FFD06A921
S21400DDC00EA826F024FE20B11022FF2106A80DF092
S21400DDD0E3FB04A826F023FE059B01210220354A1A
S21400DDE00093354B01F03AFD9DF8123001210220D8
S21400DDF0324A0093304B01F031FD00212E4B304A61
S21400DE00022001F02BFD06A826F0F7F913A826F04D
S21400DE100CFE02230AA913A88DF84C3026F0FDFD4F
S21400DE2000283FD10B9B009301210220254B264A58
S21400DE3001F014FD0121234B244A022001F00EFDBF
S21400DE400120FFF70DFF01211E4B214A022001F0A1
S21400DE5005FD0020FFF704FF044625F0A3FC23463B
S21400DE600090012102201B4A01F0F8FC01211A4B08
S21400DE70174A022001F0F2FCFFF790FE174902282D
S21400DE8003461748174A28BF0A46084928BF0146CE
S21400DE900092CDE9013102200121134A01F0DEFC97
S21400DEA019B030BD4FF0FF33BDE700BF3EFF0300A3
S21400DEB08EBC0300CCBC0300C4BC0300DCBC030067
S21400DEC06BE6030098F40300EFBC0300FFBC0300FE
S21400DED006BD03000FBD030023BD03008ABC03007C
S21400DEE0D5DB030027DC030031BD030010B5D0E905
S21400DEF0023253F822301C78201E18BF012026F06C
S21400DF001EFD054A054B0020002C18BF1A46BDE82A
S21400DF101040034908F0A8BF5EBD030059BD0300CA
S21400DF2067BD0300D0E9023210B553F822301C88D2
S21400DF30204626F006FD2246BDE810400020014996
S21400DF4008F092BFA8BD030037B5044607F0D2FA22
S21400DF50014638B100200D4A0D4903B0BDE83040F7
S21400DF6008F082BFE368A268013BDBB252F82330B8
S21400DF7008481D780123084A00936C2D08BF024606
S21400DF801023204626F02DFB03B030BDF6BD03005F
S21400DF90FEBD03006C6A00205C6A002013B583682F
S21400DFA09A681278672A22D101A826F0DCFC04467B
S21400DFB0A8B9BDF80420174908F056FFBDF804308C
S21400DFC0DA070AD413F0020F134B144A18BF1A4686
S21400DFD01349002008F048FF19E0124AF8E7024605
S21400DFE01149002008F040FF22461049F1E7C268B8
S21400DFF001A953F8220003EB82035B6800681B68E4
S21400E000ADF8043026F0B5FC04460028ECD102B08A
S21400E01010BD00BF31BE030024BE0300C8E70300E6
S21400E02052BE030014BE030064BE030090BE03008D
S21400E030034A04491388C85401331380704700BF4D
S21400E04002560020255B002073B5154D01242B7861
S21400E050144E13F0040F0CBF02230423124A214669
S21400E0601470328802200192EB5C104A0093104B29
S21400E0705B8801F0F3FB002102200E4A01F0EEFB64
S21400E0800D4B2946009332882346022001F02CFCD3
S21400E09021460220094A02B0BDE8704001F0DEBB0E
S21400E0A0255B002002560020245B00209FBE030054
S21400E0B0F4550020C4BE0300E6BE03003EFF030086
S21400E0C070B516464FF48A52114B124DDA805980BD
S21400E0D0114B1B881A1E18BF012240EA82000F4A05
S21400E0E01278003A18BF012240EA0210287063B185
S21400E0F003246B701B0AAB7009F088FE631C28555E
S21400E100EE54074B02341C8070BD0124F4E700BFB8
S21400E110F4550020255B002000560020235B0020DD
S21400E1200256002038B5D1E902320C46054653F8AF
S21400E1302230024619880C4B1878FFF7C1FFE368B7
S21400E140A268013352F82330188824F012FA4DB131
S21400E150E368A268023352F823301878BDE83840E6
S21400E160FFF766BF38BD00BF205B0020F0B5054650
S21400E170EB68AA68023352F8233008461C78294612
S21400E18085B0FFF7CFFF204625F065FB204E214FD8
S21400E19078B3204625F06BFB0321441C03AA2846CF
S21400E1A023F04EFA3288E4B2C2F1FF0303991B1B38
S21400E1B09BB28B4222443CBFC2F1FF030393012370
S21400E1C0032100933A449DF80C30284626F009FABD
S21400E1D0039A022C338804BF0F48110AFA5408BF6A
S21400E1E0C15413441C44348005B0BDE8F040FFF72A
S21400E1F02BBF204607F086FE012332880446009394
S21400E200032103463A44284626F0EBF93388E9E72B
S21400E21002560020255B0020265B0020052307B55C
S21400E220012100930220044B044A01F017FB03B0BF
S21400E2305DF804EBFFF79EBDCDBE0300D4BE030021
S21400E24013B5044626F08BFB38B1CDE9004001211A
S21400E2500220034B034A01F001FB02B010BD00BFD1
S21400E260F6BD0300EBBE0300194B37B51B783BB970
S21400E27001210220174A03B0BDE8304001F0EEBA93
S21400E280D0E90232144C53F8223001211D786388FD
S21400E29002200093114A2B4601F0E0FA104B25713C
S21400E2A01B78104D63B1012102200F4A01F0D6FA07
S21400E2B020460E4A298803B0BDE8304025F06CB8E9
S21400E2C020460A4A298803B0BDE8304025F026B922
S21400E2D0245B002002BF0300F455002010BF03009B
S21400E2E0215B00200256002027BF0300255B00208C
S21400E2F02DE9F041D0E9023253F8221003EB8203F5
S21400E3005A680C7817889A68DB68B2F80080C6B03E
S21400E3101D780021304B0220304A0094CDE9017868
S21400E32001F09CFA002D0CBF6E23792301210220F8
S21400E3302B4A01F093FAFF23002D0DF1170606ADC8
S21400E340019320460CBF802340234246394602965E
S21400E350009525F0C6FD0446002835D1307825F016
S21400E36080FA0746B0B1284625F00BFF1D4BFD2866
S21400E370A8BFFD200093234682B20DF119010220AA
S21400E38001F0B2FA01210220174A01F067FA46B0FE
S21400E390BDE8F081307825F06AFA60B1284625F0AD
S21400E3A0F5FEFD28A8BFFD200E4B82B200930DF1AE
S21400E3B01A013B46E3E7307807F0A4FD0B4B024614
S21400E3C0009329460123DAE7009001210220084B3A
S21400E3D0084A01F043FADAE734F5030041BF0300C8
S21400E3E066BF0300EC0804003EFF0300E6BE030021
S21400E3F0EEC7030070BF0300D0E9023253F82210C4
S21400E40003EB82032DE9F04F5A680F78B2F80080CC
S21400E4109A68C7B0B2F80090DA681B6992F800A054
S21400E4201E7800212F4B304A0446CDE90189022090
S21400E430009701F013FABAF1000F0CBF6E23792390
S21400E44001210220294A009606AD01F007FAFF22B4
S21400E450002128460DF0A0F8304625F002FA834643
S21400E46008B30023052100932046FD230DF1190271
S21400E47026F0B7F82870BAF1000F0CBF80234023AF
S21400E4804A4641463846CDE9005625F0F5FC014699
S21400E490144807F0E7F801210220154A01F0DEF9DA
S21400E4A047B0BDE8F08F304625F0E1F960B1FD23B6
S21400E4B005212046CDF800B00DF11A0226F091F89D
S21400E4C085F801B02870D6E70590304607F01AFDAB
S21400E4D0059A0346009205212A46204626F081F832
S21400E4E0C9E700BF27F5030041BF030081BF030053
S21400E4F03EFF03002DE9FF471C465B68E5685B1B93
S21400E50000255FFA83F803952E46FFF7D9FDEBB298
S21400E51098450BD90C9B9B5D282B39D8202B00F2F5
S21400E520CB800136F6B2002B40F0C980FFF78CFD99
S21400E53004B0BDE8F087132A2FD801A151F822F0C5
S21400E54007E6000019E600002BE600005FE6000084
S21400E5502DE500002DE500002DE500002DE500006E
S21400E5609BE500009BE500009BE500009BE50000A6
S21400E5709BE500009BE500009BE500009BE5000096
S21400E5809BE500009BE50000ABE5000085E600008B
S21400E590A3F13102D1B21329CDD90136F6B2A3F1D7
S21400E5A04102032AC2D8422B6CD06C4F00213A8815
S21400E5B0DFF8B0A1C2F1FE039BB2FF2B28BFFF23FA
S21400E5C001320091DBB22046524469B225F0E5FFE5
S21400E5D03B880AF8030001331844388011E04FF0F6
S21400E5E00409E368A2682B4452F823301F68F8B287
S21400E5F009F1FF39FFF71CFD19F0FF094FEA17274D
S21400E600F5D1013583E7E368A2682B4452F823303E
S21400E6101878FFF70DFDF4E7E368A2682B4452F87C
S21400E6202330188823F0A5FFEBE7E368A2682B44A5
S21400E63052F823301F68B7F1807F09D2F8B2FFF78F
S21400E640F7FCC7F30720FFF7F3FCC7F30740E0E744
S21400E6502B4601210820424A01F000F966E74FF0F8
S21400E6600409E368A2682B4452F823301F68F8B206
S21400E67009F1FF39FFF7DCFC19F0FF094FEA17270D
S21400E680F5D1BEE7294603AA204622F0D9FF00218D
S21400E690324F344A3B88DDF80C9002EB030CCAB2CA
S21400E6A0914501F1010102D84B443B80A9E710F8DF
S21400E6B002A00CF802A0F2E7242B3FF670AF013B55
S21400E6C0232B3FF633AF01A252F823F007E60000F3
S21400E6D019E600002BE60000DFE500002DE500004F
S21400E6E02DE500002DE500002DE500002DE50000DD
S21400E6F02DE500002DE500002DE500002DE50000CD
S21400E7002DE500002DE500002DE5000007E60000E1
S21400E71019E600002BE600005FE600002DE500008D
S21400E7202DE500002DE500002DE500002DE500009C
S21400E7302DE500002DE500002DE500002DE500008C
S21400E7402DE500002DE500002DE5000007E60000A1
S21400E75019E600002BE60000DFE500000256002068
S21400E7609ABF0300255B0020094B1B7823B10121CB
S21400E7700820084A01F072B8D0E9023253F8223075
S21400E780054A1B88012113800820044A01F066B858
S21400E790245B0020C0BF03000056002002C0030018
S21400E7A0D0E9023253F82230054A1B780121003B9B
S21400E7B018BF012308201370024A01F04FB800BFAB
S21400E7C0225B002028C00300D0E9023253F8223032
S21400E7D0034A1B78012113700820024A01F03EB854
S21400E7E0235B002057C0030010B5D0E90232044670
S21400E7F053F82230132219880B4B1878FFF760FC69
S21400E800E368A268013352F823301878FFF710FC4B
S21400E810E368A268023352F823301878FFF708FC42
S21400E820BDE81040FFF710BC205B002010B5D0E913
S21400E8300232044653F82230112219880B4B1878FE
S21400E840FFF73EFCE368A268013352F823301878DD
S21400E850FFF7EEFBE368A268023352F8233018781D
S21400E860FFF7E6FBBDE81040FFF7EEBB205B00209D
S21400E870D0E9023253F82230034A1B78003B18BF17
S21400E8800123DB0013707047205B002010B5D0E931
S21400E890023253F82230044619880E4B06221878A6
S21400E8A0FFF70EFC0120FFF7C3FBE368A2680344F2
S21400E8B052F82330188823F05CFEE368A26802331F
S21400E8C052F82330188823F054FEBDE81040FFF7B6
S21400E8D0BBBB00BF205B00202DE9F043D0E902322D
S21400E8E04FF0FD09013253F8221003EB82035A68F9
S21400E8F0C7B017889A68B1F80080147853F8043CBB
S21400E900002C0DF1170506AE18783A4614BF4023C2
S21400E910802341460295CDF80490009625F0E1FA52
S21400E920034638B1184A0121082000F097FF47B087
S21400E930BDE8F083201E18BF01200A224146C00011
S21400E940FFF7BEFB384623F014FE2878FFF770FB6F
S21400E9504A463146287824F032FF044628B10B4F49
S21400E9603D88C5F1FF03984202DD2346084ADAE7F0
S21400E970024608483146284425440CF09DFF3D8059
S21400E980FFF762FBD3E700BF8DC0030002560020EE
S21400E990A9C00300255B002010B5D0E9023204466A
S21400E9A053F82230082219880B4B1878FFF788FB9B
S21400E9B0E368A268023352F823301878FFF738FB72
S21400E9C0E368A268013352F82330188823F0D1FD9B
S21400E9D0BDE81040FFF738BB205B002073B5D0E9D8
S21400E9E002320546023253F8221003EB820353F834
S21400E9F0042C53F8083C0C781988234B1688187892
S21400EA000622FFF75DFB0020FFF712FB304623F0DF
S21400EA10B0FD2046FFF70CFBEB68AA68033352F8FC
S21400EA202330188823F0A5FDEB68AA68043352F853
S21400EA302330188823F09DFD204609F0E7FBE8B94F
S21400EA40204607F05FFA05210446019001AA2846F1
S21400EA5022F0F6FD019B01469C4206D02246314636
S21400EA600A480BF087FC02B070BD094D09482E8895
S21400EA702246304434440CF0E1FD2C8002B0BDE860
S21400EA807040FFF7E1BA00BF205B0020D5C003004E
S21400EA9002560020255B002073B5D0E902324FF401
S21400EAA08A5153F82230104D1A88104BD9805A805C
S21400EAB000232A4600930121FF2325F092FD2B78A0
S21400EAC0044613F0040F0A4B08BF01261B7818BF34
S21400EAD0032613B109F09AF9A855064B1C8002B01C
S21400EAE0BDE87040FFF7B0BA255B0020F455002063
S21400EAF0225B002002560020D0E9023253F8223072
S21400EB00034A1B78003B18BF01231370704700BFF1
S21400EB10215B002010B50C4608B908F003F9024B3B
S21400EB2018715C7110BD00BFF455002002462DE937
S21400EB30F341D0E90253526855F82310D21A0C88D4
S21400EB4005EB8301013BDBB255F82380294D022AF1
S21400EB504868C8BF8A682B78D8BFFF210078C8BF2E
S21400EB6011783BB901210220234A02B0BDE8F041EA
S21400EB7000F074BEFFF7CEFF06F0E4FC1F4F204EF9
S21400EB803B880146224600931E48334625F096FAF7
S21400EB900246C8B998F804103B885F2917D1CDE91A
S21400EBA000364FF6FF712046164B24F0E9FB28B1DD
S21400EBB0034601210220144A00F050FE0023134AA7
S21400EBC02B701380124A137002B0BDE8F0814FF626
S21400EBD0FB718C4208D9CDE900362146094B4FF629
S21400EBE0FF7024F02BFCE2E72146064A009624F04C
S21400EBF057FCDCE7245B002020C1030002560020FF
S21400EC00255B0020F455002027C103000056002095
S21400EC10235B0020002210B50A2104461046FFF7A9
S21400EC204FFA002023F0A5FC0122044B1A70FFF7D0
S21400EC300BFA2046BDE81040FFF778BF4E60002074
S21400EC4038B51C4615460123224625F0E9FC60B976
S21400EC502146284625F0ADFE044620B101210420B9
S21400EC60034A00F0FBFD204638BD0024FBE700BF4A
S21400EC704EC103002DE9F0430C4615461F46D0E969
S21400EC80022352F8231002EB830293680E8893F84F
S21400EC900080D3688BB0B3F800903246012106ABF3
S21400ECA0FFF7CEFFF0B90DF1200CF4B101232A884E
S21400ECB04021CDE902C2CDE90471CDE900932221BD
S21400ECC0434606AA304625F0E2FC0B4B0B4A00935F
S21400ECD00B4B0190002C08BF134601210420094A63
S21400ECE000F0BCFD0BB0BDE8F0836246286869689A
S21400ECF0032303C22246DBE7ADC1030092C1030033
S21400ED008CC103009AC1030007B501236A4600219F
S21400ED1025F086FC6846034908F0C8FD03B05DF898
S21400ED2004FB00BF0DD80000D0E9023253F82230B1
S21400ED300149188808F08CBD0DD8000010B5D0E940
S21400ED40023203EB8201496853F8223009784FF407
S21400ED508A52188825F08BFCBDE810400346012136
S21400ED600420014A00F07ABDB7C10300D0E90232A0
S21400ED7053F8223002214FF48A5210B5188825F035
S21400ED8068FCBDE81040034601210420014A00F05B
S21400ED9065BD00BFD0C103001FB5D0E9023203EB4A
S21400EDA0820153F82230496818884FF48A5309883C
S21400EDB00293094B094A0193094B1B78009312787A
S21400EDC0084B25F0BCFC012103460420064A05B08A
S21400EDD05DF804EB00F042BD04560020255C0020E0
S21400EDE0245C00200E560020E7C103002DE9F04306
S21400EDF0D0E9023253F8221003EB82035A680E88D9
S21400EE0017789A68DB688BB092F80090B3F80080A9
S21400EE103246042106AB0446FFF712FF28BB08ADB6
S21400EE2001232A460521204625F0FAFB38B904209E
S21400EE3001210F4A00F012FD284624F0A1FC4FF4F1
S21400EE408A53CDE904930023CDE9025303232121FD
S21400EE50CDE9008306AA3B46304625F018FC012182
S21400EE600346044A042000F0F9FC0BB0BDE8F0832A
S21400EE70FFC103002EC2030038B5D0E9024303F1F8
S21400EE808043023B02220F4954F823009D000CF0F9
S21400EE90CFFE60B90C4B0D491A78042A0BD82C44C7
S21400EEA0A068008821F8120001321A7038BD084B9D
S21400EEB008491A78F1E70121BDE838400420064ADF
S21400EEC000F0CCBC5CED0300255C00200E56002054
S21400EED0245C00200456002040C2030008B5C36826
S21400EEE0806803F18043023B0222064950F8230063
S21400EEF00CF09EFE10B9044B187008BD0022034BA0
S21400EF001A70FAE75CED0300255C0020245C002004
S21400EF1037B5D0E9023153F821208C0015784268C5
S21400EF20521A012AC5BF1B195B686C091C78DCBF26
S21400EF3044F0180405F01F052946204625F0C3FABC
S21400EF40034640B12346012104200E4A009500F0F6
S21400EF5085FC03B030BD0121A94074B92346FE22CA
S21400EF604FF6FF7025F043FD012103460420064AB4
S21400EF7003B0BDE8304000F071BCFE2241EAC46137
S21400EF80EEE700BF56C2030076C2030070B5D0E9B4
S21400EF90021551F8253001EB8501044618884B68A8
S21400EFA01A788B68052A1B8802D85E1E072E0BD996
S21400EFB0012104200C4A00F051FCBDE870400121FC
S21400EFC004200A4A00F04ABC6468641B032CCABFCB
S21400EFD0C9680749096825F00AFDBDE87040024681
S21400EFE00449002007F05ABF94C20300B4C20300CD
S21400EFF000F8FF07D1C2030008B5D0E9023253F883
S21400F000220003EB82035968FF22038809684FF643
S21400F010FF7025F0ECFCBDE80840024601490020E0
S21400F02007F03CBFE4C2030008B5D0E9023253F84B
S21400F030223005214022188825F00BFBBDE8084049
S21400F04002460249002007F029BF00BF05C303009F
S21400F05008B5D0E9023203EB8201486853F8221063
S21400F060027840230988312025F046FBBDE8084099
S21400F07002460249002007F011BF00BF26C3030066
S21400F08008B5D0E9023203EB8201486853F8221033
S21400F090027840230988332025F02EFBBDE808407F
S21400F0A002460249002007F0F9BE00BF40C3030035
S21400F0B01FB5D0E9023253F8221003EB82039B6897
S21400F0C008881A780023D21A18BF0122CDE9023325
S21400F0D002A94023D20125F01EFB01210090044B1B
S21400F0E00420044A00F0BAFB05B05DF804FB00BF3C
S21400F0F0ADC103005EC3030007B5D0E9023253F882
S21400F100223003214022188825F0A3FA012100901E
S21400F110034B0420034A00F0A1FB03B05DF804FB98
S21400F120ADC103006DC3030037B5C36882680533FD
S21400F13052F8233004211D786A460123044625F040
S21400F1406FFA38B904200121064A00F087FB6846AA
S21400F15024F016FB2B466A4600212046FFF78AFD60
S21400F16003B030BD87C3030007B5D0E9023203EB16
S21400F1708201486853F8221002784023098832201A
S21400F18025F0BAFA01210090034B0420034A00F050
S21400F19065FB03B05DF804FBADC10300B8C3030014
S21400F1A070B585690446EA0705F0020605D476B10F
S21400F1B0C5F3072025F006F809E01EB1B2210F4876
S21400F1C02BF067FAA069C0F3810024F0EAFFE36938
S21400F1D01BB9BA2109482BF05CFA204614F00EFC45
S21400F1E0E3693EB1607E9847AB0706D0BDE8704045
S21400F1F024F0DCBF20469847F6E770BDCDC3030079
S21400F20008B514F0EFFE28B1BDE8084047210248D3
S21400F2102BF03FBA08BD00BFCDC303002DE9F04177
S21400F220FF2B04460F4690461D469DF8186005D0F5
S21400F230FF2E03D0D52111482BF02BFA0023FF2DEB
S21400F24018BFAD000E4A1CBF45F00105EDB22260A6
S21400F2500C4AC4E9063818BFA561FF2EC4E901238D
S21400F2602361E76007D0A36943F0020323F47F43DA
S21400F27043EA0623A361BDE8F08100BFCDC30300C7
S21400F280DC3C0020A1F10000002310B5054C036112
S21400F2900460054CC261C0E901430123C16083617B
S21400F2A010BD00BFDC3C0020A1F1000070B58669EF
S21400F2B0044606F00303032B0D4603D1FC21144835
S21400F2C02BF0E7F9FF2D16D0B20704D440F2011157
S21400F2D00F482BF0DEF9284624F012FCFF280546DE
S21400F2E004D14FF482710A482BF0D3F92DB204EB07
S21400F2F04514204670BDF307FBD5A36913F00C0F29
S21400F300F7D040F20B1102482BF0C3F9F1E700BF2B
S21400F310CDC303000023054AC0E90631036102603D
S21400F320C360034A034B426083607047DC3C0020A6
S21400F330A1F10000C9390200014827F01CBA00BF3D
S21400F340DC3C0020014827F022BA00BFDC3C00204D
S21400F35013B50E4827F0E9F923F08EF926F0B2F936
S21400F36026F0D4F926F0DEF9FCF748FF0446FCF751
S21400F3705FFF2346009001210420054A00F06EFA44
S21400F38002B0BDE81040FCF73FBF00BFDC3C0020E9
S21400F39060C40300022808B503D12BF073F9014BB3
S21400F3A0186008BD0C3D002008B50DF05BF9012281
S21400F3B0044B1A702BF0EFF9BDE8084002490348E9
S21400F3C0FDF7E4B8275C002028650020103D0020EB
S21400F3D0014B1870704700BF265C0020024B18785F
S21400F3E008B106F093B870477C6A002008B5074B52
S21400F3F01B780BB1002008BDFFF7F0FF0028F9D1FD
S21400F40006F05EFC023818BF0120F4E7265C0020F8
S21400F41070B5FFF7EBFF174D20B1FFF78DFF0428FF
S21400F420044613D82B781BB92BF0B5F901232B70A3
S21400F43023F030F90446D8B12B781BB9F7210E48D3
S21400F4402BF027F9BDE87040FFF776BF23F024F9CC
S21400F4500028E7D02B785BB12BF019F80646002180
S21400F460012029F07FFA30462BF00CF800232B7091
S21400F470204670BD275C002081C403001FB5FFF73F
S21400F480C7FF0446FDF72CFAA04228BF204688B1E5
S21400F49003A929F053FE034638B9CDE90000064A11
S21400F4A0039906482BF00AF918B18E2104482BF070
S21400F4B0F0F8012004B010BD93260300EC3C0020B9
S21400F4C081C403000D4B70B51B780D4D0D4C01210A
S21400F4D0002B0CBF2B46234602200B4A00F0BEF939
S21400F4E00A4B01211B780220002B0CBF2B4623461B
S21400F4F0BDE87040064A00F0B1B900BF7C6A002043
S21400F5007BED03009AED030017C50300265C002080
S21400F51036C5030010B5D0E9023253F82230022077
S21400F5201B780121002B15BF01240024044A054A3C
S21400F53000F094F92046BDE81040FFF749BF00BF31
S21400F54055C5030072C50300D0E9023253F82230D5
S21400F550034A1B78003B18BF01231370704700BF97
S21400F5607C6A002038B50125084B1D702AF08FFFF5
S21400F57004462946284629F0F5F920462AF082FF57
S21400F580BDE8384002490348FDF700B8285C002073
S21400F59030650020383D002070B514F0A9FD10F04D
S21400F5A0070F1D4D11D02B785BB901262E702AF05F
S21400F5B06EFF04463146304629F0D4F920462AF03C
S21400F5C061FFBDE8704014F063BB25F0F4F9022833
S21400F5D003D1124B1B78032BE5D914F089FD18B91B
S21400F5E00E4B1B78032B14D814F052FB044600284D
S21400F5F0D9D02B785BB100262E702AF048FF05463E
S21400F6003146012029F0AEF928462AF03BFF204675
S21400F61070BD4FF0FF34ECE7285C0020AF600020A0
S21400F6201FB5FFF7B9FF0446FDF75AF9A04228BFF9
S21400F630204688B103A929F081FD034638B9CDE9F3
S21400F6400000064A039906482BF038F818B18C21BA
S21400F65004482BF01EF8012004B010BD6D2B0300EB
S21400F660183D002091C5030010B5094C094900203B
S21400F67007F0FAFB23681B68587924F077FA2368AA
S21400F6801B68587923F07BFA05F066F9002010BD58
S21400F690984200201FC6030008B525F07CF90246F4
S21400F6A028B1BDE808400020014907F0DDBB08BDD1
S21400F6B042C6030008B525F084F9024628B1BDE825
S21400F6C008400020044907F0CFBB5422BDE808409C
S21400F6D0FF2102480BF060BF5AC6030018560020F0
S21400F6E038B504460D4625F070F9024628B1BDE847
S21400F6F038400020034907F0B7BB034B23F81450EB
S21400F70038BD00BF78C60300185600202DE9F34127
S21400F71000240C4E0C4DDFF838800C4F56F8043B96
S21400F7200BB9D8F8003035F8022B39460092002085
S21400F7302246013407F098FB2A2CEFD102B0BDE830
S21400F740F08100BF3C6500206C56002094C6030084
S21400F7503865002008B52A21034825F02EF9BDE8B3
S21400F7600840FFF7D3BF00BF6C56002007B5D0E9AE
S21400F770023253F822301A78292A0DD8084B53F84B
S21400F78022300BB9074B1B680749002031F81210CE
S21400F7900091064907F068FB03B05DF804FB00BF64
S21400F7A03C650020386500206C56002094C6030097
S21400F7B008B52A21034825F002F9BDE80840FFF7FE
S21400F7C0A5BF00BF6C56002038B5D0E9023253F80A
S21400F7D0221003EB82035B680C781D880020044926
S21400F7E007F042FB29462046BDE83840FFF778BFC1
S21400F7F09FC603002DE9F34100240C4E0C4DDFF8A4
S21400F80038800C4F56F8043B0BB9D8F8003035F862
S21400F810022B3946009200202246013407F024FBD2
S21400F8202A2CEFD102B0BDE8F08100BF3C65002075
S21400F8301856002094C603003865002010B502460E
S21400F84023F0B3F920B9044C236811B113432360A5
S21400F85010BD23EA0203FAE7E86500200CB413B5EE
S21400F86002460C4623F0A1F960B9094B1B681A4200
S21400F87008D005A9049801910AF090FD14B1054836
S21400F88025F0ACFE02B0BDE8104002B0704700BFE5
S21400F890E86500209EC90300034610B5D3E902328E
S21400F8A053F8223008461C78211E18BF0121FFF7A6
S21400F8B0C5FF014648B9084A084B0220002C08BF7D
S21400F8C01346074AFFF7CAFF10BD00210220054A6B
S21400F8D0FFF7C4FFF8E700BF9DB5030095B503002A
S21400F8E0A0C90300B6C903002DE9F04105461F462E
S21400F8F00C46DFF82C808E18B44201D1BDE8F081AA
S21400F9000021284614F8013B069AFFF7A7FF002FB0
S21400F910F2D0424600212846FFF7A0FFECE700BFE2
S21400F9202ABC03000021024A0248FFF7ADBC00BF14
S21400F930B9F90000403D0020FF21014822F08EBEAC
S21400F940403D00200022034BFF2103481A7022F09E
S21400F9507EBE00BF295C0020403D002013B5114C40
S21400F9602378032B13D8009300230F4A18460F4919
S21400F97007F07AFA237842F21072002B08BF0022B2
S21400F980FF210B4802B0BDE8104022F04FBE002217
S21400F9900849104607F068FA02B0BDE81040FFF7C5
S21400F9A0D1BF00BF295C0020C7C90300D9C9030026
S21400F9B0403D0020E3C90300F0B52B4D8FB02B78F7
S21400F9C023B309A825F031F8022309A88DF82430BE
S21400F9D025F019F801AA06469446244B03F11007B1
S21400F9E0144618685968083303C4BB422246F7D148
S21400F9F005AA17461E4B03F1100E144618685968E0
S21400FA00083303C473452246F7D1E6B1012409A89A
S21400FA1024F0A7FF28B9BDF8243013F0020F18BF52
S21400FA2001242B781349002B4FF000034FF0A0025F
S21400FA3008BF1946204624F06EFF90B92B78013394
S21400FA402B700FB0F0BD614609A824F0DEFF002839
S21400FA50DCD1394609A824F0D8FF04460028D6D0C1
S21400FA60D4E7FFF77BFFECE7295C0020F4510400A5
S21400FA700452040000F8FF0710B50020324907F0D2
S21400FA80F3F908220020314907F0EEF9304B314AED
S21400FA901978314B0020002918BF1A462F4C3049E0
S21400FAA007F0E2F9002024F07CFB2368002B47D007
S21400FAB01B78022B44D900222A4B10462A4907F00D
S21400FAC0D3F923F0B9F829490246002007F0CCF90B
S21400FAD000F0D0F826490246002007F0C5F9236852
S21400FAE01B78032B2CD900F0D5F8224902460020BB
S21400FAF007F0BAF900F0DEF81F490246002007F0CA
S21400FB00B3F900F0DFF81D490246002007F0ACF913
S21400FB1000F0A4F81A490246002007F0A5F900F004
S21400FB20D7F8184C184954F82020002007F09CF904
S21400FB3000F024F9154954F82020002007F094F925
S21400FB40BDE8104024F032BB05CA030021CA0300FA
S21400FB502A5C00207BED03009AED0300D4410020D0
S21400FB6044CA03006BB703005FB7030060CA030014
S21400FB7084CA0300A8CA0300CCCA0300F0CA030064
S21400FB8017CB0300EC6500203ECB030061CB0300DF
S21400FB9008B5D0E9023253F82230187840B1002078
S21400FBA0074907F061F9BDE80840802000F034B846
S21400FBB0044907F059F9BDE80840802000F046B82F
S21400FBC084CB0300A1CB0300D0E9023253F82230E5
S21400FBD0034A1B78003B18BF01231370704700BF11
S21400FBE02A5C002018220021094BC3E900121A7B68
S21400FBF00AB9084A9A601A7C12B94FF47A72DA8106
S21400FC0040F6B8325A8200229A829A75704700BF30
S21400FC10603D0020E09304000A4B10B51B687BB1E2
S21400FC201B78032B02D8B0F5007F09D1064C236859
S21400FC30034323606368184202D02AF01EFDA082A8
S21400FC4010BD00BFD4410020603D0020024A13686A
S21400FC5023EA000313607047603D0020014B1868DC
S21400FC60704700BF603D0020014B9868704700BF9A
S21400FC70603D0020024B9868FA23B0FBF3F0704713
S21400FC80603D00200122024B98601A73704700BF47
S21400FC90603D0020024BD889FA23B0FBF3F0704792
S21400FCA0603D00200122024BD8811A74704700BFC5
S21400FCB0603D0020024B588AFA23B0FBF3F07047F1
S21400FCC0603D0020014B5868704700BF603D002033
S21400FCD02DE9F84300244FF00C08104B104F9D7D83
S21400FCE0104E3988E3B28B4202D32846BDE8F8832B
S21400FCF008FB03F3F05C06EB030924F059FA50B94D
S21400FD00FF21D9F8080022F0A9FC20B199F80530A7
S21400FD109D4238BF1D460134E3E700BF603D00202A
S21400FD20226A002070660020124B10B51B68124C29
S21400FD30EBB11B78032B02D823689B0517D52AF056
S21400FD409CFCA38AC01A638A80B283423EBFD4E971
S21400FD5000329343236024F0A8FD08B1E08910BD6B
S21400FD602368002BFAD1FFF7B3FF0128F6D0A0686E
S21400FD70F5E700BFD4410020603D0020014B987D90
S21400FD80704700BF603D002038B504460D462AF097
S21400FD9025FD244B1B7813B1204622F048FF402C4B
S21400FDA027D006D884B13F2C18D0BDE8384024F0C0
S21400FDB0FDB94C3C0C2CF8D81B4B2341DB07F4D484
S21400FDC00220FFF743FFF0E74FF40070FFF73EFF17
S21400FDD00220FFF721FF154B1C71E6E74FF4007079
S21400FDE0FFF734FF0220FFF731FF00220F4B1A7196
S21400FDF0DBE724F05EF90028D7D10C4C02202379EB
S21400FE0001332371FFF722FF4FF40070FFF704FF62
S21400FE102379AB42C9D322F00BFF0028C5D122F0CC
S21400FE20E0FEC2E72A5C0020FEEEFFFF783D0020E1
S21400FE3010B505F05FFB02280AD124F012FD034638
S21400FE4030B1BDE8104000220249104607F00CB859
S21400FE5010BD00BFEDCB03000021024A0248FFF7A9
S21400FE6013BA00BF31FE0000803D002038B50020E8
S21400FE7024F097F9124B1B6893B11B78022B0FD90D
S21400FE8005F038FB022816D10E4C2568FFF74CFF0C
S21400FE90A842206008D0FF2122680B4822F0C6FB4B
S21400FEA0BDE8384024F082B9FF21074822F0D6FB8F
S21400FEB00028F5D1EFE7FF21034822F0C8FBEFE763
S21400FEC0D4410020783D0020803D002002460249B3
S21400FED0002006F0C9BF00BF01CC030010B5234CBC
S21400FEE02348FF2122F0B3FB207802281ED00328E7
S21400FEF02ED0012804D02120BDE81040FFF7E6BF31
S21400FF001C4B19780029F7D002231B4A237013785C
S21400FF10052B0EBF00230133DBB29942137003D1C9
S21400FF20052313700020E7E7052BFBD0124B1B7848
S21400FF30052B02D103232370DDE7104A104932F85F
S21400FF40230007F085FC032323700028D4D110BDBE
S21400FF50094B0C4A1878094B03EB8001897833F873
S21400FF60200007F045FC0123EEE700BF2B5C0020D5
S21400FF70A03D0020345C00207E6A0020C056002091
S21400FF8065010100110101002DE9F04F0D461446F0
S21400FF9095B00490112200210FA89946DFF86C81D5
S21400FFA00BF0FAFA04EB45030393D9F800301C2B48
S21400FFB002D0039B9C4202D115B0BDE8F08F01230E
S21400FFC0DFF844A18DF81C3023884C4AADF81E306B
S21400FFD09AF800304A4D08EB83039B7828788DF812
S21400FFE0203013688DF81D00CDF821305368CDF809
S21400FFF0253024F0DDF8049B8DF829002188287828
S214010000002B4AD123F0A3FD002844D09AF80030F3
S2140100100FAA38F8230007A922F018FE00283AD0C4
S21401002023F0C2FB4FF0000B074606461C255FFA7D
S2140100308BF2974234D8B7422BD99DF81C30032B4C
S2140100401AD10FAB0193BDF8213000220421009391
S21401005001202C4B06F08EFD9AF8003008EB830346
S2140100609978274B187806F001FE9AF800300020A0
S21401007038F8231023F0F1FF5DB107A9304624F0CC
S214010080E2FB214B05461B78304638F8231024F056
S214010090DCFBC9F80050023487E723F04FFDB3E7D5
S2140100A010460BA9059224F0CAFB30B99DF82C1016
S2140100B031B9059AB74208BF16460BF1010BB6E7F0
S2140100C0BDF82E00BDF81E209042F6D19DF83000F6
S2140100D09DF820209042F0D19DF81C208A42ECD158
S2140100E0032A14BF082202220DF121010DF131006D
S2140100F00BF09EFD002808BF0025DEE72C5C0020E3
S2140101007D6A00207ECE03007E6A0020C056002055
S21401011013B503460020114A9C6812780190052AFF
S21401012003D01B78032B00D12CB9012002B0BDE807
S2140101301040FFF7CBBE6268217801ABFFF724FFC2
S214010140217A0120E26801ABFFF71EFFFF21044878
S21401015002B0BDE8104022F072BA00BF7E6A0020ED
S214010160A03D0020094B1B78052B02D00378032BFA
S21401017002D00120FFF7AABE8168054A0B68054830
S21401018013604B68FF21536022F059BA7E6A002043
S2140101902C5C0020A03D002038B50024114B124DE8
S2140101A01870124BFF211C702C7006F05FFD0122A7
S2140101B0032110460E4B06F0DDFC4FF6FF7122467A
S2140101C0084623F04DFF044648B940F6B832FF21F1
S2140101D0084822F02BFA01232B70204638BDFFF782
S2140101E075FEFAE77D6A00202B5C0020345C002057
S2140101F03EFF0300A03D0020144BF0B51A681449D9
S21401020013680978587988420BD11249D78808466D
S2140102100022114D1E792B78D4B2A34203D8052CA7
S2140102200AD10020F0BD0C88BC4202D18C78B442C1
S214010230F7D001320431EFE7A342F2D120F8227061
S214010240013300EB820086702B70EAE798420020AB
S2140102507D6A0020C0560020345C0020FF2307B5CD
S2140102600021044A04480093FEF7D8FF03B05DF866
S21401027004FB00BFDDFE0000A03D00201FB5B42337
S21401028003210446ADF80E3023F058FC98B1212323
S21401029020460093002203210DF10E0323F0FDFDFD
S2140102A004460020054B064A0649009406F0DCFD8C
S2140102B0204604B010BD8624F3E700BF2BCC030014
S2140102C038CC03004DCC0300D0E9023253F822307B
S2140102D0034A1B78012113700220024AFFF7BEBAB7
S2140102E0966A00205CCC03000122014B1A7070470D
S2140102F0966A00200A4B90F805111B7890F80821A1
S21401030019448A42BCBFB2FBF3F103FB11234FF041
S214010310FF32B8BFDBB202FA03F380F80A31704746
S214010320966A00202DE9FF410446057F867EDFF8A8
S21401033070806E43237F98F8002013449D4212DBA1
S214010340607F60B9238B029363690193237C0093DA
S2140103506288A31D217805F095FDFF2323700020F8
S21401036004B0BDE8F081E37EAB42E9D9A77E228BDB
S214010370F1199142A4BF921BD7B205EB0323E38187
S2140103803A4633462946204622F07AFC0028E7D131
S214010390637F3744013301356377BEB2EDB2C9E7F7
S2140103A0966A002037B5054624F07BFA0D4B0446C5
S2140103B01B6869461B78032B82BF0B4B1B881B18D7
S2140103C0284688BF9CB224F0F4FA38B9684624F06F
S2140103D06AFA18B9044B1B8823449CB2204603B022
S2140103E030BD00BFD4410020266A0020084B1B7890
S2140103F0FF2B0BD1074B1B78FF2B07D1064B1B7826
S214010400022B03D04FF48070FFF720BC704700BF6B
S214010410F4650020F03E0020C03D002010B50446E3
S214010420FF2122F014F9054B9C4202BF0023A4F5DC
S21401043088742370BDE81040FFF7D8BFD03E002077
S2140104402DE9F0479A462A4B81461B788846164680
S214010450BDF82050002B49D0FF2D3ED9382528461F
S214010460BDE8F087234B0C223146A01D636184F85A
S2140104700090A4F802800BF0E1F8A289414642F40C
S214010480004242F040022046A28122F00BFC2A469E
S214010490514660690BF0D2F841464846A21D2583B5
S2140104A023F053FFA0760028D8D00544013DB5FBC4
S2140104B0F0F0FF28D2DC0023E0762046A383FFF786
S2140104C031FF054680B923794FF48070B372FFF788
S2140104D0A3FB227C099B1A80C1E7074C2778FF2FD4
S2140104E0C0D040F60345BAE72770F2E70225B6E723
S2140104F0966A0020365C0020F03E0020B0F90630F7
S21401050010B5002B25DA144C2278237CFF2A02D062
S214010510827A9A4207D0114C2378FF2B17D0827A21
S214010520237C9A4213D169B9637F013BDBB26377BF
S2140105305BB90B4A237F1278204613442377FFF7D3
S214010540F1FE0146204622F0BCFBFFF74FFF0120DB
S21401055010BD0020FCE700BFF03E0020F46500203F
S214010560966A00202DE9F04F9A46B1F9063091B00F
S214010570002B0D461746DDF86880049080F229812D
S214010580B8F80030FF2B04D94FF4B871A6482AF00A
S21401059080F8A64B00241A7893F80401B3F80211E8
S2140105A0002A40F0A5802E7AA14A1278B24240F283
S2140105B0AF800222A3F802711A70AA7AFF2483F888
S2140105C004210022A3F8084183F80521A3F8062197
S2140105D0B8F80020954883F80C21FFF78BFE3846C3
S2140105E0FFF7E0FE214600EB4002924822F01EF89B
S2140105F04FF48070FFF710FB8C4C94F80A91B9F118
S214010600FF0F20D18A4A94F8053112781344B34279
S21401061019DC94F80C1184F80531B4F8063120463B
S21401062001FB0233A4F80631FFF764FE0122824B78
S21401063038461A70FFF7B6FE494600EB400204F54D
S214010640887021F0F3FF94F80531B34260D8DFF8E3
S214010650E0B19BF800C00CEB0302964258DA7649EB
S21401066094F808210878013A002853D0964205DA12
S214010670B8F8002084F80C2100220A70B6FBFCF9B9
S21401068001220CFB196994F80A015FFA89F902FA4A
S21401069009F2D1B2024076B92889000A844584F865
S2140106A0080108D92046CDE906210593FFF722FE69
S2140106B0DDE90621059B94F80A01014384F80A1135
S2140106C082B994F80921B4F806C1013284F80921E7
S2140106D0B8F80020DAF800100CEB0200FF2826DD3F
S2140106E00323237094F80831013B9E4230D138E051
S2140106F0AE7A864202D18F4200D11C462E7A002C59
S2140107007FF47BAF002A3FF44FAF012A3FF44CAF92
S21401071001205FE09642B1DA94F80C1198F80020B7
S2140107209142ABD004F58870FFF778FEF0E794F8B5
S2140107300CE1F31A0EFB03C3A01C10FA83F005921A
S2140107400AF07CFF94F80831059A013B9E4244D09A
S214010750012394F80A2103FA09F3013B1343FF2B03
S21401076004D122462946384622F09DFA94F80831EB
S21401077094F809219A42CBD19BF80030B2FBF3F1F1
S21401078003FB112212F0FF0218BF13462278022A39
S21401079026D1264A023410785178012804BF013147
S2140107A05170012224F8022CEA88B4F8041122F0D0
S2140107B04002EA8094F809210A44591E94F80A3145
S2140107C013FB01F31344A8F80030CAF80040FFF702
S2140107D00DFE002011B0BDE8F08F84F80B21C0E7B4
S2140107E06979002994D0032A92D1B4F8062194F8A5
S2140107F00B1108AE11445A1E94F80C31284613FB0F
S21401080002F30B4400219BB2A21CA8F80030CAF8E0
S2140108100020CDE900710296049907F005FD8921B3
S214010820304623F08FFD7DE783CC0300C03D0020DA
S214010830966A0020D03E0020355C002013B50446A1
S21401084018B101280BD002B010BDFF23014600935A
S214010850064A0748FEF7E2FC064B1C70F3E7FFF773
S21401086043FDFF22044B1A70EDE700BF1D04010093
S214010870D03E0020C03D0020F03E002013B501A967
S21401088009F04AFE044648B9BDF806309DF8042032
S214010890034906F0E9FA204602B010BD8120FBE7C5
S2140108A01ACD030013B5694609F042FE044688B91D
S2140108B0BDF802309DF80020074906F0EFFA204601
S2140108C0019906F043FA2046044906F0CDFA20467F
S2140108D002B010BD8120FBE73ECD030064CD0300CE
S2140108E037B5694609F048FE044618BB9DF8013045
S2140108F09DF80020104906F0D1FA104D9DF8012010
S214010900E3B29A4206D800200D4906F0ADFA00205F
S21401091003B030BD0198630003F4FF730222002187
S214010920184423F028FC29460246002006F0B6FAB1
S2140109300134E3E78120EBE766CD030095CD0300A4
S2140109403EFF030013B501A909F0ECFD044648B9C2
S214010950BDF806309DF80420034906F085FA2046C6
S21401096002B010BD8120FBE79FCD030030B5002407
S2140109700B4D85B06946E0B223F061FF50B99DF892
S2140109800030032B06D12946BDF805309DF801201D
S21401099006F06AFA0134202CECD105B030BD00BF58
S2140109A0C6CD030008B50020034906F05DFABDE890
S2140109B00840FF2000F0DEBAD8CD03002DE9F04F45
S2140109C085B006460D46174622F0BBF9044640B1EF
S2140109D030463A46294622F09EF9002005B0BDE889
S2140109E0F08F4FF003094FEA15285FFA84FA69463B
S2140109F0504623F024FFB8B99DF800B0BBF1000FB4
S214010A0012D1694650468DF800908DF805508DF844
S214010A1006808DF8016023F016FF02460028D7D025
S214010A205846064906F020FA0134202CDDD1002074
S214010A30034906F019FA8920D0E700BFEDCD03007F
S214010A4014CE03001FB5002304468DF80F3022F0A4
S214010A5063F928B19DF80F3063F07F038DF80F30EE
S214010A60182301930DF10F03002200930421402364
S214010A70204623F001FA024618B10020024906F08A
S214010A80F3F904B010BD00BF2FCE03001FB502A9B5
S214010A9009F060FD044688BBBDF80820184906F039
S214010AA0FDF92046039906F051F92046154906F04E
S214010AB0DBF94FF6F672BDF80810134C4B1E9BB2CD
S214010AC0934219D82368039A1B685879FFF776FF73
S214010AD023681B79012B0BD8BDF808300022CDE91D
S214010AE000030421094B092006F044F823F024FCF6
S214010AF06FF0FF0004B010BD8720E9E78120F9E719
S214010B004ECE030064CD03009842002065CE03005C
S214010B1070B504468AB005AD1122002128460AF0B8
S214010B203BFD204604A909F009FD044600283AD1F8
S214010B301E4EBDF810201E4906F096F9326813794C
S214010B40012B28D84FF6F670BDF810104B1E9BB23D
S214010B50834224D81368587922F0F3F808B333682F
S214010B602A461B68BDF81010587922F0D3F8BDF854
S214010B70103001220421CDE9004309200D4B0295D6
S214010B8005F0F8FF23F0D8FB034620B100200A4AFF
S214010B900A4906F069F96FF0FF000AB070BD8724B4
S214010BA0E5E78B24E3E78120F7E700BF98420020C2
S214010BB068CE03007DCE030081CE03008CCE0300F9
S214010BC02DE9F0479AB004A909F0D0FC04460028A4
S214010BD040F0B5809DF810205B4906F05FF9254688
S214010BE05A4E9DF81020EBB29A4254D8002058492C
S214010BF006F03AF99DF81050002D40F099802C46E9
S214010C002E46544F06A9F0B223F019FEC8B99DF836
S214010C101830032B15D13B689DF819201B685B79AA
S214010C209A420ED19DF81D2005F168036B4403F826
S214010C30402C9DF81E200235013403F83F2CEDB2FE
S214010C40E4B20136202EDDD19DF810300BB1002C18
S214010C5077D00AABCDE90143FF230222042100939A
S214010C6009203D4B039505F085FF23F065FB034600
S214010C7060B19DF81020002A5FD0384A3849002C10
S214010C8008BF0A460020374906F0EEF86FF0FF006D
S214010C901AB0BDE8F08705986B0003F4FF730222D3
S214010CA00021184423F067FA31460246002006F078
S214010CB0F5F8013595E70598730003F4FF730222F2
S214010CC00021184423F057FA002780465FFA80FA7D
S214010CD006A9F8B223F0B3FD00BB9DF81830032B2C
S214010CE01CD1D9F800309DF819201B685B799A420F
S214010CF014D19DF81D30534510D19DF81E30C8F310
S214010D0007229A420AD105F168036B440235013481
S214010D1003F840AC03F83F2CEDB2E4B20137202FC4
S214010D20D6D101369DF81020F3B29A42C3D88BE78C
S214010D300025DFF820902E46F4E7084AA2E7812036
S214010D40A6E78B20A4E700BFE6CE030095CD0300FF
S214010D503EFF03009842002005CF0300B7CE0300F4
S214010D60D5CE030009CF03002DE9F04389B002A9CF
S214010D7009F0EAFB0446002867D1BDF8082034498B
S214010D8006F072F84FF6F672BDF80850DFF8D49008
S214010D906B1E9BB2934254D8D9F8003029461B6883
S214010DA05F79384621F0CDFF00284CD026465FFA01
S214010DB086F8404603A923F042FD28B9294638465D
S214010DC003AA21F0ABFF20B90136202EEFD14FF058
S214010DD0FF08404623F031FD014658BB112203A807
S214010DE00AF0DAFB2946384603AA21F094FFD9F81F
S214010DF000301A79012A18D81B68BDF808105879EE
S214010E0023F07AF9BDF8083003220421CDE9004326
S214010E100920104B05F0AEFE23F08EFA034620B1F2
S214010E2000200D4A0D4906F01FF86FF0FF0009B0CB
S214010E30BDE8F08302460A49002006F015F80124B1
S214010E40D5E78724D3E78B24D1E78120EFE700BFDE
S214010E502BCF030065CE030069CF03008CCE0300C1
S214010E6042CF0300984200202DE9F043DFF894803A
S214010E700020D8F8003021491B688BB05E79002528
S214010E8005F0F2FF01275FFA85F9484601A923F02C
S214010E90D6FC044690B99DF80430032B0ED19DF87C
S214010EA00530B3420AD1484623F0C7FC0146A0B13B
S214010EB002461349204605F0D7FF27460135202D67
S214010EC0E1D1D8F8003000211B68587923F014F9D5
S214010ED087F001000BB0BDE8F083112205A80AF0E7
S214010EE05BFBBDF809403046214605AA21F013FFF9
S214010EF02146304623F000F9E0E700BF76CF030035
S214010F0042CF03009842002037B5694609F028FB16
S214010F10044638BBBDF80020134905F0BFFF134D4A
S214010F202046019905F012FF2046114905F09CFF65
S214010F302B681B68587923F0EEF970B14FF6F672FC
S214010F40BDF800104B1E9BB2934209D82B68019A3C
S214010F501B685879FFF732FD0446204603B030BDC2
S214010F608724FAE78120F9E78ACF03009842002018
S214010F7064CD03007FB505460024E6B269463046D7
S214010F8023F05DFCA8B99DF80030032B11D19DF824
S214010F900130AB4204D0FF2D0BD19DF80D3043B983
S214010FA0304623F04AFC024618B10020034905F0FA
S214010FB05BFF0134202CE0D104B070BD42CF0300AA
S214010FC0034B1B681878012808BF0220704700BF32
S214010FD0D4410020D0E9023253F822301A78024B6D
S214010FE01A7000F0E7BA00BF355D002070B5D0E991
S214010FF002456B1EDBB254F8230003221B490AF09C
S21401100017FE54F8253004EB8504197863681A78BE
S214011010A2F10B030F2B05D915490020BDE870403E
S21401102005F022BF01290FD1124C9140236840B927
S2140110300B43114A23600020BDE870400F4905F0BC
S21401104013BF23EA0103F4E702290CD101230C495B
S21401105003FA02F20B6818B913430A4A0B60EAE76F
S21401106023EA0203F9E70A460749D6E7AECF0300AB
S214011070B2CF030018660020C8CF0300D0CF03000C
S21401108014660020E3CF0300EDCF030007B5D0E9D7
S214011090023103EB810253F821300B491B78526869
S2140110A0012B0A4B08BF0B4612684FF000001A606E
S2140110B00092074A074B084918BF1346074A05F02E
S2140110C0D3FE03B05DF804FB18660020146600200A
S2140110D008D0030000D0030012D0030024520400FD
S2140110E038B5254A254B264C0020264905F0BCFE7E
S2140110F00020254905F0B8FE22682449002005F0A5
S214011100CDFE2068224C234D05F088FE21460020A6
S21401111005F0AAFE2A682049002005F0BFFE2868CF
S21401112005F07CFE2146002005F09EFE1B4B1C4967
S2140111301A781C4B002053F8223005F095FE00F07B
S2140111400DF919490246002005F08EFE174B0020C6
S2140111501A78174905F088FE164B17491A780020A9
S21401116005F082FE04F0C6F9BDE838400246134990
S214011170002005F079BE00BF245204002CD00300E5
S2140111801866002033D003003BD0030049D003008B
S214011190ACB60300146600205AD00300635D00203D
S2140111A06BD003001C6600207ED00300485D002043
S2140111B092D00300475D0020A4D00300B6D0030000
S2140111C007B500F071F8054B0090054A0020054967
S2140111D005F04AFE03B05DF804FB00BFCCD0030067
S2140111E0245204004DCC0300F8B504460B4F0C4EB8
S2140111F00C4D00200C4A0D4905F036FE20463B7882
S21401120029783278F4F7A8FF00233B7033702B70EF
S214011210FF21BDE8F840064821F019BA635D0020B9
S214011220475D0020485D002024520400D1D0030011
S214011230103F002037B51248FF2121F008FA114B64
S214011240187810F0100505D0002003B0BDE8304036
S21401125003F01CBF0121B42004F0C6FA04460A4B71
S2140112600A4A0B490090284605F0FEFD2046FFF786
S214011270BBFF4FF4806003B0BDE83040FEF7E6BC2C
S214011280103F0020635D0020E8D0030024520400D4
S2140112904DCC03000021024A0248FDF7F5BF00BF0E
S2140112A035120100103F002008B5054B1B7823B10D
S2140112B01720FFF799FF002008BD0220FCE700BFBA
S2140112C0635D002010B550B1054B00F1100250F8D7
S2140112D0044B904243F8044BF9D1024B197010BDF0
S2140112E0495D0020595D002037B5174D04462B781F
S2140112F0DB0626D50090154B0020154A154905F04A
S214011300B3FD1E2C0BD0652C09D0032C19D0002060
S21401131023F00DFB40F61C40FFF766FF0DE023F0BF
S2140113202EFB4FF4FA63B0FBF3F202FB1300C21874
S214011330FF21094892B221F079F92B7823F01003A6
S2140113402B7003B030BD00BF635D002001D10300E8
S214011350245204004DCC0300103F0020014B1879A5
S214011360704700BFD456002070B54C4E8EB033780F
S21401137003F0FB02A3F10905022AEDB258D0042BB3
S21401138041F6041257D0A3F108014B424B415B00D2
S21401139013434348ADF80C3021F003FD48B9414BE7
S2140113A03F4A03F1100153F8040B8B4242F8040B39
S2140113B0F9D13D4B1B78002B3FD03C4B0DF10E0273
S2140113C003F1100153F8040B8B4242F8040BF9D1D8
S2140113D003A823F0CCFA2328044610D1012D49D8BE
S2140113E00020334A334905F03FFDBDF80C3003A811
S2140113F023F40053ADF80C3023F0B9FA0446002C60
S21401140041D14FF40C7023F0B0FA044600283AD1CB
S21401141003F0FAFE012D36D8274A01AB1068516851
S21401142003C3264901A823F0FEFA78B319242AE05B
S21401143043F60412A7E70223AAE73378042B0DD05C
S214011440082B0BD01E4B0DF10E0203F1100153F8C1
S214011450040B8B4242F8040BF9D1B9E7104A0DF19F
S2140114600E0302F1100152F8040B8A4243F8040BF2
S214011470F9D1ADE7337803F0FB03022B03D100204B
S214011480104905F0F1FC20460EB070BD044901A8D4
S21401149023F0C9FA04460028C8D1F4E7635D0020AA
S2140114A0375D0020CED10300595D0020495D002044
S2140114B02452040025D10300DFD103001452040096
S2140114C0E8D1030080D1030070B5002686B004463B
S2140114D0252023F032FA1622002116480AF05CF87D
S2140114E0154B1E60154B1878FFF76AFD022814BFCE
S2140114F00123042303208DF8083023F06CFA04231B
S2140115008DF810300E4B02A80593039403F030FDBE
S21401151005460C4B0C4A19680C4B3046A14208BFD5
S214011520134600940A4A0B4905F09EFC284606B06D
S21401153070BD00BFD4560020303F0020635D002000
S214011540291801001866002000D0030008D0030007
S21401155024520400F9D1030008B5134A1378042B6A
S21401156009BF124B01331B78C3F10603DBB21370BC
S21401157003F0FD02092A04D11720FFF735FE1720D4
S21401158008BD0A4A1278002A14BF052206229A428A
S21401159007D1074B18680028EED0FFF795FF4D20BE
S2140115A0EEE70020ECE700BF635D0020595D0020F8
S2140115B01466002073B51E4C1E4E23683268134312
S2140115C034D01D4B1B6853B31C4D2B783BBB03F02B
S2140115D091FFF8B94FF48060FEF71EFB184B2468A4
S2140115E01B7894B1C3F102032B7003F047FD20462C
S2140115F0FFF76AFF04460020124B134A1349009472
S21401160005F032FC204602B070BDC3F10603346813
S2140116102B70EAE70121B42004F0E6F8EAE700209F
S214011620094A0B4905F020FC0224E4E70224E9E715
S2140116301866002014660020D4410020635D002057
S214011640595D002041D20300245204004DCC030012
S21401165027D203002DE9F347384D394E00202A7969
S2140116602B88384905F000FC3268287922FA00F008
S21401167010F0010002D1344905F0F6FB334F3C78F7
S2140116803CB10822324933480AF0D2FA041E18BF88
S2140116900124DFF8DC80DFF8A490DFF8B4A014E0C2
S2140116A098F8000049460130C0B288F8000023F0DF
S2140116B036F9002835D13C783CB1082251462548F8
S2140116C00AF0B6FA041E18BF01242A793368D340FB
S2140116D0DB07E5D5002CE3D100922B881E4A1F4973
S2140116E0204605F0C1FB1E4B1878FFF769FC012365
S2140116F00322124923F019F91A4A054613780133D1
S214011700137010B902B0BDE8F08720462B46124A86
S214011710154905F0A9FB284602B0BDE8F047FFF7DA
S21401172063BD0020114905F09FFBFFF715FF002858
S214011730E8D102B0BDE8F04700F01CB8D45600204E
S214011740303F002047D2030078D20300625D0020BC
S2140117505A5D0020E25600202452040047D30300BD
S214011760635D0020475D0020E8D2030011D303002B
S214011770365D00202DE9F041214C224D23780020D2
S21401178055F82330204A214905F06EFBFFF7ECFDA2
S21401179003461D4E1E4FDFF874802BB92378042BA9
S2140117A015D8B3B91B4B15E032463946002005F073
S2140117B05BFBFFF7D1FE00BB2378324655F823309A
S2140117C0414605F051FBFFF7CFFD0346E5E7092B40
S2140117D0E8D1114B00201B68104A11491360114BC8
S2140117E0187023F09CF820B1BDE8F0410120FFF706
S2140117F0FBBCBDE8F041FFF72DBFBDE8F08100BF9F
S214011800635D00201C6600202452040067D3030099
S21401181074D303001466002018660020303F0020B1
S214011820D4560020365D002070B51C4C23789BB33F
S214011830838913F4407F2FD0056835B12A46BDE869
S21401184070400020164905F00FBB23F066F8154ED0
S21401185003463070144A2846144905F005FB3378D0
S2140118601BB1BDE87040FFF785BF2378082B0CD865
S214011870042B0CD80E4B1B78C3F1060323700D4BBB
S214011880BDE870401868FFF71FBE0A2BF2D1BDE80D
S21401189070401820FFF7A8BC70BD00BF635D002034
S2140118A09FD30300485D002024520400CCD30300DC
S2140118B0595D00201466002030B5464D03460446A7
S2140118C0454A0020454987B005F0CEFA2B782BBB58
S2140118D001A823F0AAF8022301A88DF8043023F00A
S2140118E092F8B0B93E4901A823F08FF888B1152CBB
S2140118F00FD123F044F847F23153B0FBF3F202FB69
S214011900130000F51C50103080B203F0BFFB07B087
S21401191030BD162CFBD103F0F3FBF8E7152C2AD1CA
S21401192000202D4A2F4905F09FFA2B78042B11D061
S214011930082B0FD02C4B1B78DA070BD401A823F009
S21401194010F818B9BDF804309B0703D42B7843F080
S21401195010032B7023F013F84FF4FA63B0FBF3F285
S214011960FF2102FB1300C218204892B207B0BDE85F
S214011970304020F05BBE23F034F804460028C6D180
S2140119802B78013B092B1ED8134A194905F06CFA2E
S214011990184A194913780133D8B2107022F0BFFFE4
S2140119A060B12046154905F05FFAFFF7D5FD00281E
S2140119B0ADD107B0BDE83040FFF7DCBE07B0BDE8EB
S2140119C03040FFF747BE40F61C4007B0BDE8304048
S2140119D0FFF70ABC635D002024520400F0D3030025
S2140119E01452040007D40300355D0020103F002088
S2140119F01AD40300365D0020D456002011D303000C
S214011A002DE9F0410B4686B004460E4617463A4984
S214011A100246002005F028FA4FF000080123CDE920
S214011A2001380DF116030093424640230621204655
S214011A3022F057FA054640B102463049404605F0C5
S214011A4013FA284606B0BDE8F0819DF816202AB99B
S214011A5036B900202A4905F007FAF2E7012EF8D038
S214011A6082F00103002027498DF8173005F0FCF9B4
S214011A709DF817300DF1170633B310230022CDE978
S214011A80006306214023204622F0F6F9064630B1CF
S214011A90324600201C4905F0E7F93546D1E74FB933
S214011AA00821204622F04AF820B120469DF817105A
S214011AB022F023FB0521204622F040F80028C0D062
S214011AC0204622F017FBBCE74FB90821204622F03A
S214011AD035F820B120469DF8171022F00EFB102392
S214011AE00022CDE9006306214023204622F0C4F9F6
S214011AF006460028DED0CBE749D6030065D60300AC
S214011B007ED603009ED60300BED60300002208B58B
S214011B10034B11461B681B685879FFF771FF08BD18
S214011B209842002008B5044B00221B6801211B685F
S214011B305879FFF765FF08BD9842002008B5044BA9
S214011B4000221B6802211B685879FFF759FF08BD60
S214011B509842002010B50123002488B001A88DF812
S214011B600430CDE90244F5F7E3FC20469DF8042055
S214011B70124905F079F92046039A114905F074F9DE
S214011B802046029A0F4905F06FF910220E4B0DEB15
S214011B900201188840F0604040F48010FBF744F9D9
S214011BA020460A4905F07AF904A822F026FB2046C9
S214011BB0074905F059F908B010BD00BFD7D6030094
S214011BC0F6D6030015D70300D451040034D703001A
S214011BD03EFF030008B521F015F90020024905F083
S214011BE043F9012008BD00BF51D703000023054A71
S214011BF08360C360044BC0E9002311B14FF6FF7345
S214011C000B80704749107CAA4E30021110B504466D
S214011C1060B10020064905F027F9052C06D002F030
S214011C20CBF904490246002005F01EF9012010BD3B
S214011C3065D7030076D7030037B500216A4601ABA6
S214011C40054621F0A0F9044668B100220F49104666
S214011C5005F00AF902F0B0F90D490246002005F038
S214011C6003F903B030BD0B4905F0FEF8012020F062
S214011C70DFF801F099FF431C02D007F09DFFF0E763
S214011C8021462846FFF7A6FFEBE700BF9FD70300D4
S214011C9076D70300E7D7030038B5054601F084FF81
S214011CA0044622F0F3F94DB100200E4905F0DCF8A8
S214011CB0631C14BF2046002007F040FF21F0B0F857
S214011CC00228044605D0012805D10020064905F062
S214011CD0CBF8204638BD0020044905F0C5F800249D
S214011CE0F7E700BF04D803001ED8030037D8030067
S214011CF008B50020034A044905F0B6F8BDE80840D7
S214011D0000F050BDE1E7030050D8030008B50020FD
S214011D10034A044905F0A8F8BDE8084001F0CAB92D
S214011D206FD8030050D803001FB5D0E9023253F82C
S214011D30223068461C78214601F0D0FB684601F047
S214011D4073FC28B92246044905F08EF804B010BD8C
S214011D506846FFF771FFF9E775D8030000200149CF
S214011D6005F082B891D803007FB50DF1060102A8EF
S214011D70FFF73CFF0020264905F076F80020BDF865
S214011D800820244905F070F80020BDF80A202249F1
S214011D9005F06AF8039A0020204905F065F800204E
S214011DA01F4905F07BF84FF6FF73BDF806209A42EF
S214011DB029D000201B4905F057F800201A4A1B4974
S214011DC005F052F800201A4A1A4905F04DF800228B
S214011DD01949104605F048F80020154A174905F03C
S214011DE043F80A220020164905F03EF80A22002090
S214011DF0144905F039F80A220020134905F034F891
S214011E0007B05DF804FB0020104905F02DF8D4E773
S214011E10A0D80300B8D80300D1D80300EAD803003D
S214011E2003D903000ED70300E093040019D9030079
S214011E30C027090038D9030057D9030076D9030013
S214011E4095D90300B4D90300D2D9030016D90300EB
S214011E5008B50020034905F007F8BDE80840012051
S214011E6001F0FAB9F0D9030008B50020034904F0DF
S214011E70FBFFBDE80840002001F0EEB909DA0300D7
S214011E8030B5104B104D1B5C85B08DF80F302B789C
S214011E900446834206D00D4B0D4953F820200020FE
S214011EA004F0E2FF30232C700A4801930DF10F0372
S214011EB00093062280231921007821F0DDFF05B06A
S214011EC030BD00BF3B5204006B5D00204852040049
S214011ED021DA0300806A00201FB5232303900193B3
S214011EE0064803AB0093012280231921007821F0D4
S214011EF0C3FF039805B05DF804FB00BF806A0020AD
S214011F0073B5164D04462B78154ECBB120F0A9FFBC
S214011F10012815D0346040F6B244124B1B78072BCB
S214011F2017D02D78C5B920F09CFF031E18BF0123DA
S214011F300D48009522461921007821F021FB03E087
S214011F4000233360002CE8D1201E18BF012002B008
S214011F5070BD02250123EBE70025FBE7685D002045
S214011F60343F00206B5D0020806A002008B50448DD
S214011F70FFF7C6FFBDE808400220FFF781BF00BF9C
S214011F80C027090010B5064C208822F0B7F86088F3
S214011F9022F0B4F86068BDE8104022F0BEB800BF79
S214011FA0383F00207FB523238DF813300DF113033E
S214011FB0029304230648019305AB00930122802374
S214011FC01921007821F08DFF059807B05DF804FB14
S214011FD0806A00202DE9F047DFF84C91044699F815
S214011FE0000090460F4621F08BFD0B2899F8002043
S214011FF005D9BDE8F04700203F4904F035BF00266B
S2140120003E4B3F4D1E803F4BDFF820A103EB0013F4
S2140120105B8801202B802A7104F04EFE05F0F6FE47
S21401202004F04AFE204604F047FE0123042C8AF8F9
S21401203000300BD8022C45D89C4216D02346BDE86A
S214012040F0470020304A314904F00EBF062CF5D186
S21401205030462F4904F008FF384604F02DFEFFF7FE
S21401206091FF97B18AF800600FE04FF6FF76294F8F
S2140120703888801B18BF012004F01EFEFFF782FF80
S2140120803888B04201D022F039F819236B8099F8CC
S214012090003000202B71204B1B786B71EB8843F0CE
S2140120A04003EB801D4B198821F0D7FF034620B172
S2140120B0224600201A4904F0D7FE4046BDE8F04704
S2140120C0FFF71EBF304604F0F7FDFFF75BFFFFF793
S2140120D069FF22F022F8134B1B78002B0CBF3F2020
S2140120E0202004F0E9FD042CCFD14FF4806022F0CB
S2140120F005F83220C7E700BF34DA0300F85600209F
S214012100FC56002008410020EEC7030080DA0300D9
S21401211063DA0300EC5600207F6A0020206A002064
S21401212099DA0300675D0020806A0020685D002060
S21401213038B5044605200D46FFF7A2FE184B1A884F
S2140121404FF6FD739A4207D10020164904F08CFE23
S214012150BDE83840FFF70ABF65B1134A137801336B
S214012160DBB2092B137014D90A2200200F4904F0A0
S2140121707BFEEDE7012C0ED10B4B1D700C490D4873
S214012180FFF734FDBDE83840002101200A4AFFF779
S21401219021BF012CF2D0BDE838400748FFF7B0BE9A
S2140121A0206A0020D3DA03006A5D0020FEDA03000D
S2140121B0EC560020383F0020E093040008B506499D
S2140121C0002004F051FE0548FFF736FDBDE8084043
S2140121D000210846FFF7ACBF42DB0300383F002072
S2140121E0814237B50346154608D2002000910F4AB2
S2140121F00F4904F039FE002003B030BD0C1A224608
S21401220000200C4904F030FE40F6BB532246002065
S214012210094904F029FE4FF47A735C43074B012009
S2140122209C4294BF2C602B60E6E700BFEEC703001C
S21401223053DB030090DB0300ABDB030080EE3600CC
S21401224010B504460820FFF71BFE0D4B3CB91C7069
S2140122500021BDE8104006200A4AFFF7BBBE1B78E6
S214012260092BF5D90A220020074904F0FDFD0020BC
S214012270064904F0F9FDBDE81040FFF79FBF00BF17
S2140122806A5D0020C0270900D7DB030018DC0300C5
S21401229073B51F4D2C7834B100201E4902B0BDE83D
S2140122A0704004F0E1BD0220FFF7EAFDFF221A4E5E
S2140122B01A4B30781A7021F023FC0B2807D92046D8
S2140122C03278174902B0BDE8704004F0CDBD154B19
S2140122D01549009301EB0011012319224FF6FD70F9
S2140122E0498805F037FA70B12046104904F0BCFD64
S2140122F000220F4B0F481C700F4B1A7002B0BDE83E
S2140123007040FFF7FDBD01240C492C70EEE700BFBD
S214012310695D002029DC0300806A00207F6A0020B6
S21401232034DA030021260100084100206ADC03009C
S214012330685D0020C02709006A5D002090DC03006C
S21401234038B5144D04462B78052B21D91249FFF7D1
S2140123505DFC24B918B9114904F086FD0424104B1C
S214012360195D21B9BDE838400846FFF769BF032C5F
S21401237006D02B78052B03D006200A4AFFF72AFE43
S2140123800021094B08461970BDE83840FFF7D0BE5A
S21401239038BD00BF6B5D0020383F0020B2DC030073
S2140123A031520400C0270900685D002030B504469C
S2140123B089B00720FFF764FD052C0AD100222A4BBD
S2140123C003A91A7002A804AA01F0FEFD30B102208A
S2140123D045E09CB90122244B1A700224224D28782C
S2140123E078B1421E504221495041FFF755FC022365
S2140123F004462B70022C0ED10A200FE0022CE6D1E7
S214012400EBE7631F5A424FF0050018495A4120F086
S2140124102FFD0446EEE7032C04D10020FFF770FDE4
S21401242009B030BD062C06D10020114904F01CFD70
S21401243001232B70E0E70F4A0F4B2878002C18BFBA
S21401244013460E490E4A0094002808BF0A4600208B
S2140124500C4904F009FD201E18BF0120400009B0F8
S214012460BDE83040FFF76CBF665D0020383F0020B6
S214012470EDDC0300E6DC0300DFDC0300CEDC03005A
S214012480D8DC030028DD030013B51F4C0620FFF738
S214012490F7FC2278092A09D900201C4904F0E4FC3B
S2140124A0042002B0BDE81040FFF74ABF184B1B7866
S2140124B02BB300201FF0E0FC20F0D3FC68B9FFF737
S2140124C071FD144B196820F0C3FC0246042000215C
S2140124D002B0BDE81040FFF77DBD01A820F0BFFCAB
S2140124E0FF2809D14FF4FA6023780133237002B034
S2140124F0BDE81040FFF704BD0198FFF7EDFC4FF46F
S214012500FA620320E3E700BF6A5D002043DD0300B3
S214012510675D0020483F0020F023F0B589B0CDE983
S214012520000334488023002219210078324E334FAD
S21401253021F0A2FC0020324904F096FC32463946CE
S21401254003A801F041FD032804462E4D1CD10626A2
S214012550039A2D49002004F087FC0398FFF7BCFC82
S2140125600020396800F0ACFE2E7001F09FF90022C1
S2140125700446264B30461A70FFF782FC84BB09B02E
S214012580BDE8F040FFF780BF28BB7268204904F021
S2140125906BFC214604A8FFF729FB059B7268934252
S2140125A00BD020461B4904F05FFC072305202B7047
S2140125B009B0BDE8F040FFF7F9BE1A4620461649B5
S2140125C004F052FC0523002101202B7009B0BDE860
S2140125D0F040FFF7ADBD0020104904F045FCF1E7DF
S2140125E0042C05D0042009B0BDE8F040FFF7A8BED2
S2140125F009B0F0BD806A0020383F0020483F002027
S2140126007BDD03006B5D0020ACDD03006A5D00200E
S214012610E7DD030020DE030074DE0300B0DE030006
S214012620F7B50446876800202378364D012B2870BD
S21401263004D0354B3549187004F016FC26785EBB7D
S214012640334B1B78FF2B04D103B0BDE8F040FFF7F6
S2140126508DBC304B1B78032B11D82F4C0320FFF772
S2140126600FFC6946208822F0A4F9002843D02B49A4
S214012670208805F0EDF820B12E70FFF777FC03B047
S214012680F0BD0124204B26491C7004F0EDFB03200D
S214012690FFF7F6FB2C70F2E7012E25D13B78002BD5
S2140126A0EDD01B4D2B78FF2BE9D1A68802F04AFF0F
S2140126B0864206D100201B4903B0BDE8F04004F075
S2140126C0D3BB194BA2881B783BB132B11749002006
S2140126D003B0BDE8F04004F0C7BB7B6814491B7823
S2140126E02B700D4B1A80F2E7032E08D1082268469C
S2140126F0A16808F0A3FF6846FFF70EFFBFE70023B7
S2140127002B70A1E7685D0020695D0020CBDE030029
S2140127107F6A00206B5D0020206A002021260100D0
S21401272090DC0300EBDE0300655D002011DF030093
S2140127303CDF03007FB5094B1A78FF2A0AD11870CF
S21401274001F088FB0022064B0DF1060102A81A8053
S214012750FFF74CFA07B05DF804FB00BF806A002063
S214012760EA560020152838B517D10C4B1D78A5B9A7
S21401277022F005F9C4B2012C38BF01240120FFF76D
S2140127807FFB28462246064904F06EFB4FF47A701A
S2140127906043BDE83840FFF7B3BB38BD6B5D002032
S2140127A059DF0300034B1B78022B01D8FFF770BDDE
S2140127B0704700BF6B5D002070B5284C20F04CFBC5
S2140127C02578274EBDB10020264904F04DFB264A48
S2140127D0137801331370002323703378062B0AD144
S2140127E0BDE87040214B1868B0F5FA6F38BF4FF45A
S2140127F0FA60FFF785BB3378013B082B2CD8DFE85E
S21401280003F005090D2B13191D222700BDE87040A2
S214012810FFF7C8BFBDE87040FFF73ABD002323703D
S214012820BDE87040FFF7A2BB2946BDE87040012015
S214012830FFF77EBCBDE87040FFF726BE0220BDE86C
S2140128407040FFF7B3BD0120BDE87040FFF7F8BC4C
S214012850BDE87040FFF7B2BC70BD00BF685D0020E8
S2140128606B5D002088DF03006A5D0020343F002096
S21401287010B90520FFF764BD034B1B78062B01D169
S214012880FFF79ABF704700BF6B5D00202DE9F04748
S2140128908E68054633189A780C46092A8EB008D9F0
S2140128A00020A34904F0E0FA852420460EB0BDE8D6
S2140128B0F08750B98B899F49895C8B4205D200917C
S2140128C09D4904F0D1FA8024EFE79C4BE7881B88EA
S2140128D09F4236D09A490978012932D932B13A460F
S2140128E00020984904F0C0FA7E24DEE7964B1A7061
S2140128F0934B26791B78052B03D0012B3AD8FFF78B
S21401290051FF5EB93146204621F01CFD03460028E2
S21401291051D030468D4A8E4904F0A6FAD4F8088084
S214012920A48998F8037098F80450002E4CD13046CC
S214012930884A894904F098FA00210120FFF7F8FB3C
S2140129404FE00021804B1970072A00F28A8301A309
S21401295053F822F0F12801009F2A01009F2A010066
S214012960B12C0100B12C0100B12C0100472F010050
S214012970472F0100022B17D102F0E4FD8742B3D0A6
S2140129800020764A764904F06FFAFFF781FC46BBD1
S2140129903146204621F0D6FC034610B36B4A6C49FB
S2140129A0002004F061FA1CE06E4A00206E4904F033
S2140129B05BFA012479E7A3681B78DA06AED43246BF
S2140129C06A4904F051FAA9E700210AA8FFF70EF9AF
S2140129D0032F08D95F4B664A66490097002004F02A
S2140129E043FA002461E76B1E632B04D9594B604AF6
S2140129F061490095F2E7614BE4B2DB5D9C4209D088
S214012A00CDE901430020534B594A5D49009704F034
S214012A102BFAE6E757B3A4B222460521404621F039
S214012A20AAFBBDF82830834203D04A4B554A564983
S214012A30B6E7012F1AD022460721404621F09BFB1C
S214012A40BDF82A30834203D0424B4E4A4F49A7E78E
S214012A50032F0BD122460921404621F089FB0B9B0F
S214012A60984203D13B4B474A494999E7642D3FF4C5
S214012A7063AF21F084FF6423C0B2B0FBF3F203FB23
S214012A8012030133DBB29D42BFF456AFCDE90053CA
S214012A900020304B3B4A3F4904F0E6F9A1E7284BBA
S214012AA01B78052B01D03C4A7FE7EB1CDBB2277B6A
S214012AB0F45C44B123460020374A384904F0D4F97F
S214012AC000210C460BE00F2F0DD810232046344969
S214012AD00093314A3B4604F0C7F9802401210020C7
S214012AE0FFF726FBE1E60435EDB220462A4A2D49DA
S214012AF004F0BAF97A1B7119D2B206A820F0BFF910
S214012B0005443A46E9B2304621F032FB264D069A94
S214012B102B68264F9A42386001D100284AD12449B1
S214012B2000201D4A04F0A0F985240121D7E700BF43
S214012B30A5DF030074520400BDDF0300206A0020F5
S214012B406B5D0020ECDF0300685D002062E003009F
S214012B506AE00300F2E0030007E1030030E003004F
S214012B603DE0030092E003009FE00300BCE00300A9
S214012B701CE1030024E103003EE103003752040098
S214012B805CE10300B1E5030096E10300C0E1030048
S214012B90E8E103000FE2030043E203005DE2030005
S214012BA08CE20300A3E20300383F0020483F0020E8
S214012BB0CCE2030000F08EFF3E68B0420AD200F07D
S214012BC089FF9D4903463246204604F04DF9892483
S214012BD0012184E7079A6B689A4205D12046974AF5
S214012BE0974904F041F96BE79649097859B19A4239
S214012BF009D22046944904F037F996210620934AD3
S214012C00FFF7E8F95CE7924A924905A801F0DCF97A
S214012C10079E48B96A68964206D88F4904F024F997
S214012C200520FFF7C3FB40E6324600208B4904F03F
S214012C301BF939680027002000F042FB00206E6077
S214012C40FFF74AF9864B06201F80FFF719F9854BD7
S214012C501F7001F0B1F90646F8B94FF6FF73824AC4
S214012C600AA81188994214BF13463B466A882988E8
S214012C7001F012F90AA800F0D7FC58B10AA801F031
S214012C80DDF938B13046794904F0EEF80420FFF753
S214012C9057FB0AE6FFF7F8FB07E6042805D1744B55
S214012CA01921187820F083FCFFE538467149EBE7D7
S214012CB0714B1B78062B01D0704A76E6DFF8A0A18F
S214012CC0EB1C94F80C90BAF80080DBB22EB93046B3
S214012CD06B4904F0C9F88724E7E5F75C2C1D972FAC
S214012CE0E4B22FD025D8812F71D0952F67D017BB8E
S214012CF0B9F1100F7FF6E7AD31194A460AA820F060
S214012D00BEF80444E4B221464A46304621F030FA81
S214012D10231DDBB2053416F803A0E4B2A9EB0403C5
S214012D205345054666DA009338465346534A554995
S214012D30C7E5982F43D03B460020504A524904F03D
S214012D4093F8C8E7B9F10A0F7FF6BDAD1FFA89F708
S214012D5021463A46304621F00BFA05F108010446B1
S214012D603A46C9B2304621F003FA0AAA014620467D
S214012D70FFF736FA08B9454B0A93B9F10C0F12D989
S214012D8005F10C013A46C9B23046DDF8288021F03B
S214012D90F2F9044602463E49002004F065F8AAF816
S214012DA0004044440A940A9C3A492246002004F012
S214012DB05BF82046FFF7A4F820F059F811E63649EB
S214012DC0002004F051F80320FFF7BAFA09E6334C65
S214012DD023786BB120F03EF850B10020304904F062
S214012DE043F80023237020F042F8FFF74DFBF8E587
S214012DF02C49E5E7DFF8A49099F8003043B9FFF7CE
S214012E00D1F88542034607D01C4A27490095E5E5D7
S214012E1020F027F80128F2D110220D480AA908F05F
S214012E2007FF10B9BAF13F0F42D9144A1F490020D3
S214012E3004F01AF84FE700BFEBE2030043E2030099
S214012E4023E30300645D002058E30300C027090064
S214012E50383F0020483F0020E7DD030099E30300E8
S214012E60EA5600206A5D0020EC560020BBE3030012
S214012E70806A0020DAE303006B5D002000E40300B3
S214012E8015E4030042E5030024E50300E093040093
S214012E9050E403007BE403009AE40300675D00202E
S214012EA0B6E40300F5E403007EE50300BAE503009B
S214012EB06D4B187099F800304BB11FF0CBFF30B155
S214012EC028461FF0CAFF042807463FF48AAD51463C
S214012ED02846321920F004F928B10020634903F08E
S214012EE0C3FF042070E799F80030554463B11FF022
S214012EF0B1FF48B1FF2FF4D0012F3FF472AD032F7D
S214012F0016D11FF0B2FF05462846FEF7E5FF044638
S214012F100246052156481FF0D9FF564B1B689C42B6
S214012F200AD3204620F0D7F80520FFF73FFA58E5E8
S214012F301FF099FF8046E7E74046FEF7E1FF0028CD
S214012F407FF44FAD51E74C4B1B7803F0FD03082B84
S214012F5001D04A4A29E5A48935B1F27822B1002088
S214012F60474903F081FF2EE7E4B22246F11C0AA886
S214012F701FF085FF434BBDF828201988054691426E
S214012F800DD04FF6FF718A4209D03C4A00203E4BD5
S214012F903E4903F083FFBDF828203D4947E7BDF8C9
S214012FA02A20598891420CD04FF6FF718A4208D0E8
S214012FB0324A0020374B354903F070FFBDF82A200E
S214012FC0EBE70B9A5B689A420AD0013208D02B4A8B
S214012FD02E490020304B03F061FF0B9A2F4926E75C
S214012FE0A4B2E91C2246C9B2304621F0C1F8E91D57
S214012FF0C9B207462246304621F0BAF8431C0146BC
S21401300006D10820FEF73CFF2548FEF779FFE8E4E5
S214013010384606AAFFF7E4F8A8B9214B0693214BD8
S21401302000221978204B18781FF005FF069C2046D1
S214013030FEF766FF224600201C4903F015FF092013
S214013040FEF71EFFCDE440F6B733069A9A42E6D85D
S21401305040F6B8320020164903F006FF40F6B833B2
S214013060DCE7812421E400BF6A5D0020EDE5030072
S21401307010E60300483F00206B5D002019E60300C0
S2140130802EE60300383F0020B0E1030055E60300BA
S2140130900ED70300DAE1030070E603006DEE0300CD
S2140130A080EE36007F6A0020806A0020A8E60300D2
S2140130B07DE6030008B50420FFF742F90020FEF77D
S2140130C0DFFE0023054A19211370054A1370054BCC
S2140130D01878BDE8084020F06ABA00BF685D002095
S2140130E0695D0020806A002010B5164B164C1A78D0
S2140130F0164B002053F82220154903F0B5FE21781F
S214013100144B154A0020002918BF1A46134903F02C
S214013110ABFE23782BB1124B00201A68114903F03D
S214013120A3FEFEF73FFF0446FEF73CFF0E4B196871
S2140131301FF0BFFE2246BDE8104003460B490020A3
S21401314003F092BE6B5D0020685D002048520400CB
S214013150C4E603009AED03007BED0300D1E603000D
S214013160343F0020EBE60300483F002004E703005D
S21401317038B5014604460020FFF788FB054698B19E
S214013180E37C00200A4A0B4903F06EFE2379042BE8
S2140131900AD02946204621F0D5F8034620B1002062
S2140131A0054A064903F060FE6FF0FF0038BD00BF18
S2140131B0EEC703002CE7030062E003006AE00300A9
S2140131C010B51346094A127882420DD163B1084AF6
S2140131D0002014680A46074903F046FE2146BDE86A
S2140131E010400120FFF752BB10BD00BF806A0020CF
S2140131F0984200204EE7030010B50D4B1C782CB109
S214013200BDE8104000200B4903F02EBE6420FEF7F7
S21401321063FE4FF6F0716FF00F02074B0320C3E910
S214013220001222462146BDE81040FEF7D3BE00BF7D
S2140132306B5D002087E70300383F0020014B1870C4
S214013240704700BF675D002000210620014AFEF797
S214013250C1BE00BFC0270900014B1870704700BFF0
S214013260645D0020114B2DE9F04107460D461868B4
S2140132700F49101A09681FF01CFEDFF840800D4E3A
S21401328098F800400346FF2C307004D0A8420AD3B9
S2140132902C44A04207DB3A460020074903F0E4FD30
S2140132A0337888F800303078BDE8F081503F002050
S2140132B04C3F00206C5D0020B5E80300816A0020C9
S2140132C050EA010208D0FF22054B091A1A70054B75
S2140132D01860054B1960704711461046FFF7C2BFCC
S2140132E0816A0020503F00204C3F00202DE9F04F1E
S2140132F0AFB006AD284600F0FDFD0026624FDFF8B0
S214013300D091284600F090F9044648B900F0BEFD79
S2140133105E490246204603F0A7FD2FB0BDE8F08FB8
S21401332039460020F2B203F09FFD284616A900F0A8
S214013330FFFD044620B15649002003F095FD8FE0BD
S214013340BDF85820534903F08FFD49462046BDF885
S2140133505A2003F089FD2046BDF85C204E4903F053
S21401336083FD2046BDF85E204C4903F07DFD2046D6
S214013370BDF860204A4903F077FD2046199A49496D
S21401338003F072FD2046BDF86820474903F06CFD46
S214013390204646490DF16A0203F066FD444920467F
S2140133A0239A03F061FDBDF85C30D90705D52046A8
S2140133B09DF890203F4903F057FDBDF85C309A0711
S2140133C014D500203C4903F069FDBDF85830B3F52B
S2140133D0807F4FD1002020F015FF18B10DF191002C
S2140133E003F0C4FC0020354903F03EFDBDF85C3017
S2140133F05B070BD50020BDF8B220314903F034FD40
S2140134000020BDF8B4202F4903F02EFD06222846E1
S2140134100DF116030AA91FF07BFD044690BBBDF80B
S2140134201620294903F020FDDFF8A8A0DFF8A8B090
S2140134300DF12808BDF81610A2B2914210D9B8F8BD
S21401344000205146002003F00FFD0134D8F8042077
S2140134505946002003F008FD062C08F10808E9D1BA
S2140134606C46204600F05AFD94E80F00013685E8C8
S2140134700F0046E70123202200200DF1910103F001
S21401348057FCAFE7114957E7C7E8030094EA030082
S214013490D0E80300F4E8030028E9030041E903004B
S2140134A05AE9030073E903008CE90300A5E9030068
S2140134B0BAE90300D6E90300EFE903003EFF030083
S2140134C002EA03001BEA030034EA030067EA03008A
S2140134D00DE9030045EA030055EA03002DE9F04132
S2140134E088B004AD044628468846002700F002FD51
S2140134F06E46474507D195E80F0084E80F00204641
S21401350008B0BDE8F081304600F008FD96E80F00EF
S21401351085E80F00284600F087F801370028E8D133
S214013520014B0FCBE9E700BFC85404001FB5D0E933
S214013530023253F8223068461978FFF7CFFF684603
S21401354000F07CFD48B1042809D1074A002007494C
S21401355003F08AFC05B05DF804FB054AF6E7002097
S214013560044903F081FCF5E736F40300AFEA0300F3
S214013570E6ED0300BBE3030010B5D0E9023203EB2E
S2140135808201496853F8223098B00C6804A819786B
S214013590FFF7A4FF03AB40220093214608AB04A823
S2140135A000F0E2FC024628B100200E4903F05CFC64
S2140135B018B010BD039808A900F007040122C0F353
S2140135C0C70003F0FBFB039908A8091B0144064842
S2140135D001232246008803F0ABFB044803F0E4FB1A
S2140135E0E6E700BFBFEA0300085700203EFF0300DE
S2140135F0F0B504460D460B4BEF880FCB84E80F0061
S214013600AB882E899B0741BFD5F83900D5F83D1008
S21401361004F1080303C3EA682046278066806260D7
S214013620F0BD00BF80520400102208B5034908F01F
S214013630FFFA003818BF012008BD00BFC8540400B7
S21401364008B521F0FAFDC288FF219208012A38BF89
S214013650012202481EF0EAFF012008BD603F00205B
S21401366038B5134690B10120274A1070274A00202A
S2140136701160274A13600A46264903F0F5FB02F05B
S21401368043FB254B1870022002F044FB21F0F0FDAD
S214013690E8B91D4D1D4C2B782BB921F0CEFD2268C3
S2140136A0C368134423601A4B24681B689C4229D2C2
S2140136B021F0C3FDC168204606F022F80024024628
S2140136C02C7050B921F0D4FDFFF7BAFF03E0FFF7E5
S2140136D0B7FF0028DDD0012038BD20460F4903F092
S2140136E0C3FB0D4B187802F015FB00200C4903F0C4
S2140136F0BBFB00F091F908B900F0AEF92046FFF7E0
S214013700B7F8E8E70124ECE76E5D0020583F00209B
S214013710543F0020E6EA03006D5D002012EB030033
S21401372032EB030038B500F04BFA044600F042FADB
S214013730241A21F082FD054618B9B1211B4826F04E
S214013740A8FFAB8803F00303032B03D0B22117486D
S21401375026F09FFF00F02EFA05461FF04CFC0123D1
S2140137608340013B2B4203D0B421104826F091FF41
S2140137701FF041FC01238340013B234203D0B521C6
S2140137800A4826F086FF05F091FD05461FF033FC3A
S2140137904FF48063B3FBF5F3C440A34205D2BDE802
S2140137A03840BA21014826F074BF38BD48EB030003
S2140137B0FF2108B504481EF04AFFBDE80840002274
S2140137C011461046FFF74CBF603F0020F7B5044690
S2140137D00E4600F089F8054621F02FFDC3682B44FC
S2140137E09C4220D31FF007FC2C44C440013C114FDF
S2140137F03B68DEB1A34219D101340023ADF8043091
S21401380000F0E4F9054605F051FD103504FB0054BF
S21401381005F04CFD01A90246204605F099FD1FF072
S214013820FAFB386004E04FF0FF34E0E7A342E4DB44
S21401383003B0F0BD486600204FF0FF320A4B10B5CA
S2140138401A600022094B1A7000F0B4F9044600F021
S214013850B7F9214602460120FFF702FF00280CBFF8
S2140138600120042010BD00BF486600206F5D0020C7
S21401387038B500F0D1F808B9002038BD094D0A4C1A
S2140138802B7823B91FF0C7FB012320602B70246817
S2140138901FF0B1FB01348440EED000F025F820443F
S2140138A0EBE700BF6F5D00204866002070B50D4C49
S2140138B02368002B01DA012070BD00F07BF9054674
S2140138C021F0BBFC2468C6681FF095FB013404FA9E
S2140138D000F1294401208A19FFF7C2FE0028EAD028
S2140138E00420E9E748660020024B18680C301FF0F8
S2140138F0C2BB00BF4C660020FF2307B50021044A67
S21401390004480093FBF78AFC03B05DF804FB00BF94
S214013910B1370100603F00200E4B70B51C680546AC
S214013920036804F582641C440E46FFF7DDFF2B682E
S214013930834208D232681A44824208D9C31A012047
S21401394033602C6070BD044A126813441C1A0020B0
S214013950F7E700BF4C6600205C3F00202DE9F04FE2
S214013960B3F5803F87B00F469846019003D30020F9
S21401397007B0BDE8F08F03A904A8CDE90332FFF72D
S214013980CBFF0024824600F10109DFF888B05FFA18
S21401399089F9019BDDE90356AAB27BB1304610993D
S2140139A021F052FC0028E2D1B9F1020F2BD1DBF84D
S2140139B000300493019B03BB2F4421E03946304677
S2140139C005F0C6FC0028D2D1BAF1000FECD0002CCD
S2140139D0EDD105F06BFC2E44B6FBF0F303FB106053
S2140139E00028E4D005F062FC05A90246304605949D
S2140139F005F0AEFC0028DAD0B9E7109B2B441093F3
S214013A00A8EB05050395631C4B454FF00104C0D395
S214013A102046ADE75C3F00207FB56B460C4A106838
S214013A20516803C390680C2218600A4B0DEB020123
S214013A30186821F009FC0C2268460DEB020108F01B
S214013A40F7F8B0FA80F0400907B05DF804FB00BF54
S214013A50905204004C6600201FB5084A01AB10685E
S214013A60516803C3906801A91860054B0C221868B9
S214013A7005F06EFC05B05DF804FB00BF9052040033
S214013A804C660020F7B5044615460E4681B9072A4E
S214013A9003D80024204603B0F0BD0D4B8079196889
S214013AA0E379063000EB03200C3180B21FF0EDFA0B
S214013AB0002721462B46324638460097FFF74EFF31
S214013AC004460028E5D039467019FFF77FFEE1E786
S214013AD04C660020024B1868A0F50060704700BFD6
S214013AE05866002010B58AB0684606F015F810F042
S214013AF0FF0027D1009BFBB1174C01A9206005F000
S214013B0083FF10F0FF001DD12268009B9A4204D368
S214013B104FF4DD71114826F0BCFD019B104A114996
S214013B201360029A13440B600F49A3F500630A6001
S214013B300E4A1360009B63B940F2CF11074826F086
S214013B40A8FD06E0044A034612680020084903F06F
S214013B508BF90AB010BD00BF50660020FBEB0300D6
S214013B605C3F002054660020586600204C6600200A
S214013B70A3EC030008B5FFF7B5FF21F05EFB50B1DB
S214013B8021F05BFB064B02691B689A4203D2B32104
S214013B90044826F07EFDFFF7C5FD012008BD00BFE5
S214013BA058660020FBEB0300014B1868704700BF06
S214013BB050660020014B1868704700BF5C3F00202C
S214013BC0014B1868704700BF54660020014B186807
S214013BD0704700BF4C66002010B5FFF749FE04464B
S214013BE02849002003F040F90020274903F03CF95A
S214013BF00020264903F038F90020254903F034F95E
S214013C00244B00201A68244903F02EF92246234942
S214013C10002003F029F9FFF767FE2149024600203C
S214013C2003F022F91F4B00201A681F4903F01CF904
S214013C301E4B1F4C1A6800201E4903F015F9226816
S214013C4000201D4903F010F94FF4806200201B4943
S214013C5003F00AF9226800201949103203F004F92A
S214013C602268002017490C3203F0FEF82268002073
S214013C70154902F5826203F0F7F8BDE8104005F039
S214013C8049BA00BF22ED03005FED03007EED03009D
S214013C909EED030050660020C9ED0300E8ED030029
S214013CA00BEE03005C3F00202EEE0300546600205E
S214013CB04C66002051EE030074EE030097EE0300FD
S214013CC0BAEE0300DDEE030000EF03002DE9F0413C
S214013CD094B004460D460020482102AA1FF0E6F9DA
S214013CE018B9534903F0C0F819E0602200212046B4
S214013CF007F052FC04224F4902A807F099FF90B141
S214013D006DB19DF80B30002001939DF80A309DF8A7
S214013D100820009348499DF8093003F0A5F80120D2
S214013D2014B0BDE8F081BDF80C20B2F5807F22808A
S214013D3003D0424903F098F8F1E7BDF81420BDF826
S214013D400E102281DDF816206180E2600499BDF82C
S214013D501A206160228284F8320007AD04F1120253
S214013D600FAE2B4603CBB342106051601D4602F1E5
S214013D700802F6D10F9B324A63631360314B10225F
S214013D801846002107F008FCE288A38802802289F1
S214013D904280E26842600BB90020C1E70026354642
S214013DA0A388D90709D536B105F150026A4412F83D
S214013DB0482C84F838200135EDB29A0714D52088AE
S214013DC01FF08AF807466EB102AB03EB0508024600
S214013DD0414604F1390007F06FFD3A4641461A485C
S214013DE007F06AFD2F44FDB2A3885B070DD556B1D7
S214013DF005F150036B4433F8482C33F8463CA4F8DD
S214013E005A20A4F85C300435EDB2002EC4D1482DFA
S214013E1002D930460D4965E72946382002AA1FF027
S214013E2045F908B90A495DE738250126B8E700BF14
S214013E3023EF03009C52040055EF03008BEF0300B1
S214013E40803F0020843F00208C3F0020A6EF030027
S214013E50F6EF030030B50B4C99B025786DB9FFF736
S214013E6089FE68B129466846FFF730FFB0FA80F050
S214013E70054B4009187001232370002019B030BD8E
S214013E800120FBE7705D0020715D0020014B187872
S214013E90704700BF715D002070B51E46134B044687
S214013EA018881D46884298B002D15B88934206D096
S214013EB00F4B0FCB84E80F00204618B070BD96B1AB
S214013EC000216846FFF702FF0028F1D1BDF8043053
S214013ED05B0708D53388BDF85A209A42E8D8BDF862
S214013EE05C209A42E4D395E80F00E3E7843F002084
S214013EF0C8540400064B10B51B7804462BB9054B75
S214013F000FCB84E80F00204610BD034BF8E700BF37
S214013F10715D0020C8540400843F002010B504469B
S214013F20024B0FCB84E80F00204610BDC854040096
S214013F300B4B10B51B78044608467BB10021FFF7F2
S214013F40C5FE48B910222146064807F071FE003822
S214013F5018BF0120C0B210BD0120FBE70120FAE71F
S214013F60715D0020843F00202DE9F0410E46904609
S214013F700E4910221F4607F05BFE044670B90C4B33
S214013F803A461D683046AD1B454528BF454629467D
S214013F901FF08CF828B9074902F066FF0120BDE83A
S214013FA0F081069B20461D60F9E700BF843F002094
S214013FB0803F0020F6EF03000022024B1A70FFF745
S214013FC03BBC00BF715D00202DE9F0419CB00F465F
S214013FD016468046FFF74CFC05460246154900206A
S214013FE002F042FF382D20D9012104A8FFF76EFE0A
S214013FF00446D0B9119B04A93B606F463846FFF7CB
S214014000F7FA97E80F0086E80F00119BAB4297BFBF
S21401401001210324084AC8F8003094BF1170C8F87B
S214014020005020461CB0BDE8F0810022024B01245E
S2140140301A70F6E728F00300715D002070B5084D90
S21401404000262B7853B1FFF7F7FB04461022002118
S21401405004482E7007F0A0FA204670BD3446F5E7F6
S214014060715D0020843F002008B50020064902F05B
S214014070FBFE064B00201A78054902F0F5FEBDE866
S2140140800840FFF7A9BD00BF47F00300715D00209F
S21401409071F0030003460120024AC3E9032000220F
S2140140A01A7070470100FEFF2DE9F0410024264EEC
S2140140B0264FDFF8A88088B000F0D4F9A5B2854273
S2140140C002D308B0BDE8F081284603A91FF024F802
S2140140D0A2B23146002002F0E1FE9DF80D2012B397
S2140140E09DF81210BDF81030402914BF6E217921B9
S2140140F00020CDE900313946BDF80E3002F0CEFE83
S214014100BDF814201AB10020114902F0C7FE9DF82F
S2140141100C00BDF8182070B9079B0E490093BDF836
S2140141201A3002F0BBFE00200B4902F09DFE01345E
S21401413026F0BCFAC0E7BDF81C30414600930020CB
S2140141409DF81A30EDE700BF8AF0030090F00300F7
S214014150B3F00300BDF003003EFF0300E4F00300EC
S21401416010B500F0ABFABDE810400346024A002045
S214014170024902F079BE00BF0CF1030043B9030007
S214014180D0E9023253F8223010B5188800F086FACA
S214014190BDE810400346024A0020024902F064BE10
S2140141A012F1030043B9030010B5D0E9023200242E
S2140141B086B08DF8044053F8221003EB8203097889
S2140141C001A88DF805105A681288ADF806209A687D
S2140141D01288ADF80820DA681278ADF80C40A242D1
S2140141E014BF402280228DF80A201A691288ADF881
S2140141F010205A699B691288ADF812201B68059336
S21401420000F0D0FB034A03460349204602F02CFE89
S21401421006B010BDAECF030043B9030038B5002485
S214014220064D26F02FFA45F824000634C02CF8D1A6
S2140142300020BDE83840024902F016BE801000207A
S21401424019F1030030B5002087B0204902F00CFEBA
S21401425000201F4902F008FE00201E4902F004FE5D
S21401426026F010FA00240546A0B201A901341EF07A
S21401427053FF202CF8D126F005FA1749421B0020DF
S21401428002F0F2FD1549002002F0EEFD26F0FAF9E3
S2140142900446012000F09EF826F0F4F90E49021BB0
S2140142A0002002F0E1FD0E49002002F0DDFD26F0BF
S2140142B0E9F904461EF021FF26F0E4F9021B00206E
S2140142C0054907B0BDE8304002F0CEBD45F1030018
S2140142D074F10300A4F10300C1F10300D0F103005F
S2140142E0EAF1030010B50C4603F022FD08B9032CD1
S2140142F012D101F0FFF804280ED001F0FBF80528D2
S2140143000AD0064802F060FC1C2801D11FF0A2FE6C
S214014310BDE8104002F068BC10BD00BF05310300C7
S2140143202DE9F04F00274FF0FF36DFF8A4B0264CFA
S21401433087B0BBF80030B8B2834209D8731C3BD0B3
S2140143403246FF21214807B0BDE8F04F1EF06EB996
S21401435001A91EF0E1FE9DF8050001F001FFF8B18C
S2140143609DF80480B8F1000F1AD1BDF810A0BDF871
S214014370129026F087F918210246BBB24B43E0188B
S214014380E158007C4FF47A73A2EB010C50B103FBA9
S2140143900AF363450ED30B44981A864228BF064695
S2140143A00137C6E74D466B43FAD06345F5D319444A
S2140143B0881AF2E74046F0E7FF21044807B0BDE857
S2140143C0F04F1EF044B900BF80100020943F00203B
S2140143D0EE5600202DE9F041014688B058B102287A
S2140143E010D01EF0B3FE78B3D221194808B0BDE84C
S2140143F0F04126F04EB9FF23164A17480093FAF704
S2140144000DFFEEE700244FF001082746134EA5B234
S214014410284603A98DF80D701EF07EFE9DF80D004E
S21401442068B101F09DFE20B19DF80C300BB986F8FD
S21401443010800134202C06F11806E8D12546084BD9
S2140144401D80FFF76DFFCCE708B0BDE8F08100BF27
S2140144500AF2030089470100943F002080100020E3
S214014460EE560020014B1888704700BFEE5600201C
S2140144702DE9F04F634A077D89B004466249002062
S21401448002F00CFD00201FF0BDFE20B12368218A3A
S214014490588803F09BFC00205C4902F0E5FC637D34
S2140144A0DFF87491002B236808BF08205988574B02
S2140144B018BF00200093228A4FF0090314BF4FF063
S2140144C080084FF0400802F02FFBA289BB1C9342E4
S2140144D00CDB1FF031FF034620B100204C4A4D494A
S2140144E002F0C2FC012009B0BDE8F08FA068791C7B
S2140144F089B2C55D1FF03FFE0337012D0646BFB2E8
S21401450013D82368324659885879238A009343463C
S2140145101FF07BFA824600283ED1862002F0CCFBB3
S214014520284602F0C9FB304668E08520F6E703A975
S2140145301EF0F2FD9DF80C30AB4223D123689DF8A6
S2140145400D105A7991421DD1BDF80E105A8891422C
S21401455018D1BDF81020B24214D19DF81220424560
S21401456010D1BDF81410228A91420BD1002D38D0FB
S214014570BDF81810E288914204D19DF81A201B79E3
S2140145809A422ED00BF1010BB9F800305FFA8BF08E
S2140145908342CCD88B20C1E74FF0000BF4E79AF8A2
S2140145A0020002F089FBBDF818001FF0A7FDBDF858
S2140145B01A001FF0A3FD9AF8020003F027FE002858
S2140145C083D19AF8020001F09DFC0546079E002D56
S2140145D03FF47BAFF0B2013D02F06EFB360AEDB25E
S2140145E0F5E7002002F068FB284602F065FB30463E
S2140145F01FF084FD012DD2D1BDF81C001FF07EFDF9
S21401460063E700BF99F203006BE603003EFF030079
S214014610A6F20300C3F20300EE5600202DE9F04394
S21401462091B0694680461EF077FD0023194F8DF83C
S21401463001303888431E98B28045388009D16946D2
S21401464040461EF071FD68461EF055FD11B0BDE8EE
S214014650F0834FF0180905A91EF05EFD0E4C3E884A
S2140146600AAD09FB06460FCE0FC596E8030009FB07
S214014670084485E803000AAE404605A91EF054FD2D
S2140146800FCE0FC495E8030084E803006946388816
S214014690D7E700BFEE5600208010002008B5064B75
S2140146A01B88834205D9FFF7B9FFFFF739FE0020C3
S2140146B008BD2720FCE700BFEE56002038B5074DA1
S2140146C02C882CB9FF2106481DF0C1FF204638BDB5
S2140146D0601E80B2FFF7A2FFF2E700BFEE56002091
S2140146E0943F00202DE9F3479A4618239DF8289019
S2140146F0244FCDE9001203FB09731446D3E90223C4
S2140147001FF0F9FE064620460D4603F07FFD04F035
S214014710FD03382B80460FD1009432462B460021EC
S214014720DAF810001EF023FDB8F1010F1BD1354356
S2140147301ED102B0BDE8F087392CDAF810300BD163
S21401474007EE906A07EE103AF4EEC77AF1EE10FA29
S214014750ACBF01200020E7E79E4275F100032CBFA5
S21401476001200020E0E7B8F1000FE2D10028E0D0F8
S214014770182303FB097701233B7402B0BDE8F04719
S214014780FFF7CEBD801000202DE9F04F00252E4604
S214014790A846AA462C46DFF8BC91D1B0694BA8B210
S2140147A01B88834209D81CB161882079FFF79AFDDE
S2140147B0FFF7B6FD51B0BDE8F08F0BA91EF0ACFCBB
S2140147C025F060FF1823AFB27B4309EB030B59F8C2
S2140147D0033005909DF82D00049301F0C1FC0028DC
S2140147E000F0AE809DF82C10002940F0A980DDE98C
S2140147F00432D01A4FF47A72BDF8383053438342EC
S21401480000F29E809BF8103043B9BDF83A30002B79
S21401481000F096805343834200F29280FD230022EB
S214014820CDE9013210AB00930DF119020DF11A0317
S214014830E9B20BA8EFF74CFD002877D1BDF81A3086
S214014840DA1C0493D2B214B33F4B9DF82D101B888B
S21401485013442279914214D1BDF82E1062889142F8
S2140148600FD19DF83220B8EBD21F0AD1BDF8342003
S214014870524506D1B3424DDD0020344902F0F4FA28
S21401488001E0B342F8DC61882079FFF72BFD02F0E6
S214014890E7F904469DF932002D4BC043C00F009343
S2140148A0BDF834200A23BDF82E10C0009DF83280D2
S2140148B002F03AF99DF82D304FF0000B23714FF4BA
S2140148C08A53FF26BDF834A04FEAD818E38007A91B
S2140148D05FFA8BF01FF0B3FFC0B2B0B99DF81D10A0
S2140148E09DF82D20914210D1BDF81E10BDF82E2046
S2140148F091420AD122469DF829109DF81C001FF00E
S21401490024FDB04228BF3046C6B20BF1010BBBF105
S214014910200FDCD1BDF830001FF0F0FB9DF8190028
S21401492002F0CAF9049910A802F0DAF91823002255
S2140149305F4309EB07031A7425F0A4FE49F8070044
S21401494001352BE7EE560020F856002082F30300CF
S2140149503EFF03008010002070B500240126104D94
S2140149608AB02B88A0B2834204D80AB0BDE8704052
S214014970FFF7D6BC05A91EF0CFFB9DF8150001F088
S214014980EFFB50B19DF814303BB91A46CDE901361C
S2140149900093E1B205A8EFF79BFC0134E1E700BF05
S2140149A0EE5600202DE9F0430389DFF858818BB0DD
S2140149B0B8F800900093044683798288418840784D
S2140149C01FF023F8002800F09580E78927B1A38916
S2140149D0BB4200F291800027B8F80030BDB2AB426E
S2140149E014D84D4601264FF6FF73E2899A4226D126
S2140149F046B9B8F80030AB4202D92846FFF70EFE9A
S214014A00FFF78EFC00200BB0BDE8F083284605A911
S214014A101EF082FB9DF814307BB92268059B53403B
S214014A20FF2B0AD86368069E5E4036F07F4604D1A7
S214014A30BDF81C2023899A42D5D00137CCE7E2681D
S214014A409A422BD0002E53D1D4E90323CDE9082373
S214014A5005A81EF050FB0028D5D1B8F80030AB42AF
S214014A6004BF6B1CA8F8003025F00CFE18236B431E
S214014A70234AE9B2D050D418002305A81A46CDE936
S214014A8001330093EFF724FC18B100220023C4E998
S214014A900223284605A91EF047FBB1E7234605AACF
S214014AA004F1100C174618685968083303C76345A4
S214014AB03A46F7D11868386005A81EF01FFB002893
S214014AC0C0D01F2D1AD800238DF8143063788DF8C6
S214014AD015306388ADF81630A388ADF81830A37981
S214014AE08DF81A302389ADF81C300028B0D1ABE719
S214014AF00020E6E7862086E7872084E7892082E78C
S214014B0080100020EE5600202DE9F04FB04A90F8B4
S214014B1014908DB00446AF49002002F0BFF9002082
S214014B201FF070FB20B12368218A588803F04EF9E4
S214014B300020A94902F098F9637DDFF8B8A2002B9E
S214014B4014BF802340230293236808BF0820598896
S214014B50A14B18BF00200093228A072301F0E4FF2F
S214014B6000230393A28909F10305954211DB039BF8
S214014B7013B9184602F0A0F81FF0DEFB034620B179
S214014B800020964A964902F06FF901200DB0BDE863
S214014B90F08FA06809F1010189B210F809601FF0D1
S214014BA0EAFA3246804603468E490020ADB202F04C
S214014BB05BF98EB1012E00F08A808527384602F017
S214014BC07BF8304602F078F840461FF097FA852FBA
S214014BD0D2D00123039376E0A06809F10401A289EB
S214014BE089B2475D1FF0C7FA09F10601A289049050
S214014BF089B2A0681FF0BFFA3A4605900090049B60
S214014C003046794902F030F909F1080938461FFAA9
S214014C1089F503F0FBFA002857D1384601F072F9FE
S214014C20294603468146A289A0681FF095FA6F4976
S214014C308346304602F032F9A1684A462944334693
S214014C40304602F075F83046634902F00DF9A94482
S214014C501FFA89F52368424659885879238A0093B2
S214014C60029B1EF0D2FE18B18378BB4240F0AC80A6
S214014C70483FFFB2092F05D840F21133FB40DB074E
S214014C8000F1A48000238DF81C30236807A85A7908
S214014C908DF81D205B88ADF82080ADF81E30029B94
S214014CA0CDF82CB08DF82230238AADF82430049B41
S214014CB0ADF82830059BADF82A30FFF773FE07469E
S214014CC000287FF47BAFA9464CE7B346C2E72946E6
S214014CD0A289A0681FF04FFA4FF0000B0246074664
S214014CE04349002002F0C0F809F10509BAF800307E
S214014CF01FFA89F5BAF800201FFA8BF94A4503D83E
S214014D001F2B31D9892759E7484607A904931EF076
S214014D1003FA9DF81C20049B012A22D122689DF8E3
S214014D201D00517988421CD1BDF81E005188884269
S214014D3017D1BDF82010414513D19DF822100298D5
S214014D4081420ED1BDF82400218A884209D1BDF8DE
S214014D502800E188884204D19DF82A1012799142F0
S214014D601BD00BF1010BC5E7012299468DF81C20DB
S214014D70226851798DF81D105188ADF82080ADF864
S214014D801E1002998DF82210218AADF82410E188B0
S214014D90ADF8281012798DF82A2007A8ADF82C70E6
S214014DA01EF0A9F9074600287FF408AFBAF80030CC
S214014DB04846994508BF09F1010307A908BFAAF8A3
S214014DC000301EF0B1F97EE78D27F7E68C27F5E671
S214014DD0ADF303006BE603003EFF03000EF4030091
S214014DE0C3F20300B5F30300D2F30300F3F30300A9
S214014DF0FEF30300EE5600202DE9F04F07468846E5
S214014E009146002589B09A46BDF848B09DF84C6099
S214014E10149C224B1A88A8B2824235D903A91EF0E7
S214014E207BF99DF80C201D4BB2BB9DF80D10B942C5
S214014E3032D1BDF80E1041452ED1BDF810104945AE
S214014E402AD19DF81210514526D1BDF814105945A6
S214014E5022D13046029201F055F8A6F14103012B0A
S214014E6001460AD820461FF08CF90D4B0D4A204406
S214014E7084420CD10421029302ACEDB232462046A4
S214014E80009503ABFFF72EFC09B0BDE8F08F14F8D0
S214014E90011F4B405343EBE70135BBE7EE560020BD
S214014EA0C59D1C81930100011FB50F4C2478C4B128
S214014EB042EA03229DF818308DF8051042EA432293
S214014EC00A4BADF80C201A78094B8DF80610079995
S214014ED003EB021300908DF80400DB68684602912C
S214014EE0984704B010BD00BF725D0020745D0020BD
S214014EF0B43F002073B51A4DFF211A481DF0A7FBD9
S214014F002B7853B3184C194E2378180106EB03136C
S214014F101A7A5968305C1FF016FD4D281DD0E0B195
S214014F20012300212278CDE900311201B25CC0B222
S214014F30FFF7BAFF0A2223780A480133DBB2B3FB34
S214014F40F2F102FB1133FF2123702B78013B2B700A
S214014F5002B0BDE870401DF072BB02B070BD00BF6C
S214014F60725D002054400020745D0020B43F002094
S214014F70F8B5104F3E780A2E1AD00FC8DFF840C099
S214014F800D4D9CF80040013605EB041585E80F0031
S214014F900A230134E4B2B4FBF3F203FB12440748DC
S214014FA0FF218CF800403E701DF049FB0020F8BD43
S214014FB00120FCE7725D0020B43F00205440002031
S214014FC0735D00200021024A0248FAF75DB900BF6E
S214014FD0F54E010054400020002337B50C46124D13
S214014FE012492A78CDE9003312018A5C0123014671
S214014FF0E0B2FFF759FFA4B90D490A788AB10A2031
S2140150002B78013A0133DBB2B3FBF0F40A70FF21CF
S21401501000FB143307482B7003B0BDE830401DF089
S2140150200EBB03B030BD00BF745D0020B43F00204E
S214015030725D00205440002008B500F0BDF850B164
S214015040054B064A0649052808BF1A46BDE808402A
S214015050002001F009BF08BD22F403003EFF030053
S21401506043F4030008B503201FF087FC10B90122A2
S214015070014B1A7008BD00BF755D00200022024B6F
S21401508018781A70704700BF755D00200246FF2130
S21401509001481DF0CBBA00BF74400020114B37B554
S2140150A01D78C5B9FF2110481DF0D1FAFFF7DAFFC8
S2140150B0044600900D4B28460D4A0E4901F0D4FED9
S2140150C04CB10D4B1B78DB0605D528461FF02FFC8F
S2140150D020461DF081FE094B186803B0BDE830403C
S2140150E0FFF7D4BF755D00207440002060F4030014
S2140150F08EF403004DCC0300635D00205C66002047
S214015100FF2101481DF0A3BA7440002070B51A4E65
S214015110054633780C466BB30020184A184901F04F
S214015120BDFE032C01D0652C20D11649002001F0CC
S214015130B5FE22460020144901F096FE00201349D0
S21401514001F0ACFE012329460822002001F0F0FD03
S21401515000200F4901F088FE032C88BF002320465B
S21401516088BF3370BDE87040FCF7BEB8012CE0D0B4
S2140151700849DBE770BD00BF755D00208EF40300B3
S21401518037D00300A1F40300EED60300BFF40300FA
S2140151903EFF0300B7F40300014B1860704700BFE1
S2140151A05C6600200021024A0248FAF76DB800BF8B
S2140151B09D50010074400020054B10B51C782CB999
S2140151C00448FF211DF03BFA204610BD0520FCE7F0
S2140151D0755D002074400020F8B50024074B084E8A
S2140151E01D68084FE3B29D4204F1010400D8F8BDE2
S2140151F0394656F823001CF0E1FBF3E79C700400E7
S214015200A07004002867002010B5044C23780BB169
S2140152101FF0A3FB0123237010BD00BF826A00208C
S2140152202DE9F743254B0D4616460446019350B12A
S2140152304AB1042301AA12F8011BA94235D0013B49
S21401524013F0FF03F7D1212003B0BDE8F08317F870
S214015250010F90FAA0F0000E1CF0ECFD014608EBE1
S21401526007039945F3DCCAB2C1F30F2392FAA2F2FF
S21401527093FAA3F3120E1B0E03EB0223DB43621910
S21401528012F8020C99B2DBB298420CD112F8013C2A
S214015290B3EB112F07D132462146284603B0BDE8AD
S2140152A0F0431FF0C2BA2320CEE74FF6FF71671E08
S2140152B0A5F10209C4F10108D1E700BF080A0E12E0
S2140152C0014B1870704700BF765D0020024B1A68CC
S2140152D018608260704700BF60660020024B186845
S2140152E000B14068704700BF6066002070B5044694
S2140152F000250A4B1B687BB100211E8807E05A680F
S21401530002EB0110013145B9021B554255418AB2E3
S2140153109642F4D89B68EEE7184670BD606600209A
S2140153202DE9F04F1E46002393B0022E074688460D
S2140153301446DDF870909DF874A0ADF81A3040F26E
S214015340C08099F800305A0729D5042E40F2B9805A
S21401535099F804B000255F4B33F83520002A00F099
S214015360B68001350A2DF7D1209B002B40F0AD8089
S214015370FF250023207908AA0DF119018DF81930AF
S2140153801EF08DFE70B1BDF82C309DF819002380FB
S2140153901EF007FF0790C0B113B0BDE8F08F99F873
S2140153A002B0D7E720791EF0ABFB0B28059000F280
S2140153B08A8020791EF006FF07900028ECD1464A25
S2140153C0059B02EB03135B8823804FF6FF73002FC8
S2140153D008BF434662880021CDE90023584652465D
S2140153E0238802F0FDFD18B1E38843F02003E38033
S2140153F0209B07A90DA8CDE90D34CDF83C90ADF85A
S2140154004080ADF842608DF844708DF845A01EF0DE
S21401541059FE08B10798BFE7484602F025FDA01DD2
S21401542002F010FD2246414638461EF08EFFB0427D
S21401543027D3E3882246C3F30E03E3809DF87C302E
S21401544041460393BDF87830384602930DF11A03AE
S214015450CDE90093F3B21EF0C6F8209B079003B384
S214015460F8B9BDF81A2042B1092D06D81B4B03EB3B
S214015470C5018A80209A43F835201120FAF7CCFB23
S2140154801CE0BAF1000F0AD10DF11A03CDE9006351
S21401549022464B4641463846FAF7D2FFDDE738202A
S2140154A0DBE7052807D1E388DB0607D500230120C3
S2140154B00793FFF705FF079B002BDED01EF076FE55
S2140154C0A8E7012068E7212066E71C2064E7EDB223
S2140154D04FE700BF9C400020084100209840002074
S2140154E04FF6FF72024B1A805A809A80704700BFAF
S2140154F0F056002010B5044C2379FF2B02D11FF083
S2140155005AFA2071207910BDF056002010B50C4CC7
S2140155102379FF2B08D100201EF043FE20B91FF08F
S2140155204AFA20711EF042FE2079022805D004387E
S214015530012894BF0020012010BD0020FCE700BF19
S214015540F05600204FF6FF7310B5044C22889A429D
S21401555002D11FF026FA2080208810BDF0560020C8
S21401556010B5FFF7BDFF40F61D439842044607D825
S214015570B0F5416F05D2182826D8152848D829D065
S21401558010BDA0F541630D2BFAD801A252F823F005
S214015590D5550100D5550100815501008155010001
S2140155A08155010081550100815501008155010099
S2140155B02556010037560100D1550100D15501008D
S2140155C0D1550100D155010040F606439842D7D186
S2140155D01C4920E0FFF7B6FF1B490246002001F0F8
S2140155E043FC152C05D11FF0C6F9BDE810401EF08E
S2140155F072BD164B164A1749B4F5416F08BF1A46D5
S214015600002001F031FC1EF065FD1EF064FDECE7A4
S2140156101628DDD11049002001F026FCBDE8104017
S2140156201EF07BBE1EF0C6F8BDE8104002460B49D0
S214015630002001F019BC0020BDE81040084901F027
S21401564013BC00BF1EFC0300CBFB03003EFF0300A0
S214015650C6FB0300E7FB030007FC030033FC030063
S2140156605BFC030007B5094A0346108831B9084AAE
S214015670084903B05DF804EB01F010BC0091064A3E
S214015680064901F00BFC03B05DF804FB0857002047
S2140156904AC703007BFC0300EEC703004DCC0300A2
S2140156A00D4B37B51B68044693B11D780389012D50
S2140156B008BF02250093C37A084A0020084901F072
S2140156C0D3FB2146284603B0BDE830401FF02BB976
S2140156D0022003B030BD00BFD4410020F0FC03001F
S2140156E09FFC0300002010B51EF05BFD0D4B1B68F0
S2140156F063B15A78052A03D862B1052402220AE06A
S214015700FF2AFAD00020084901F0AEFBBDE81040A0
S2140157101EF04CBD144610461FF061F920461FF0DE
S2140157205CF9F3E7D4410020F5FC030013B5134CF4
S21401573000201EF036FDFFF7D3FE23689BB101A8BB
S2140157401EF02BF878B923681A789DF804309A422F
S21401575009D0D91E032906D9D11E012903D9012A48
S21401576007D1022B05D1032301A8ADF804301FF0A1
S214015770E0F802B0BDE810401EF018BDD44100208C
S21401578000231946034A01330A2B918042F8081B6D
S214015790F9D17047984000207FB50E4605461FF0A8
S2140157A0CAF82A46044603460D49002001F05CFB70
S2140157B096B10C4B36211A889B78ADF80C208DF8E3
S2140157C00E300323002200934FF6FC7003AB8DF8D6
S2140157D00D501FF004F80446204604B070BD00BF0B
S2140157E016FD0300D8540400FF2810B50C4604D15A
S2140157F00020044901F038FBFE202146BDE8104098
S214015800FFF7CABF2FFD0300F8B51E460B880746F3
S2140158100C461546002B64D14A88B1F902100020C7
S2140158200029B8BF6B78304901F01EFB6288132A45
S2140158301DD002F5FF437F339BB2052B23D8A2F57B
S2140158400042013A052A1ED8DFE802F0193F1D037F
S2140158503C09264A2649002001F006FB13E0254AAA
S2140158602349002001F01AFB2A792349F3E7022E87
S21401587094BF4FF6FF72B5F801202049EBE70020F0
S2140158801F4901F0F1FA33462A46214638461FF0F1
S2140158909CFF70B933462A46214638461FF097FFCB
S2140158A048F2210362889A4203D1384669781EF08D
S2140158B0FFFB6388B3F5004F02D90820FAF7C6F953
S2140158C00120F8BD2A790F49C5E70F4A084900208B
S2140158D001F0E4FA032E94BF4FF6FF726A880B4973
S2140158E0B9E70020EDE700BF6AFD030092FD030063
S2140158F099FD0300AAFD0300B0FD0300BEFD0300F1
S214015900D6FD0300F0FD030012FE030017FE0300A0
S2140159102DE9F04116888AB0DFF88C80ADF80E309C
S2140159200DF10E03C8F8002015460093324610AB61
S21401593007460C46FAF716FE90BB109B8DF824001E
S2140159400693BDF80E3004A8ADF81C30AB898DF86F
S2140159501070ADF820306B890594ADF81E60ADF877
S21401596022301EF0ADFBD8B921463046BDF80E30C8
S214015970109A01F0C9FF98B921463046BDF80E309D
S214015980109AFFF741FF58B9CDE900603946204625
S214015990BDF80E30109A02F049FB08B9C8F80000AD
S2140159A00AB0BDE8F08100BF94400020F0B585B094
S2140159B004AB03E9030000231C469DF80D609DF827
S2140159C00E70154AD9B202EBC1004568EDB99DF8D3
S2140159D00C30284600939DF80A209DF80B300F499D
S2140159E001F05CFA26B1324628460D4901F056FA16
S2140159F00C4A0020002C18BF2246BDF808300A4980
S214015A0005B0BDE8F04001F02FBA12F831100133AD
S214015A10B94208BF2C46D5E78054040029FE03008E
S214015A203AFE0300B9C603003EFE03004FF6FF73BD
S214015A3010B5084C88B062889A4207D102A90DF1C8
S214015A4007001DF0A8FEBDF810306380608808B01E
S214015A5010BD00BFF05600202DE9F04F85B08946F5
S214015A6092461C460746BDF83850BDF83C80109E4D
S214015A70002833D00346464A0020464901F00EFA74
S214015A802388002B76D040F20912934274D0424A02
S214015A904249B3F5827F08BF0A46CDF80480618883
S214015AA0002000913E4901F0F9F9238893B1B8F13D
S214015AB0020F0FD933783B4913F0010F3A4A18BF4A
S214015AC00A4659074FF000004CBF3379B37837497F
S214015AD001F0E4F90020364901F0C6F90023354902
S214015AE031F83320AA4249D1334A52F833B0002361
S214015AF031F83300DA00A84246D100202E490A4484
S214015B00908041F8330047B9238833B9B4F902309D
S214015B10002B02DB0820FAF77FF80120FAF796F847
S214015B209EB13578EB0710D515F0040004D0424637
S214015B30012130461EF01FFBCDE901704346224687
S214015B405146484600961EF038F8BBF1000F06D0C5
S214015B504346224651464846CDE90067D847434664
S214015B60224651464846CDE900671DF0ECFC05B0DB
S214015B70BDE8F08F114A90E7114A8EE701330A2BF0
S214015B80AED14FF0000BB2E701330A2BB0D1BAE722
S214015B90F6BD030065FE0300BAC6030053FE03000C
S214015BA073FE030056FE03005EFE0300A4FE030020
S214015BB03EFF03009C400020984000204CFE03005E
S214015BC050FE03000D4BF0B54FF00C0C1F88054638
S214015BD000230B4EDCB2BC4201D30020F0BD0CFB0F
S214015BE004F43019345DAC4205D144888C4202D1AC
S214015BF004799442F2D00133ECE700BF226A002018
S214015C007066002073B501262B4D2C4C2A46204683
S214015C10FF2300210096F9F701FB2A462046FF23C1
S214015C2000210096F9F7FAFA2A462046FF230021BA
S214015C300096F9F7F3FA2A462046FF23002100963C
S214015C40F9F7ECFA2A462046FF2300210096F9F7D9
S214015C50E5FA2A462046FF2300210096F9F7DEFAE8
S214015C602A462046FF2300210096F9F7D7FA2A464E
S214015C702046FF2300210096F9F7D0FA2A4620464F
S214015C80FF2300210096F9F7C9FA2A462046FF238A
S214015C9000210096F9F7C2FA2A462046FF23002182
S214015CA00096F9F7BBFAFF232A4600212046009604
S214015CB0F9F7B4FA02B070BD752E0300E840002073
S214015CC02DE9F84300244FF00C090C4B0C4F1E78BD
S214015CD0DFF830803A88E5B2954202D33046BDE817
S214015CE0F88309FB0585FF21A8681CF0BEFC18B9DE
S214015CF0AB799E4238BF1E460134EBE7775D002044
S214015D00226A002070660020014B1878704700BF99
S214015D10775D0020014B1870704700BF775D00204B
S214015D20F8B506460C461EF0B8F90546C8B9304621
S214015D301DF0E6FE0B2815D80B4B03EB00131F7B5B
S214015D4087B95A88012122809A88304662809B79D9
S214015D50237100F037FA39466071304600F032FAA6
S214015D60A07101252846F8BD0841002070B50446FB
S214015D700E4615461DF0C4FE0B2802D94FF6FF70DD
S214015D8070BD094B03EB00131A7B002AF6D146B906
S214015D9001222946204600F03DFA0028EED0008870
S214015DA0EEE7012EEAD1F4E708410020FF2313B500
S214015DB00DF1070104468DF807301EF06CF918B195
S214015DC09DF8070002B010BD074B03EB04131B7BC5
S214015DD00BB1FF20F6E7204600F03AF90028F8D08C
S214015DE0204600F0E9F9EDE70841002013B5F6F783
S214015DF00BFA0446F6F70EFA22460346124900202D
S214015E0001F032F800F084FFFFF7BAFC00F0A6F8C4
S214015E100221084602F046FDFFF764FC41F2490004
S214015E201EF0EFFD4FF0FF130093FF2368468DF839
S214015E3004301EF0CCFD4FF400401EF0AAFD0020F9
S214015E401EF0C7FD02B010BDF3FE030038B50546CF
S214015E501EF043F990B928461EF0EFFC044628B11F
S214015E6040F60443984214BF88248D2423462A46CC
S214015E700020034900F0F8FF204638BD8D24FBE7DB
S214015E800BFF03002DE9FF4705460E4617469846C9
S214015E90BDF83090DDF834A0BDF83840CDF800905C
S214015EA0CDE9014AE4B2FFF7D7FD43463A4631460B
S214015EB02846CDE90094CDF808A01FF04FFCFF213D
S214015EC0034B044A044804B0BDE8F04700F01ABE8C
S214015ED0FC560020F85600204F5F0020044B014678
S214015EE01888102240F0404040F48010F6F79CBF1E
S214015EF0D6510400024B18685968FFF757BD00BF1A
S214015F00829504000123064AD15C814202D1054AEA
S214015F10D05C704702335F2BF6D10020704700BF7C
S214015F20DA540400DB54040070B500220446094B21
S214015F301D78094BD0B2854201D8FF2070BD1E786E
S214015F40A64204D10029F9D05E7BF607F6D40132C9
S214015F501033EFE7785D0020084100202DE9F0417D
S214015F6098B06B46304A1068516803C390680CAA13
S214015F7018602E4B14469C4603F118061546186801
S214015F805968083303C5B3422A46F7D112AA174601
S214015F90274B03F11806154618685968083303C5D8
S214015FA0B3422A46F7D1234A03AB106851684FF033
S214015FB0010E03C3906871681860DCF83000002297
S214015FC006AB03C30C21EC46B068CDE90922186084
S214015FD0194BDFF86C801970184B0DEB01060B920C
S214015FE006AD09A91CF8010B0132187034F8020B32
S214015FF00C2A588037F8020B83F80DE0988016F8C3
S214016000010B03F1100303F80A0C15F8010B08EB5A
S214016010C00043F8080C11F8010B03F8040CE1D199
S21401602018B0BDE8F08100BF25FF03004A58040000
S2140160306258040032FF0300785D0020084100200A
S21401604044550400014B1878704700BF785D002066
S214016050034B03EB0013587B00F00100704700BFB1
S21401606008410020F0B504460846D9B100220E4B7F
S21401607011461F780D4B1D46D6B2B74201D80020F7
S21401608010E01E78A64206D09E68F688314489B292
S21401609001321033F0E75E7BF607F9D505EB021502
S2140160A00180A868F0BD00BF785D0020084100208F
S2140160B02DE9F347894690461D46074618B9002044
S2140160C002B0BDE8F0870029F9D0002AF7D0002BEE
S2140160D0F5D0002400780DF10601ADF80640FFF773
S2140160E0C1FF0028EBD039460DF10602BDF8066067
S2140160F01DF0FBFB07460028E1D00DF10602BDF8B6
S21401610006A01DF019FC0028D9D0C9F80070C8F8FF
S2140161100000037913F0200219D1DB0614D4BDF870
S21401612006300C4A564413FA86F612FA86F20BE04B
S2140161301A790C33920642BF13F8092C891889B2D2
S2140161409842F5D8044A0A4401202A60B8E7214655
S214016150024BF5E79B5E0020795D00208457040022
S21401616008B50021FFF7E0FEFF2817BF044B0846DD
S21401617003EB0013587B18BF00F0010008BD00BFF9
S214016180084100202DE9F0410D4616461F461DF038
S214016190B7FC0B280AD8074C3B4604EB00103246E6
S2140161A02946BDE8F04180681DF077BC0020BDE8B7
S2140161B0F08100BF08410020014B0001185C7047C8
S2140161C00841002070B50C461DF09AFC0B281BD820
S2140161D00F4B03EB00139A68C2B10023142618462E
S2140161E01579D9B28D4200D870BD116806FB03112E
S2140161F0097B34B911F0800F1CBF0130C0B20133E6
S214016200EFE711F0400FF7E70020EDE71046EBE768
S21401621008410020F8B50D4616461DF071FC0B2806
S2140162200BD80F4B4FF0140C03EB00139A680023A6
S2140162301C461779D9B28F4201D80020F8BD1068E4
S2140162400CFB0300017B46B911F0800F03D0AC4272
S214016250F4D00134E4B20133ECE711F0400FF5E776
S214016260084100202DE9F04F064600243A4B87B03E
S2140162701B783A4F0093009B9C4207D2FF2E08D012
S21401628030461DF03DFC0B28044606D907B0BDE894
S214016290F08F07EB04131B7B2BBB23014FF0000889
S2140162A0019307EB041A14E014221B6802FB053560
S2140162B02B89B3F5967F01D924F0F8F94FF0000940
S2140162C04FF00C0B29891FFA89F291420ED808F17A
S2140162D00108019B5FFA88F5FB189B681A79AA42A8
S2140162E0E2D8FF2ED2D10134E4B2C4E71FFA89F016
S2140162F00BFB00F06B6819180A7912F0100F23D106
S2140163009AF800E012F0400F8DF80CE0B5F800E0C6
S214016310185AADF80EE00CBF4FF0400E4FF0800E4D
S214016320ADF8120028468DF810E01DF0AAFA5307C2
S214016330ADF81400C8780AD50228896800D909681A
S214016340002203A81DF079FB09F10109BAE702282A
S2140163508CBF89680831F3E7785D0020084100208A
S214016360052370B5094A06881488B44208D1957881
S214016370047B2C403F2C03D90D4201D0506870BDE0
S214016380013B02F10802EFD11846F8E7F457040082
S21401639070B50024074D084E2B78E0B2834200D832
S2140163A070BD06EB0010437BDB0701D51DF087FCB3
S2140163B00134F1E7785D002008410020F8B50C466D
S2140163C000210546FFF7B0FDFF2829D0154A060132
S2140163D002EB00135B7B03F001016CB143F0010398
S2140163E01644A142737305D0C4B100B202EB00108B
S2140163F01DF065FC0120F8BD2346F1E77B431168DB
S2140164002846CA18127BC95AD2091DF0C4F80134AD
S214016410B268E3B211799942F0D8EBE71427F7E7AF
S2140164200846E8E708410020F0B59446497D20B3C8
S21401643039B3012918BF042100254FF6FF702F46F6
S2140164402A46144E3488644511D196F803E01EEAB4
S214016450010F0CD0B4789C4209D30AB1BC4206D8CD
S2140164601EF0100F03D08AB1BC420CD370B90135AF
S214016470072D06F10406E5D1F0BD002908BF082165
S214016480D8E70221D8E727460020F0E72746012271
S214016490FAE700BFD85704002DE9F04F0A9FBDF870
S2140164A024E09DF82C809DF830904C7D78B394B311
S2140164B0012C18BF04240025194800F11C0C06887D
S2140164C096421ED190F803B01BEA040F19D08678C5
S2140164D0464516D31BF0100F91F80FA004D0BAF161
S2140164E0000F0ED0B1F810A0BAF1000F09D1A945DE
S2140164F013D0AE4511D95E553E88013501363E8032
S214016500ADB204306045DAD10120BDE8F08F002C31
S21401651008BF0824CDE70224CDE70020F5E700BF39
S214016520D85704002DE9F04F0024B1F57C4F0E46F4
S21401653038BF4FF0010BA246A1464FF6FF781F4623
S21401654028BF274B85B028BFB3F800B00090019252
S2140165505C4503D3404605B0BDE8F08FB6F57C4FE9
S2140165600CD3204B3A4603EB840331465B880098F4
S214016570FFF708FE054680B300232AE03A46314677
S21401658000981DF0EDFAF5E70C229CB254436A68B8
S2140165900199105B02EB040C884219D3B9F1000F84
S2140165A001D0504514D861462846CDE902321DF087
S2140165B068F9029B60B1039A125BB9F1000F03D030
S2140165C0524501D3804503D9924680464FF00109D2
S2140165D001332A899CB2A242D6D80134A4B2B7E7C5
S2140165E03A5504003C5504002DE9F04F91461A46F1
S2140165F000238BB08DF82020BDF850208DF81C00AC
S214016600ADF81E10ADF8242005460F461A4604A91B
S21401661007A8159C9DF858609DF85CA09DF860B091
S2140166209DF864800493ADF822901DF0B2F90498A9
S21401663050B92B46CDE90079644A654900F014FC4F
S21401664086200BB0BDE8F08FBAF1000F14D1837825
S214016650B34206D050465D4A5E4900F005FC8D20E7
S214016660EFE7037913F0010306D11846574A5A4952
S21401667000F0FAFB8820E4E703795B072CD58368F2
S2140166805A689B680592069380781DF016FF049B56
S2140166900546DF782146022F03463A4610D805A85C
S2140166A01DF0C7FE81462B463A46214606A81DF038
S2140166B0C0FEB9F1010F01D001300DD18720C0E72E
S2140166C005981DF0B6FE0128F8D02B463A4621461D
S2140166D006981DF0AEFEEFE7BBF1000F6FD1049FE9
S2140166E04FF6FF722146B8781DF069F800286BD086
S2140166F0BDF82430C5B20093CDE902549DF8203090
S214016700BDF82220BDF81E109DF81C0001961DF054
S214016710D3FC002895D1BDF82430CDE9025400936E
S214016720BDF822209DF82030BDF81E109DF81C00F3
S21401673001961DF09EFA002883D121469DF8682017
S21401674007A81DF07AF900287FF47BAFB8F1000F97
S21401675007D03B462046BDF81E209DF81C101DF0B4
S2140167600FFABDF82430BDF82220BDF81E109DF8A2
S2140167701C000093CDE901649DF82030FEF73CFB38
S214016780BDF82430BDF82220BDF81E109DF81C006F
S2140167900093CDE902549DF8203001961DF08BFC44
S2140167A0BDF82430BDF822200093BDF81E109DF8D8
S2140167B020309DF81C001DF034FA002041E700202F
S2140167C0064900F051FBF8E701203AE73FFF0300D6
S2140167D04BFF030077FF03008BFF03009FFF0300BF
S2140167E07FB500258DF80830BDF820308DF80400FF
S2140167F0ADF80610ADF80A20ADF80C306946BDF8C4
S2140168002830099A01A80B9E00951DF0C2F804468F
S21401681030B916B1009B9B783370204604B070BD2A
S2140168208928FAD12846024900F01EFBF5E700BF89
S214016830BCFF03002DE9F04F4FF0000AC7B0FFF789
S21401684001FC5FFA8AF6B04202D847B0BDE8F08F85
S2140168505B4B36019A5D00205A4900F005FB00208B
S214016860594900F001FB00230593554B9DF8144050
S21401687033449B681A79A24202D80AF1010ADEE77C
S21401688014224FF000091B6802FB043422891FFA08
S21401689089F39A4202D8059B0133E5E70C231FFAD8
S2140168A089F803FB08F8D4F804B023F0FFFE0BEBDD
S2140168B008052B79454913F0400F3BF8083022882C
S2140168C04FF000000093424B18BF0B46414900F0C1
S2140168D0E5FA294620461CF0D4FF074600283CD19D
S2140168E03D4900F0DBFA2979DFF814C111F0010FF8
S2140168F03A4818BF604611F0020FAA78EB7832D1F9
S214016900DFF800C111F0100F354918BF6146CDE917
S21401691000010020334900F0C1FA2B793BF808202A
S21401692013F0400F4FF0000B4FF0FD030DF1180868
S2140169302188CDE9023BCDE9007821480CBF4023F0
S2140169408023805DFFF74CFF86280ED12649002064
S21401695000F08AFA09F1010998E702462349002066
S21401696000F09CFABFE72249D1E7A8781CF079FF2E
S214016970D8B140461DF005FC421C92B201234146A7
S214016980002000F0D5F93946208801F001FA4FF6CB
S214016990FF73984207D0174B174903EBC0035A6899
S2140169A0002000F061FA1549D1E7A8781CF05FFFD6
S2140169B020B140461DF0EAFB821CDEE7EA78DDE7FF
S2140169C0084100200E0004001C000400E6FF03003E
S2140169D0EBFF03005C0004009FF10300F3FF0300DC
S2140169E0F6FF0300700004008C0004002D0504006F
S2140169F0FEFF0300C458040079D003003EFF0300E5
S214016A00F0FF0300060004002DE9F04FC7B0BDF803
S214016A1044A10646BAF1040F0D4614461F46BDF8BA
S214016A2040B163D9CDE9013B00920B46024630499D
S214016A30002000F019FAFD230DF117090DF11808D1
S214016A403046029322463B462946CDE900B8CDF8AA
S214016A500C90FFF7C5FE0646B8B9FD22414699F8E7
S214016A6000001CF0ACFE0746C0B1AAF10403834245
S214016A7038BF892620461DF041FB8EB1304600F016
S214016A801BF9304647B0BDE8F08F009023462A46F2
S214016A900020184900F0E8F90027EBE78926E9E726
S214016AA0DFF85CA0BA1CBAF80030C3F1FF039A42C3
S214016AB019DA304600F000F999F8000000F0FCF809
S214016AC0BAF800900C483A4641464844B94404F0A6
S214016AD0F3FEAAF8009023462A4630460749009757
S214016AE000F0C2F9CDE7892000F0E6F88926C8E76C
S214016AF098000400D30004004F5F0020FA00040051
S214016B00F856002010B5044C206004480180044962
S214016B100A60044A136010BDD0410020F6560020DA
S214016B20CC410020C841002030B587B00AAC0D46E4
S214016B3054F8041B0093CDE9011413460949024693
S214016B4009480988006805941DF0DAF94FF48A525D
S214016B50064B1B681880064B1B685D80DA8007B001
S214016B6030BD00BFF6560020D0410020CC410020A9
S214016B70C841002008B410B587B009AB0C4653F8DD
S214016B80041B0092CDE9011302460B490B480593FD
S214016B900988002300681DF0B3F94FF48A52084BA8
S214016BA01B681880074B1B685C80DA8007B0BDE85D
S214016BB0104001B0704700BFF6560020D0410020BB
S214016BC0CC410020C8410020044A0346116804480D
S214016BD0044A0988126800681CF06BBCCC4100208E
S214016BE0C8410020D0410020044B054A1B681268AA
S214016BF01988044B18681CF0CFBB00BFCC4100209D
S214016C00D0410020C841002007B5074B1B681B88F0
S214016C100192064A12680092054A12681CF01DFC91
S214016C2003B05DF804FB00BFCC410020D04100203A
S214016C30C84100201FB51446064A12681288CDE9DD
S214016C4001430091044B05491B6809681CF0E1FBF0
S214016C5004B010BDCC410020D0410020C841002026
S214016C60014B1868704700BFC8410020024B1B68E3
S214016C7018715971704700BFC841002010B5002433
S214016C80084B1C70FEF75EFC074BFF22188021465E
S214016C90064804F081FC064B1C80064B1C605C60B9
S214016CA09C6010BD59600020FA5600204F5F0020FE
S214016CB0F8560020FC56002007490B88FE2B9FBF84
S214016CC0064AD054581C80B29DBF088000F1FF30A0
S214016CD080180020704700BFF85600204F5F002044
S214016CE0F8B5094F0D463B885C18FE2C0ADC074EAA
S214016CF00A46A4B20146F01804F0A0FC3C80641BCE
S214016D00A019F8BD0020FCE7F85600204F5F0020D0
S214016D10024B034A00201A60704700BFD44100208E
S214016D2040550400014B1878704700BF0841002009
S214016D3030B4044D044C002B0CBF2B46234630BC0C
S214016D401DF048BAE6BE0300CD01040070B5054645
S214016D5008460C461DF015FA611C0246024B2846F1
S214016D60BDE870401DF036BAEC08040000B50378A3
S214016D7089B0069343783E220593837808490493A5
S214016D80C37803930379029343790193837900933C
S214016D90C3790448008800F081F809B05DF804FB67
S214016DA02801040008570020024B024602491888B1
S214016DB000F05AB80857002052C503002DE9F047E5
S214016DC005460E4617460024DFF84480DFF844A047
S214016DD0DFF84490AC4201D1BDE8F087B8F8000076
S214016DE006EBC401534608221DF0F4F90134B8F845
S214016DF000003FB9044AA54208BF4A46034900F0CD
S214016E004DF8E7E74A46F9E73EFF030051C50300A0
S214016E1008570020CD0104001AAE03002DE9F04109
S214016E200E4E044630881DF0EDF9A8B100250C4F32
S214016E30DFF83080E3070AD518B94146308800F0FC
S214016E402DF830882A46394600F028F8002001350A
S214016E501B2D4FEA5404EDD1BDE8F0810857002000
S214016E60E5ED030070FE03000EB417B505A9044650
S214016E7051F8040B019103F091FA01210220054A11
S214016E80F8F7ECFC044B1C8003B0BDE8104003B0DF
S214016E90704700BF3EFF0300085700200EB417B529
S214016EA005A9044651F8040B019103F077FA034B48
S214016EB01C8003B0BDE8104003B07047085700209F
S214016EC013B503680446587900F032FF90B9236879
S214016ED05A88032A0ED0E17C5B79CDE90021164958
S214016EE0164AFFF7C1FF012120461DF02BFA0120AB
S214016EF002B010BD637D012B0AD0637D33B92368D0
S214016F00228A598858791CF007FE48B9C3200AE03E
S214016F102368228A598858791CF007FE0028ECD08D
S214016F2020461DF071F9064B1B78002BDFD110F5BA
S214016F30807FDCD0C1B2D7E7550104004D010400C3
S214016F4050600020002970B50F491D460F4B1446AE
S214016F500CBF6E227922002808BF0B4600200C4980
S214016F60FFF79CFF0B4E2544AC4205D1BDE87040AF
S214016F7000200949FFF778BF3146002014F8012B9D
S214016F80FFF78CFFF0E700BF8E01040084010400C8
S214016F9097010400CB01040022E503002DE9F04F20
S214016FA0C27C8BB00592427D0368002A14BF802202
S214016FB04022077D0446856886895879B846B3F825
S214016FC00290069200F0B4FEA0B9059B052B05D8E9
S214016FD06FF02D03059A1341DB070BD5B9F1030FAB
S214016FE008D0AB490020FFF73FFF012120461DF0E6
S214016FF0A9F976E0E37B1BB1228A002A00F0B7816B
S214017000607D0022B0FA80F05B4203F00403DFF8F3
S2140170108CB2400943EAC000ABF80020FFF74CFEF3
S214017020E37B1BB3208A1DF069F88246A07CFFF73C
S21401703043FE059A162A00F29A81DFE812F019003B
S2140170409E016C005600D2016C009201D9019A0192
S214017050E001E701EE013901020298019801980169
S2140170601402580214027002390102029A46DDE740
S21401707000204B46874A8849FFF7F6FE0120FFF7B6
S2140170801BFE08F10207B74229D841463246284678
S2140170901DF071F88046236842465879BBF80030E7
S2140170A04946C3F1FF039BB20193238A0093069BD3
S2140170B01EF08EFB10B11FFA87F8E2E723684246FE
S2140170C05879BBF800304946C3F1FF039BB20193E0
S2140170D0238A0093069BFFF797FC8928EBD11DF0C6
S2140170E02BF901200BB0BDE8F08F4FF0000B042008
S2140170F0FFF7E2FDF31E0893089B984552D3BBF1B8
S214017100000FECD1E37B94F81480002B0CBF022215
S2140171100422624B1A804FF0000B0420FFF7CCFDCF
S2140171205F4608F1030A564540F29D8032464146C5
S21401713028461DF020F805EB08039B78F21EAA44AA
S214017140A2EB080207905146184692B209931CF02A
S21401715036FB0890002879D02268099B5079CDE942
S21401716001A3238A49460093DDE906321CF056FE48
S21401717082464A460020079B4949FFF78FFEBAF12F
S214017180000F55D10BF10103504646495FFA83FBC8
S214017190FFF76AFE089B08F1030813FA88F81FFA3E
S2140171A088F8BEE73246414628461CF0E4FF05EB68
S2140171B008039F78089B08F10301A3EB0802294402
S2140171C0824692B2384609911CF0F9FA079068B3E4
S2140171D023680999587902970191238A52460093A8
S2140171E04946069B1CF06AFE0746B8B10BF101033F
S2140171F038465FFA83FBFFF75FFD50461CF07EFFC3
S21401720053464A4600202649FFF72EFE3A460020FE
S2140172102549FFF729FE802F3FF471AF079B08F140
S214017220030813FA88F81FFA88F865E78027DDE770
S2140172305046FFF741FD07981CF060FF01375246A4
S21401724000201949FFB2FFF70FFEA3E78720FFF7DB
S21401725033FD07981CF052FF013787221249089820
S214017260FFB2FFF701FE059B052B3FF43AAF002F57
S2140172707FF435AFBBF1000F05D10C495846FFF737
S214017280F3FD8021B2E63846FFF716FD27E700BF7B
S2140172909DB50300D801040025020400F85600201D
S2140172A0E201040025010400FE01040008020400B6
S2140172B00599A84AA84B0020152918BF1346CDF8F2
S2140172C00090A64AA649FFF7CFFD059B0C2B14BFDD
S2140172D016200D20FFF7F0FC3246284639461CF0F2
S2140172E04AFF059B3D440C2B0646AD7835D1192D3A
S2140172F028BF1925E37BB3B14FF6FF73278A9F4258
S21401730011D1206832464946069B4079FFF70AF9B3
S214017310B84208D0BAF1000F05D020828AF80000E2
S214017320000A8AF801000020BBF80070FFF7C4FCD1
S214017330236832465879059B4946A3F1150CDCF1C2
S214017340000343EB0C03CDE90153238A0093069B0C
S2140173501CF0D8FC834BD855C1E6132D28BF132546
S214017360C8E72046FDF7D0FB00287FF4BAAE81219E
S2140173703CE62046FDF77CF8F6E7B9F10A0F05EB87
S2140173800708A6EB070A21D1DFF8DCB19BF800302D
S214017390E3B1E37BD3B9BAF1080F17D132463946C8
S2140173A028461CF0E8FE88B998F8023073B998F8B8
S2140173B00320E22A0AD13246391D284605931CF0DD
S2140173C0D7FE1CF0A4FF059B8BF8003041464846CB
S2140173D01FFA8AF21EF0FEF900287FF482AE002121
S2140173E004E6F21B484692B2E9191CF081FEF3E767
S2140173F0F21B484692B2E9191CF03EFEECE7F21B7E
S214017400484692B2E9191CF063FEE5E7F21B4846CE
S21401741092B2E9191EF0E0F9DEE72368EE5D5879CD
S214017420238A0137ED5D0193069B32464946009358
S2140174302B461CF0A6FB2A46314648461CF01EFE8B
S2140174404FE605987A1CE95DB31AA0F1160670425C
S21401745070410039009018BF012148469BB22A446A
S2140174601CF00EFEB8E7059BEE5D112B3D446F78D0
S21401747038D11220FFF720FC0025E37BB3B14FF68D
S214017480FF73B4F81080984510D133464A4621461A
S2140174902846FEF7C9FF404508D0BAF1000F05D0CF
S2140174A020828AF80000000A8AF80100BBF80080F2
S2140174B0DFF8B0A0C8F1FE0292B208F10103009213
S2140174C053444A4621462846CDE90267CDF804B022
S2140174D0FEF7E2FFBBF800300AF808000133ABF80C
S2140174E00030FCE51420FFF7E7FB0125C5E77B1C10
S2140174F09E422CD3EF5D1D44003F18BF0127F31AAF
S2140175009EB233462A4639460020FFF71BFD0096F9
S2140175102B463A464846218A1CF0B6FD5CE77B1CA2
S2140175209E4214D3EF5DF61A003F18BF01271D4493
S214017530B6B233462A4639460120FFF703FD0096C8
S2140175402B463A464846218A1CF09CFD44E700201B
S214017550C8E500BF3EFF0300D30104001902040082
S214017560230204004F5F00204E60002038B54FF61E
S214017570FB750446A9424FF001019DF8100098BF23
S21401758043F40043217023816260A072022300202D
S214017590084A0949FFF768FCE07A084B40F6CA0238
S2140175A003EB4010FF211BF041F8BDE838400420F2
S2140175B0F8F732BB330204003E02040018420020F2
S2140175C030B5054685B028B91D4905B0BDE830403F
S2140175D0FFF74ABC0024007B1CF0E3FD2046194A55
S2140175E019492C70FFF740FC184BE87AFF2103EB92
S2140175F040101BF02CF82046154B02019A5C22B96C
S21401760001300428F9D1F8F721FB696899B1B5F979
S21401761008302A899B1303F002038DF80430C2F365
S2140176200E03ADF806304FF6FF73ADF808300023B1
S21401763001A80393884705B0BDE830401CF0B6BDED
S21401764069020400330204009B0204001842002071
S214017650D84100200948037873B91946084AD372FD
S2140176600133042B1173117051601181917202F173
S2140176701002F4D101230370704700BF4F60002051
S214017680D841002008B5FFF7E5FF002305491A0198
S2140176908A5C01EB03101AB10133042BF7D10020E9
S2140176A008BD00BFD841002070B50D460646FFF75D
S2140176B0D1FF0023094800EB0514A17AB14205D198
S2140176C0217819B12B4400EB031070BD0133042B54
S2140176D004F11004F1D10020F7E700BFD8410020E3
S2140176E010B50446FFF7B6FF0E4B9C4212D003F1CD
S2140176F02002944210D003F1400294420ED060332F
S2140177009C420DD10323084800EB0310BDE810404E
S214017710FFF756BF0023F6E70123F4E70223F2E75B
S2140177200020F3E718420020D841002070B500245D
S214017730064D074E2846324600210134F7F7A4FDD0
S214017740042C05F12005F5D170BD00BF18420020BC
S214017750E17601002DE9F34105460C4617469846A9
S214017760FFF790FF064640B91C4A1D49FFF77CFB10
S2140177700224204602B0BDE8F0814FF6FB739D421D
S2140177800AD94FF6FD739D4204D00020134A1549CD
S214017790FFF76AFB4FF6FD75434621463A462846F3
S2140177A01CF09DFD044600F02FFE804634B12346B2
S2140177B000200A4A0C49FFF757FBDAE73B4620460A
S2140177C0064A0A49FFF750FB062329463046089A1F
S2140177D0CDF80080FFF7CAFECBE700BF33020400F6
S2140177E0A8020400D20204000703040030030400C8
S2140177F0F7B506460C461746FFF744FF054638B967
S214017800104A1149FFF730FB0224204603B0F0BDB1
S21401781021464FF48A5230461CF029FF044600F0F8
S214017820F3FD34B123460020064A0849FFF71CFB46
S214017830EBE7009004233A4631462846FFF796FECA
S214017840E3E700BF33020400A80204005803040063
S214017850F7B506460F46FFF715FF054638B9104A35
S2140178601049FFF701FB0224204603B0F0BD0022B9
S2140178704023114630461DF0BEF804461DF0B9F807
S21401788034B123460020064A0749FFF7EDFAEBE735
S214017890009001233A4631462846FFF767FEE3E7A4
S2140178A033020400A80204008B03040073B50446E7
S2140178B00E46FFF7E7FE054638B9104A1049FFF7AE
S2140178C0D3FA0224204602B070BD0022204611469B
S2140178D01DF093F804461DF08CF834B123460020C1
S2140178E0064A0849FFF7C0FAECE7009023463246FD
S2140178F04FF6FC712846FFF739FEE3E73302040032
S214017900A8020400B90304002DE9F0418846107866
S21401791000219EB014461D46FFF7C6FE0646002807
S21401792000F0FD800778002F7BD0B8F80010002902
S21401793040F0F5800389B8F8022043F40040824203
S21401794040F0ED80617800296BD1A2F50042062A4D
S21401795000F2E580DFE812F0A100A100E300E300F9
S2140179600700B8006900E3880D3DADF8243023898F
S21401797015F00105ADF8263063798DF82830E37AE5
S21401798003F1060214F812208DF814308DF81C202D
S21401799042D10BA98E46069104F10C005FFA85FCD4
S2140179A09C4500F1020009D210F8018C10F802CCB7
S2140179B001350CEB082C2EF802CBEFE701EB430167
S2140179C01A440891D2B2590001F10D009A42C0B290
S2140179D00BD025186D78205C7831694400EB0520C2
S2140179E0013321F84C0CDBB2EDE7B6F908203389F8
S2140179F0002AACBF01220322C3F30E038DF8082030
S214017A006288ADF80A3005ABADF80C20049302A9E4
S214017A1030461CF04FFC04E0424A43490020FFF781
S214017A2023FA38461EB0BDE8F081042D02D83D4A3F
S214017A303E49F3E72379053DADB29D42B4F8028095
S214017A4002D0384A3A49E9E73A4A3B4B0020002D32
S214017A5008BF13463949334ACDF80080FFF704FAC8
S214017A6005348DF81450B6F90830069485B1002B0C
S214017A70ACBF012303238DF82C303389ADF8308059
S214017A80C3F30E03ADF82E3005AB0D930BA9BFE77C
S214017A90002BACBF06230523EDE70B2DC7D9D4F881
S214017AA00200D4F8061013F4004F05AA03C20CBF57
S214017AB0042203228DF82C206289C3F30E03ADF84D
S214017AC03020ADF82E30DFE7042DB0D96388ADF84D
S214017AD0303023790533DBB29D4206D00020114AAF
S214017AE017490095FFF7C0F99BE70E4A0020154994
S214017AF0FFF7BAF9B6F908203389002AACBF01228C
S214017B000322C3F30E03ADF82E3005AB0D93631DB0
S214017B10069323798DF82C208DF81430B6E70027CC
S214017B207FE700BF33020400E60304000E040400EE
S214017B302204040062BD03003EFF03004904040062
S214017B4066040400A7040400304BF0B5B0FBF3F262
S214017B504FF4616503FB1200B0FBF5F3DCB205FBE5
S214017B6013033C25B3FBF5F3DBB2A0EB04104B711A
S214017B70C3EB0313A0EB83004FF4FA630B8040F2D0
S214017B8001134B8001230C711F4600246425204EEF
S214017B908871944200D1F0BD91F802C013B1BCF1D6
S214017BA0020F2BD006EB0C0010F801ECC8787045DC
S214017BB00BBF012001300CF1010CC0B208BF81F8E7
S214017BC002C0C87088780D2816D10B888F700133D3
S214017BD09BB298070B8014D1B3FBF5F005FB103070
S214017BE080B280B94FF4C870B3FBF0FC00FB1C33C5
S214017BF09BB2B3FA83F35B090134CAE74FF01D0E5B
S214017C00D4E70023F8E70123F6E700BF805101001F
S214017C108658040010B5044688B006A9FFF794FFFD
S214017C209DF81E300A4803939DF81D300494029374
S214017C309DF81C309DF81A200193BDF818300549AF
S214017C40009300889DF81B30FFF70EF908B010BDB1
S214017C5008570020C0040400026808B51188154BB7
S214017C6019805188598051791971117959714FF4D8
S214017C708A51D980D28812F0200F0CBF0A464FF4E1
S214017C808B528169DA800C4A137831B9C0880B4966
S214017C9023F002030880137008BD43F0020313703B
S214017CA0074B15221846013103F0C8FC002200F8E4
S214017CB0012CF1E7FC56002059600020FA560020FE
S214017CC00B57002010B5184C236858791BF018FF85
S214017CD00B2822D8154B03EB0010027B237F9A4218
S214017CE01BD12368428819888A4205D04FF6FF7057
S214017CF0814212D1120410D42279023A012A06D9FD
S214017D00A37B63B9BDE810400748FFF747B9198957
S214017D1058791BF02BF80028F2D1002010BD02483C
S214017D20BDE81040FFF7CCB89C4200200841002077
S214017D3008B51BF0E5FE0B2896BF024B0020185C29
S214017D4008BD00BF5E60002008B500201CF029FABF
S214017D50FF201BF008FF1CF029FA1CF0D0F8FEF7F4
S214017D6071F901210246064803F016FC054BFF2176
S214017D70054A0648FEF7C6FEBDE80840FEF708BB02
S214017D805E600020FC560020F85600204F5F002061
S214017D90F0B5002204464FF6FF750B4F90B237F848
S214017DA030600346AE4201D12846F0BDA64209D155
S214017DB0B4F57C4FF9D307EBC3035B888B42F4D051
S214017DC00029F2D00132E9E7C458040010B5044690
S214017DD0FFF7DEFF094A034610884FF6FF7293420B
S214017DE014BF074A2246BDE8104017BF02EBC30383
S214017DF004495A680449FFF751B800BF08570020E4
S214017E00C4580400E304040079D00300034B187837
S214017E100130C0B2187000F07F007047846A0020FD
S214017E20044A137818B143F001031370704703F046
S214017E30FE03FAE759600020014B1870704700BF37
S214017E405C60002038B1074B1B78012B04D10388F6
S214017E5043F0400303807047022BFCD1038823F0D4
S214017E604003F7E75C60002068B1074A1378012BEE
S214017E7007D1064B1B781370037843F01003037089
S214017E8001E0022BF8D070475B6000205A600020AA
S214017E907FB50121264B274E197033780246D90744
S214017EA044D42549096881B10868C1888D0641BF57
S214017EB0224CE18841F02001E180C1884C0641BF97
S214017EC01E48C18841F04001C1801D4D1D492878DA
S214017ED0097840074CBFE97069701B4913F002042A
S214017EE0098809D0164A19481CF0DEF8337823F0C1
S214017EF00203337004B070BD154B18884FF6FB7340
S214017F00984208D80B46CDE9005201460B4A204656
S214017F101BF0A3FAEEE74FF6FF73CDE9014200939B
S214017F200A46074B05491BF074FAE3E70020E1E730
S214017F30506000205960002098420020FC56002026
S214017F404F5F0020856A0020F85600200A5700205F
S214017F50FA56002070B503790446012B0D461646E5
S214017F6031D883681B78DB0600D561B3A37B13B9D0
S214017F70E37C0B2B27D00022144B1A80637DB3FAC7
S214017F8083F35B09D800E37BABB9FEF795FEA07CD3
S214017F90FEF792FE0B20FEF78FFEE07CFEF78CFECE
S214017FA02846FEF789FE2046FFF756FE3046BDE816
S214017FB07040FFF76DBF40F00400FEF77DFE208A9B
S214017FC01CF09CF8E3E7002070BD00BFF8560020C7
S214017FD0024B0A4601461868FFF7BCBF98420020CC
S214017FE0F0B4054618460F4B0C461B78BDF810102A
S214017FF0012B0D4E01D0377827B1002333700020B6
S214018000F0BC70470CB9002AF9D143B14FF657437B
S214018010994204D02B462246F0BC1CF02BB8012016
S214018020EEE700BF866A00205D6000202DE9F04F74
S214018030684C4FF0000A25468446964698460F46F9
S214018040654B664E83F800A00FCE0FC596E80F006D
S21401805085B085E80F00DDF83C90BDF838307246F3
S2140180600093394643466046CDE9019400F0DCF8BA
S214018070DFF89081064670B90025FEF7FFFD16224F
S2140180800021574803F088FA00232846C8F8003034
S21401809005B0BDE8F08F534BA27CC8F800401A70BB
S2140180A0514B1B78002B36D01CF033F94F49024652
S2140180B05046FEF7F3FE22685046537952884C49E3
S2140180C00092A289FEF7EAFE50461CF09BF820B10A
S2140180D02368218A5888FFF779FEE37B23B10020C5
S2140180E0228A4449FEF7DAFEA36800201A78E37C68
S2140180F041490093A37CFEF7D1FE207DA289A168A9
S214018100121A01440123002092B2FEF711FE00204C
S2140181103A49FEF7A9FE2F48FFF79EFD2D481DF0B0
S21401812052FB054630BBB9F1000F25D12168E08826
S2140181300B8801904988BA1E032A00918CBF002241
S21401814001220121E07CFFF74BFF38B923685B79F8
S214018150FF2B3AD0FFF7B6FD05468EE72368DB888E
S2140181609A06F3D40121264C1A4821701CF0EAF82D
S21401817084F80090354680E7B9F814309B07E5D4BB
S2140181807AE75846FEF718F882465846FDF760FF2C
S21401819088B123685046228A59881BF0B4FC50B136
S2140181A03846FFF759FD236889F804A083F805A02F
S2140181B0FFF788FD00B9284605460136FDF742FF60
S2140181C05FFA86FB5845DCD857E70026014FDFF8F3
S2140181D03890F3E79C42002050600020A458040029
S2140181E00A570020856A0020836A0020FC040400E8
S2140181F0050504002605040032050400ACB603009C
S2140182005D60002098420020FC5600200023054AAD
S214018210D15C814202D31A44507870470233DBB2F4
S214018220F6E700BF9258040073B515462E781A4635
S21401823016F0040F0CBF032605269E42089C08D99B
S214018240224A234900960020FEF70EFE002002B0C7
S21401825070BDBDF8183021712060E380A560A28151
S2140182602B7803F00103A3732B7803F00403002B90
S21401827014BF01210021E1732978C1F3C0016175A2
S2140182804FF00101217518D028461BF074FF237D9D
S214018290208202332375227D531CDBB22375A95C31
S2140182A00232D2B2A1742275EB5CE374A3899A42BE
S2140182B005D900920749054AC5E72382EBE7079BE4
S2140182C00120A36100232377C1E700BFF6BD0300A9
S2140182D075050400910504002DE9F7430024204F9D
S2140182E0DFF89C80DFF89C90E0B21CF0C0FAFF2813
S2140182F005460FD12346012102201A4AF7F7AEFAA6
S214018300194B0134187819F093FD152CECD103B0F4
S214018310BDE8F08346B238EA260328BF4B46012162
S2140183200093022057F82430104AF7F797FA002EE8
S214018330E6DA0923E340DB070AD50D4A0D4B15F0B3
S214018340010F18BF1A4601210220F7F787FAD7E76F
S2140183500A2CD5D1084A094B15F0010FF1E700BFE9
S214018360DC580400EA050400876A002012060400AF
S214018370C3050400AD050400DF050400D5050400AF
S21401838062BD03003EFF030008B5542200210248E7
S21401839003F002F9002008BDF857002008B5542262
S2140183A0FF21024803F0F8F8002008BDA45700207A
S2140183B0024B23F810100020704700BFA45700207E
S2140183C0002310B4074ADCB2A14203D85DF8044B7F
S2140183D0FFF7DABF2A2BF9D032F8024B20F8134008
S2140183E00133F0E7F8570020002310B5054A9942FB
S2140183F001DD2A2B00D110BD32F8024B20F81340C4
S2140184000133F4E7F8570020024B187800F07F009C
S214018410704700BF6A600020034B18780130C0B275
S214018420187000F07F0070476A60002030B51C4667
S21401843000238BB0ADF82220021D92B2012A0E9DB8
S214018440ADF82030ADF81E10ADF81C3003D94FF64C
S214018450FF7290420FD10022CDE90352CDE90124EB
S214018460094B01461B784FF6FF70009307AB1CF0D3
S2140184701EFA0BB030BD0146CDE9015318460094F3
S21401848007AA1CF030FAF4E7886A002038B50546DA
S2140184904FF480500C4603F085FA4FF48053286061
S2140184A0236030B940F2A511BDE83840014822F0FA
S2140184B0F0B838BD0107040000487047B6590020DF
S2140184C0014B1878704700BFA16A0020014B18883D
S2140184D0704700BF2A6A0020014B1878704700BF1A
S2140184E09A6A0020014B1878704700BF6E60002022
S2140184F0014B1878704700BF956A0020014B187031
S214018500704700BF71600020014B1870704700BFB4
S21401851070600020014B1888704700BF286A002051
S2140185202DE9F74F4FF00008394B3A4F93F800907A
S214018530394B3A4E3A4D3B4C3B483C49DFF8F4C088
S214018540DFF8FCE0DFF810A1DFF810B10193019B22
S2140185502037203301935FFA88F3994506F1200608
S21401856005F1200504F1200400F1200001F12001AD
S2140185700FD8002211462E4B2E4D1C782E4E2F4B17
S2140185802F4FD0B2844203F1200338D803B0BDE8A0
S214018590F08F2C4B2C4A47F81C3C002346E9072356
S2140185A02A4A47E9063E45E90723294A46E905E3FB
S2140185B044E90723274A45E905E340E90723019AE9
S2140185C044E905E340E905E341E908CA41E9063E15
S2140185D047F820CC47F8103C46F820CC45F820CC8C
S2140185E044F820CC40F820CC41F8103C08F10108B2
S2140185F042E908CB42E9063E42F8103CA7E743E9C8
S214018600085643E9061743F8101C0132B9E700BFC4
S214018610A56A0020744600207445002054460020B8
S21401862034460020D4450020B4450020944500205F
S2140186309F6A0020F054002035B10200F445002066
S2140186403EFF0300E96E0300C16D0300717902006D
S2140186501193020029480300E5F60200756802003E
S214018660002208B5074B1A605A601CF0CFF8064B7B
S21401867018701CF0CBF8054B1870054B1A78054B93
S2140186801A7008BD92540020AC600020AB60002038
S214018690936A0020AA600020002100B593B0084626
S2140186A06A460AF0E7F90146C8B90E4B0E4A099325
S2140186B00E4B0D920A930E4A0E4B0E920B930E4AD8
S2140186C00E4BCDE90F230C930D4B6A4611930AF01E
S2140186D087FC003818BF012013B05DF804FB0120A9
S2140186E0FAE700BF536903000D750200576B0300DC
S2140186F0CD4902005748030039840200B76B0300D6
S2140187003D710200084B1878112806D8012809D9AE
S214018710064BC34003F001007047A0F143035842E3
S2140187205841704700207047AE60002034000200B8
S21401873008B5064B1B78013B022B05D80020FFF736
S214018740E1FF0138C0B208BDFF20FCE7AF600020A2
S214018750044B00F1100250F8041B904243F8041B2E
S214018760F9D17047B0600020044B03F1100253F8B2
S214018770041B934240F8041BF9D17047B0600020F7
S21401878030B5002491B0114B0546214614220BA8A2
S214018790CDE9094302F000FF102209ABCDE9004400
S2140187A00693CDE90452CDE90252094B09490AA8BC
S2140187B018F03DFF04460AA81CF0A2FD1CB1A0213A
S2140187C0054821F066FF11B030BD00BF00248000CF
S2140187D000444004B06000208C07040070B50024FB
S2140187E090B0154B05460E46142221460BA8CDE93E
S2140187F0094302F0D1FE102209ABCDE900440693ED
S2140188003146CDE90452CDE902520C4B0AA818F0C4
S2140188100EFF04460AA81CF073FD1CB1BA210848D5
S21401882021F037FF099B102B03D0BB21044821F010
S21401883030FF10B070BD00BF00248000004440042B
S2140188408C07040030B50D4600218FB0124B04464C
S214018850142209A8CDE9071302F09EFE102207ABE9
S214018860CDE90242CDE90042049329460B4B08A804
S21401887018F0DFFE044608A81CF042FD1CB1D12109
S214018880074821F006FF079B102B03D0D22104488E
S21401889021F0FFFE0FB030BD0024800000444004EC
S2140188A08C0704000022034B1870034B1970034B0E
S2140188B01A707047C1600020C2600020C0600020AE
S2140188C02DE9F04FDFF89080064698F800300D4607
S2140188D085B0002B3AD04FF6FB73984236D84FF04E
S2140188E0000B1C4FDFF874A03C7898F800305FFA54
S2140188F08BF94B459AF8000011D9484402AA0DF1AC
S2140189000601C0B214F00CFB082229460DEB02004A
S21401891003F08EF90BF1010B0028E6D14C463B78AB
S214018920A34208D198F80020631CDBB29A423B7040
S21401893004BF00233B70324629469AF800301C4497
S214018940E0B205B0BDE8F04F14F0D8BB05B0BDE805
S214018950F08F00BFC0600020C2600020C160002010
S2140189602DE9F74F06460D4614461F464FF0010BFC
S214018970DFF8789003F10C0A15B903B0BDE8F08F63
S214018980102DA84628BF4FF010083A46164B5FFA3E
S21401899088F152F8040B524543F8040BF9D10191C2
S2140189A09AF8002011481A70002389F80F4089F8B8
S2140189B000B089F80E30FFF7E3FE324601340B486B
S2140189C00199E4B212F801CB10F8013B83EA0C03DB
S2140189D002F8013C931BDBB28B42F3D3A5EB0808EC
S2140189E016461FFA88F5C7E7C4600020C36000205A
S2140189F02DE9F04F9046914685B00090981A029363
S214018A0083B20193009B0F46354903F10C0453F8DA
S214018A10045BA34241F8045BF9D11B78314E0B701D
S214018A2049233370019BF0731B0A3046B373FFF77B
S214018A30A7FE0221BB460D46737888EA03037370CE
S214018A404FF0000A1DE0C5F11004A9EB0A039BB222
S214018A50A4B29C4228BF1C4600231FFA83FCE818D8
S214018A606445C0B21FD82544EDB2A344102D54442A
S214018A701FFA84FA05D1002530460391FFF780FEE0
S214018A800399D145DFD807EB080B25B115480391AB
S214018A90FFF776FE039901294FF000050DD001215D
S214018AA0DDF80490CCE71BF803C016F800E00133AC
S214018AB08CEA0E0C06F800C0CFE7029B09491F445A
S214018AC0094B38461C78224602F0F6FE2A46214615
S214018AD03846009B05B0BDE8F04FFFF741BF00BF29
S214018AE0C4600020C3600020A66A002030B540782C
S214018AF00C4601284FF0110387B001F1100516D17D
S214018B00144A01A90AF0F4FF234601AC224618686C
S214018B105968083303C2AB421446F7D111230D4AF4
S214018B20002001A90AF0E4FF002007B030BD0120B3
S214018B30094A01A90AF0DCFF234601AC224618685F
S214018B405968083303C2AB421446F7D11123024ACF
S214018B50E6E700BF75E4010079EB010030B50C468D
S214018B60407887B001284FF011030DBF0B4A0C4A1D
S214018B70012001A918BF01A90AF0BAFF234601AADC
S214018B8005AD144603CCAC4218605960224603F189
S214018B900803F6D1002007B030BD00BF75E4010020
S214018BA079EB010010B50C4688B01A230C4A01A9CE
S214018BB001200AF09DFF21460DF10E0304F110027B
S214018BC051F8040B914243F8040BF9D11A23002003
S214018BD0034A01A90AF08CFF002008B010BD00BFAF
S214018BE024E10100F0B58BB004460D461DF076FE7B
S214018BF0A8B101A812F044F988B1667B271D16F0CA
S214018C00020F05D00822384601A903F011F8D0B9A1
S214018C1001AB46F0020603CB6060796066731A23E7
S214018C200A4A03A901200AF063FF29460DF116033B
S214018C300DF1260253F8040B934241F8040BF9D1C7
S214018C4000200BB0F0BD2D20FBE700BF24E10100A2
S214018C50F0B50546071D00220C463846082193B09C
S214018C601DF0CAFD6A7B0646D0070BD5687808A9B1
S214018C701CF077FADDF83D306B60DDF841307B6043
S214018C8080B10BE0910709D5D2000121384602F0E8
S214018C9080021CF071FAFF28687002D12D2013B0F3
S214018CA0F0BDD6B1687801A91CF0F8F99DF81C3022
S214018CB05B0604D54FF4C6710A4821F0EAFC234648
S214018CC003AD07AC2A4603CAA2421860596015468E
S214018CD003F10803F6D10020E1E708A91CF041FAE8
S214018CE0CEE700BF0A0804002DE9F04106468AB027
S214018CF01F480F4615460024FFF736FD002C01A934
S214018D0014BF4FF05C0C4FF0360C10238846184AFF
S214018D1012F8010B013B8CEA000013F0FF0301F887
S214018D20010BF5D105A81EF0A2FB4246102105A8AD
S214018D301EF0A1FBC4B93946324605A81EF003FC55
S214018D402A460DF1140C0DF1240E634603CB734530
S214018D50106051609C4602F10802F6D114B10AB0C7
S214018D60BDE8F0810124C9E72A461021E5E700BFE6
S214018D70F36000202DE9F04791460D46C0B09DF8FE
S214018D802041DDF828811E46DFF87CA09DF82431BD
S214018D9007462246494640468AF8003002F08CFDD6
S214018DA09DB12346324641463846FFF721FEB4427E
S214018DB007D9A11B3B46012289B208EB0600FFF743
S214018DC0CFFD002040B0BDE8F087A11B3B46012245
S214018DD089B208EB0600FFF7C3FD22464146684606
S214018DE002F06AFD3246694638462346FFF700FE22
S214018DF09AF800200DEB040109EB040002F018FFBD
S214018E000028DED02C20DDE7A66A002038B5034610
S214018E10104601F1100451F8045BA14242F8045BCC
S214018E20F9D104491BB1FFF7D9FC002038BDFFF783
S214018E3009FDFAE7F360002030B5054689B06946BA
S214018E401BF0B0FF6B8804ACABB1224629466846DE
S214018E501BF048FF0E4A08AD234603CBAB42106019
S214018E6051601C4602F10802F6D10948FFF770FC72
S214018E70002009B030BD6B46054D1A4603CAA24212
S214018E8028606960134605F10805F6D1EDE700BFD5
S214018E90F360002050B10B4B0B4A03F1100153F85D
S214018EA0040B8B4242F8040BF9D17047064B054A76
S214018EB003F1100153F8040B8B4242F8040BF9D16D
S214018EC0704700BFF3600020D360002008B5102271
S214018ED0024802F0B3FB002008BD00BFE36000209B
S214018EE008B508461022024902F0A8FB002008BD7A
S214018EF0E360002010B5044686B001A9114A11238B
S214018F0001200AF0F5FD9DF8143001A8E3701EF06B
S214018F1075FE80F001000C4A01A960701123012042
S214018F200AF0E6FD9DF8143001A8A3701EF066FE57
S214018F3080F00100207010F03DFB6060002006B05C
S214018F4010BD00BF75E4010079EB010010B50446C1
S214018F5086B01123134A012001A90AF0C9FDA3789E
S214018F609DF814209A4207D08DF814300020112362
S214018F700C4A01A90AF0BCFD11230B4A012001A9E4
S214018F800AF0B6FDE3789DF814209A4207D08DF8D2
S214018F90143000201123044A01A90AF0A9FD06B0E5
S214018FA010BD00BF79EB010075E401002DE9F04129
S214018FB086B0064603A80C4612F000FF05460028B8
S214018FC04AD1BDF80C30980646D5102229462046CF
S214018FD002F0E2FA01A811F053FFC0B1777B06F167
S214018FE0040817F0020F06D00822404601A902F035
S214018FF01FFE00282ED101AB47F0020703CB70609D
S214019000C8F804107773238843F008032380238865
S21401901043F00203238011F00DFB60601DF05EFC3F
S21401902030B10E4B1B68A360238843F004032380F2
S2140190300B4B1A68D1035EBF238843F010032380CD
S214019040130203D5238843F400632380284606B021
S214019050BDE8F0812D25F9E72425F7E7A446002091
S214019060A846002010B5D0E9023253F8223090B05D
S2140190701C684022694620461CF0E6F8034630B1DB
S214019080224600200549FDF7EFFE10B010BD012273
S21401909069460820FDF792FEF7E700BFA008040026
S2140190A070B500F0B1F800280CBF6E2279220020BE
S2140190B01349FDF7D9FE00F0A7F8F0B11CF0D8F877
S2140190C000280CBF6E22792200200E49FDF7CCFE47
S2140190D0082200200C49FDF7C7FE00250B4C0C4E5C
S2140190E0234654F8042C314600200335FDF7BCFE18
S2140190F0182D04F10C04F3D170BD3F22E4E700BF44
S214019100D8080400EF080400FF080400CC4700203C
S2140191101E09040070B51CF090F804462149002091
S214019120FDF7A2FE2CB92046BDE870401E49FDF7AA
S2140191309BBE00F0BBF805461C4B62690020002A66
S21401914008BF1A461A492668FDF78EFEA288002037
S2140191501849FDF789FE1849E2880020FDF784FECC
S214019160A388228913F010001ABF0020134914495E
S214019170FDF77AFEE26800201249FDF775FE2269C6
S21401918000201149FDF770FE104A114B0020B6F57C
S214019190817F38BF13460F492A46BDE87040FDF768
S2140191A063BE00BF530904006009040016D903001A
S2140191B0810904009F090400C0090400DD090400B8
S2140191C0FA090400180A0400360A04004B090400D0
S2140191D041090400540A040038B5014600230C2551
S2140191E0084A05FB03F4A0181459013404D10C22D3
S2140191F002F024FA002038BD0133082BF1D10120FA
S214019200F9E700BFC8470020034B1878012894BF30
S21401921000200120704700BF0561002038B50446D4
S214019220044D2878A04203D021461BF0E6FF2C709F
S21401923038BD00BF0561002000B58FB03422002183
S21401924001A802F0A9F901A8EEF710FB0598D0B124
S21401925082680E4BB2F5803F34BF92B2C2F38F22C2
S21401926041881A81028828BF41F010011A604268BD
S2140192709980DA80C268DA6002691A6142695A61C5
S214019280027E18461A760FB05DF804FB4C470020A4
S214019290054B1B7820B1012B04D80220FFF7BEBF77
S2140192A0012BFBD8704700BF0561002010B5084CA4
S2140192B0237853B91BF0C1FF0123237028B103683B
S2140192C0B3F5817F24BF037E2370207810BD00BFD5
S2140192D00461002070B5184B1B78012B2BD81BF0AE
S2140192E08FFF164D024616490020FDF7BDFD0120F1
S2140192F0FFF7CEFF2E78FF2E1DD1FFF79DFFC8B1D9
S214019300848860223146C4F340040E482C7002F073
S21401931043F9602231460C4802F03EF95CB1FFF792
S214019320C5FF042807D9BDE8704040F22B11074855
S21401933021F0AFB9287070BD05610020A76A002032
S214019340770A0400C847002068470020890A0400FD
S2140193502DE9F04FDFF884928DB003AB07468846BF
S214019360144699E8070083E80700FFF7B3FFFFF705
S2140193709DFF944B06461D784B46012D40F07081AB
S214019380012840F27281B7FBF0F200FB1272002A4C
S21401939000F06B818C4900228B46D1F800C0BCF1ED
S2140193A0FF3F04D0087A6044874200F019810132F9
S2140193B0082A01F10C01F0D193E8070006AE0DF181
S2140193C0240A86E807008AE80700FFF76FFFB7FB65
S2140193D0F0FB00FB1B7BA0EB0B094A464146064609
S2140193E00AA809978DF82C9002F066FA00224FF031
S2140193F00C0E764902E00132082A0ED00EFB02F06E
S21401940000EB010C08580130F5D19AE807008CE80A
S21401941007006F490A7801320A70A14504DD4FF44E
S214019420E2716C4821F035F9A41B5C444F44A1B2AB
S21401943017FA84F4B4FBF6F206FB1242C8448E1AFD
S21401944091B1A41A08EB060107A88DF8202006940E
S21401945002F032FA06A8FFF7BFFEFF2804D140F259
S214019460D9115C4821F015F9B6B2B6B10320FFF761
S214019470D5FE802E0AD832464146574802F01CFADD
S2140194803246384654491BF0C3FE05460220FFF714
S214019490C5FE28460DB0BDE8F08F0025F9E74FF46C
S2140194A00E714C4821F0F5F8464B1B78012B00F065
S2140194B0E380002C36D00320FFF7B0FE802C2FD897
S2140194C022464146444802F0F7F9224638464249C8
S2140194D01BF09EFE05460220FFF7A0FEDFF8F09087
S2140194E099F8003093B1039CFFF7E0FE374B002755
S2140194F098461A68511C04D0197A411A521A944295
S21401950024D00137082F03F10C03F2D1002DC0D16E
S214019510039B0133C1D003A8FFF75EFE0546B8E7FB
S2140195200125D8E72546D9E740F26D21294821F0E3
S214019530B0F8012524E0012D30D0802E2FD83246F8
S214019540254903981BF064FE054628E0002DA0D1AE
S2140195500C247C4308EB04039DF814A093F808B090
S2140195600AEB0B03802BDFDC1B4B524604A9184683
S21401957002F0A2F9211D5A464144504402F09CF9DA
S2140195800C2303FB07839DF814201B7A13449E4289
S214019590D1D040F273210F4821F07BF8012502203B
S2140195A0FFF73CFE99F8003013B1013B89F8003013
S2140195B04FF0FF3308EB040248F80430C2E90133E8
S2140195C067E700BFA76A0020C84700206847002059
S2140195D003610020890A0400CC460020405904009B
S2140195E04FF00C0A0AFB02B3187AA6EB00095FFAE1
S2140195F089F9A14501D35FFA84F90AFB02FA0AF157
S214019600040528444A464146584402F055F90BEBF6
S2140196100A031A7AA4EB09044A44D2B2B242A4B2AB
S2140196201A7219D103200193FFF7F8FD32460BEBAE
S21401963005015BF80A001BF0EBFD05460220FFF76B
S214019640EDFD4FF0FF32019B4BF80A20C3E90122E2
S214019650002D7FF41EAFC844002C3FF41EAF4F44CC
S214019660104B1B78012B7FF424AFB7FBF6F306FBF8
S2140196701373002B7FF413AFE319B3FBF6F506FB68
S2140196801535002D3FF415AF641B5B1B08EB040179
S2140196902A4604A80393A4B202F00EF98DF81450DA
S2140196A007E700BFA76A002070B5134B1B78012B94
S2140196B00CD1FFF70FFE0026104D55F8043C013380
S2140196C006D10336182E05F10C05F6D1002411E05B
S2140196D00320FFF7A3FD55F8044CFFF7E7FD2946E5
S2140196E0024620461BF094FD04460220FFF796FD35
S2140196F0002CE6D0204670BDA76A0020CC4700208B
S21401970070B505460C46FFF7E5FD0520FFF786FD1B
S214019710214628461BF08AFD06460220FFF77EFDFD
S21401972000220A4B2C441968481C08D0A94206D3CB
S214019730A1423EBF4FF0FF31C3E9001199600332E9
S214019740182A03F10C03EED1304670BDC84700203D
S214019750D0E9023253F8223010B51C68204600F0DA
S21401976095FA28B12146BDE81040024800F002BE35
S21401977010BD00BF070B040008B5D0E9023253F84C
S2140197802230186800F06CF920B1BDE808400248A4
S21401979000F0F0BD08BD00BF290B04002DE9F04123
S2140197A0D0E9023253F8221003EB82035B680F689C
S2140197B01D789AB0642D04D96421114800F0DAFDB1
S2140197C064252A46384601A900F002F9044698B9EC
S2140197D00C4800F0CFFDDFF8348001AE013DA54214
S2140197E002DC1AB0BDE8F0813919404616F8012BA3
S2140197F000F0C0FD0134F2E7034800F0BBFDF0E7DE
S2140198004C0B04006C0B0400960B0400830B040045
S2140198102DE9F04700252D4FDFF8E080DFF8E090D6
S2140198208CB0284603A900F0EFF810B10CB0BDE8E3
S214019830F087049B2946039A0093384600F09AFD68
S214019840404600F097FD059910290CD810290CD830
S214019850DFE801F00F14320B340B0B0B360B0B0B3E
S2140198600B0B0B0B3A0020292CD0194800F082FD77
S21401987007E0184800F07EFD0135D2E7164800F0F3
S21401988079FD0699484600F075FD0799134800F0E2
S21401989071FD134800F06EFD1024DFF868A00DF18D
S2140198A01F06504616F8011F013C00F063FD14F038
S2140198B0FF04F6D10B48DDE70B48E0E70B48DEE78F
S2140198C00B48DCE70B48DAE70B48D8E7B10B040096
S2140198D0560C0400060C0400160C04007C0C040054
S2140198E0940C04001BAE03001E0C0400260C04009E
S2140198F02F0C04003A0C0400510C0400F50B040074
S214019900650C0400A50C040010B50B4C8EB0237832
S2140199105BB9EDF725FF014650B9012301A8237075
S214019920EDF7A4FF054B049A1A6020780EB010BD1F
S214019930034800F01FFDF8E7066100200C4B0020ED
S214019940AB0C040000B58FB0FFF7DEFF002829D06E
S21401995001A8EDF78BFF059B1448198800F00AFD56
S214019960059B13485969134B002908BF194600F097
S21401997001FD059B1048598800F0FCFC059B0F482B
S214019980196900F0F7FC059B0D48D96800F0F2FC58
S214019990059B0C48197E00F0EDFC0B4B0B48196833
S2140199A000F0E8FC0FB05DF804FB00BFE80C040013
S2140199B0FA0C040016D903000C0D0400200D040057
S2140199C0340D0400480D04000C4B00205C0D04000F
S2140199D070B5064615460C4679B172B1FFF794FF8D
S2140199E068B121462A463046EEF74AF8014618B1D4
S2140199F0044800F0BFFC012070BD2120FCE71120C7
S214019A00FAE700BF6E0D040037B505460C46FFF7B2
S214019A107BFFE0B1114B1B68AB421AD9CCB10021D8
S214019A202422204601F0B8FD2146284616F0BBFD4B
S214019A3088B9284601AA04F10801EDF7D3FF20B141
S214019A4040F20643C01A18BF012003B030BD1120F2
S214019A50FBE72120F9E70120F7E700BF0C4B0020C8
S214019A60F0B593B00546FFF74FFF002845D0254BCC
S214019A701A68AA4207D829462348013A00F07AFC18
S214019A80212013B0F0BD05A8EDF7F0FE284603A986
S214019A9016F089FD98BB049A22F4FF57C2F30C0313
S214019AA027F01F072BB14FF400532946174800F043
S214019AB061FC039E7FB120F0F9FD30464FF4005162
S214019AC0EEF76AF83346044606F5005650B9039B8E
S214019AD0F31ABB42EFD32A4639460D4800F04AFC3A
S214019AE0002406E000902A464FF40051094800F091
S214019AF041FC201E18BF0120C3E71120C1E7012049
S214019B00BFE700BF0C4B00209C0D04004A0E04006A
S214019B10090F0400B80E040010B5044638B1FFF76B
S214019B20F3FE30B10020044B1B68236010BD2120DA
S214019B30FCE71120FAE700BF0C4B002010B50446E5
S214019B40FFF7E2FEB0B10C4B1A68A24206D82146D6
S214019B500A48013A00F00EFC212010BD20F0A6FDB7
S214019B6040F2C12220460649EDF7FCFE003818BF38
S214019B700120F2E71120F0E70C4B00209C0D0400B9
S214019B804848002010B50446FFF7BEFE70B12146D6
S214019B900848EDF707FF40F20323984208D040F249
S214019BA0012398420CBF0520012010BD1120FCE7BF
S214019BB00020FAE7484800202DE9F0412D4D0446E3
S214019BC02F68FFF7A1FE002851D02968A14207D8C7
S214019BD04A1E2948214600F0CDFB2120BDE8F08130
S214019BE02648EDF79FFEDFF894800246B0B943465B
S214019BF02E68964222D1BE4214BF3A4606F1FF3283
S214019C0012BB31461D48C8F80040EDF76BFE014611
S214019C1000B31B4800F0AEFB0120DFE72046EDF75E
S214019C2041FE044638B10146164800F0A3FB201E4B
S214019C3018BF0120D2E7EDF791FCF8E753F8041BB3
S214019C408C42DDD00132D4E70C499200081D01F0A8
S214019C50F5FCD6E729680948EDF764FE044610B11D
S214019C6001460948D6E7EDF779FC2046B6E711200C
S214019C70B4E700BF0C4B00209C0D040028480020D0
S214019C804F0F0400250F0400820F0400F8B50446A8
S214019C90FFF73AFE002845D0234B1A68A24207D8A0
S214019CA021462248013A00F065FB21242046F8BDF2
S214019CB01F4800F05FFB20F0F9FC40F2C1221D496D
S214019CC02046EDF74FFE40F20327054620F0EEFC56
S214019CD0184E65B140F203239D421AD02946164814
S214019CE000F048FB0124154800F044FBDEE720F0B5
S214019CF0DDFC29463046EDF755FEB84209D040F264
S214019D000123984203D10E4800F034FBE1E70546F3
S214019D10DFE721460B4800F02DFB2046FFF74CFFFE
S214019D200446E0E71124C1E70C4B00209C0D04001B
S214019D30B90F040048480020D90F04001BAE0300E9
S214019D4022E50300F10F040010B50A46044619B1D6
S214019D50024B00211B68984710BD00BF4C590400F8
S214019D6010B5114C2378580744BF23F00403237021
S214019D702378990705D500F05DF8237823F00203D0
S214019D80237063781BB10023084A63605360002385
S214019D90082106486370FFF7D7FF2378DA0744BF28
S214019DA023F00103237010BD104B0020144B00203C
S214019DB038B51A4C62782378022A01D1072B11D0C4
S214019DC0DD0712D52378980707D400F02BF82378FF
S214019DD0054643F00203237080B96278237882B186
S214019DE05A0716D50025284638BD17F09EFB23785E
S214019DF0054643F0010323700028E3D0FFF7B0FFC8
S214019E00F1E7D907ECD5064962604A600222627022
S214019E10E6E743F004032370E4E700BF104B00209D
S214019E20144B00200122024B002083F8F0207047DB
S214019E301C4B00202DE9F0410A4C002526464FF028
S214019E40010803272046C4F81C80277601351BF03D
S214019E503AFA062D04F12804F4D1002386F8F030EE
S214019E60BDE8F0811C4B00202DE9F04F984691B0DB
S214019E700B1E0A93B44B914614BF83469B4600259E
S214019E801A9E98F8000070B94D4538BF2A464B46D1
S214019E904FF000000A9928BF09F1FF32D84728463B
S214019EA011B0BDE8F08F252808F1010806D02A4632
S214019EB04B460A996C1CD8472546E2E700234146E3
S214019EC011F8012B2B2A16D00AD8202A16D0232ABD
S214019ED017D0A2F13000092834D800270A2418E048
S214019EE02D2A05D0302AF4D143F001038846E6E74F
S214019EF043F00203FAE743F00403F7E743F00803ED
S214019F00F4E743F01003F1E7884604FB0722A2F1C9
S214019F103007414611F8012BA2F130000928F3D988
S214019F2098F800202E2A52D198F8011008F1010263
S214019F30A1F13000092843F480633ED800244FF095
S214019F400A0E11E02A2A08D156F8047B8846002F0B
S214019F50BCBF43F002037F42E2E70027E0E7024688
S214019F600EFB0411A1F13004104610F8011BA1F1FB
S214019F70300CBCF1090FF2D99046424612F8011B8B
S214019F806C292DD025D8682933D06A293BD0424682
S214019F90904618F8010B672860D8572836D8452808
S214019FA008D084D9462800F0188147287FF47FAF6F
S214019FB043F4006343F0200327E12A2906D156F82B
S214019FC0044B08F1020824EAE474D6E7904600241C
S214019FD0D3E7742901D07A29D9D143F48073D7E71E
S214019FE098F801106C29F8D143F4407308F1020285
S214019FF0CEE798F80110682902D043F08003C7E73E
S21401A00043F0C003F2E743F40073C1E7A0F158023E
S21401A0100F2A3FF64CAF01A151F822F0BDA0010076
S21401A020AF9E0100AF9E0100AF9E0100AF9E0100F2
S21401A030AF9E0100AF9E0100AF9E0100AF9E0100E2
S21401A040AF9E0100BDA0010029A20100BDA0010034
S21401A050FFA10100DFA10100FFA10100A0F169013C
S21401A060C9B20F293FF623AF012249F2410C8A40BB
S21401A07012EA0C0218D10A2900F0158107297FF48B
S21401A08016AF43F0210305930823CDE903431023BC
S21401A090CDE9012356F8043B2A46009358464B4621
S21401A0A00A991BF000FAA8E06F2800F05E8110D92B
S21401A0B0782808D1102223F00C0310E0582839D054
S21401A0C0622800F054810A2223F01003642806D087
S21401A0D0F1E769284FF00A0223F01003F6D159057B
S21401A0E048BF23F00103692803F4007101D06428F6
S21401A0F040D111B3073626F00706B24670685AF803
S21401A100081BCDE9077300230593C30F00280293AC
S21401A11006940B46049202DA4B4260EB4000CDE90E
S21401A12000304B462A4658460A991BF0FEF905466A
S21401A1305646A6E643F02003BCE7D90506F1040A15
S21401A14004D5316805E000BF0953030058060CD555
S21401A1503178CDE90224CDE9047300294FEAD173A1
S21401A1600193B8BF4942009120E01906E9D5B6F936
S21401A1700010EEE779B1CDE907730023CDE904239A
S21401A18006F1070A2AF0070A06940293FAE8022360
S21401A190CDE90023C5E7D80506F1040A0DD5CDE9BA
S21401A1A00473CDE902240191336800934B462A4695
S21401A1B058460A991BF077F9B9E7590607D5317859
S21401A1C0CDE904730023CDE902240193CBE731687E
S21401A1D013F0800F18BF89B2F2E743F02003CDE9F0
S21401A1E00173073626F007060094B6EC020B4B46C1
S21401A1F02A4658460A99EAF7CBFA054641E600F0A0
S21401A200DF00472801D143F40063CDE90173073627
S21401A21026F007060094B6EC020B4B462A46584633
S21401A2200A99EAF7F9F8E8E713F0020426D04FF0A6
S21401A230010A6B1C0B932A464B460A9916F8040B27
S21401A240D84774B354460B9A21E04B4620200A990E
S21401A250D8470AEB05020AF1010A5745F5D83A1E16
S21401A26018BF0122002A07F1FF3308BF002307F1B8
S21401A270010A1D4408BF4FF0020ADAE7A246E8E7E2
S21401A280551C4B4620200A99D8472A460134BC4221
S21401A290F6D3A7EB0A03574538BF00230B9A1A4497
S21401A2A00B920B9DEDE53246002C52F8046B14BF61
S21401A2B021464FF0FF310B9232463144107808B1F7
S21401A2C0914211D1A2EB060A13F480620C9202D0DD
S21401A2D0A24528BFA24613F002030D931BD1AAEB99
S21401A2E005032A460F9308E00132E7E7531C0E9355
S21401A2F020204B460A99D8470E9A0F9BD318BB428B
S21401A300F4D3A7EB0A03574538BF00230AF101022D
S21401A3101D4403EB020AAB1B0E9304E01C464B469E
S21401A3202A460A99D8470E9BF51816F8010B28B14C
S21401A3300C9B002BF3D0631E002CEFD10D9B93B129
S21401A3402A46AAEB050405E0561C4B4620200A992E
S21401A350D84732461319BB42F6D3A7EB0A03574533
S21401A36038BF00231D440B9E8BE50822A3E602227C
S21401A370A1E600BF0FB41FB506AA52F8043B02A916
S21401A3800392009204484FF0FF32FFF76DFD05B0CF
S21401A3905DF804EB04B07047CB5503001FB50346C8
S21401A3A000914FF0FF3203A90248FFF75DFD05B0AB
S21401A3B05DF804FBCB5503001FB5CDE90201009300
S21401A3C002A9134603484FF0FF32FFF74DFD05B0D3
S21401A3D05DF804FBD35503001FB5094B094A1868FD
S21401A3E0094B01A91860094B1360094A0192094AF1
S21401A3F01268CDE9022317F03FF905B05DF804FBBA
S21401A40010670020143C0020183C00200467002040
S21401A410F4470400CC4E0020014B186817F040B9F1
S21401A4201067002038B5F1F71BFE0446064D2B6871
S21401A430D3F8B002F1F708FE286817F044F9204671
S21401A440BDE83840F1F700BE1067002010B51F4C7C
S21401A450EFF7DCFE236F012023F0070343F002032E
S21401A4602367EFF7E1FED4F82031002023F007033D
S21401A47043F00103C4F82031D4F8403123F003033C
S21401A48043F00103C4F84031D4F8603123F00303EC
S21401A49043F00103C4F86031D4F8403223F00303DB
S21401A4A043F00103C4F84032D4F8003223F0070326
S21401A4B043F00103C4F80032D4F8083223F007034E
S21401A4C043F00103C4F8083210BD00BF00800050FD
S21401A4D0064B1B681A7A022A01D81AB97047032A52
S21401A4E000D070471B68024A13607047146700204B
S21401A4F0CC4E00200022024B5A60DA601A60704788
S21401A500D04E002008B501F037FF0022014B1A702B
S21401A51008BD00BF076100200A4601491BF0C3B809
S21401A520E57104000A4601491BF0BDB8E07104005C
S21401A5300A4601491BF0B7B8D97104000A46014919
S21401A5401BF0B1B8D67104000A4601491BF0ABB83E
S21401A550D37104000A4601491BF0A5B8CE71040068
S21401A5600A4601491BF09FB8C97104000A46014911
S21401A5701BF099B8C47104000A4601491BF093B850
S21401A580BD71040081F0004102E000BF83F000438A
S21401A59030B54FEA41044FEA430594EA050F08BF78
S21401A5A090EA020F1FBF54EA000C55EA020C7FEA3C
S21401A5B0645C7FEA655C00F0E2804FEA5454D4EBB9
S21401A5C05555B8BF6D420CDD2C4480EA020281EA83
S21401A5D0030382EA000083EA010180EA020281EABB
S21401A5E00303362D88BF30BD11F0004F4FEA01310D
S21401A5F04FF4801C4CEA113102D0404261EB41011C
S21401A60013F0004F4FEA03334CEA133302D05242A1
S21401A61063EB430394EA050F00F0A780A4F101045D
S21401A620D5F1200E0DDB02FA0EFC22FA05F2801897
S21401A63041F1000103FA0EF2801843FA05F359417D
S21401A6400EE0A5F120050EF1200E012A03FA0EFCFC
S21401A65028BF4CF0020C43FA05F3C01851EBE37126
S21401A66001F0004507D54FF0000EDCF1000C7EEB43
S21401A67000006EEB0101B1F5801F1BD3B1F5001F81
S21401A6800CD349085FEA30004FEA3C0C04F10104A0
S21401A6904FEA445212F5800F80F09A80BCF1004FC9
S21401A6A008BF5FEA500C50F1000041EB045141EA4B
S21401A6B0050130BD5FEA4C0C404141EB0101013C14
S21401A6C028BFB1F5801FE9D291F0000F04BF014603
S21401A6D00020B1FA81F308BF2033A3F10B03B3F1D5
S21401A6E020020CDA0C3208DD02F1140CC2F10C0265
S21401A6F001FA0CF021FA02F10CE002F11402D8BFC3
S21401A700C2F1200C01FA02F120FA0CFCDCBF41EA8E
S21401A7100C019040E41AA2BF01EB0451294330BD5D
S21401A7206FEA04041F3C1CDA0C340EDC04F114043A
S21401A730C4F1200220FA04F001FA02F340EA030011
S21401A74021FA04F345EA030130BDC4F10C04C4F157
S21401A750200220FA02F001FA04F340EA0300294637
S21401A76030BD21FA04F0294630BD94F0000F83F481
S21401A770801306BF81F480110134013D4EE77FEA64
S21401A780645C18BF7FEA655C29D094EA050F08BFB0
S21401A79090EA020F05D054EA000C04BF1946104691
S21401A7A030BD91EA030F1EBF0021002030BD5FEAD5
S21401A7B0545C05D14000494128BF41F0004130BDFD
S21401A7C014F580043CBF01F5801130BD01F0004551
S21401A7D045F0FE4141F470014FF0000030BD7FEAC4
S21401A7E0645C1ABF194610467FEA655C1CBF0B46BF
S21401A7F0024650EA013406BF52EA033591EA030FD6
S21401A80041F4002130BD00BF90F0000F04BF0021CD
S21401A810704730B54FF4806404F132044FF0000500
S21401A8204FF0000150E700BF90F0000F04BF002179
S21401A830704730B54FF4806404F1320410F00045DF
S21401A84048BF40424FF000013EE700BF42004FEADA
S21401A850E2014FEA31014FEA02701FBF12F07F4357
S21401A86093F07F4F81F06051704732F07F4208BF0E
S21401A870704793F07F4F04BF41F40021704730B515
S21401A8804FF4607401F0004521F000411CE700BF61
S21401A89050EA010208BF704730B54FF000050AE0E4
S21401A8A050EA010208BF704730B511F0004502D5E5
S21401A8B0404261EB41014FF4806404F132045FEAE7
S21401A8C0915C3FF4D8AE4FF003025FEADC0C18BF90
S21401A8D003325FEADC0C18BF033202EBDC02C2F182
S21401A8E0200300FA03FC20FA02F001FA03FE40EA14
S21401A8F00E0021FA02F11444BDE600BF70B54FF018
S21401A900FF0C4CF4E06C1CEA11541DBF1CEA1355F5
S21401A91094EA0C0F95EA0C0F00F0DEF82C4481EA5D
S21401A920030621EA4C5123EA4C5350EA013518BF7D
S21401A93052EA033541F4801143F4801338D0A0FB6A
S21401A94002CE4FF00005E1FB02E506F00042E0FB17
S21401A95003E54FF00006E1FB03569CF0000F18BF1D
S21401A9604EF0010EA4F1FF04B6F5007F64F54074C5
S21401A97004D25FEA4E0E6D4146EB060642EAC62158
S21401A98041EA55514FEAC52040EA5E504FEACE2EC5
S21401A990B4F1FD0C88BFBCF5E06F1ED8BEF1004FC8
S21401A9A008BF5FEA500E50F1000041EB045170BD44
S21401A9B006F0004646EA010140EA020081EA030188
S21401A9C0B4EB5C04C2BFD4EB0C0541EA045170BD84
S21401A9D041F480114FF0000E013C00F3AB8014F1FE
S21401A9E0360FDEBF002001F0004170BDC4F1000447
S21401A9F0203C35DA0C341BDC04F11404C4F12005C8
S21401AA0000FA05F320FA04F001FA05F240EA020022
S21401AA1001F0004221F0004110EBD37021FA04F658
S21401AA2042EB06015EEA430E08BF20EAD37070BD12
S21401AA30C4F10C04C4F1200500FA04F320FA05F071
S21401AA4001FA04F240EA020001F0004110EBD37073
S21401AA5041F100015EEA430E08BF20EAD37070BDE3
S21401AA60C4F1200500FA05F24EEA020E20FA04F3BC
S21401AA7001FA05F243EA020321FA04F001F000416B
S21401AA8021FA04F220EA020000EBD3705EEA430EDC
S21401AA9008BF20EAD37070BD94F0000F0FD101F00B
S21401AAA00046400041EB010111F4801F08BF013C44
S21401AAB0F7D041EA060195F0000F18BF704703F082
S21401AAC00046520043EB030313F4801F08BF013D09
S21401AAD0F7D043EA0603704794EA0C0F0CEA1355C5
S21401AAE018BF95EA0C0F0CD050EA410618BF52EA7F
S21401AAF04306D1D181EA030101F000414FF0000085
S21401AB0070BD50EA410606BF1046194652EA430692
S21401AB1019D094EA0C0F02D150EA013613D195EA06
S21401AB200C0F05D152EA03361CBF104619460AD14E
S21401AB3081EA030101F0004141F0FE4141F4700158
S21401AB404FF0000070BD41F0FE4141F4780170BD48
S21401AB5070B54FF0FF0C4CF4E06C1CEA11541DBFAD
S21401AB601CEA135594EA0C0F95EA0C0F00F0A7F8AF
S21401AB70A4EB050481EA030E52EA03354FEA0131DC
S21401AB8000F088804FEA03334FF0805545EA1313EF
S21401AB9043EA12634FEA022245EA111545EA1065B7
S21401ABA04FEA00260EF000419D4208BF964244F14E
S21401ABB0FD0404F5407402D25B084FEA3202B61A6D
S21401ABC065EB03055B084FEA32024FF480104FF441
S21401ABD0002CB6EB020E75EB030E22BFB61A7546B5
S21401ABE040EA0C005B084FEA3202B6EB020E75EB48
S21401ABF0030E22BFB61A754640EA5C005B084FEAB0
S21401AC003202B6EB020E75EB030E22BFB61A75467C
S21401AC1040EA9C005B084FEA3202B6EB020E75EB87
S21401AC20030E22BFB61A754640EADC0055EA060E48
S21401AC3018D04FEA051545EA16754FEA06164FEA8B
S21401AC40C30343EA52734FEAC2025FEA1C1CC0D137
S21401AC5011F4801F0BD141EA00014FF000004FF0C4
S21401AC60004CB6E711F4801F04BF01430020B4F185
S21401AC70FD0C88BFBCF5E06F3FF6AFAEB5EB030C3D
S21401AC8004BFB6EB020C5FEA500C50F1000041EB3A
S21401AC90045170BD0EF0004E4EEA113114EB5C0407
S21401ACA0C2BFD4EB0C0541EA045170BD41F48011DA
S21401ACB04FF0000E013C90E645EA060E8DE60CEAE2
S21401ACC0135594EA0C0F08BF95EA0C0F3FF43BAFFF
S21401ACD094EA0C0F0AD150EA01347FF434AF95EAB6
S21401ACE00C0F7FF425AF104619462CE795EA0C0F9A
S21401ACF006D152EA03353FF4FDAE1046194622E767
S21401AD0050EA410618BF52EA43067FF4C5AE50EA40
S21401AD1041047FF40DAF52EA43057FF4EBAE12E730
S21401AD204FF0FF3C06E000BF4FF0010C02E000BF11
S21401AD304FF0010C4DF804CD4FEA410C7FEA6C5CF4
S21401AD404FEA430C18BF7FEA6C5C1BD001B050EA97
S21401AD50410C0CBF52EA430C91EA030F02BF90EA82
S21401AD60020F0020704710F1000F91EA030F58BF41
S21401AD70994208BF90422CBFD8176FEAE37040F0A3
S21401AD80010070474FEA410C7FEA6C5C02D150EA41
S21401AD90013C07D14FEA430C7FEA6C5CD6D152EAFC
S21401ADA0033CD3D05DF8040B704700BF84461046C1
S21401ADB062468C461946634600E000BF01B5FFF7C0
S21401ADC0B7FF002848BF10F1000F01BD4DF808ED90
S21401ADD0FFF7F4FF0CBF012000205DF808FB00BF61
S21401ADE04DF808EDFFF7EAFF34BF012000205DF8BB
S21401ADF008FB00BF4DF808EDFFF7E0FF94BF012008
S21401AE0000205DF808FB00BF4DF808EDFFF7CEFF08
S21401AE1094BF012000205DF808FB00BF4DF808ED47
S21401AE20FFF7C4FF34BF012000205DF808FB00BF18
S21401AE304FEA410212F5001215D211D56FF478735C
S21401AE40B3EB625212D94FEAC12343F0004343EAFF
S21401AE50505311F0004F23FA02F018BF40427047DA
S21401AE604FF00000704750EA013005D111F0004064
S21401AE7008BF6FF0004070474FF00000704700BFFA
S21401AE804A0011D212F5001211D20DD56FF4787363
S21401AE90B3EB62520ED44FEAC12343F0004343EAB8
S21401AEA0505323FA02F070474FF00000704750EA03
S21401AEB0013002D14FF0FF3070474FF0000070476D
S21401AEC053B94AB9002908BF00281CBF4FF0FF310B
S21401AED04FF0FF3000F08CB9ADF1080C6DE904CEEF
S21401AEE000F006F8DDF804E0DDE9022304B070475F
S21401AEF02DE9F04F099D0E4604460F46002B47D11B
S21401AF008A429446B2FA82F35AD943B102FA03FC52
S21401AF10C3F120029F409C4020FA02F217434FEAF9
S21401AF201C461FFA8CFE220CB7FBF6F106FB1177C6
S21401AF3001FB0EF042EA0742904208D91CEB0202DE
S21401AF4001F1FF3702D2904200F23C813946121AD3
S21401AF50A4B2B2FBF6F006FB102200FB0EFE44EA9A
S21401AF600244A64508D91CEB040400F1FF3202D2C4
S21401AF70A64500F22A81104640EA0140A4EB0E04E1
S21401AF8000211DB1DC400023C5E90043BDE8F08F78
S21401AF908B4205D90DB1C5E9000100210846F5E748
S21401AFA0B3FA83F100294FD1B342C0F00281824245
S21401AFB040F2FF800846002DE8D0C5E90047E5E7E6
S21401AFC0002B40F0AF808A1A4FEA1C4E1FFA8CF70E
S21401AFD00121B2FBFEF60EFB1620220C42EA0042CD
S21401AFE007FB06F090420FD91CEB020206F1FF3870
S21401AFF02CBF4FF001094FF00009904203D9B9F177
S21401B000000F00F0DC804646121AA4B2B2FBFEF036
S21401B0100EFB102200FB07F744EA0244A7420FD9B1
S21401B0201CEB040400F1FF322CBF4FF0010E4FF071
S21401B030000EA74203D9BEF1000F00F0C9801046EA
S21401B040E41B40EA06409CE7C1F120048B4006FA67
S21401B05001FC00FA01FE22FA04F7E6408A401F438B
S21401B06020FA04F34FEA174843EA0C031FFA87FC59
S21401B0704FEA1349B6FBF8F008FB106649EA0646A4
S21401B08000FB0CF9B1450ED9BE1900F1FF3A2CBFF1
S21401B0904FF0010B4FF0000BB14503D9BBF1000F88
S21401B0A000F0A2805046A6EB09061FFA83F9B6FB0C
S21401B0B0F8F308FB136603FB0CFC49EA0646B445A5
S21401B0C00ED9BE1903F1FF382CBF4FF001094FF01E
S21401B0D00009B44503D9B9F1000F00F08280434658
S21401B0E043EA0040A6EB0C06A0FB028C66454346ED
S21401B0F0E14602D307D1C64505D2B8EB02036CEB95
S21401B100070C0138E1465DB1BEEB030266EB0906AA
S21401B11006FA04F422FA01F3CE401C43C5E90046C0
S21401B120002133E702FA03FCC3F1200299409C4058
S21401B130D6404FEA1C4E20FA02F21FFA8CF7B6FBF5
S21401B140FEF00A430EFB1066110C41EA064100FBB5
S21401B15007F68E420ED91CEB010100F1FF382CBF19
S21401B1604FF001094FF000098E4202D9B9F1000FE4
S21401B17034D04046891B92B2B1FBFEF60EFB161187
S21401B18042EA014206FB07F191420ED91CEB02028C
S21401B19006F1FF382CBF4FF001094FF0000991422C
S21401B1A002D9B9F1000F16D04646521A46EA0041B6
S21401B1B00FE7841A66EB030201201746FBE6023E00
S21401B1C0624421E702396244C1E664440238D3E6A8
S21401B1D06444023834E7023E6244E6E702386144DA
S21401B1E0C8E7023B3E447BE702383E445BE700BFCC
S21401B1F0704700BF2DE9F04F924685B089461E463E
S21401B2000D46554A0390294615F8014B135D13F078
S21401B2100803F8D12D2C7CD02B2C4ED04FF0FF31CB
S21401B22002936FF00043CDE9001336F0100851D0B9
S21401B23037464FEAE6783A464346DDE90001FFF72E
S21401B2403FFE002383468E4618461946A44613E061
S21401B250ACF13704A6421FDD002B09DB83457EEBEC
S21401B260010305D38E4508BF83453BD1A24239DA97
S21401B2704FF0FF3315F801CBACF13004092CE9D9B6
S21401B280ACF14104192CE3D9ACF16104192C03D8B3
S21401B290ACF15704A642DFDC5A1C2FD0029A12B139
S21401B2A0404261EB4101BAF1000F03D0002B48D1B7
S21401B2B0CAF8009005B0BDE8F08F4FF0FF3002935A
S21401B2C036F010086FF000432C7801F10205CDE945
S21401B2D00003ADD1302C25D0002E3AD10A27B04636
S21401B2E03E46A8E700FB08F307FB0133A0FB070176
S21401B2F00B44201843EBE4710123BBE72223039A96
S21401B3001360BAF1000F17D005F1FF39DDE900012E
S21401B310CEE74FF00047009301232C788D1CCDE932
S21401B320017382E72B7803F0DF03582B0CD086B924
S21401B3300827B0463E467EE7DDE9000105B0BDE8D8
S21401B340F08FCDE90001DFE710276C7802353E4625
S21401B35071E710273E466EE7ED7104004AE700BF2D
S21401B36010B4044C13460A46014620685DF8044BA7
S21401B37040E700BF4467002010B4044C13460A4659
S21401B380014620685DF8044B34E700BF446700209F
S21401B39020F0030110F00300C0F1000051F8043B57
S21401B3A000F1040C4FEACC0C6FF000021CBF22FA2D
S21401B3B00CF213434FF0010C4CEA0C2C4CEA0C4CEB
S21401B3C0A3EB0C0222EA030212EACC1204BF51F8E4
S21401B3D0043B0430F4D0C2F1000102EA0102B2FAE1
S21401B3E082F2C2F11F0200EBD20070472DE9F0474E
S21401B3F080460C464548264614F801EB10F80EC068
S21401B4001CF0080CF7D1BEF12D0F5BD0BEF12B0F4F
S21401B4103AD0654633F010003ED04FF0FF379A46DB
S21401B420B7FBF3F703FB07F96FEA09090026304675
S21401B4300EE0AEF1370C63451DDD002E04DBB8428D
S21401B44002D833D1CC4531DD4FF0FF3614F801EB8D
S21401B450AEF1300CBCF1090FEDD9AEF1410CBCF1E7
S21401B460190FE6D9AEF1610CBCF1190F03D8AEF194
S21401B470570C6345E1DC731C1CD005B140420AB190
S21401B480F6B91160BDE8F08733F0100094F800E0DB
S21401B490654606F10204C0D1BEF1300F17D06BBB72
S21401B4A00A234FF005091A4F9A46BFE700FB0AC068
S21401B4B00126CBE722233046C8F80030002AE1D027
S21401B4C0611EDEE794F800E00125B41CA2E72078AF
S21401B4D000F0DF00582807D083B908234FF007098A
S21401B4E06FF060479A46A1E7102394F801E04FF009
S21401B4F00F0902346FF070479A4697E710234FF012
S21401B5000F096FF070479A4690E700BFED7104008F
S21401B510999999196AE700BF10B4044C13460A4674
S21401B520014620685DF8044B60E700BF44670020D1
S21401B53010B4044C13460A46014620685DF8044BD5
S21401B54054E700BF446700200F4B70B50F4DAB4268
S21401B550A3EB050607D0B6100024013455F8043BCA
S21401B5609847A642F9D80A4D1FF09AFA094B5E1B76
S21401B570AB424FEAA60606D00024013455F8043B38
S21401B5809847A642F9D870BDD86A0020D86A00202C
S21401B590D86A0020DC6A002070B5860747D0541EA2
S21401B5A0002A3ED0CAB2034601E0013C39D303F873
S21401B5B0012B9D07F9D1032C2CD9CDB20F2C05EB0D
S21401B5C0052505EB054535D9A4F1100C03F1100E40
S21401B5D01A462CF00F064FEA1C1CB644C2E9005569
S21401B5E0C2E9025510327245F8D10CF1010214F08D
S21401B5F00C0F04F00F0C03EB021213D0ACF1040392
S21401B60023F003030433134442F8045B9342FBD153
S21401B6100CF003042CB1C9B21C4403F8011BA3426D
S21401B620FBD170BD64461346002CF4D1F9E70346FE
S21401B6301446C0E71A46A446E0E700BF88420ED982
S21401B6408B1883420BD900EB020C002A6ED062469F
S21401B65013F801CD994202F801CDF9D170470F2AAE
S21401B6600FD8034602F1FF3C002A5FD00CF1010C13
S21401B670013B8C4411F8012B614503F8012FF9D1E8
S21401B680704740EA01039B0751D1A2F1100301F173
S21401B690200C70B523F00F0501F1100E00F1100417
S21401B6A01B09AC445EF8105C0EF1100E103444F821
S21401B6B0205C5EF81C5C44F81C5C5EF8185C44F880
S21401B6C0185C5EF8145CE64544F8145CEAD1013374
S21401B6D012F00C0F02F00F0C01EB031100EB031339
S21401B6E029D0ACF1040C1C1F8E462CF003064FEA41
S21401B6F09C0C1E445EF8045B44F8045FB442F9D126
S21401B7000CF1010402F0030203EB840301EB840154
S21401B71002F1FF3C4AB10CF1010C013B8C4411F8DB
S21401B720012B614503F8012FF9D170BD704702F175
S21401B730FF3C03469AE76246EAE700BF2DE9F04F71
S21401B74082468E463F4875461EF801BB10F80B40F0
S21401B75014F00804F7D1BBF12D0F5BD0BBF12B0F12
S21401B7606FF0004904BF9EF800B005F1020E33F0F9
S21401B770100010D1BBF1300F04D0002B5ED10A238C
S21401B7801F4609E09EF8000000F0DF0058284ED062
S21401B790002B53D108231F460025B9FBF7F6284690
S21401B7A007FB16980EE0ABF1370C63451DDD002D47
S21401B7B004DB864202D321D1E0451FDA4FF0FF3584
S21401B7C01EF801BBABF1300CBCF1090FEDD9ABF1A2
S21401B7D0410CBCF1190FE6D9ABF1610CBCF1190FA4
S21401B7E003D8ABF1570C6345E1DC6B1C0AD004B1FE
S21401B7F040420AB1CDB91160BDE8F08F07FB00C029
S21401B8000125DDE72223CAF800305AB10EF1FF31D7
S21401B8104846F0E79EF800B04FF0004905F1020EE9
S21401B8200124A4E74846BDE8F08F8146EEE71023E1
S21401B8309EF801B00EF1020E1F46ADE710231F461B
S21401B840AAE700BFED710400242B02D8012B00D01B
S21401B85074E710B500F02EFA16230360002010BD21
S21401B86010B5242A084C1346246807D8012A05D0A7
S21401B8700A4601462046BDE810405FE700F01AFA86
S21401B88016230360002010BD4467002010B5242A4B
S21401B890084C1346246807D8012A05D00A460146F3
S21401B8A02046BDE8104049E700F004FA162303607D
S21401B8B0002010BD44670020844641EA000313F0CF
S21401B8C0030349D1403A23D30B6803604B684360B6
S21401B8D08B688360CB68C3600B6903614B69436106
S21401B8E08B698361CB69C3610B6A03624B6A4362EE
S21401B8F08B6A8362CB6AC3620B6B03634B6B4363D6
S21401B9008B6B8363CB6BC36340304031403ADBD2F1
S21401B91030320BD30B6803604B6843608B688360DF
S21401B920CB68C36010301031103AF3D20C3205D315
S21401B93051F8043B40F8043B043AF9D2043208D0EB
S21401B940D2071CBF11F8013B00F8013B01D30B885D
S21401B95003806046704700BF082A13D38B07B1D017
S21401B96010F00303AED0C3F10403D21ADB071CBFE9
S21401B97011F8013B00F8013BA4D331F8023B20F853
S21401B980023B9FE7043AD9D3013A11F8013B00F88C
S21401B990013BF9D20B7803704B7843708B78837038
S21401B9A060467047024B0146186816F04BBC00BF54
S21401B9B044670020024B0146186816F046BC00BFDB
S21401B9C044670020CAB384460B4630B50446084394
S21401B9D0800719D09CF800000C78A04212D150B311
S21401B9E0012A28D0E64603E01CEB030F23D010B350
S21401B9F01EF8010F11F8014FA2EB0E03A04203F14E
S21401BA00FF33F1D0001B30BD032A07D8E2E7043A22
S21401BA1011D01EF0803F0ED1032A10D92068194696
S21401BA2053F8045BA446A0F1013E0434A8422EEA72
S21401BA30000EECD0CEE7002030BD10467047A4467D
S21401BA401946C7E780EA010C1CF0030F37D110F046
S21401BA50030C20F0030021F0030150F8042B08BF6B
S21401BA6051F8043B0ED08CF0030C6FF07F434FEA85
S21401BA70CC0C23FA0CFC51F8043B42EA0C0243EAD4
S21401BA800C0300BFA2F1013C9A4201BF2CEA020C52
S21401BA901CF0803F50F8042B51F8043BF2D04FEADB
S21401BAA002604FEA1222012828BFB0EB036F08BFDD
S21401BAB01B0AF4D003F0FF03000EC01A704710F003
S21401BAC0030F0AD010F8012B11F8013B012A28BFF9
S21401BAD09A42F4D0A2EB030070474DF8045D50F88B
S21401BAE0042B01F0030521F0030151F8043B022D5C
S21401BAF026D04DD822F07F45B5EB132FA2F1013C9D
S21401BB002CEA020C0DD11CF0803C08BF51F8043B16
S21401BB100AD185EA0205B5EB036F0CD150F8042B68
S21401BB20E8E74FEA13235BE03CF07F4C54D10B78F7
S21401BB304FEA126554E04FEA126503F0FF034FE047
S21401BB404FEA0245A2F1013C4FEA15452CEA020CE8
S21401BB50B5EB134F18D11CF0803C08BF51F8043BDD
S21401BB6007D185EA0205B5EB034F09D150F8042B3E
S21401BB70E6E75FEA0C4C2FD10B884FEA12452FE01F
S21401BB804FEA03434FEA12454FEA134328E000BF4A
S21401BB9002F0FF05B5EB136FA2F1013C2CEA020C93
S21401BBA00DD11CF0803C08BF51F8043B0AD185EA50
S21401BBB00205B5EB032F0AD150F8042BE8E74FEA4C
S21401BBC013630DE012F0FF0F06D051F8043B4FEA65
S21401BBD0122523F07F4303E04FF0000020BC70479E
S21401BBE005F0FF0203F0FF00012828BF904204BFC2
S21401BBF02D0A1B0AF4D0A2EB000020BC704700BF40
S21401BC0008B5064B044613B1002100F0AFF8044B0B
S21401BC101B6803B19847204614F04DFD6DBD010029
S21401BC2018500020002301461A46184600F048B86E
S21401BC30032A30B415D941EA000484460B46A4070A
S21401BC4004D0541E0FE0043A032A08D91946604668
S21401BC5053F8044B5CF8045BA542F4D0F1E7604668
S21401BC601946541E7AB1431E0139021901E09A425F
S21401BC7009D013F8010F11F801CF6045F7D0A0EBFA
S21401BC800C0030BC7047002030BC704738B5074DFB
S21401BC90074C2C1BA41005D0013C55F8043D9847D1
S21401BCA0002CF9D1BDE838401EF000BFE06A002044
S21401BCB0DC6A0020014B1868704700BF446700200B
S21401BCC0F0B5264C83B006460F46256805B36C686A
S21401BCD01F2C3FDCA6B1D5F8880048B3D0F8001178
S21401BCE04FF0010C40F82420022E00EB84020CFADF
S21401BCF004FC4CEA0101C0F80011C2F8803010D0F3
S21401BD00631C002002346B6045F8247003B0F0BD5C
S21401BD1013491448216010B10068C1F88800104D1D
S21401BD20D5E7D0F8043143EA0C03C0F80431E7E75D
S21401BD300D49CDE9002369B14FF48470FFF732FE57
S21401BD4040B100216C68C0E94011DDE90023C5F867
S21401BD508800C5E74FF0FF30D8E700BFA8500020A5
S21401BD601C50002000000000A5B901002DE9F04F8D
S21401BD70DFF8B49083B0D9F8006096B38846019096
S21401BD807568D6F888706C1E2BD4013507F1800BC8
S21401BD9006EB8505B8F1000F26D173682A68013BCA
S21401BDA0A3423BD000232B60BAB1D6F804A05FB300
S21401BDB00123D7F80011A3400B4225D0D7F8040180
S21401BDC057F8241003422BD1019890477368D9F88D
S21401BDD0002053451ED1B2421CD1013C043D631CD8
S21401BDE0D8D103B0BDE8F08F4FB15BF8243043459E
S21401BDF0D3D0013C043D621CF3D0002FF5D1013CA9
S21401BE00EFD3013CFBD2ECE790477368D9F80020EA
S21401BE105345E0D0002AE4D01646B1E77460C3E784
S21401BE2008469047D2E700BFA8500020431E0333C0
S21401BE3006D8044B984228BF1846642838BF6420A9
S21401BE40704700BF40420F0038B5194B05461B68C6
S21401BE500C4603B1984744B1236833B11B680133DC
S21401BE6003D0E3680BB1A3684BB91AF0E2F80020DF
S21401BE704FF4C172412100F0FFF9212038BD204660
S21401BE8002F04AFC00230B4A85F83C31C5E93743EA
S21401BE90C2E9003363694BB1074A422110684FF487
S21401BEA0D272C31A5842584100F0E6F90020E5E77D
S21401BEB018530020B86300207C530020F8B50446D0
S21401BEC01EF0E5FA002607460E4B1B6893B19E68E6
S21401BED0AEB196F82420D20711D435460FCC0FC543
S21401BEE00FCC0FC523682B6096F8243043F001036E
S21401BEF086F8243038461EF0C5FA3046F8BD1B6871
S21401BF00E4E700BF9867002010B5044618B9054B52
S21401BF10054A136010BD00F0D9FCD4F8E830002BB8
S21401BF20F6D1F4E7DD57030094670020014B18684B
S21401BF30704700BFB863002008B502460868FFF7DF
S21401BF4075FF08604868FFF771FF48608868FFF76B
S21401BF506DFF8860C868FFF769FF0B69C860581CE9
S21401BF6003D00B48834228BF03460B614B69581C1C
S21401BF7003D00748834228BF034688694B61FFF711
S21401BF8055FFBDE808408861104601F07BBC00BF44
S21401BF9040420F00D0F8E0302DE9F04105460C464E
S21401BFA013B1C38D8B424CD0D5F8DC30002B4BD06F
S21401BFB09E68002E48D0D868002845D0013800B2C7
S21401BFC000281ADB002106E0128A591CA24217D269
S21401BFD009B2884211DB0B1803EBD3735B1003EB3A
S21401BFE0C30206EB8202B2F80EC003F1FF3EA4457F
S21401BFF0EAD90FFA8EF08842EDDA2120BDE8F08109
S21401C0004FF6FF7299B29142F7D09BB203EBC3038E
S21401C01006EB83062846B6F9122095F83011D5F8B6
S21401C020F080EEF709FE0746B8F1000F04D00023B2
S21401C030324628461946C047EC85C5F8E06085F8C3
S21401C04039710020BDE8F0810E20BDE8F08100BF07
S21401C0502DE9F04782B004460F46164601F086FEEB
S21401C060002863D14F4D2B68D4F8DCA0D4F8E080CB
S21401C0700BB1534576D04FF00009AF6001F09EFE3C
S21401C0800128074665D1204619F012FF002851D134
S21401C0902B68DAF80010D8F8002013B11868884227
S21401C0A06BD0204619F0B6FEC5E900A8D4F8F050CA
S21401C0B08DF80760002D67D00022204611460DF14D
S21401C0C00703A847204600F0EDFF0546B9F1000F2B
S21401C0D00FD076B9D4F88C300BBB012F05D025B123
S21401C0E0314B002103205B689847284602B0BDE823
S21401C0F0F087B5FA85F040F207523321400900F087
S21401C100BBF83146204601F00BFA284B05461B6862
S21401C110414620469847D4F88C30002BDDD00022CB
S21401C1204FF40073204600F0E1FBD6E700231D4DD7
S21401C1306B6098E794F82530DA07A9D5D4F89430DF
S21401C1405B05A5D51A4B0122002120461B6898479E
S21401C1509EE70021012000F001FC01F02FFE0128DE
S21401C160FBD190E76B68002B85D0434583D1AB6844
S21401C1709F4215D04FF001097FE7696811B1096840
S21401C180914291D059688CE794F82A1094F8393185
S21401C1903246994228BF1946204600F0D1FE91E763
S21401C1A00025A2E7B8630020A0670020946700205E
S21401C1B01C530020F8B50F4605461EF068F93946AF
S21401C1C006462846FFF7E6FE044620B130461EF036
S21401C1D059F92046F8BD01F0A7FD22463946284602
S21401C1E0FFF736FF04460028F0D1284619F060FE16
S21401C1F00028EBD095F8253013F001030DD0D5F8C3
S21401C200942052050DD5B5F82A21BA4205D0B5F8C5
S21401C2102C31DB1BB3FA83F35B09034A82F8C43083
S21401C220D4E72346F9E700BF001E00B013B5044665
S21401C230694619F001FC204619F045FDFF28024623
S21401C24006D020469DF80010EEF774FD02B010BD32
S21401C2500048FBE70080FFFF38B5044D044C054B52
S21401C260286021601A601DF00DFE38BDAC5200201A
S21401C2709C670020B052002010B550B90548064B07
S21401C2800160064802601868054B18601868FFF7D9
S21401C290E3FF10BD9C67002008540020B052002028
S21401C2A0AC5200202DE9F0418AB001AC05460B46A0
S21401C2B02746194A02F1200C2646106851680832B2
S21401C2C003C662453446F7D1002B08BF3B4600271C
S21401C2D010681C463060384603F10C0690B95FFAC8
S21401C2E087F842462846218819F0E5FD50B94246AE
S21401C2F02846E18819F0F0FD20B942463146284625
S21401C30019F0FCFD0137032F06F1080604F10204BB
S21401C310E4D10AB0BDE8F08110730400F0B589B02D
S21401C32005460E4619F0F9FD044600BB01AC06F1C0
S21401C3300C070FCF0FC497E8070084E8070001A990
S21401C3402846FFF7F9FD2846311D19F0C0FF0446BF
S21401C35048B92846074901F057FA044618B928464D
S21401C36001F0C6FD044628463168FFF79BFF2046CC
S21401C37009B0F0BD08730400014919F0B0BB00BF55
S21401C380C1DE010070B5164E032804460D4633780B
S21401C3901ED023FA04F202F00102AA421DD053B1C4
S21401C3A00122A240A54023EA02032B43DBB23370ED
S21401C3B04BB1012070BD2DB10A4B01201B68984777
S21401C3C03378EDE73570074B00201B689847F0E798
S21401C3D09A07DED003F0FC03E9E7002070BD00BF3A
S21401C3E008610020F052002038B504460D4605F0DD
S21401C3F077FD60B101F0C6FC48B9012D07D80120D0
S21401C40019F036FD0D4B1B6823B15B6898470C4B42
S21401C4101C7038BD1EF095F90A4B1A68801A186010
S21401C4201CF0AAFE4FF47A72074B1B6802FB003021
S21401C43019F053FB012001F0ADFCE8E7145300208E
S21401C440A96A0020E8520020EC520020F8B5054603
S21401C4500C461EF01CF8104F06463B7833B1012DF2
S21401C46004D01CB90D481CF0D9FD3C702146284665
S21401C470FFF788FF0A4B04461B783BB93B782BB97C
S21401C48019F0EAFC10B1074B1B68984730461DF0BF
S21401C490F9FF2046F8BD00BF09610020C452002004
S21401C4A008610020A0670020054A0B46117831B1CB
S21401C4B000211170034A012152681878104770470D
S21401C4C009610020A0670020124B0239012910B52E
S21401C4D018701ED805F004FDD8B101F053FCC0B1A8
S21401C4E001F034FAA8B90C4B1C6834B1236898479C
S21401C4F0BDE81040002019F0BBBC19F0ECFA074B60
S21401C50018601EF01EF9064B1860204601F042FC2A
S21401C510EEE710BDA96A002014530020EC5200205B
S21401C520E852002038B5044680B11DF0B0FF012165
S21401C530044608461CF016FA01210B4A084615F077
S21401C54055FF2046BDE838401DF09CBF1DF09FFFFB
S21401C5500546214601201CF005FA01202146024A23
S21401C56015F044FF2846EDE7D8480400F0B585B03D
S21401C5701DF08DFF344D04462B7823B133481CF053
S21401C5804DFD002852D11CF0D3FD02AA03A919F0D3
S21401C5904DFC0346002838D019F05CFC029B9842FB
S21401C5A01CD100202A4B03991B682A4E99423070F1
S21401C5B020D90027C91A012324482B70264A33465E
S21401C5C0CDE900771EF099F8002837D1234A137871
S21401C5D0D90701D53178F9B1204611E019F038FCB8
S21401C5E0029B984228D0002318461949194A09681F
S21401C5F0137003910121FFF7C5FE002320462B701F
S21401C6001DF040FF002005B0F0BD20462B701DF048
S21401C61039FF212005B0F0BD03F0FE031370002B97
S21401C620DAD10F4B1B6898472046E9E720461DF0F4
S21401C63029FF0E2005B0F0BD0220B3E703232046F4
S21401C6402F703370F3E700BF09610020C452002049
S21401C650E4520020A86A0020A9C401000861002055
S21401C660F052002038B51DF012FF0F4D04462B780E
S21401C6709BB90E4A0E4913700E4B0F4A0F481A60AB
S21401C6800F4A5A60EFF782FF0E490F48EFF77EFF19
S21401C6900E4B0F4A1A6001232B70F0F781F82046E3
S21401C6A01DF0F0FE002038BD0A610020096100205F
S21401C6B034730400A06700206DC50100B452002049
S21401C6C04DC401003C730400BC520020F05200200F
S21401C6D025C501002DE9F0438F7880460F2F0C46C3
S21401C6E085B003D9212005B0BDE8F08327B9012321
S21401C6F0374A00201370F6E70D784E78EDB9002E14
S21401C700F0D194F90310E08803F00AF82128E9D063
S21401C71055EA0603A088DFF8C89013D003F064F842
S21401C7204FF60403B9F8002001469A424BD1AE42B7
S21401C730334638BF2B4600262DE0082DD2D8082ECA
S21401C740D0D8DEE703F050F84FF6040501464FF661
S21401C7500500204A136E9BB2AB4208BF0346B1F5F3
S21401C760803FA9F800300FD90223082513668023DD
S21401C7700126C2F880302B4649084FF6FF72013970
S21401C780914228BF114608E0802301260825166637
S21401C790C2F880302B460029EFD1002202920122F6
S21401C7A0013FFFB2009201972A4608F1F80002F015
S21401C7B0B7FE1EB14FF48012074B5A65074BA268AD
S21401C7C01A60022394E703480266A9F80030AEE730
S21401C7D00B61002000C001B800D001B8FC52002057
S21401C7E0306A002010B50446D0F818210B4B4FF4E0
S21401C7F00061C3F8A82090F82420D20102F4006258
S21401C80005F0D2FA94F8243013F0100F4FF40073A9
S21401C81014BF034A034A136710BD00BF001E00B0D1
S21401C820001002B8002002B8431C07D06FF0FF02C8
S21401C830034B10401A62A3F580531862704700BF7D
S21401C84000E000B8F8B504460F4616461DF01FFE78
S21401C8500546A047044620B128461DF013FE204693
S21401C860F8BD04F07FFC04220549D1F8D83E23EA3E
S21401C87007033343C1F8D83E024B1A67ECE700BF03
S21401C880001000B0002002B800F01803182B0AD0E0
S21401C89003070AD440F2011310F0100018BF18461F
S21401C8A0034B186570470020FAE70120F8E700BF40
S21401C8B0001F00B0044B1868830654BFC0F30F2056
S21401C8C04FF6FF70704700BFE453002038B103688D
S21401C8D0044A002B08BF1346034A13607047014BF6
S21401C8E0FAE700BF255B0300AC67002010B4D0E96F
S21401C8F0544122400B4052EA030104D003495DF83B
S21401C900044B096808475DF8044B7047AC67002084
S21401C9100F2938B505460C460ED801F04FFA012806
S21401C9200CD1074A2846D36B23F00F032343D36366
S21401C93019F002FB002038BD2120FCE70220FAE7AF
S21401C940001F00B0014B186C704700BF001F00B0FD
S21401C950014B002019647047001F00B003282DE921
S21401C960F347884655D82C4B13F800902B4B1E5C8A
S21401C9702B4B13F800A01DF08AFD074604F03EFB82
S21401C980054640B100230022CDE9003301200023F3
S21401C990002104F079F904F039FB48B100230022A4
S21401C9A0CDE90033002000234FF4004104F06CF978
S21401C9B06EB31C4BDC6C04F008041B4B3146DC6484
S21401C9C0484604F02DFC52463146484604F092FC97
S21401C9D0164BDC646DB1164B1868D0F89410F8301D
S21401C9E003F06EFA13490868FFF71EFF4FF0FF3396
S21401C9F00B60B8F1000F04D00F4B002103205B68D9
S21401CA009847384602B0BDE8F0471DF03BBD3446B6
S21401CA10D3E702B0BDE8F0874C7304004873040006
S21401CA2044730400004000B8006000B8005000B82D
S21401CA3008540020A8670020A06700200F4A136F43
S21401CA4013F0A00F15D1506F10F0040013D10C4B4A
S21401CA50D3F8D83E23F07F4323F0FF035BB1D368BE
S21401CA60C3F30362092A07D0B2F10C0018BF0120F4
S21401CA707047002070470120704700BF000002B8D1
S21401CA80001000B070B50D46064620B91A4B1B685B
S21401CA90A3B10E2011E001F091F9012829D1174B1D
S21401CAA093F90040C4F11C04641BC4F11C03002B61
S21401CAB0B8BF5B42232B0CDD212070BD81EAE173F8
S21401CAC0A3EBE173DBB2232BF6D80C4B19700020D5
S21401CAD0F3E786F828501DF0DAFC094AE402D36928
S21401CAE004F4FF2423F4FF231C43D4611DF0CAFC85
S21401CAF0EDE70220E1E700BF085400200C610020AA
S21401CB0000C000B818B9034B93F90000704790F9BC
S21401CB10280070470C61002010B5044619F0C8F9CA
S21401CB2010B1012001F0D4F92046FFF75BFE1DF09D
S21401CB30AEFC0A4A0121D2F8A030044623F02003B5
S21401CB40C2F8A0300222064B08469A60054B5B6885
S21401CB50984720461DF096FC002010BD001E00B030
S21401CB60001002B8A0670020064B5A6A920207D44A
S21401CB70D3F8803013F4706F14BF01200020704783
S21401CB8001207047004001B8F8B50E46D0F8943041
S21401CB9002EA010423EA01032343C0F89430464A1B
S21401CBA001F00B0323EA0401D1642340A2F580526D
S21401CBB0D3647207054610D50121FFF7D5FF60B192
S21401CBC004F0D0FA4FF4007314F0040F14BF3B4A7C
S21401CBD03B4A536204223B4B1A67F30606D514F010
S21401CBE0100F14BF00221B22374B5A6537061DD57E
S21401CBF0200616D54FF40012304B1A62012203F5B7
S21401CC008053C3F800211DF042FC0E210746032085
S21401CC1003F09EF840F201222B4B3846DA621DF0F3
S21401CC2031FC214605F1F80003F04AF9F10503D578
S21401CC30E2052AD503F05CF8B30503D5A70527D589
S21401CC4003F062F816F48C6F1DD014F4806224D0C1
S21401CC5095F82530DC070CD5EA8DB5F82A319342D4
S21401CC6019D0B5F82C31981A43424341174A82F835
S21401CC70C430D5F8E410284618F055FF8022144B2E
S21401CC80D864144B1A610020F8BD03F02BF8D3E7E3
S21401CC9003F034F8D6E70123E8E77105E9D595F8FE
S21401CCA02530DB07E5D5094B114683F8C4200A4B2E
S21401CCB028461B689847DCE7006000B8005001B8BA
S21401CCC0006001B8002002B8004000B8001E00B0A5
S21401CCD0001F00B0000002B81C530020014B18686A
S21401CCE0704700BF0853002037B51DF0D0FB002465
S21401CCF001230022CDE900340023054619461046DB
S21401CD0003F0C2FF022002F0E7FA064B21461C6040
S21401CD10054B02205B68984728461DF0B3FB20466A
S21401CD2003B030BD10530020A06700202DE9FF415D
S21401CD3002290D4616469846039004D1FFF7D4FF04
S21401CD4004B0BDE8F0811DF0A2FB1E4F04463B680F
S21401CD503BB1B34205D01DF095FB002321203B607B
S21401CD60EEE7194B0022C3F800803E60002301263F
S21401CD704FF0000810461946CDE9006603F084FF1F
S21401CD80124B022083F8008002F0A6FA43462A4698
S21401CD90022003A902F0BEFA0D4B039A1A6008B9E5
S21401CDA02046D8E70B4D2B689847212804D020460B
S21401CDB01DF068FB0020C3E731466B6802209847E8
S21401CDC0F5E700BF105300200C5300200E61002031
S21401CDD008530020A0670020044B5B6E5B054EBF26
S21401CDE00120034B187800F00100704700C001B81D
S21401CDF00E6100200A78022A11D0101F42424241D9
S21401CE0052004B781201022B0BD0191F4B424B419B
S21401CE105B000549054842EA8312FFF713BD01226C
S21401CE20EFE70123F5E700BFF0FFFF0005DE010095
S21401CE300B78022B10D0181F434243415B004A78FF
S21401CE40022A0BD0111F4A424A4152000F210448C0
S21401CE5043EA8202FFF7F6BC0123F0E70122F5E779
S21401CE6031DE01002DE9F8430E780446042E0D4606
S21401CE7090F830810BD100275FFA87F9484601F018
S21401CE807DFD08B14E4602E00137042FF4D130464D
S21401CE9001F074FD002849D094F83031B34209D12D
S21401CEA0AA88D4F8A8309A4204D16A88B4F83231F4
S21401CEB09A4238D084F83061AB883046A4F83431D1
S21401CEC06B88A4F83231AB8804F59875C4F8A8309D
S21401CED0FF2384F82B3019F0E0F884F82A0028465E
S21401CEE001F078FC18BB284601F03EFDF8B9D4F8ED
S21401CEF0E03053B194F83011414506D02046B3F9DD
S21401CF001220EDF799FE84F83901204601F09AFEC9
S21401CF100949A4F834010123084AD1F8FC1004F1A8
S21401CF20F80003F0AFFC0020BDE8F88321200C23B5
S21401CF3084F83031F8E700BF001F00B0581F00B07A
S21401CF40F8B5054690F830010C460C28164623D055
S21401CF50FF2923D01AB14FF0FF32114B1A6019F096
S21401CF609CF8074695F8300101F068FD844228BF19
S21401CF700446E4B2BC4238BF3C46E0B285F82B001A
S21401CF8001F002FEFF280CBF2124002416B9284612
S21401CF9001F068FD2046F8BD0224FBE72124F9E7ED
S21401CFA0B067002010B590F8303104460C2B43D002
S21401CFB0D0F8E03080F82A10D3B3D0F8F020CAB900
S21401CFC090F839318B421BD300222046FFF7B8FF79
S21401CFD040BB1A4B1B78022B23D8204601F032FEA9
S21401CFE017490123174AD1F8FC1004F1F80003F0A1
S21401CFF049FC16E0B0F94220B3F912309A42E3DD5B
S21401D0000022204694F83911FFF79AFF50B9C4F868
S21401D010E000204618F08AFC4FF6FF73984201465E
S21401D02001D1002010BD2046BDE81040FFF7C2B870
S21401D030FF2380F82B30F4E70220F3E7346A002060
S21401D040001F00B0581F00B0F0B51D46144B044633
S21401D0501B780F46164685B05BB1D0F8E030E3B1D9
S21401D06002AAB3F912300092002214F021F905B099
S21401D070F0BD02A918F0E0FC9DF808103A462046DB
S21401D080EDF7DAFD014626B92A462046FFF758FF96
S21401D090EDE72046FFF786FFE9E71846E7E700BF1A
S21401D0A09A4A0400D0F89C30012B01D10020704729
S21401D0B070B5044665498CB019F024F8D4F8E060E0
S21401D0C00146E58DC4F8E40026B1336813B15B6808
S21401D0D0002B71D11DF0DBF91DF0D4F90123D4F832
S21401D0E0E4108DF80630B389D6E90120EB1A9BB21D
S21401D0F000FB03225648ADF80430036800928B42C9
S21401D10007D0204618F00FFD80225249524BC864C2
S21401D1101A61514D00F052FE0128FBD1AB689E0604
S21401D120F8D420469DF80620009906AB03F0E6F8F1
S21401D13000283ED100F042FE0128FBD1464A136F7B
S21401D140D801FCD493689906F9D4684606A903F079
S21401D1508DFA054668BBE28D404B5A6494F824303C
S21401D16060F3410384F8243000F0EEFFD4F8E03099
S21401D1705969431E0E68DBB2FD2B029622D9F31CB9
S21401D18034D84B68FF2803935ED10126DA1C25D8D4
S21401D190024602A9204618F0DEFEE6B9D4F854315C
S21401D1A099053FD494F8243043F0020384F82430E0
S21401D1B011E002200CB070BD1A68032A8AD99B6A56
S21401D1C05B0E8EE74B6801280393DED002462046AD
S21401D1D002A918F0C0FE00200CB070BD0133204B30
S21401D1E05B6816D0DA1C23D80393D1E71C4B0136B3
S21401D1F01B6818BF0126DD1C06D802934B68FF2862
S21401D2000393C3D00020C3E7FF284B6819D00393CC
S21401D210C3E7DD1C0FD80246204602A9039318F087
S21401D2209AFEBBE720464FF4803119F01CF8D2E78E
S21401D230FF28B2D1E6E7FF28B0D10022204602A996
S21401D240EDE701200393A1E72A46C0E7FC1F00B0E3
S21401D250F8520020001F00B0000002B8008001B89C
S21401D260B867002010B50C4619B118F021FE00B1C0
S21401D2700434204602F0B8FA024B4042C3F8C80E06
S21401D280002010BD001000B0838E70B593420C468E
S21401D29015461CD3836C8B4208BF00241DF0F7F89B
S21401D2A04FF49C530B490646CA68C2F30362D34047
S21401D2B0DA0702D50B6F9B0304D4012229462046C8
S21401D2C001F016F830461DF0DDF8002070BD212073
S21401D2D0FCE700BF000002B82DE9F84F06461546E8
S21401D2E00B4611B92120BDE8F88F002AFAD0032990
S21401D2F005D8002201F05EF903460028F2D01C880A
S21401D3009978B4F5804F01F0070080F0C580A0F150
S21401D310070C1A7993F805A0DF88DCF1000343EBCC
S21401D3200C0305282B7394BF0023C1F30013C1F32C
S21401D330801C6B738B0985F810C003F00203C1F3E0
S21401D340C00C43EA0C03C1F340116B74A974AF829D
S21401D350002A40F0828096F81E31013BDBB2EB7466
S21401D360D6F89430DF0600F18380063801287FD88E
S21401D370B6F81280F76908F1FF38484B083C04EA12
S21401D38008045B6D3B5D0134802B0EBF6FF07F039D
S21401D390323B5BB2AB730023AB6096F8279004EA8E
S21401D3A00804B9F1000F61D1631D03EA08035A1C92
S21401D3B002EA0802BA5CFB5C43EA0223D9040FFACC
S21401D3C083FB4CD5D6F8E43013B11B68022B05D885
S21401D3D041F24D724C210020FEF74EFFD6F8E420B4
S21401D3E0CBF30B0392F82420DB000AB1B3FBF2F374
S21401D3F09A4508D83BB1CAEB0A2ABAFBF3FA6FEA98
S21401D4000A0A5FFA8AF9D6F8EC3023B1484695F94C
S21401D4100E1098478146631C85F80F9003EA0803AF
S21401D420F95C013303EA0803FA5C013303EA0803F3
S21401D43041EA0221FA5C013303EA0803F85C41EA97
S21401D4400241002341EA00616A7C304603F0D8FAC3
S21401D45006232860AB71002045E7531E7EE717F8C8
S21401D46004904FEA49095FFA89F9CCE79946D2E771
S21401D47000230020EB730A4B5A69C2F307231204F8
S21401D48048BF63F0FF035AB212F1800F1CBF323B54
S21401D4905AB2AA730346DCE7022024E7004000B82C
S21401D4A000C000B838B5148811F003054FEAC4046B
S21401D4B022D13F2C20D9B4FA84F4C4F11903DBB28B
S21401D4C0052B01D8192C15D0052B28BF05230124BF
S21401D4D00633DBB29C40C4F3CF0313800382816121
S21401D4E0448700F02DFF054A631E2343C2F8A4308B
S21401D4F0284638BD2B46EAE72125F9E7001E00B08D
S21401D50011F5004F1FBF01F30E01044BC1F30E01CD
S21401D510002014BF99642120704700BF008001B825
S21401D520F8B504460E4619B990F824305A063FD489
S21401D5304FF6FF73618ED4F8E470994204D0314BF4
S21401D5401B680BB1204698472F4D2B68BB424DD028
S21401D5502E4B1B683BB11FB13A68002A48D0BF6802
S21401D5603946204698470727204601F06BFB002ED8
S21401D57032D006270126264B94F9282093F900304D
S21401D5802449C3F11C039B1ACA69DB0222F4FF2259
S21401D59003F4FF231343CB61D4F8E4301E4A2B6017
S21401D5A01E4B976720461E7018F0C6FC0020F8BD7B
S21401D5B04FF6FF71144DD0F8E4702A6866F38613AF
S21401D5C09742418680F8243017D0104B1B68002BF9
S21401D5D0C1D101F037FB072711493B46114AD1F863
S21401D5E0FC1004F1F80003F04DF9C2E70127BBE790
S21401D5F01746204639469847B5E701F023FB012731
S21401D600EAE700BF04530020F85200200053002030
S21401D6100C61002000C000B8006000B80D61002059
S21401D620001F00B0581F00B0054A12681AB190F8E2
S21401D6301E1119B91047084602F0AABB01487047E7
S21401D640F452002000FEFFFF344B2DE9F7431C681F
S21401D65001F4007900F00103174653EA0902064671
S21401D6600D4635D04FF000083BB3002300220021C1
S21401D6700120CDE9008803F007FB042001F02CFE11
S21401D68041462046FFF7D0FF01224146208610463C
S21401D69018F0FEF8D4F8941004F1F80002F010FC2B
S21401D6A01F490868FFF7C0F84FF0FF330B6094F886
S21401D6B0243043F0040384F82430B9F1000F07D076
S21401D6C00121204618F0CFFD25F4007506430D43D1
S21401D6D02B4632462046FFF709F9FB070FD51149BD
S21401D6E0114A086800211368116001210F4A117060
S21401D6F003B198470E4B002102205B68984717F04C
S21401D7000E0F08D04FF409723B21002003B0BDE88C
S21401D710F043FEF7B1BD03B0BDE8F0830854002026
S21401D720A86700200C530020105300200E61002033
S21401D730A067002008B5482200210248FDF72CFF0B
S21401D740002008BDDC1E00B073B578216422A0F865
S21401D750141182210C23C0E94112C0E94322C0F80A
S21401D760002107224FF0FF35002680F830314FF6B2
S21401D770FF730446C28700F14C0282641E4AC385C9
S21401D780A0F8403080F82C3043864263038780F847
S21401D7902860C0F8A850458580F8265003F03EFC66
S21401D7A02046FFF7C7FF94F928102046FFF76AF9CD
S21401D7B0602340F6FF71114A2046D36402F11C42F1
S21401D7C0D162D1650E4A2946D36440220D4B1A67B1
S21401D7D0D4F89420FFF7D8F90E230022CDE90033C0
S21401D7E040F202231046194603F04EFA01F0E2F821
S21401D7F0304602B070BD00BF4000FFFF004000B8D9
S21401D800005000B8002002B810B50C46FFF792FF92
S21401D810BCB1A378082B16D8E278082A13D843EAB5
S21401D820021313F0FF030CBF19466168074AC2F8DA
S21401D830DC10217882F82011617882F8233182F891
S21401D8402111002010BD2120FCE700BF001E00B002
S21401D850012A10B512D8032B10D803EB820201233C
S21401D860074C934094F82201DBB221B10343002018
S21401D87084F8223110BD20EA0303F8E72120F9E7F6
S21401D880001E00B0034670B50C68B0F834210134B0
S21401D89008BFD3F800418D6808BF0C604C68F830AB
S21401D8A0013404BFD3F80C414C606E1C3CD1D3F854
S21401D8B00841CE688C60751C3CD1D3F804510E69C2
S21401D8C0CD60013604BFD3F8F8600E614E690136AB
S21401D8D004BFD3F8FC604E618E69013604BFD3F8ED
S21401D8E010618E618E695EB35A32B24238BF3246DB
S21401D8F00E688A6116B15A2E38BF5A26C3F80841F7
S21401D9004C68C3E94065C3E943420A69C3F8F82095
S21401D9104A690C49C3F8FC20D1F8FC1007230A4ACF
S21401D92002F0B0FF002070BD02F15A04AC4238BFCD
S21401D9302C46BEE702F17805B54238BF3546BEE74C
S21401D9406422D5E7001F00B0581F00B070B51CF068
S21401D9509EFD04460B4E00F031FA012805D0204604
S21401D9601CF090FD0225284670BDF36813F0706F19
S21401D970C3F30365EFD1B36ADB06ECD520461CF092
S21401D98081FDF0E7000002B838B51CF080FD4FF6C7
S21401D990FF710A4A13888B4203D11CF073FD0E20D7
S21401D9A038BD074C074D1B046566A4F580546366B5
S21401D9B011801CF067FD0020F2E700BF326A0020EC
S21401D9C0006001B80000FFFF2DE9F74304460F464B
S21401D9D015461E46FFF732F830B3A38A23B3204616
S21401D9E018F06CF878B9002E40F0F280794BD3F835
S21401D9F0D83E03F03002102A00F0EA8003F0C0039C
S21401DA00402B00F0E580DFF80082D8F81430D90703
S21401DA1040F1DE801CF03BFD0646032001F058FD78
S21401DA2030B130461CF02EFD022003B0BDE8F08375
S21401DA30D8F8142012F00608F3D130461CF022FD67
S21401DA40644B4FF400612046D3F8D89ED3F8AC6EF1
S21401DA5004F0BEF940B14FF4007201215E4B084656
S21401DA601A67424617F014FF94F82530DA0707D5EF
S21401DA70D4F894305B0542BF4FF40022574B1A6727
S21401DA8039462046FEF796FB524BC3F8D89EC3F89C
S21401DA90AC6E0028C9D194F82430980601D4002D24
S21401DAA057D0C5F3400003F023FB022315F4807F13
S21401DAB01BBF0021494A484A136717BF484A1367E4
S21401DAC05161136303F04EFB4FF4806315F0040FAE
S21401DAD014BF444A444A15F0400F53624FF0040203
S21401DAE03D4B28461A674FF0400314BF3F4A404A51
S21401DAF0C2F88830FEF7C8FE204618F009F938B19A
S21401DB004FF4807315F0010F14BF344A324A13677D
S21401DB10A90647D54FF6FF72B4F8403093420FD0AE
S21401DB20344A3549526E100CC2F301120132B3FB6E
S21401DB30F2F308802B4A2C4930481B04486653668A
S21401DB40003D18BF012594F8243065F3451384F889
S21401DB502430204618F0ACF9F0B1204618F0D8F879
S21401DB60D0B14FF40031204604F032F9431C0322B1
S21401DB709BB2234801A918F053FA9DF8042002F03D
S21401DB800703052B9DF8053015D112070DD443F474
S21401DB9080731C4AC2F8B830002003B0BDE8F043D9
S21401DBA018F04BBAFFF7F0FECAE713F0040F09D1DD
S21401DBB09DF80630EBE703F03002202A05D113F07A
S21401DBC0010FF4E74FF48073E3E79DF80630E0E7D2
S21401DBD00E202AE7001000B0002002B8001002B89C
S21401DBE000400054005001B8006001B800D000B8F1
S21401DBF000E000B8004001B8326A00200000FFFFD4
S21401DC0008400054001E00B000C001B82DE9F341E1
S21401DC100646884615461F461CF039FC0446032076
S21401DC2001F056FC38B120461CF02CFC0E24204690
S21401DC3002B0BDE8F081042001F04AFC0028F2D1D0
S21401DC4020461CF01FFC01232A4641463046FFF7BA
S21401DC50BBFE04460028EAD1DFF8C8805FB388F827
S21401DC60000039463046FEF735FD00284CD198F8BD
S21401DC700030012B1CD02022244B1A67244BDB6C6E
S21401DC80B3F5817F1FD2012018F018FA1CF0FFFBB4
S21401DC90204B06461B680193CBB901F093FC15F0A7
S21401DCA0800526D101F0E0FC284603F0F5F925E0D1
S21401DCB003F008FABBE798F80030012BF8D0002BE8
S21401DCC0D9D12124B3E78022134B1A61DBE7042064
S21401DCD001F002FB00230122042001A901F01AFB36
S21401DCE00028DAD103F056FA212430461CF0CAFB8C
S21401DCF09DE70022094B9A6701F0B6FC084B01210B
S21401DD005B6800209847F0E7044690E7001002B8E9
S21401DD10001F00B0FC520020000002B800C001B88D
S21401DD20A06700200B61002008B50C4BD3F84C11FE
S21401DD304B1C12D011F080410FD1094B1B6813B157
S21401DD400320FEF70BFE4FF080624FF40071054B87
S21401DD50DA67054AD16201225A6108BD0080E00FE8
S21401DD6008540020001002B8004000B84FF400220A
S21401DD70034B186F03F500531A67C0F3C040704792
S21401DD80000002B8024B586900F00100704700BF5E
S21401DD9000C001B8084B5A69D10707D508B901F088
S21401DDA077BA5B69DA0706D401F064BA5B69DB0708
S21401DDB001D40028F8D1704700C001B80F4BDB68CA
S21401DDC0C3F30363013B0B2B0FD8DFE803F0060612
S21401DDD00C06060606080A080808022070470420F2
S21401DDE070470520704703207047054B5B6913F0A9
S21401DDF0060F0CBF01200420704700BF000002B8C8
S21401DE0000C001B8094AD368C3F303630B2B08D0DB
S21401DE106FF49050184100F0010080F001004000BE
S21401DE207047106F10F48030EDD17047000002B8D3
S21401DE300C4AD368C3F30363062B07D8042BD8B266
S21401DE400BD8C31E5842584140007047072B06D1D5
S21401DE50D2F830010028ECD170470220704700202C
S21401DE60704700BF000002B8094BDB68C3F30363C9
S21401DE709A1E012A8CBF00220122012B02701EBFAE
S21401DE804FF4026222FA03F303F001030B707047AA
S21401DE90000002B8094AD368C3F30363032B01D019
S21401DEA0072B08D1536FDB0605D4906F80F008006E
S21401DEB0C0F3C00070470020704700BF000002B8E2
S21401DEC0024B0022196817F0D4BF00BFB0730400DC
S21401DED0024B1B6803B11847704700BF2853002048
S21401DEE0024B1B6803B11847704700BF245300203C
S21401DEF010B5FF224FF6FF71044617F0DCFF68B934
S21401DF00FF224FF6FF71204617F0E6FF30B9204694
S21401DF10BDE81040FF22024917F0F0BF10BD00BF58
S21401DF20547304002DE9F0411C46184B05461E6843
S21401DF300F46904646B1306801F01CFEF3681BB1EF
S21401DF40B368186801F016FE114B1B682BB1DA682E
S21401DF501AB19B68186801F00DFE9DF81830640729
S21401DF6044EA08425B0503F0BC6342EAC7621A430F
S21401DF702846084942F4C87203F016FF00222846D4
S21401DF801146FFF781F90020BDE8F081AC7304006B
S21401DF90B07304009007E12D08B5FFF77BFF88B149
S21401DFA0094BDA6912030DD5186F10F4003009D148
S21401DFB09B6F13F0100F4FF010030CBF034A044A77
S21401DFC0936708BD0220FCE7000002B8001002B803
S21401DFD0002002B838B50446F8B1124AD3691B03CB
S21401DFE01DD5556F104BC5F38115032DB3F8B4300D
S21401DFF00DD10822083B9BB221460C4818F010F8B8
S21401E0000020084B25729B6F1B0A637238BD022DD8
S21401E01005D1023B2A469BB2EEE72120F6E7022015
S21401E020F4E700BF000002B8001E00B038400054FC
S21401E030431EDBB2FD2B14D9FF280B6801D14A68B9
S21401E040134313F0802F1EBF42F20102074BC3F8A1
S21401E050282251F82020054BC3F85022C3F8542239
S21401E06070470128F5D10023E9E700BF004001B859
S21401E070F0B585B06D460E460F4B074614460FCBDE
S21401E08085E80F000D4BD3F848020090D3F84C22D8
S21401E09001923EB1631EDBB2FD2B0AD93060FF2C24
S21401E0A000D1726022462946384617F054FF05B063
S21401E0B0F0BD012CF4E700BF5C7304000080E00FA4
S21401E0C0F0B585B06E460D4B07460D460FCB86E87C
S21401E0D00F0000F039F8314604460246384618F07B
S21401E0E0B3F84DB140B9FF2C1BBF04AB03EB84045E
S21401E0F0009B54F8103C2B6005B0F0BD5C73040027
S21401E10030B50C4B0546187085B0082380B90A4A0D
S21401E110C2F8FC3351B96C46084B0FCB84E80F00AC
S21401E120074B2A4621461868FFF7A2FF05B030BD07
S21401E130044AEDE7AA6A0020001002B86C730400D6
S21401E14008540020002002B8014B1878704700BF21
S21401E150AA6A0020124BD3F8E020D2031ED54FF452
S21401E16080321049C1F8E020A1F58051C1F8EC20B9
S21401E1701A6CD1B2C2F30722C3F88010C3F880200C
S21401E1800422C3F880200022C3F88020C3F8802030
S21401E190C3F88020C3F88020C3F88020704700BFF2
S21401E1A00040005400600054F0220A4B01219A649A
S21401E1B0A022A3F580539A64074B826CC3F8C01063
S21401E1C0FC21C3F89810C3F89C204FF40052C3F802
S21401E1D0BC207047006000B800400054F8B50D46FA
S21401E1E0174606461CF053F901230421084C094A38
S21401E1F02363A760E6602561C2F8E010064AC2F80C
S21401E20084311CF03FF90DB102232363F8BD00BF32
S21401E210004000540060005400E100E00222024B7E
S21401E22058611A63704700BF004000540122044B36
S21401E2301A6640F6FF729963D863DA65704700BFC5
S21401E240004000542DE9F04F042A05460B4683B0E2
S21401E25039D901260978141F81615A7803F1040916
S21401E26082619A788261DB7883610368D0F808B0AE
S21401E27003F0070306339E4006F1FF3A0AEA0B084D
S21401E2804768A6EB0802944247F000570ED8494665
S21401E290224607EB0800FDF70FFB46EA0A0604EBE9
S21401E2A00B023240AA6003B0BDE8F08F494607EB87
S21401E2B008000192FDF700FB019A384609EB0201BE
S21401E2C0A21B4244E7E7013A032AECD8DFE802F052
S21401E2D00B08050213F8012B826113F8012BAA61C2
S21401E2E013F8012BAA611B78AB6103B0BDE8F08F70
S21401E2F038B50C46154601460F4B60B101220F4852
S21401E300C3F8C0202246FFF79DFF1DB104220A4B29
S21401E310C3F8C02038BD64B1D3F8A420A24284BF9C
S21401E3200122C3F8C0200222C3F8A040C3F8C020CF
S21401E330EBE70122FAE700BF004000549840005482
S21401E34038B504461CF0A3F801211A4A638F054626
S21401E35011663BB3B3FA83F3C3F11903DBB2A069C9
S21401E360C2F8901093660723D066C2F88C304FF43B
S21401E370A02302F50052C2F8E030A2F58052C2F89E
S21401E380EC3000220C4B1A600C4B1B6F5B0209D55C
S21401E3904FF480020A4B04F1F8001A67D4F894107F
S21401E3A001F08EFD4FF4E0232846E363BDE83840D4
S21401E3B01CF068B8004000542C530020000002B83E
S21401E3C0002002B82DE9F84305460C46B1B1D0F855
S21401E3D01880478F1CF05BF8B5F83CC0791E01EA3F
S21401E3E00C0323F00702032C0646DFF8F8E042444C
S21401E3F05CD1DEF8004024B91CF044F80E20BDE8DC
S21401E400F88324F00104DEF8000020F00100A042A9
S21401E41051D10023CEF80030238894426FEA43435B
S21401E4206FEA534323803CD1EB8F08EB070918466C
S21401E430083880B202F108044C4528BF4446082833
S21401E44004D9B4F800E0BEF5804F3ED263440F43D2
S21401E4501B1A3B409BB2AB87E887118894781C4A0D
S21401E460C1F30C0151645367C2F88C004FF480224B
S21401E470184B04F00704C3F8E0200122164BC3F83A
S21401E4808421FFF767FE042C0BD14FF48002134B57
S21401E49005F1F8001B6F124B1A67D5F8941001F0BE
S21401E4A00FFD30461BF0EEFF0020A8E7601E012896
S21401E4B098BF1446A7E7E88F4344E31A48BFDB1921
S21401E4C008389842A8DC304696E72246B0E700BFF7
S21401E4D0004000540060005400E100E0000002B873
S21401E4E0002002B82C530020144B10B51968CA8FAF
S21401E4F08B8F488F13440138073B8C69034023F008
S21401E50007031C4402F108030D4A9BB2CB87C2F8ED
S21401E5108C304FF480220B4BC3F8E02001220A4BCB
S21401E520C3F88421A07800F00700042803D1074A25
S21401E530D3681B03FCD4064B1C6010BD0854002096
S21401E540004000540060005400E100E0000002B802
S21401E5502C53002010B5064C216839B1CB0703D4E3
S21401E560044B1868FFF72EFF0023236010BD00BF81
S21401E5702C530020085400204FF480320B4B0C49DA
S21401E580C3F8EC20A3F50053C1F8E020D3F88810B7
S21401E5909A6E012302F0070206329340C1F30C0182
S21401E5A0083B994201D8FFF7D5BD7047006000547B
S21401E5B0005000542DE9F04780460C461646876900
S21401E5C0458F1BF064FFB8F83C2005F1FF3C02EADA
S21401E5D00C0323F00701032C82463944B8F83E00A9
S21401E5E019D1494C24689CB90244073A02EA0C0244
S21401E5F022F00702BC183B44E31A48BF5B1983426A
S21401E60010DB50461BF03EFF00242046BDE8F08795
S21401E61024F00104EFE7012C02D0022CEBD10838DC
S21401E6200C46E8E7002E3DD08C423FD1374AD2F85F
S21401E63044903649B8F81270D1F88820C2F30C021B
S21401E640934247DA2588B5F5804FDAD2A378C5F329
S21401E6500C0503F007037A1EA5EB09053A43052BC3
S21401E660337005EA02052DD82DB2E84340F2414247
S21401E6700421C00FFDF700FE7580E3783374D8F8E7
S21401E6801C207B1E03EA0903D118B160A9B213FA54
S21401E69085F5AF422FBF0023FF1AB780F26024BF73
S21401E6A0B180F36050461BF0EDFEAEE7A4F1080220
S21401E6B0974284BFED0802EBC502B2F80090C9F399
S21401E6C00C09B6E7124B5B6D003B18BF0123A5EBA7
S21401E6D0C305C9E70B6C7A1EA3EB09033A431A403C
S21401E6E00C4915B2002DCB680BDCC3F30363D81EAF
S21401E6F043424341DB0033708B6F72801B0A3374D5
S21401E700BDE70823F7E700BF2C5300200040005464
S21401E710004000B8000002B8054BA822D3F84C010F
S21401E7203121431C0CBF0120C0F38070FDF7A4BD4E
S21401E7300080E00F38B5094D0446286840F6970278
S21401E740003818BF01202B21FDF796FDFA235C4304
S21401E7502B680A20B4FBF3F4604338BD60530020F5
S21401E760174B30B51A68431C164B22D0B2F1407FC6
S21401E7701FD3154D00F03F04D5F8002122F03F02CB
S21401E7801443C3F8C84001F03F042243C3F8D02025
S21401E790D5F804310D4A1A400D4B03EA500003EA3E
S21401E7A0510110431143074BC3F8CC00C3F8D410F2
S21401E7B030BD00200146C3F8C800C3F8D000F2E718
S21401E7C00080E00F001F00B0000002B81FF087E1D4
S21401E7D0E0FFFF7F73B5574E0446317819B91C2206
S21401E7E05548FCF7D9FE2378544A61881370518046
S21401E7F04FF0FC62524CFF21C4F8FC204FF47F021C
S21401E800C4F808214F4A022B4F4D117033D104230F
S21401E81007224E49C4F8FC23C5F8FC33C4F800119E
S21401E8204FF4C071C5F80011C4F8FC234FF48052B0
S21401E830C5F8FC33C5F870214FF40052C4F87021B6
S21401E840C4F808314FF4FF13C4F8FC304FF4BB137F
S21401E850C5F8FC308023C4F8703148F2C8023C4B3E
S21401E860C3F8D8203B4B3C4A0020C3F8C02F0123F5
S21401E870337002B070BD394A012BC4F80021384B01
S21401E88027D14FF4C072C5F80021D3F83802D3F867
S21401E8903C12FFF765FF0723C4F8FC330223C5F8D3
S21401E8A0FC334FF48053C5F870314FF40053C4F86D
S21401E8B070310423C4F808310DEB0300ECF7F4F8CB
S21401E8C09DF80530023B012B9CBF8023C5F87031B3
S21401E8D0C3E7244AC5F80021D3F83002D3F834122E
S21401E8E0FFF73EFF0723C4F8FC330123C5F8FC33CA
S21401E8F08023C4F870314FF4805301A8C4F87031F6
S21401E900ECF7D2F89DF80530012B05D19DF80430BF
S21401E91053B948F25D1309E0FBD9023B012B9CBFBA
S21401E9204FF40053C5F8703148F25813084AC2F83C
S21401E930D83097E70F610020C41F00B0346A00206A
S21401E940002002B8AE6A0020001002B8C0F10F0025
S21401E950001F00B0001000B034530020C0F70F00B5
S21401E9600080E00FC0F60F00034B1A6802609B8818
S21401E97083800020704700BF346A002010B504462B
S21401E98001F026F80A4BD3F8F83724B983F40023AC
S21401E990C3F3C04010BD012C05D113F4C02F0CBF2A
S21401E9A001200020F6E7A31E58425841F2E700BFB7
S21401E9B0000002B86FF07F42154BD3F8FC37934244
S21401E9C008D0144A03F03F031370F123124A137060
S21401E9D0124A13701249134B09781A68A9B1B2F199
S21401E9E0A06F12D3D3F850120F4A104BB1F1FF3F6C
S21401E9F018BF13460E4A136041F66A020D4B1B6898
S21401EA00B3FBF2F30C4A13607047084BF2E700BF02
S21401EA10000002B8AF6A0020B06A0020B16A002088
S21401EA20AD6A00200080E00F5082E00F9073040072
S21401EA30305300207C53002060530020012807D06B
S21401EA40022802D030B100207047034B1878704777
S21401EA50024BFBE7024BF9E7AF6A0020B06A0020E1
S21401EA60B16A00200023F0B590F8304185B0024627
S21401EA702046CDE90133CDF80B30FFF7DFFF92F8E2
S21401EA802B30411EC9B28B4228BF0B46002C3CD00E
S21401EA90012C38D1042418464FF00F0C384E0DEBDC
S21401EAA00405B0FBFCF7F75D013CC01BC0B2814218
S21401EAB038BF00206055002CF3D105240F278DF8B0
S21401EAC00830B3FBF7F0305C0344DBB28B4228BF5F
S21401EAD00B462B5501340B2CF3D10F2602F1A8005F
S21401EAE0D43215F8013BB3FBF6F14C1CC1EB011116
S21401EAF05B1A0133DBB2E4B21B0443EA045340F869
S21401EB00043F8242EDD105B0F0BD042418464FF013
S21401EB100F0C1C4F0DEB0406B0FBFCF5EDB27D5D52
S21401EB20013C401BC0B2814238BF0020A055002CDA
S21401EB30F2D105240F258DF80830B3FBF5F0385CCB
S21401EB400344DBB28B4228BF0B46335501340B2CF2
S21401EB50F3D10F2502F1A804D43216F8013BB3FB1A
S21401EB60F5F1481CC1EB01115B1A0133DBB2C0B2EF
S21401EB701B0443EA005344F8043FA242EDD1C2E726
S21401EB80897304007C73040038B5284B05461A784F
S21401EB9027490C2A02D1FF20087038BD104617F00D
S21401EBA07CFA04461046FFF749FFA84228BF2846CC
S21401EBB0C0B2A04238BF20460B78C0B28342ECD028
S21401EBC0087088B1431EDBB2022A1A490ED14FF0F3
S21401EBD0FC62C1F8FC20A1F50051D1F8FC2042EA04
S21401EBE04353C1F8FC30D8E70346EDE7124A134C0D
S21401EBF01268AC32C4F8C02F4FF47F02C1F8082166
S21401EC000F49CA6FD202C8D40F22B3FBF2F2551CC9
S21401EC10C2EB02129B1A0133D1F808411B0443EAE6
S21401EC2005532343C1F80831B7E700BF346A002013
S21401EC30AE6A0020002002B808540020001000B080
S21401EC40000002B82DE9F04F90F830510646D0F892
S21401EC50A82087B035BB1F2A38BF1F22093A4C248B
S21401EC60844B85481B6A96F82B10C3F38213DC404D
S21401EC700368DFF82CA29342DFF828827F4B04F06A
S21401EC80010414D11F78A74211D19AF80070AF423F
S21401EC900DD17B4F3F788F4209D1B8F8040007B0F9
S21401ECA0BDE8F08F032A38BF0322023AD7E7026095
S21401ECB098F800001C70FFF7C1FEFF2924D12846F2
S21401ECC017F0EBF907466F493CB3D6F8E4702FB15D
S21401ECD03B68082B40F2CB8097F838701DBB0B6859
S21401ECE040F27121B3FBF1F353431922B3FBF2F364
S21401ECF039462A4605A8059317F0A5F902023C04F1
S21401ED00059842F0110988E0471E8F4228BF0F463A
S21401ED10012F38BF0127FFB2D5E7012D29D0022DDB
S21401ED2001D0B5B327460B6840F27121B3FBF1F36E
S21401ED3053431922B3FBF2F33946012207EB0724AA
S21401ED4005A8059307EB042417F07DF97F00032F30
S21401ED5038BF0327020242EA001242EA0009033FD3
S21401ED6000F01F0007FA00F0FFF7E4FC00F5FA6771
S21401ED7058E00F23B7FBF3F3581CC3EB0313FB1A3E
S21401ED800133DBB2C0B21B0443EA0053C3F30747A7
S21401ED90C9E70C6840F27121B4FBF1F40F23544328
S21401EDA01922B7FBF3F3B4FBF2F43748374A00688D
S21401EDB0A2FB0412013350FA83F313F8013C0392C9
S21401EDC0A3F140012A4603A8019317F03CF9039FDB
S21401EDD02F4AE41BA2FB041200903021049204A8DF
S21401EDE02A4617F030F9DDF810B08146A4EB0B0483
S21401EDF001220594102144F2100405A817F023F906
S21401EE00009B1A02019B42EA091244EA0344059B4D
S21401EE1042EA000907EB0B001844FFF78BFC00F5EC
S21401EE200C57283740F6FF711A4B3846C3F8C01006
S21401EE30A3F58053C3F8C090A3F58053C3F8C4402C
S21401EE40154C276001F0B0FC4FF47A72134B404228
S21401EE50986523680A49B3FBF2F3A8F8043096F8DC
S21401EE602B30B7FBF2F08AF800500B7017E700273B
S21401EE7034E700BF004001B8B067002010610020F1
S21401EE80AB6A00207C5300203053002069C2F5682D
S21401EE90911E856B006001B864530020001F00B00E
S21401EEA0AC6A0020346A0020014B1870704700BF1E
S21401EEB0AD6A002010B5044603F012F878B1174B7E
S21401EEC01B786BB964B1164B1B784BB1154B1B788D
S21401EED0013B012B04D84FF40042134BDA6710BDF7
S21401EEE0124BDB6F1B04FAD41BF0D1FA4FF400422D
S21401EEF00F4B0446DA67A3F5A0435B682BB1FEF718
S21401EF0041FF10B1022017F0D9F80222094B204622
S21401EF10BDE81040C3F884241BF0B4BA1161002088
S21401EF201261002068530020002002B8000002B8D9
S21401EF30001002B800D003500122024B00201A70C4
S21401EF40FFF7B8BF116100200022024B01201A70A2
S21401EF50FFF7B0BF11610020F7B50646504C00F030
S21401EF6037FD504B2578504F1E7085BB2846FFF75E
S21401EF70A1FF2378013B012B19D8E37B01A88DF86B
S21401EF800430237C8DF80530E8F7AEFFC7F88454CB
S21401EF904FF6FF72454BC3F88420F822A3F5805341
S21401EFA0C3F884200022404BC3F884240DE04FF6BA
S21401EFB0FF723E4BC7F88454C3F88420F822A3F5A9
S21401EFC08053C3F88420C7F88454394B5BE0002093
S21401EFD0FFF770FF2378013B012B08D8E37B01A8DC
S21401EFE08DF80430237C8DF80530E8F77DFF00238B
S21401EFF0C7F88434002ECBD062685AB32D4B1B68F9
S21401F00003EB5203B3FBF2F3013B1B0243F0F8039D
S21401F01026782649022E284A1ED0032E4FF6FF7563
S21401F020214826D0012E34D143F00203C1F8845082
S21401F030C2F884300723C0F88434E37B01A88DF836
S21401F0400430237C8DF80530E8F722FF0120FFF716
S21401F05031FF17E0F823DBE74FF6FF7043F00103BB
S21401F060C1F88400C2F8843006220F4BC3F884240A
S21401F070E3E743F00503C1F88450C2F88430042363
S21401F080C0F884340D4B4FF080420020DA6703B09D
S21401F090F0BDC1F88450C2F884300023F0E700BF09
S21401F0A0685300201261002000C00350006000B8C1
S21401F0B0002002B87C530020005000B8001002B8AF
S21401F0C0F0B5294F06463D4604460FCE0FC53368B8
S21401F0D085B02B6000F07CFC0022244BC3F884240E
S21401F0E0A17A627A42EA0142C3F89024217CE27B4B
S21401F0F042EA0142C3F88C24217B627B41EA02404A
S21401F100C3F888043B78032B2AD8DFE803F02202F1
S21401F1100C178DF8041004218DF805200DEB010065
S21401F1200022E8F781FEE37B00228DF80830237C7D
S21401F130042102A88DF80930E8F776FE637A0122E9
S21401F1408DF80C30A37A042103A88DF80D30E8F76A
S21401F1506BFE074B187805B0BDE8F040FFF7FCBE24
S21401F160212005B0F0BD00BF6853002000C0035049
S21401F17012610020034BDB6F002BBCBF024BC3F8B0
S21401F18088007047000002B8004000B82DE9F0473B
S21401F19016F0F8FF4FF47A762D4BB0FBF6F61860B2
S21401F1A04FF4FA73734307462A48190E1B021818C0
S21401F1B0294A4FF0000341F10001FBF781FE274B7E
S21401F1C0A0F5807205461A6320B948222B21FDF767
S21401F1D053F801254FF47A724FF0000A6A435346FA
S21401F1E050083102FBF76CFE1C4B1D4AB7F57A7FBF
S21401F1F09A601C4B4FEA056819601B4B894604460A
S21401F20018604FEA152505D29B222B215046FDF7A3
S21401F21033F801264FF47A73A8FB030103FB0511AB
S21401F2207308C01841F1000100233246FBF748FE7F
S21401F2300E4B023419600E4B49F10009A408186000
S21401F24044EA8974054B013C9C63BDE8F08700BF26
S21401F2507C53002020A1070040420F0000C001B8E7
S21401F260021101008C530020885300208453002093
S21401F270805300201022044BC3F884215A600122D7
S21401F280024BDA60704700BF00E100E000C001B841
S21401F2901022064BC3F88421C3F88420BFF34F8F96
S21401F2A0BFF36F8F0422024BDA60704700E100E083
S21401F2B000C001B810B50446A242A2EB0000A3EBC1
S21401F2C0010104D2034B01399B6B0133184401F051
S21401F2D0030110BD00C001B838B501250A4B020173
S21401F2E09D504FF480730446084A834053661BF0D2
S21401F2F0CEF8074AA540137823EA05031370BDE844
S21401F30038401BF0BFB800BF00E101B800E001B80B
S21401F3101B6100202DE9F84F164605468A461F4612
S21401F3201BF0B5F8022E00F0908080461BF0BCF86A
S21401F330594B5A4AD3F82090147D5A6EE4B25207BC
S21401F34044BFD3F82090013404F003041BF0A7F85F
S21401F3504846214600F036FA8446DAF80000012EC7
S21401F36004BF01306044ACEB000C08BFCAF80000D3
S21401F370BCF1804F7DD300F037FA8145A1EB040143
S21401F38088BF454BDFF834C188BF01F1FF3101F07A
S21401F390030188BF9B6BA0EB090E0CF80510A1B109
S21401F3A0F90742BF41F61F723D4B5A67BA0742BF83
S21401F3B03B4B3C4A5A677B0742BF0022364B9A6753
S21401F3C03C0742BF0022344B9A6511244FF0010AD4
S21401F3D0314B05F11002120103EB051BCBF80C01B2
S21401F3E031499C501A6A0AFA05F4586E0B78A2EB5A
S21401F3F00902E4B2234372450B7025D34FF48073A0
S21401F400AB40034220D11CF80520002A40D10EB3A0
S21401F410264AF807536607D541F61F7140F20110D8
S21401F4201F4B596750675967B90706D51C4B1D4ACC
S21401F4301E491F485A6748675A677A0742BF012222
S21401F4401C4B1A613B071AD440461BF01BF80120DF
S21401F450BDE8F88F184A2D0142F805A042F89C3CF9
S21401F4601BF015F810490B7823EA04030B701BF008
S21401F47009F840461BF006F80020BDE8F88F212069
S21401F480FFF778FE4FF48032034B4046DA60DCE744
S21401F490064A40465366D8E700C001B8EC53002040
S21401F4A000E001B800001F1F1B61002000D001B85A
S21401F4B000000101000002B800E101B8136100205C
S21401F4C0024B1878003818BF012070471B610020D6
S21401F4D0034B10300001185800F00100704700BFC0
S21401F4E000C001B870B50646FEF74CFC044608B1EC
S21401F4F0FFF7CEFE0023084D3046AB61EB612B6271
S21401F50000F072F9054BC9B2197528620CB1FFF704
S21401F510B1FE002070BD00BF00C001B8EC53002052
S21401F5202DE9F0419DF818800D46B8F1000F08BF8F
S21401F5300022214EB5F5803FB168074621F47001DF
S21401F54041F4A001B1609DF820409DF81C104FEADF
S21401F550042444EA016444EA031444EA084444EAFD
S21401F56002044FF0180140F2E9222CBF00200120CE
S21401F5707465FCF781FE3564B8F1000F1AD00F4BA5
S21401F580BC68D3F888305A2C38BF5A245B0606D597
S21401F59000F0F0FB18B10A4BB3FBF0F31C44204615
S21401F5A000F022F90130854238BF0022024B34BFF9
S21401F5B05A645864BDE8F08100C001B800C000B8C4
S21401F5C000093D00214B10B51A6E1A66596C59B1E7
S21401F5D01F49C96800292EDB596D4FF0FF3301F032
S21401F5E00F018B409A4326D110242020FFF7C2FD3D
S21401F5F0184B9C6002F088FB2022174BC3F884212D
S21401F60001F0F4FC48B1002200200821FEF71CF8A6
S21401F610124B5C66A3F580531C670D4AD36803F052
S21401F6207063B3F1807FF9D9084B0D4A5A6741F2EE
S21401F63001429A6710BD01F0D9FC0028F4D0094BAD
S21401F640064A5366A2F580521367EDE700C001B87B
S21401F650000002B8001002B800E100E000E001B8C6
S21401F660011B01181000002008B52120FFF782FDBC
S21401F6704FF48032014BDA6008BD00BF00C001B80C
S21401F680F8B5184D04462B6A1B0426D500F0E6FB98
S21401F6902B6AA0FB044613F0787F4FEA9367C3F307
S21401F6A04450C3F3044505D140F25A422B21FCF7DE
S21401F6B0E3FD0120AD01B5FBF0F010EB871005D19D
S21401F6C040F25F422B21FCF7D7FD012002460023C2
S21401F6D020463146FBF7F4FBF8BD00F04BFBA0FBE0
S21401F6E00401F9E700C000B80246012030B50B4C12
S21401F6F0A0F12003C0F1200524FA05F504FA03F36E
S21401F7002B4304FA00F595428B4100D330BD0F28F8
S21401F71001D00130ECE7FF20F8E700BF40420F00C0
S21401F72010B50C46FFF7ACFFC30943EA4163C01AA4
S21401F73061EBD111FFF7D8FFFF2814D00F220C4B35
S21401F74040F01000C3F88820A3F58053C3F8880062
S21401F750A3F580531B6ADBB2802B06D02046BDE89A
S21401F760104000F067BB212010BD0220FCE700BF5F
S21401F77000E000B838B51AF097FE084B084A1D6A33
S21401F780147D5A6EE4B2520744BF1D6A01341AF062
S21401F79086FE284604F0030138BD00BF00C001B84C
S21401F7A0EC5300200346064A103302EB00111B01FE
S21401F7B0D1F80C01D158C1F3400116F08ABC00BF44
S21401F7C000C001B8064B1B68434303EB8171054B30
S21401F7D01B68A3FB003013F1004341EB00007047A8
S21401F7E084530020805300200C4A20F040430146F9
S21401F7F010B5002014684FF00042E4FB0320084ACD
S21401F800890F126802FB0300064B9B6B984204D9D2
S21401F81001330131C01A01F0030110BD88530020E5
S21401F8208C53002000C001B8044B01F0F071103079
S21401F83041F0030100011950704700BF00C001B834
S21401F84008B52220FFF796FC4FF48022014BDA60C0
S21401F85008BD00BF00C001B808B5064B4FF03040E8
S21401F8601A6805499200FCF727F8BDE8084001F040
S21401F870E3B800BFCC730400D073040070B50C6805
S21401F880651C15D0C4F302669E42C4F3074530D109
S21401F890A4B294422DD804EB8506B24229D2141B99
S21401F8A0A50824F003040E59340F04D0012C08D007
S21401F8B00022212402E06B1C51F82320C0E9002419
S21401F8C070BD0E4C34F8133042EA03431A686B1CC1
S21401F8D051F8234001EB83014B6822405E4036F02D
S21401F8E0704404D11B0F032B04BF8B681A430024FA
S21401F8F0E4E7013501EB8501C1E700BFA47304000D
S21401F90007B501A8EBF7D0F84822164B5A65164AF8
S21401F910D2F8D43023F4FC33C2F8D430134B1B682E
S21401F9209DF80530023B012B19D84022104BC3F835
S21401F930FC23104BD3F85C32DBB2FF2B00D106233D
S21401F940094A1B03D2F8FC139BB20B43C2F8FC33E3
S21401F950D2F83021084B1A6003B05DF804FB00F0C2
S21401F960E7FEECE7008001B8000002B8002000B016
S21401F970001002B80080E00F2053002000224FF450
S21401F98000710F4B10B51A675A679A670D4AD16214
S21401F990012102F5E8325161DA6812F0706FFBD18D
S21401F9A04FF0304201245A6602F5FC5208329C663A
S21401F9B0DA64054B1B689847044B5C6110BD00BFB9
S21401F9C0000002B8004000B8B4670020002002B86A
S21401F9D001230F4A0F49C2F880328A6A22F00202D6
S21401F9E08A620D4A53600D4A53600D4A5360A2F570
S21401F9F080425360A2F54042536002F5C032536024
S21401FA0002F580425360A2F500425360704700BF82
S21401FA100080005000C0005000D000B800500054D4
S21401FA20005001B808B5FFF7D3FF0E4B0E4ADA6750
S21401FA3000F076FEFFF764FF03220C4BC3F8E020CC
S21401FA40012203F54043DA674FF460725A614FF4BE
S21401FA500072DA67FEF778FBBDE808400021FEF782
S21401FA604FBB00BF000002B80048F000005001B8CC
S21401FA702DE9F04F054687B002900F4657F8044B24
S21401FA80631C06D1029B2C60E81A801007B0BDE803
S21401FA90F08F5FEA147B18BF0123344AC4F3016177
S21401FAA008BFC4F3074332F81120A4B24FEAC30AD1
S21401FAB02F4844EA02440AF104022A4482421BD235
S21401FAC00722CA4002F0010201929A0004EB830366
S21401FAD003930123B94603FA0BF808F0940305F1E2
S21401FAE0080604920593039B09F10409A34208D171
S21401FAF0049955443944C0E71D4A9542E0D8002090
S21401FB00C4E7059B53B918F0420F19D118F0280F16
S21401FB100BD146F8084C59F8042C21E04FF420622A
S21401FB2032210020FCF7A8FBF3E740F6042232213D
S21401FB300198FCF7A1FB04F5805246F8082CEAE789
S21401FB4040F60D2232210198FCF796FB04F500528F
S21401FB50BBF1010F46F8082CDDD159F8042CD2432D
S21401FB6046F8042C04340836BDE700BFA47304002D
S21401FB70003000B0F8B50546F0B10026154B344606
S21401FB801F46154953F8042BBAB9A00000F13040BE
S21401FB90294600F50150FFF76BFF30B940F6AE324B
S21401FBA03621BDE8F840FCF767BB0C4B0134044432
S21401FBB047F8265023F81640F8BDAA42FCD0013675
S21401FBC00C2E02D031F81640DCE740F6C83236215A
S21401FBD00020E6E790530020E2590020E459002077
S21401FBE070B50446A8B1C1B1384A52F8043B9842F0
S21401FBF015D1002336498A689206FCD49B00354A03
S21401FC0003F1304303F50153C2F8B0302022324BE2
S21401FC109A6070BD01330C2B02D1304D12E00123E6
S21401FC2052F8041BA142F5D12D4A32F81330E1E710
S21401FC3004D16268C3E90012083403E0012A01D145
S21401FC40043419602268531CE3D0C2F3016335F80B
S21401FC501300110C93B211F0FE0F43EA00436068E3
S21401FC600DD00434CAB2022A2168E1D9D4E9016070
S21401FC70033AC3E9001698600C340C33F3E7120F0D
S21401FC80072AD9D8DFE802F00704090D1013181D5A
S21401FC90C04303F500531860CEE71A6842401A6065
S21401FCA0CAE703F58053F6E716F008FAC4E701221F
S21401FCB003F580538240F2E7012203F500538240A8
S21401FCC0EDE71A6830EA0202FBD1B5E7905300204F
S21401FCD0000002B8001E00B0001002B8A4730400B1
S21401FCE0E25900200122014BDA677047001002B882
S21401FCF00122014BDA677047002002B84022014B0F
S21401FD00DA677047002002B84022014BDA67704775
S21401FD10001002B80B4B1B68D3F8E43023B11A6805
S21401FD20022A01D9186A7047074B9A6D90B238B10A
S21401FD30064BC2F307421B68DB085343B3FBF0F0E4
S21401FD40704700BF08540020004001B87C530020D3
S21401FD50064BDB68C3F30363984206D1044AD36BB0
S21401FD6023F0F00343EA0111D1637047000002B8A3
S21401FD70001F00B0054B1B68D3F8E43013B11A68B6
S21401FD800A2A01D8FFF7C6BF186C7047085400202E
S21401FD902DE9F743064616F08AF900248046DFF877
S21401FDA090901AF074FB0DF1070105460DF106005F
S21401FDB0FEF75AF89DF806308BB9721C29D016F05A
S21401FDC076F9A0EB080428461AF05CFB9DF806308D
S21401FDD013B99DF807303BB3A642E2D824E0D9F820
S21401FDE00C3013F4603FE8D0D9F8100016F0CCF9C7
S21401FDF0731C074603D016F05AF9A0EB08042846F0
S21401FE001AF040FB17F5007FE0D0384603B0BDE896
S21401FE10F08328461AF036FB9DF80630002BC0D139
S21401FE209DF80730002BBCD1004FEEE700FEFFFF28
S21401FE3000C000B810F1800F04D04D28CEBF7F203F
S21401FE40323040B2FF22044BC0B21A62A3F580538F
S21401FE5018620020704700BF00E000B80B4A10B5DA
S21401FE60136E0B4C116E03F00703E35CC1F3CD0177
S21401FE7001FB0333126E0748C2F3454202FB03330C
S21401FE8000688001B0FBF3F010BD00BF004001B870
S21401FE909C7304007C530020084910B5D1F89C30AF
S21401FEA040B11C46CA68D1F89C309C42F9D1C2F3D5
S21401FEB00362027003F00F0010BD00BF000002B81D
S21401FEC0094B01F080011B6F03F480030B4309D13A
S21401FED04FF40012054B1A62837F1BB10122044BBB
S21401FEE0C3F80021704700BF000002B8006001B8E7
S21401FEF0005001B82DE9F04F404F804685B0386874
S21401FF000C4615F0DBFD20B90024204605B0BDE8FF
S21401FF10F08F224600214046FBF73EFB384B5D69D9
S21401FF2015F00105F0D1FCF701F806460028EBD0E4
S21401FF303F68384615F0FAFC4FF6FF73984234D006
S21401FF404FF060512F4E304B304AD3F82090D6F800
S21401FF508C3011624FF00061A2F5805211622422AA
S21401FF600421C6F88C202A4A4FF4804B91604FF446
S21401FF7080520027DFF8A4A0CAF868B0F262A74250
S21401FF801ED30421234A9160A2F5F032C2F88C30C8
S21401FF904FF060521D4B1A6209EA02031E4A1362B1
S21401FFA04FF480421D4B9A66AFE73146384615F04E
S21401FFB061FC01463846FCF7FDF80028C0D0A3E7EF
S21401FFC0B26E5104FCD5B268D205F9D5CAF868B04C
S21401FFD0D6F890200135012D0392D0D9E21B042AD0
S21401FFE0A8BF042208EB070003A901930092FBF7C0
S21401FFF063FC009A019B3A4497B2C0E7085400207C
S214020000000002B8004000B8004001B8006001B825
S214020010001002B8002002B8005001B8006000B814
S2140200204FF604014FF60502044B01201B6C9BB2EF
S2140200308B4208BF1346024A136670470080E00FE1
S21402004000C001B82DE9F74F81460F464FF0FF3545
S214020050FFF790FB002601908A462C463046DFF8D2
S214020060D8B006F110031B015BF8033003F0030857
S214020070B8F1010F15D13046FFF794FB02460B4646
S21402008001985146FFF716F9DBF8643006F10802CC
S214020090D340DB0739D5002F40D000252C463E60E2
S2140200A040460136082EDCD160B3234A0027D2F838
S2140200B008C0916B0CF440330131A4FB0141641972
S2140200C041F10001B3F5003F30D1536B0CF4405CB4
S2140200D0013347F10006BCF5805F22D1156B15F59A
S2140200E0807505FB06F647F1000203FB0266A5FBD8
S2140200F003323244594304FB0212A3FB0434144471
S214020100C9E9003403B0BDE8F08FA84271EB0403DE
S214020110C6D207B13E6005460C46C1E73D463C46A0
S214020120BEE7320242EA13621B02E3E7136B13F5E1
S214020130807347F10002DDE700C001B808B516F08B
S21402014037F8044B5A7C012302329340024A536129
S21402015008BD00BFEC530020002000582DE9F341F3
S21402016005460F4668461146FFF76CFF0646B0B1D5
S214020170AFB1DDE900321B0A43EA0263A5FB038442
S214020180094B120A05FB02441A6812B915F0FAFF67
S2140201900246002340462146FAF792FE3860304671
S2140201A002B0BDE8F08100BF7C53002037B504469C
S2140201B0FFF70EFCE17822791B4841EA0243C0F8B9
S2140201C0CC34E579A37943EA0543C0F8D0342378E2
S2140201D04BB18DF8041004218DF805200DEB0100BB
S2140201E00022E7F721FE63785BB10421A37900229F
S2140201F08DF80430E3790DEB01008DF80530E7F752
S21402020013FE227801235AB1084AC2F8C83462782B
S21402021002233AB1054A0020C2F8C83403B030BD02
S214020220034AF2E7024AF6E700C0035000D0035042
S21402023000E0035070B52C4B0C461A7812B92B4AC4
S214020240926D1A702A4AD26F52054AD51D78294BEA
S21402025005F00F06B0FBF3F040434FEA151505D143
S21402026040F27C622B21FCF707F80120224A0A2181
S2140202707243B2FBF0F34843B3FBF1F602EB5002D3
S214020280B2FBF0F201FB1633042BD2B207D8C3EB53
S2140202908310C3EB80035BB283B96DB217E0C3F180
S2140202A00B0303EB8303DBB2B3FBF1F32B44DDB2A8
S2140202B00F2DF2D9013AD2B2053DEEE7053B5BB20D
S2140202C093FBF1F31D44EBB26DB2002D04DB00206C
S2140202D042EA0512226070BD01320533D2B25DB227
S2140202E0F5E70220F7E700BF1C610020008001B896
S2140202F0000002B8403B2500809698004FF0000CA4
S2140203002DE9F84FA2FB017BC84EDFF85CE3BE196D
S21402031099466BF10003B6457CEB030308D240F224
S2140203203E220E216046FBF7A7FF0220BDE8F88FAB
S214020330D0F8E4A00C461546BAF1000F04D0DAF85D
S2140203400030032B00F21B81B94BBA4A9B6BD2F8E2
S214020350FCA0C3F31408B84BD3F8EC305E00B64BDF
S21402036048BF48F400181B6E48EA456858074EBF57
S2140203704FF440039B0503F0E07348EA030818F0C5
S21402038005FA012D0646D0D10028CED0AB4B9842B6
S21402039000F0048103F5122303F5F863984200F097
S2140203A00381A74B984200F02F81002502462B4678
S2140203B000204FF00071FAF783FD2B46013007FB51
S2140203C003F3C8F3130100FB0B33A1FB0662A7FB82
S2140203D0007001FB0522034420339B09C9F8003054
S2140203E0F60C984B46EA423618F4801F1C6008BF8B
S2140203F07642954B954DC9F8144034441E602C60E5
S214020400BAF1000F00F0B98000239149C8F3815277
S2140204108A5C194618F0807F18BF6408002EB8BFA1
S214020420764292066008C2FB06012246FAF748FDAB
S214020430DAF800300E2B08D97F4B7D4A926BD969C9
S214020440D3F80C31C90600F1D68018F4001814BF90
S214020450C42240F207127F49C0F31300A1FB0461D5
S2140204604FEA511102FB01F1C9F80400DAF818004C
S2140204704FF4FA73B1FBF0F118BF4FF0000801FB1E
S21402048003F3A4FB0262FA33A3FB003004FB082248
S214020490B342904138BF0131C9B241F4006CC9F889
S2140204A008C000297ED0DAF81C00A1FB003624B171
S2140204B0B4FA84F20E2A40F38880E203002E77D143
S2140204C0B2FBF3F2530003FB0113A3FB00764FEAE1
S2140204D0044EBE454FEA144474EB060609D34E009A
S2140204E03344A0FB0371BE4574EB010102F1010225
S2140204F0F6D2C2F30E024CEA023C4CF00063C9F894
S214020500083018F043F92B68002B00F08880B3FA05
S21402051083F4D4F102044CBF1C4623FA04F44E4B77
S2140205209C4288BF6408002846D0B4FBF0F36421DE
S21402053000FB134201FB02F2904244D85A1E5208B4
S2140205405B08013B120242EA0313C9F80C3018F0AA
S214020550E9F800285CD0B4FBF0F2642100FB1244F8
S21402056001FB04F4A0425ED8531E5B085208013A0F
S2140205701B0243EA0213C9F810300020D6E6042B09
S214020580DAF828807FF4FBAE18F0807F0CBF08F004
S214020590E0734FF4400328F0E078EEE600232F489D
S2140205A01D460CE72120C1E600232D481D4606E71E
S2140205B00B46002289E7044640F2C2422B21002065
S2140205C0FBF75AFE2346013BB8E7C2F10F0702F1DA
S2140205D0110E06FA0EFEFB4043EA0E03A7F1200EAA
S2140205E026FA0EFE43EA0E03FE40013304FA02F236
S2140205F046F1000662E702F4801203F400131A437F
S21402060008BFC0F5801020E7002316481D46D6E630
S21402061040F2E5422B21FBF72FFE621EA4E70028DC
S214020620C9D01C46CFE71446F7E700BF006CCA885D
S214020630008001B8001F00B0004001B800F0490277
S214020640005A6202C8530020C4530020C053002040
S214020650B4730400D34D62103FBE40250A3BB2DF9E
S214020660313641DCD694BFD6807C814A10B50B4623
S214020670044686B039B98279016821486B4600681B
S214020680FFF73CFE6B461F4A196851631E4AD2F8B2
S214020690FC2062B35A6842B11C4A1D49C2F80C11CA
S2140206A05968A2F58052C2F80C119A6842B1174AEC
S2140206B01849C2F8EC109968A2F58052C2F8EC10FC
S2140206C01549D868D1F8642122F4EE620243C1F8D3
S2140206D06421D1F85C21186922F4EE620243C1F863
S2140206E05C21A1F5FF4158692839FFF7A3FD0020D8
S2140206F0A2880A4B9A6203F5A033186406B010BDAE
S21402070008540020008001B8001F00B0006001B845
S214020710FFFF0F00FFF8FF0F000002B8004000B80E
S2140207204FF48062014BDA67704700BF001002B8D0
S2140207304FF48062034BDA67034B1B780BB1034A14
S21402074093657047002002B81C610020008001B843
S21402075040B10368012B05D90069034B002808BF86
S2140207601846704700487047BC73040010B590B135
S2140207700468012C0FD902696AB11168094B102C62
S214020780196051685960916888BFD268996094BFB1
S214020790D960DA6010BD102200210248FAF7FCFE8A
S2140207A0F8E700BFD0530020084BC1171A68A2FB17
S2140207B0000302FB013310F1807043F10003400E88
S2140207C040EAC310803820EAE0707047E053002009
S2140207D00722164B70B5DA66154B164A1D68164B7D
S2140207E0EC08E005C0184FEA153141F1000100237C
S2140207F0FAF766FB114B124E18604EF66020FFF7B2
S214020800D3FF4042C6F884000E48FEF7EDFF0246CC
S21402081058B1E301500818184FEA15714FF000035B
S21402082041F10001FAF74CFBF06570BD000002B81A
S2140208307C53002065CD1D00B2E60E00E05300207A
S214020840001F00B040420F0010B5044698B10B4B93
S214020850D3F8FC00FFF78AFF4FF47A7303FB04F029
S214020860074BA0F6AC50DA689B681044C01ABDE885
S2140208701040FFF799BF4EF66020F8E7001F00B061
S214020880D05300202DE9F8430546084614461E4676
S214020890FFF76CFF0DB306F0020716F004061ED132
S2140208A0DFB14FF47A706B685843002B40F08C80AF
S2140208B0FFF77AFF60626B69002B00F08C804B4A70
S2140208C0D0684FF47A7202FB0300A0F5035010388A
S2140208D0FFF76AFF2062002E57D1BDE8F883286929
S2140208E0002868D04FF47A735843404BA0F6AC50B9
S2140208F09B68C01AFFF758FFE061A88B00285DD0FE
S2140209004FF47A735843394BA0F6AC509B68C01A22
S214020910FFF74AFF2061364BE968D3F800800029CA
S2140209204FD04FF47A735943304BA1F6AC519A68C4
S2140209305B68891AC91A2F4BC8171A68DFF8BC9069
S214020940A2FB011302FB003311F1807143F1000395
S214020950490E41EAC3118039274B6161DB6EA36100
S214020960D9F8003053B1404615F0A2FA30B122460B
S214020970D9F800301D49D8F8D80098470021A86950
S214020980FFF762FFA062002F8BD1A86830BB47F248
S2140209903050FFF709FFA0604FF47A702B68584377
S2140209A02BB1124B1B6803F51C5310331844FFF788
S2140209B0FBFEE06091E74EF660209BE74EF6602075
S2140209C0A6E74EF66021B6E7084B1B6803F51C53F4
S2140209D0103318446CE747F2305079E74FF47A73D5
S2140209E05843A0F503501038D3E700BFD053002079
S2140209F008540020E0530020001F00B0CC53002013
S214020A0038B5054608461C4615F074FB0246D5F86E
S214020A10E400FFF79DFE4368A018002B044AA8BF17
S214020A204FF4FA721A44034B92FBF3F2104438BDA9
S214020A300CFEFFFF18FCFFFF70B5124C88B001AD2C
S214020A400FCC0FC594E8070085E807008C2200212A
S214020A500D48FAF7A1FDD42200210C48FAF79CFDB6
S214020A600B4B0C4A5A6301F04DFA0B4B1B783BB109
S214020A70044E01AD0FCD0FC695E8070084E80700C7
S214020A8008B070BDC41F00B0A01E00B02C1F00B07E
S214020A90001F00B0101111110F61002008B519F0E7
S214020AA0F6FC0E4B1A78A2B90D4A126812F4843F6D
S214020AB00FD10C4A1021D1671B7863B9084B1B680B
S214020AC0DB0508D4074B2022DA67BDE8084019F098
S214020AD0D9BC054AEEE7044BF5E700BF22610020C9
S214020AE0A0150020002002B8001002B80A4B1978A0
S214020AF001F0FF0229B10021197008499202C1F8DB
S214020B00B420597801F0FF0229B1002159709302EE
S214020B10024AC2F8B83070471D610020005000B883
S214020B20064BD3F8D80E064B5B6F1A0103D4054B5F
S214020B309B6E1B0401D500F580707047001000B054
S214020B40000002B8004000B810B519F0A0FC0E2153
S214020B5004460320FFF7FCF840F20122034B20462E
S214020B60BDE81040DA6219F08DBC00BF004000B844
S214020B7008B519F08CFC4FF00042224BC3F88020D7
S214020B80BFF34F8FBFF36F8F0122C3F88420BFF3EA
S214020B904F8FBFF36F8F0222C3F88420BFF34F8FAD
S214020BA0BFF36F8F0422C3F88420BFF34F8FBFF3C7
S214020BB06F8F0822C3F88420BFF34F8FBFF36F8F67
S214020BC01022C3F88420BFF34F8FBFF36F8F20220B
S214020BD0C3F88420BFF34F8FBFF36F8F4022C3F852
S214020BE08420BFF34F8FBFF36F8F4FF48072C3F82A
S214020BF08420BFF34F8FBFF36F8FBDE8084019F014
S214020C0041BC00BF00E100E008B519F040FC4FF01F
S214020C100042094B1A6001225A6004225A600822D6
S214020C205A6010225A6020225A6040225A60BDE85A
S214020C30084019F027BC00BF00E100E0012370B5B0
S214020C40074C2370074B1E68074B3240D3E900530C
S214020C5019402840FCF7F8FC0023237070BD00BF43
S214020C6020610020E8530020A01500200022044B3B
S214020C701A70044B197811B11A70FFF70FBF70473C
S214020C8021610020226100202DE9F047DDF820A036
S214020C9003EA0108099B06460C4602EA000703EA35
S214020CA00A09BAF1000F40F04E81031F0B4300F011
S214020CB00E81052871F1000380F0E48050EA0103FA
S214020CC000F06081431E0B4300F02481FFF750FFC3
S214020CD0AD4AD2E9005323EA040325EA06053D435A
S214020CE043EA0807A94BC2E900571E68DFF8F482F8
S214020CF026EA0A0646EA09061E60FFF7CFFE15F048
S214020D002A4F14BF48F202034FF40043A04AB0072A
S214020D10D26EA04848BF43F4005383EA020122EA97
S214020D200302C2669C4A0B408166D366C5F38042C4
S214020D301203290348BF42F48072EB0648BF42F40E
S214020D400052964BAC0648BF42F400726806D3F8CF
S214020D500C3248BF42F48062290648BF42F4006261
S214020D608F4882EA030123EA0203C0F80C328D4B55
S214020D700A40C7F34024A404C0F80812C3F80C22A1
S214020D80EA0448BF44F48034AB0348BF44F48014FA
S214020D90A80748BF44F4800415F4001F06D0D8F80C
S214020DA0000015F0DBFA08B944F40024E90248BF53
S214020DB044F40034FA0648BF44F4000473077A4B3E
S214020DC048BF44F004041A6A44F4001484EA020396
S214020DD023F0010375491A400A621C40CB61744B2A
S214020DE016F0010F1C62734B734A18BF1A46734BF8
S214020DF07C071B6F48BF42F00062714882EA03011B
S214020E0023EA020303676F4B0A4041661A676E4A7B
S214020E1005F00103516CA0F5803081EA030221EA55
S214020E200301416482631A40684B28025A64D8F868
S214020E30002048BF664B92F8F62058BF654B6907FC
S214020E4048BF43F4806322B115F4C06F18BF43F461
S214020E5080733207604A48BF43F00043D2F8EC1072
S214020E605E4883EA010222F4A0221140C0F8EC1088
S214020E701340C0F8E0205A4ABDE8F047C2F8EC300A
S214020E80FFF7C2BEA0F580630B4306D020F4806352
S214020E90A3F500730B437FF419AF19F0F8FA3A4939
S214020EA0D1E9003223EA060322EA040242EA0802F1
S214020EB03B43C1E900324B4A126892F8F610474AA1
S214020EC009B313F4C06F1ED04FF4807311E019F00B
S214020ED0DEFA2D4AD2E9003123F004033B4341EA0D
S214020EE0080157EA0807C2E900314FF480633B4A1B
S214020EF00BD0C2F8E030A2F58052C2F8EC30BDE862
S214020F00F04719F0BFBA4FF48073C2F8EC30C2F85B
S214020F10E030F4E719F0BBFA1B4AD2E9003123F0BD
S214020F2001033B4341EA0801C2E9003101232E4A8C
S214020F3057EA08071BBF9363A2F5805253645364B3
S214020F4008BF9363DBE750EA01037FF4BFAEBAF152
S214020F50010F7FF4BBAE19F09AFA0C4A136823F01D
S214020F60010343EA090313604FF48063144AB9F19C
S214020F70000F04D05366A2F580521367BFE71367CB
S214020F805366BCE7BDE8F087A0150020E8530020B2
S214020F90004000B8006000B8005000B8004001B839
S214020FA0006001B8005001B8000002B8002002B884
S214020FB0001002B8041C00030418000300C001B8A5
S214020FC000E001B800D001B800C000B800D000B8F8
S214020FD00D0A0A09090A0A09004000540060005472
S214020FE0005000540854002000E000B8024B586835
S214020FF0C0F3C000704700BFA0150020024B18685F
S21402100000F00100704700BFA0150020024B586890
S214021010C0F3C030704700BFA015002010B50446CC
S214021020FEF700FDFFF7A4FD2046FDF7BDF8FEF72C
S214021030A5FCFEF7ABF8FEF71DF9FFF7C9FB13494F
S2140210400723134AD1F8FC1004F1F800FFF71AFC44
S2140210504FF080710020FEF7E7FB4FF000720D4B59
S2140210604FF400110120C3F80021FEF7DDFBFEF766
S214021070D7FF20B940F292321421FBF7FDF815F0A3
S214021080A0F8BDE810400120FDF766BF001F00B0C3
S214021090581F00B000D001B88023074A1367082300
S2140210A040B11367054AD2F8A03023F02003C2F8F5
S2140210B0A0307047024AF4E7001002B8001E00B0E3
S2140210C0002002B810B519F0E2F90121044600200A
S2140210D0FFF7E2FF044B1961044B5B689847204612
S2140210E0BDE8104019F0CEB9000002B8A067002093
S2140210F0F8B5194C0546207840F2E442B0FA80F082
S2140211003E214009FBF7B8F855B9607840F2E44250
S214021110BDE8F840B0FA80F03E214009FBF7ACB8D3
S2140211204FF440660D4F0E4DD7F8B43040F2E4420D
S214021130C3F381232370C5F8B46060783E21B0FA09
S21402114080F04009FBF798F8D7F8B830C3F381234C
S2140211506370C5F8B860F8BD1D610020004000B895
S214021160006000B8F8B5084C084D236F0423084FFA
S2140211702B67236F5B0300D4F8BD042602203E676C
S21402118014F09CFF2E67F4E7000002B8001002B8C5
S214021190002002B8A82238B51A4B1D6F03F500537B
S2140211A01A6710229A60A3F5804302F100521A676A
S2140211B05A66FFF79BFC144B1B7813B90320FEF705
S2140211C08BF80024114B9C67FFF7CCFF104A114B9B
S2140211D0D2F8D81E0B40C2F8D83E04220E4B1A672D
S2140211E00E4BAA06C3F8AC4008D503F58073DB6C39
S2140211F0B3F5817F22BF8022024B1A61BDE83840D8
S214021200FCF7C2BB000002B81F61002000C001B894
S214021210001000B0DF0000FF002002B8001E00B081
S21402122010B549B930B3164AD3681B0E13F00E0F29
S21402123020D193689A061DD4FFF786FC104C002036
S214021240FEF72AFE032801D0092805D1636FDB03C7
S214021250F5D4E36D0C2BF2D9FFF784FF4FF400723E
S214021260084BDA62012203F5E8335A61042203F5D9
S21402127080531A674FF4C062034BDA6210BD00BF98
S214021280000002B8004000B8006001B808B50321AB
S2140212900920FEF75DFD2022014B1A6108BD00BF42
S2140212A0000002B838B5054619F0F1F80E4B0446B0
S2140212B01868FDF745F835B1FFF7D8FC2046BDE8BB
S2140212C0384019F0DFB8094B1B78002BF6D0084BD4
S2140212D01D78002DF2D1FFF7C9FC2A464FF4804054
S2140212E00021FFF7ABFCE9E708540020216100204B
S2140212F0206100202DE9F84F5C4B06460D46144649
S2140213001B6F002A40F0AE8013F0A00F14BF4FF000
S21402131001094FF00009FCF737FBA0234FF0000A43
S214021320DFF868810320C8F87030FDF7D5FF042087
S214021330FDF7D2FF4E4FFFF799FC4E4B4FF0040BD2
S2140213407B67C7F878A0FFF70DFF4B4B4FF4807111
S214021350D3F8A020494842F02002C3F8A020FF227A
S214021360C8F80820414A1161D0F8D82E44491140E5
S214021370C0F8D81EC8F870B0C3F8ACA07B6913F0EA
S214021380060F04D0FEF75CFA5846FDF7A5FFB9F142
S214021390000F08D04FF400623A4B1A674FF400422F
S2140213A0A3F5E0339A6666B1374BDB6C180701D4B7
S2140213B0FFF7CAFBFFF76AFF0420FDF78DFFFFF772
S2140213C095FB2A4B5A69D10747D5DA6812F0706F37
S2140213D0FBD12E4B2E4A1A672E4AD36B23F0F0030C
S2140213E0D36315B12046FFF75DFF2B4BD3F84C3184
S2140213F05A1C01D05B0002D50122244B5A6164B309
S214021400214BDA6E03F500539A6603F5D0331B6A56
S2140214101E4A23F00103D361204BD3F80C1203F5C6
S2140214200053C3F8081203F50053D3F8841003F5EB
S214021430005399671A4BD3F8EC1003F50053C3F820
S214021440E010184B596C03F500539963164903F5DF
S214021450803359664FF6084313670020BDE8F84FFD
S214021460FCF736BD4FF0000955E700BF000002B892
S21402147000C001B800000101001E00B0001000B05C
S214021480DF0000FF001002B8004000B8002002B8DB
S21402149010003000001F00B00080E00F004001B8CE
S2140214A00040005400C000B85000002F9B4B2DE9AE
S2140214B0F04F9F6EDB6E85B01F40994B9F66994B2F
S2140214C0D3F8E050D3F8EC301D40974BC3F8E05009
S2140214D0964BD3F80822D3F80C3202EA0309944B4F
S2140214E0C3F8089203F52043DA691B6A02EA030886
S2140214F0904B08F47702DA618F4BD3F80422D206B7
S21402150005D4D3F80431C3F30016DB0651D518F020
S214021510BEFF8A4B5A695E6E1B6F12F0060F06EA12
S2140215200306874A26F0007314BF4FF0010A4FF0F5
S214021530000A23F400637407536604D5814A137DB8
S2140215400133DBB2137518F09DFF002F00F0E28026
S21402155017F4004300F0D38018F099FF0146FFF716
S214021560DFFA0446784BD3F800B0DBF80020DBF84D
S21402157000309A42FBD0DBF800209A42FBD0FFF7FD
S214021580CFFAA04217D1084618F07CFF6F4B1C60BA
S2140215906F4BD3F870B01BF4E0520ED124F07F44A8
S2140215A024F0DF040CB9FFF7F5FD4FF0807B002432
S2140215B014E0B246C9E70446D7E70192FFF7EAFD10
S2140215C05C4B019A1BF480541A6740F09A801BF415
S2140215D0806F0CBF4FF0805B4FF0806BB80715D55D
S2140215E05B4A5448126F02F460410167002900F01A
S2140215F08B80110400F18B8012F4005F0CBF4FF059
S21402160000524FF0006200244BEA020BC7F3403749
S2140216107F00504A2A40002A4AD015F4206F0AD08A
S21402162040F6A31206210020FAF726FE0020FFF756
S21402163039FE25F48025EB0506D5FF213D4A4BF4FD
S214021640C06B9160FFF780FA15F0090F0AD040F6DA
S214021650B81208210020FAF70FFEFFF717FE012145
S214021660304A116315F0106F0CD040F6C1120921F2
S2140216700020FAF701FEFFF709FE00221146104687
S214021680FCF736FE15F4202F0AD040F6C9120721C1
S2140216900020FAF7F1FD0020FFF704FE25F480256E
S2140216A0E80301D5FCF768FF002DB8BF47F008072E
S2140216B069070DD51B4AD26A12F4005F4FF4005236
S2140216C017BF19492449CA624BF4000B08BFCA6205
S2140216D06A0548BF4BF0040B15F48023019300F013
S2140216E0A480FCF701FF0138062837D8DFE810F09F
S2140216F028012B0128012E013101340134019B46B9
S21402170055E74FF0804B52E74FF000727BE74FF001
S214021710004278E7BB463C467BE700BF004000B885
S214021720006000B80040005400600054004001B859
S214021730006001B8002002B800E100E000C001B875
S21402174000E001B8EC53002050730400E45300207C
S214021750000002B8090B0B890050005440F6FA123A
S21402176003210020FAF788FD01218548826ED0F811
S214021770883002F00702063201FA02F2C3F30C0CBA
S214021780A2EB0C0292B2072A12D97E4A126F5302B9
S2140217900ED47D4B826B806D5B6D5BB102F00702EF
S2140217A006329140C0F30C00091A89B2072901D803
S2140217B04BF4007B754A1278002A36D0704AD2F86B
S2140217C0E02012F4A02F30D1714A724912789AB9E9
S2140217D0F20411D40A787AB14FEADB026E4842EA82
S2140217E0447282F00102D0F8D80E02F001025200D2
S2140217F020FA02F2930718D10420FDF76DFD674A1E
S21402180067485067FFF732FA62490A784AB9654A6A
S214021810127832B1644A654912680BEA02020A4239
S21402182001D14BF4804B26F48056B9F1000F1DD03F
S21402183019F4805F18BF4BF4802B19F4807F18BF11
S2140218404BF4002B19F4005F18BF4BF0100B19F481
S214021850007F18BF4BF0200B19F4806F18BF4BF0B7
S214021860400B19F4006F18BF4BF0800BB8F1000F55
S21402187048D018F4001F0AD04D4A13683BB1414ABB
S2140218804C48116F00680022C1F3C061984718F4F3
S214021890802F18BF44F4007418F4803F18BF4BF42E
S2140218A0805B18F4801F18BF4BF4003B18F4800FBF
S2140218B018BF4BF0020B18F4003F18BF4BF4801B06
S2140218C018F4000F18BF44F0100418F4002F19D0B3
S2140218D0394AD2F8A02012F0C00F13D02949CA689C
S2140218E0C2F30362032A01D0072A05D14A6FD00643
S2140218F002D48A6F120732D54FF400212F4A28F4F9
S2140219000028D161002E00F01B81330540F18F8044
S2140219102B48DFF88890C2782A49002A58D04FF41C
S2140219200063013AD2B24B66C27032B9264A1278C6
S214021930C2B140F60141254A51670022002173E0F8
S2140219404BF4803B10E74BF4006B0DE74BF4806BD7
S2140219500AE74BF4807B07E74BF0080B04E74BF4EF
S214021960001BCFE7D9F8782012F4A05F15BF4FF41A
S214021970807240F60142C9F85820C9F87820DCE7A0
S21402198000400054000002B8004000B82261002067
S2140219902161002024610020001000B000C001B8C0
S2140219A00000010123610020A0150020088D01001F
S2140219B01C53002008540020001E00B0002002B86D
S2140219C01361002000E001B81F61002000D001B8BA
S2140219D00320FDF781FCD9F81420A84B12F0060F5D
S2140219E004BF41F61F72A649A64808BF4A674FF4CD
S2140219F00061A34A5166D9F8142012F0060208BF05
S214021A00C9F878205A8A12F4006162D022F4006281
S214021A105A82027802F0FF09002A5ED1FDF710FF13
S214021A20FFF7B8FB4A4620214BEA020B0C43B000F4
S214021A3009D52E20FDF79EFB4FF00051904A44F048
S214021A40080411675166F10606D52B20FDF792FBB6
S214021A5010218B4A1167516616F0306F05D1F204D9
S214021A6063D5BAF1000F00F0C080330117D52920E4
S214021A70FDF780FB844A526C12B11021834A9160B2
S214021A80FFF7B4FA48B1824A82487D494A6602673D
S214021A9000F54050C068400422D444F0040416F016
S214021AA0007A28D00420FDF717FC2720FDF762FBFA
S214021AB0FFF770FB4FF00071714A5166764AD2F812
S214021AC0D82E520679D40221704A916044F002045C
S214021AD028E002784FF40052A6E74FF400422DE7C2
S214021AE00A6720204A66FDF745FB2D2044F00C04C9
S214021AF0FDF740FBD3E716F0807FDFF88C9147D0E6
S214021B000420FDF7E9FB2820FDF734FBD9F87820FE
S214021B10002A3AD1FFF73EFB594A5D4944F00104D8
S214021B20116751660021584A9165720508D55B49CE
S214021B308A78002A00F0D880013A8A700022174379
S214021B40574AD2F8A020130603D558462146FCF77A
S214021B50C7F93A4658462146FFF770F8019B0BB183
S214021B60FCF7F8FC01224F4B05F00435C3F8E050B1
S214021B704D4B18F4002FC3F884211EBF4FF40022E9
S214021B80424BDA6105B0BDE8F08FC9F878A0C3E72A
S214021B90F104C7D50420FDF79FFB444AC9F8742018
S214021BA0FDF74EFED9F8642012F0407FBAD12A2003
S214021BB0FDF7E0FAFFF7EEFA80E7394AD2F8A0100E
S214021BC08B0683D402203A4988603A49096891F81C
S214021BD02510C8077FF57AAF92F8C420002A3FF492
S214021BE075AF8021344A116170E7344A12680132B7
S214021BF002D04BF0010B98E728490A7952B1013A14
S214021C00D2B20A7112B9234A2D49516700224BEA11
S214021C10020B8AE70420FDF75FFB0320FDF75CFB5F
S214021C20194A2249516718F032FC81460DF10F001D
S214021C30FEF732F9234A824612780AB1FEF784FF8B
S214021C40BAF1030F0ED1DFF870A00020FEF724F9D8
S214021C50032807D1DAF87420D103F6D4DAF85C2028
S214021C600C2AF2D99DF80F20032A2FD10121164AF9
S214021C704846117018F006FCC8E700BFEC53002077
S214021C8000E001B81F61002000C001B8002002B8C1
S214021C901000002000D001B8001000B01361002030
S214021CA0001E00B00060005400E100E000000101E8
S214021CB0001002B808540020000002B8A8670020EE
S214021CC00000010D2561002021610020094AD2F89A
S214021CD0E02012F4A02FC9D1FEF7C8FF484618F03C
S214021CE0D1FB4FF4804292E70220FDF7F5FA01227B
S214021CF025E700BF004000540122024B1A62DA6157
S214021D00704700BF002002B80D4B10B5DC691A6A96
S214021D1014400C4A24F47F01D161E20706D5D96843
S214021D204FF0FF30C1F3036114F055FA630706D58E
S214021D30BDE81040042200200021FEF77FBF10BD40
S214021D40000002B8002002B80C4A08B5936B526C29
S214021D5013400B4A9363DB070FD50A4B40F66342E8
S214021D601878122100F00100FAF786FABDE808405A
S214021D70002201200021FEF761BF08BD00C000B8A6
S214021D8000E000B8A0150020054AD2F88430DB0730
S214021D90FBD4936FD2F884201340024A93677047AD
S214021DA0008001B800A001B870B514460D4618F0C0
S214021DB06EFB064BD3F8A06074402C407440C3F808
S214021DC0A04018F05FFB06EA050070BD001E00B0DA
S214021DD0034BD3F8A03099430CBF01200020704774
S214021DE0001E00B02DE9F04117460A43012A1D469F
S214021DF09DF818409DF81C60DDF8208029D8B44272
S214021E0027D2082E25D8032B23D8B8F1000F20D0CE
S214021E100A460021FBF71CFDFF21EB009940C9434F
S214021E20DFF834C008F1FF38FF00E2B2964202D86B
S214021E300020BDE8F0813D190CEB8505D5F8E020C1
S214021E4018F8010F0A4098401043C5F8E000013424
S214021E50EBE72120EDE700BF001E00B0034B186839
S214021E60034B002808BF1846704700BF04540020E2
S214021E70A09404002DE9F843DFF860900646D9F8EE
S214021E80008008461746B8F1000F03D00E242046FD
S214021E90BDE8F88306B3336801331DD1E1B1FAF722
S214021EA00DF805460028F1D0C9F80000FAF72CF81C
S214021EB0284613F0A4FC044640B14046C9F8008008
S214021EC0FAF722F8284613F095FCE0E73560002F73
S214021ED0DDD02846B847DAE72124D8E708540020A0
S214021EE0024B1868003818BF0120704708540020BB
S214021EF0002108B5024B08465B689847002008BDDB
S214021F00A06700200523064AA2F84A3092F8493014
S214021F1003F0010363F0730382F84930704700BF91
S214021F20001F00B00023F0B585B0CDE9013303935E
S214021F30124B134D1B78134E8DF8043018F0B4FA7A
S214021F402A78337804469A420F4F0CD03178386894
S214021F5001AA297014F074F950B140F608210B4812
S214021F6018F097FB04E0386814F04AF90128EDD01F
S214021F70204618F094FA05B0F0BD00BF896A00202A
S214021F80BA6A0020BB6A002024540020DD48040000
S214021F90F8B52B4B1B7823B140F6FC31294818F0D4
S214021FA078FB18F081FA284B07461C8814F00604C2
S214021FB009D001214FF4807017F0D0FA3846BDE8F8
S214021FC0F84018F06CBA21464FF4807017F0C6FA43
S214021FD0204600F09DFF022808D180221B4B80215C
S214021FE0186813F0D6FCFFF79DFFE7E7204600F0DF
S214021FF08FFF054638B1012807D040F63141114817
S21402200018F047FBDAE70246E8E7FF220F4E104BCE
S21402201030681A70FFF76CFF306814F0F1F8012888
S214022020CCD02A462946306814F0ECF821462C20FB
S21402203017F0C0FA21460A2017F0BCFABEE700BF26
S2140220402B610020DD480400FE59002024540020A5
S214022050BA6A00200021014818F0C6B8206800209D
S2140220607F2837B5044610D14FF6FF730222174871
S2140220700DF10601ADF80630EAF7D6FEBDF80640C9
S214022080E2054CBF6FF04A0464B218F00DFA104B2A
S21402209005461C700F4B1B88DB0710D50E4B1B78B2
S2140220A0002B0E4B0CBF21466FF07F01186813F011
S2140220B095FC20B140F67861094818F0EAFA2846FD
S2140220C003B0BDE8304018F0EAB900BF641002C0A1
S2140220D0B26A0020FE5900202C6100202454002001
S2140220E0DD48040010B50FF0DFF860B10FF0DEF83F
S2140220F00B4A80B141F20D03BDE8104041F20D01DA
S214022100074817F07DBB074B1A781B799A4204D111
S21402211000220023F0E70D23EEE7034AF9E700BFAB
S214022120400D0300896A0020488D0100F8B5164E5E
S2140221300D46337802F0010423B140F2C53113484C
S21402214018F0A7FA124B134F1D60134DA4B1134B90
S214022150997801B10121202017F000FA2B783B7004
S2140221600F4B1C780F4B00211C70042333700E4853
S214022170BDE8F84018F038B82146202017F0EEF9EE
S2140221802B783B70EEE700BF2B610020DD48040091
S2140221901454002028610020BC6A00201854002035
S2140221A0296100202A610020206800202DE9F843DA
S2140221B018F07AF9DFF8A0810546B8F80030614CCD
S2140221C013F4807F03D0237873BBFFF7E1FE002170
S2140221D0084617F0EFF95C4B1A78FF2A13D01A78E4
S2140221E002F0FF0632BBFF221A702378052B0AD1B3
S2140221F000232846237018F052F9304614F0B0F83F
S21402220018F052F905462378504E062B09D133783A
S214022210FF2B06D03378022B15D100214C4817F03D
S214022220E3FFFF2333702BE000214FF4807017F09A
S21402223095F9CCE71A78012A4FF0FF0214BF33262D
S2140222404C261A70D4E7337813B13378012B22D197
S21402225017F024FA07463E4896F8009001F0CEFBA7
S214022260FF235FFA89F9337077B1B9F1010F44D1D0
S2140222706421374884F8009017F0B6FFFFF752FE45
S214022280284618F00CF906E02846277018F007F9D9
S214022290384614F065F8B8F800301B0605D500215C
S2140222A0802017F05BF912F06EFB01F0E3FA294E7C
S2140222B0308000B32778012F42D117F0A9FE0546D9
S2140222C010B3013018F0C3FA00F44060B0F5006FA6
S2140222D01AD104223946284617F0DAFD284418F0A7
S2140222E0B6FA4FF6FF7398420ED10020318800F0FE
S2140222F0F1FC00233380BDE8F883002328462370D0
S21402230018F0CDF83F20C4E7114801F077FB002112
S21402231008462170012500F08FFC23780BB9FFF7E1
S21402232037FE0020318800F0D5FC00233380002DD4
S214022330E1D020780028DED1BDE8F84314F048B991
S2140223400025EAE72B610020B96A0020B86A00205F
S21402235020680020FC590020FE59002008B51346CC
S2140223600A461946064B186813F0C5FB30B1BDE89D
S214022370084040F2F441034818F08BB908BD00BF8C
S21402238024540020DD48040008B513460A461946C0
S214022390064B186813F0A9FB30B1BDE8084040F2BE
S2140223A0FB41034818F075B908BD00BF245400204D
S2140223B0DD480400024B1878431E584258417047C5
S2140223C02B61002008B5064B1B7823B140F225513D
S2140223D0044818F05EF9FFF7DBFD002008BD00BFD9
S2140223E02B610020DD48040008B5054B01EB810196
S2140223F01868490013F0F4FA002818BF212008BD17
S2140224002454002008B5044B1868F9F70FFF0A2376
S21402241090FBF3F040B208BD24540020014B18781C
S214022420704700BFBB6A002008B5044B186813F05B
S21402243042FAB0FA80F0400908BD00BF24540020DA
S21402244038B5124D0C462B78012B04D940F2465172
S2140224500F4818F01EF921460020FFF7E5FF90B15D
S2140224600C4B1C702B785BB9FFF792FD0A4B93F965
S21402247000100A4BC901186813F086FA002038BD0E
S214022480FFF750FDF2E72120F9E700BF2B6100209D
S214022490DD480400BB6A00202D6100202454002081
S2140224A008B5074B186813F004FA30B1054BB3FBB6
S2140224B0F0F083B20BB1184608BD0120FCE700BF5E
S2140224C02454002040420F002DE9F3475C4E0120C1
S2140224D018F0DCF83388990704D440F63F4159488F
S2140224E018F0D7F8DFF8808198F80030053B012B0A
S2140224F004D940F64141534818F0CBF8524F3B6896
S21402250023B940F644414F4818F0C3F8348814F013
S214022510200478D00121222017F04CF84FF47A7468
S214022520FFF7BEFF3B681B780933434304EBC30443
S21402253098F80030A5B2062B0BD117F077FC0446AC
S214022540FFF7AEFF602358430C2303FB0400284426
S21402255085B2D7F800903D4B99F800801C7808F1B8
S214022560FF381FFA88F8002C52D133885A0505D452
S21402257009F1010018F06BF9C0F340143449354AEA
S214022580887812784B7812FB00F2334F93423B70F6
S214022590A4BF9B1A3B703B78CA78BD60934238BF93
S2140225A013463B700EF088FE002833D00EF082FEF3
S2140225B0012814BF1025082525430023DFF8ACA008
S2140225C00093802243464946DAF8000013F03AFAAE
S2140225D020B14FF43B611B4818F05BF81F4BDAF84A
S2140225E0000019781E4B197033889B0614D52A46AC
S2140225F01C4B009713F022FEC0B9002002B0BDE8C3
S214022600F04718F043B82146222016F0D3FF87E79A
S2140226100024B3E72546D0E72A460F4B13F00CFEFC
S214022620014618B9252016F0C5FFE6E72146262002
S21402263016F0C0FF40F6F431024818F02AF8DCE73C
S214022640FE590020DD480400145400202E610020AC
S214022650896A002028610020D0670020BB6A00201B
S214022660BA6A0020185400202B610020245400204F
S214022670184B10B51B889B0704D440F6A661164873
S21402268018F007F8154B1B78053B012B04D940F6CA
S214022690A761114817F0FDFF114B1B6823B940F6DE
S2140226A0A9610D4817F0F5FF00240E4B0E492120B4
S2140226B01C7016F07FFF014618B9BDE81040FFF700
S2140226C003BF022804D12046BDE8104017F008B820
S2140226D010BD00BFFE590020DD4804002B6100201B
S2140226E0145400202661002089280200F8B55A4CAE
S2140226F023889A0704D54FF43E71584817F0C9FF4D
S214022700574801F07BF917F0CFFE238805465B0792
S2140227100DD54FF0FF3013F0DCF9524B1B68C01A90
S214022720B0F5717F03D90021042016F017FF284662
S2140227304D4D17F0B4FE2B78042B32D117F0B4FEB1
S214022740238806465F0708D54548002117F04CFD4A
S2140227503046BDE8F84017F0A2BE17F0A0FE17F00C
S214022760A3FE424B06461B78414F13B923885905F0
S2140227700FD50523012102202B7016F0EFFEFFF77E
S21402278077FF304617F08BFE3B68DA78394B1A70C3
S214022790F8BD3868013018F05AF88206E9D50623E3
S2140227A0E8E7062B4DD1344B1B78FF2BF0D1334E86
S2140227B00EF084FD3378002B3DD017F075FE23888B
S2140227C005465B0705D52648002117F00DFD28466D
S2140227D0BFE717F064FE3378013B337017F064FEF0
S2140227E004460121022016F0B9FEFFF741FF2046FB
S2140227F01F4C17F054FE2068013018F028F800F439
S2140228004060B0F5006F13D12468012104222046EF
S21402281017F03EFB204418F01AF80146184B042025
S2140228201A783378D21AD2B2BDE8F84017F0D8BF79
S2140228304FF6FF71F2E740202B70BDE8F84013F028
S2140228408FBD012BA4D100232B700E4B1868FFF707
S2140228504FFB3F20F1E700BFFE590020DD48040091
S21402286020680020105400202B6100202E610020DA
S2140228701454002027610020B86A00202861002036
S214022880BC6A00202454002008B50A4B1A7882B984
S214022890012210281A7004D040F69D61064817F0EF
S2140228A0F8FE0021202016F059FEBDE80840FFF78A
S2140228B00BBE08BD26610020DD48040008B5094BA2
S2140228C01B88DB0604D440F2C351074817F0E1FE2A
S2140228D01020002116F042FE044B1868BDE808409E
S2140228E013F0A3BCFE590020DD4804002454002047
S2140228F0012208B5074B1146186813F083FC002125
S2140229002C2016F057FEBDE8084000210A2016F0DB
S21402291051BE00BF24540020014B4008185C70478B
S214022920B46A002008B513460A461946064B1868CC
S21402293013F0E7F830B1BDE8084040F6E941034835
S21402294017F0A7BE08BD00BF24540020DD480400CF
S21402295008B5044B186813F053FC013818BF012061
S21402296008BD00BF2454002070B5054617F09CFD34
S2140229700E4B0F4E1B880446DA07357008D50D4BF2
S2140229800D4D1B78012B08D90121286813F0E2FCB3
S2140229902046BDE8704017F082BD1BB10EF082FCE7
S2140229A0C305F1D4317881F00101EEE7FE5900202B
S2140229B0B36A00202C610020245400200C4B10B572
S2140229C01B880446DB0711D5FFF78CFB094B84F006
S2140229D0010208211868D20012F0DBFF30B1BDE810
S2140229E0104040F63671044817F053BE10BD00BFC3
S2140229F0FE59002024540020DD48040008B5044B8C
S214022A000146186813F088F8003818BF012008BD80
S214022A102454002010B50A4C23787BB1FFF768FFD8
S214022A200021042016F09AFD0021022016F096FDE1
S214022A3000232370BDE81040FFF7AABA10BD00BFFE
S214022A402B61002038B5094800F0E8FC0024084D48
S214022A5095F84430E0B2834200D838BD05EBC0009A
S214022A60043000F0DBFC0134F2E700BFC85400205B
S214022A702854002008B5104602494822F8F71CFFE1
S214022A80002008BD8054002008B5054817F071FFE5
S214022A90014620B9BDE80840014817F0A5BB08BDAD
S214022AA040680020002238B51C4B15461C461A709A
S214022AB00132082A5D609D8043F8085FF8D14822FB
S214022AC000211748F8F768FD4FF6FE73A4F8683041
S214022AD06FF48033E365134B00211A88124B186893
S214022AE0F8F75AFD114BC4E91255C4E9283584F8A3
S214022AF0445084F85050656584F8A850E9F7FEFC07
S214022B00FF220B4B012118700A4B00201A70E1F7C6
S214022B10BBFF0020FFF7B8FF002038BD2854002076
S214022B20805400202C6A0020006700200000FFFF6F
S214022B302F6100207561002010B5AC24084B04FB01
S214022B400030836C53B990F850403CB931B1C0E9BB
S214022B5012122046FFF798FF204610BD2120FCE700
S214022B6028540020AC2370B503FB00F5094E7319F8
S214022B7093F850405CB920460BF022FF735D204666
S214022B8043F002037355FFF77FFF204670BD012016
S214022B90FCE700BF28540020AC235843024A135CCB
S214022BA023F00303135470472854002070B51646CA
S214022BB01F4A04461278C2BBAC211E4D01FB0051CF
S214022BC08A6C92BB91F850203AB1022B2DD191F823
S214022BD04410072907D91C2026E091F8441007293B
S214022BE0F9D8012B08D0AC2000FB0450CA00011D06
S214022BF00C30F8F723FD0021AC2303FB04F000247D
S214022C009DF8143000EBC1012944CB71049B8E80E1
S214022C108B602B1893F84420204601328C7183F87F
S214022C204420FFF731FF204670BD0120FCE700BFBD
S214022C302E61002028540020F8B5234B04461B784A
S214022C400F46002B3ED1AC23204D03FB0053B3F8B6
S214022C50A03023B940F245311D4817F01AFDAC22C8
S214022C6002FB0452D2F8A46036B192F8A330394679
S214022C700020B2F8A020B047AC2300216343EA1834
S214022C80A2F8A010C2F8A410482192F8A82001FBCE
S214022C9002322A44D2F89820964213D0EB5C9B0765
S214022CA00CD5AC226243AB5C204623F0020343F011
S214022CB00103AB54BDE8F840FFF7E6BE0BF0A2FEF8
S214022CC00028EED1F8BD00BF2E6100202854002057
S214022CD0344904002DE9F04F89B0059008460D46A8
S214022CE017F096F9044618B9212009B0BDE8F08F0E
S214022CF0284617F0A9F9C0B20838215C221892F8C3
S214022D0002A00491D1785268277803920022B4F880
S214022D100130ADF81E20434A029192F800B0BBF192
S214022D20000F08D0404B1B681BB120464FFA8AF2B0
S214022D3098470020D9E703F00703022B70D001342E
S214022D4009225946204617F0A3F8023F3F1A3B06CF
S214022D5006465FFA87F8C7D4344FD7F89090B9F191
S214022D60000F27D100210DF11E0B434622460846CE
S214022D70CDF800B00BF05CFDC3B20546002B4BD17C
S214022D80BDF81E0013F030FBE0B9BDF81E0013F0CC
S214022D9014FC8146BDF81E0013F026FBF0B906EBC4
S214022DA0080201232146584692B200F07BFDD0B1BC
S214022DB019209AE75B465A4601212846C84700284A
S214022DC0D0D191E7D7F89430BDF81E00002BDCD0A6
S214022DD0A11998470028D8D1022086E742464846DD
S214022DE0A119F8F769FDBDF81E0017F011F9029B4C
S214022DF0059A0372049B80F809A08372039B1BBA90
S214022E00C360AC2303FB027393F85020BDF81E0088
S214022E1022B1DB6C03B19847E8B266E7BB6FF9E70D
S214022E20012062E72E6100200C5400202854002066
S214022E302DE9F84308460F46164602F1010913F03B
S214022E40C1FB8046384613F0C8FA042856D13846E5
S214022E5013F0E7FA48F661054FF6FF7248F64103AB
S214022E60294C904208BF1D46B4F85C10301D17F07E
S214022E70F0FC384613F0D5FA0146B01D17F0E9FC0F
S214022E80B4F85E1006F1080017F0E3FC06F10A0437
S214022E90384615F05AF810B145F01005ADB229467D
S214022EA0484617F0D6FC384613F087FB42460146E2
S214022EB02046F8F701FD3846012117F0E1F84444B0
S214022EC0074660B117F0C0F80546384617F0A0F876
S214022ED0EDB201462A462046F8F7EEFC2C440B4A91
S214022EE0A41B13780134591C1170F37034703046E9
S214022EF0BDE8F8430922012116F0CABF484617F07A
S214022F00A6FC4C460546C3E7285400202F61002045
S214022F10AC2210B548245043094B1A1892F8A81050
S214022F2004FB0100034493F87700022806D092F8C7
S214022F3050301BB9032818BF012010BD0020FCE743
S214022F402854002070B508B1012070BD234C94F8B7
S214022F50A850002DF8D12946B4F85C20FFF714FAE1
S214022F6029462846B4F85E20FFF7F8F9294628468F
S214022F7004F16002FFF7D6FC94F87730002BE3D01A
S214022F80284694F85860FFF749FA864215D1002081
S214022F9094F95A50FFF736FA854216D10020FFF709
S214022FA0B7FF0446002016F029FF0028CDD02146A0
S214022FB0BDE870400020FFF705BA284694F858107E
S214022FC0FFF73EFA0028E2D0BFE7002094F95A1035
S214022FD0FFF70AFA0028E1D0B7E700BF285400201E
S214022FE00346AC2010B51446164A00FB032292F89C
S214022FF0770002280CD1E07F022809D141B112499C
S2140230000978012913D992F85810227891420ED1E4
S21402301018462178FFF708FA90B1482221460B4855
S214023020F8F74AFC002016F0E9FE08B9002010BDA9
S214023030044B93F8A8000028F8D1FFF783FFF5E7C2
S2140230402120F4E7285400206C60002080540020E1
S21402305038B5AC230D4C054603FB004300205A6DE1
S214023060D86483F8500012B15865FFF727FCF5F7CD
S2140230705FFBFF281EBFAC2303FB054484F8A800B1
S2140230800020FFF75FFF002038BD00BF2854002055
S2140230907FB51D4C94F8A83023B1002084F8A80010
S2140230A0FFF750FF94F85A30B4F8A0608DF80F304E
S2140230B026B940F2FD21154817F0EBFA144B3146BB
S2140230C01D6800202A46FFF7B3FEE46F02469CB155
S2140230D00DF10F0301930023294630460093A047C3
S2140230E002462C7854B920462146FFF7A5FD204615
S2140230F0FFF7CAFC04B070BD0122F2E729460020A1
S214023100FFF714F8F6E700BF2854002034490400FD
S2140231100067002038B5494B1C78002C58D1484827
S21402312000F06CFC204616F069FE002850D0454C94
S2140231302378D90733D594F850201AB123F0030325
S214023140237045E023F0010323700BF043FC237841
S21402315005469A0701D50BF033FC294600200BF0F2
S21402316049FA40B92378284643F001032370BDE8A4
S21402317038400BF025BC0023482284F8A33094F88C
S214023180A83084F8A25002FB0343D3F89830A4F880
S214023190A000C4F8A430BDE83840FFF779BF94F821
S2140231A04400B0B104F1A003251D95E8030083E8AE
S2140231B00300FFF76DFF94F844202846D20004F17E
S2140231C00C01F8F73BFA94F84430013B84F844309B
S2140231D038BDA26C62B99B0711D52378002023F074
S2140231E0020343F001032370BDE83840FFF74CBCEE
S2140231F00123A06484F85030904723789EE70BF0B2
S21402320001FC0028E9D194F8A83073B1F5F790FADA
S21402321094F85030002BDBD1FF2818BF84F8A800A2
S214023220BDE838400020FFF78DBED4F88C30002B66
S214023230ECD098470028CBD1E8E700BF2E610020EB
S214023240406800202854002070B50446002016F07E
S214023250D5FDAC235C430B4E351995F850300BB1B7
S214023260002070BD0028FBD0074817F082FB00281C
S214023270F6D1335D002BF3D195F84400B0FA80F016
S2140232804009EEE7285400204068002010B5084A9E
S214023290034613F0A5F914684FF6FF7203EB4003DA
S2140232A09C42184603D9018802339142F8D010BDD9
S2140232B0E45400202DE9F047204F05463B88A3B38F
S2140232C0B0F90230002B30DBDFF87C801C49D8F8DE
S2140232D00000F8F7B7FB20B94FF4EA71194817F067
S2140232E0D8F90026DFF85CA0DFF860903A88B3B21F
S2140232F09A4204D84FF4EB71504617F0CAF9D9F83F
S2140233000030B2B253F83200D8F8001003EBC20411
S21402331068B943F83210A38828460133A38013F015
S2140233205FF9E38803EB4003E380BDE8F087F8F734
S21402333089FB01360028D9D1EDE700BF005A0020EC
S214023340014904000B49040060680020D85400209C
S21402335038B5094C094D22682B689A4204D94FF4B5
S2140233608771074817F095F928682368C01A20F075
S214023370010080B238BD00BFE4540020EC540020A7
S2140233800B49040038B5124C124D21462846F5F773
S2140233907DF823680BB12B681BB9DE210E4817F0A7
S2140233A078F92A680D4B0E491A60236823F0010348
S2140233B013440B600B4B1A602AB9BDE83840F8215B
S2140233C0054817F066B9FFF7C3FF6428F5D938BD7C
S2140233D0DC540020E05400200B490400E85400208E
S2140233E0EC540020E454002038B5094C094D2268FC
S2140233F02B689A4204D34FF48A71074817F049F9AA
S21402340028682368C01A20F0010080B238BD00BFC9
S214023410E8540020EC5400200B4904002DE9F0414A
S2140234201D4B04461B78012B24D1008816F0D2FDD2
S2140234300546D8B10426DFF864802C4617F034F827
S21402344007462046FFF736FF638843EA0803638091
S214023450A05B16F0BFFD0446384617F020F81CB1F4
S214023460B4F90230002BE9DA062E01D1BDE8F0816C
S2140234700626E2E7022BF9D117F016F80246208854
S21402348016F0A8FD18B10388C3F30E032380104676
S214023490BDE8F04117F003B8306100200080FFFF5E
S2140234A02DE9F04F0024BA4B97B006461C8016F062
S2140234B0FBFF0123DFF8EC82B64F3B70B8F8003012
S2140234C0A8F80040ADF81630B34B1B68019316F00F
S2140234D0E6FFB24B21461A88B14BD2001868F8F7BD
S2140234E05BF80DF11600FFF799FF002E3CD1DFF8CE
S2140234F0B8924FF0000B0125D9F80040019B9C4280
S21402350039D3BBF1000F39D1002DF2D0D9F80040E3
S214023510DFF898A225462246019B9A4273D30223DD
S2140235200DF116003B70FFF779FF002E40F08F80FA
S214023530D9F800603246AA4280F0A280908816F03F
S21402354049FD18B10388C3F30E039380D08816F0A2
S21402355041FD18B10388C3F30E03D3801046FFF76C
S21402356095FE0246E7E79847E3B256F82330013461
S214023570002BF8D1BBE7BBF1000F3ED00BF1FF33B7
S2140235805FFA83FB16AB03EB8B0252F8402CB2F9C0
S214023590020051880028B1DA4B04AFD4924641F4B7
S2140235A08040931D2AF8020F02933AF8020F16F093
S2140235B011FDF0B1B0F902E0B0F802C0BEF1000FA2
S2140235C017DB6FEA4C4C6FEA5C4CA0F802C0039023
S2140235D0FFF770FEBBF10F0F8FBF002516AB039AE5
S2140235E003EB8B009EBF0BF1010340F8402C5FFA01
S2140235F083FB029B9A45D8D180E72046FFF746FE1A
S21402360022460446C3E7104612F0EAFF8346B2F9A2
S2140236100200118800280AEA010108DA204616F09C
S214023620CFFC084381B204EB4B0402EB4B05104679
S2140236301180FFF72BFE02466EE798475FFA8AF381
S21402364056F823300AF1010A002BF6D170E74FF044
S214023650000AF3E73046FFF719FE82467EB1B6F956
S21402366002307188002B0ADA3088C0F30E0016F09A
S214023670B1FC864203462DD1C1F30D017180564638
S214023680AE42E7D3DFF81CA116F00EFF0021064675
S214023690504612F0F6FF16F09DFC0546002800F094
S2140236A08780304616F0FBFE284612F099FF064643
S2140236B0204616F085FC814676003246294620468C
S2140236C0F7F7BCFF002249460DF1160017F029F95C
S2140236D03444D9E71BD9304612F082FFC1F30D01FC
S2140236E0420071801846314692B2F7F7A7FFC6E746
S2140236F05046FFF7CBFDD146854203D9B0F90230DA
S214023700002B01DA824603E0FFF7C0FDF4E7B1467C
S214023710554507D9BAF80000C0F30E0016F05AFC59
S2140237208245E5D3B9F1000F30D0B9F80000C0F3F6
S2140237300E0016F04FFC034638B93346CB46994581
S21402374013D8B1459BD0D946ECE7484612F048FF5D
S214023750B9F802204946C2F30D02A9F80220420037
S21402376092B21846F7F76AFFE7E718460193FFF7A3
S2140237708DFD019B9B46854203D9B0F90230002B92
S21402378001DA0346DBE7FFF781FDF4E7CB46DAE72B
S214023790025A002030610020E4540020005A002023
S2140237A0D8540020045A0020E85400200080FFFF6E
S2140237B0BDF816303870A8F80030044B30461C604E
S2140237C016F06DFE17B0BDE8F08F00BFE45400207F
S2140237D02DE9F041054616F0FDFB0F460446D8B12A
S2140237E017F089F820B940F2FB41204816F051FF45
S2140237F0284616F029FC05462046FFF747FDBD423F
S214023800064609D004D840F20351184816F041FF84
S2140238102588ED0B02D02781BDE8F081678020461F
S21402382012F0DEFE074604EB400816F03DFE104B93
S2140238301A68B2420AD1C3F8008016F030FE2A4651
S2140238404046BDE8F041FF21F7F7A6BEA6EB080604
S214023850B5B216F024FE072DF1D90023083D44F830
S2140238601730C8F80430A8F80250D5E70B49040010
S214023870E454002038B516F017FE00210546044829
S21402388012F0FFFE0446284616F009FE204638BD12
S214023890045A0020024B1888B0FA80F0400970479C
S2140238A0045A00202DE9F74F044600881F4616F0FA
S2140238B091FB88461546064617F01DF820B940F2D9
S2140238C0FE613F4816F0E5FE3388DB0B009306D018
S2140238D033892B443381002003B0BDE8F08F208863
S2140238E016F0B2FB82463046FFF7D0FC019016F087
S2140238F0DBFDDFF8D0B0019BDBF8002081469A4260
S2140239001DD1FFF725FDA84204D2484616F0C7FD92
S2140239101A20E1E70AEB050373803FB1208816F010
S21402392077FB2A4641465044F7F7C6FF3046FFF774
S214023930ADFCCBF80000484616F0B1FDCBE716F01A
S214023940AEFD208816F080FB2844009980B216F05F
S214023950D3FB06460028DBD016F05AFB81462088A9
S21402396016F056FB8246208816F06EFB514602463B
S2140239704846F7F7A1FF3046AFB116F049FB0746B7
S214023980208816F061FB2A4641463844F7F794FF32
S2140239900121208816F074FB01210246304616F0FB
S2140239A083FB268097E716F033FB8046208816F0C6
S2140239B04BFB2A4639464044F7F7EEFDE8E700BFE0
S2140239C00B490400E45400203421014816F061BE7D
S2140239D01F490400036910B55BB18268064B9A4220
S2140239E001D1002010BD446916F04CFE201AF9D50C
S2140239F0F7E74FF0FF30F5E7C939020082681C4B43
S214023A0070B59A420446056819D116F04DFD236931
S214023A1023B1A34206D100222A601A61BDE8704093
S214023A2016F03DBD1A4611461269A242FBD12A681B
S214023A30A24208BF29600B6100232361EEE70369F7
S214023A4093B198426E6803D19D210A4816F021FE72
S214023A502B46B44209D122699D4218BF1A614FF023
S214023A60000308BF6A60236170BD33463669F0E71B
S214023A70C93902001F4904002DE9F0470746002510
S214023A804FF0010A154EDFF858808AB0347914B91F
S214023A900AB0BDE8F087D6F8009087B900972A46A4
S214023AA0B8F80010234603A816F0CAFF2246484676
S214023AB003A9E9F7E5F92544EDB20836E6E722461A
S214023AC003A94846E9F7B0F9CDF800A023462A46EE
S214023AD0B8F8001003A816F0B3FFECE7CC94040085
S214023AE0065A00200148FFF799BC00BF065A00207C
S214023AF09C46174BF7B5054608461988164611B177
S214023B00144B1C78CCB1014662463046BDB103B0B8
S214023B10BDE8F040E9F788B91C44E4B208373B79BF
S214023B20002BF0D03A689642F6D185F0010522467F
S214023B30009516F085FF03B0F0BD074FEFE7E9F7F3
S214023B409FF9B0B203B0BDE8F04010F020BF00BF4E
S214023B50065A0020BD6A0020CC94040010B5074C1B
S214023B60238843B10020FFF787FF0020FF22044B83
S214023B7020801A7010BD0220FCE700BF065A002003
S214023B80BD6A0020142810B518D8082805D110F0F0
S214023B9067FFC401E4B2204610BD0E2802D110F021
S214023BA062FFF6E7064B53F82040002CF3D00A28B3
S214023BB02478F0D105F0A0FE0443EBE7FF24EAE701
S214023BC01C950400014BB3F8680070472854002087
S214023BD00048704792540020014B1878704700BF87
S214023BE0AA600020014B1870704700BFAA60002030
S214023BF0194B022810B5187002D0043801281BD8B9
S214023C00164B1B78042B03D00021154816F0ECFA4D
S214023C10144B1B689A001BD513F0805F40F61144C4
S214023C2018BF4FF44164204611F0B4FA90B920460A
S214023C30BDE8104010F0A9BE0948FFF7DFFE0A48AB
S214023C40FFF7DCFE162412F048FF11F09DFAEAE7B1
S214023C501524E8E710BD00BFAE600020AF6000206C
S214023C6064680020A846002014460020024B1878FC
S214023C7000F00F00704700BFAE600020034B1878BC
S214023C8000F00F00831E584258417047AE60002075
S214023C9008B512F00DFFC0B112F023FFA8B10AF06A
S214023CA0A7FF90B90A4812F0B5FC70B1094812F0A5
S214023CB0B1FC50B110F0DCFE38B111F06DFA20B94B
S214023CC0BDE80840044812F056BD002008BD00BFFB
S214023CD0085A00203A5A0020F054002030B5054613
S214023CE00C4693B081B910B9002013B030BD102332
S214023CF0214A69460120FFF7FBFE9DF805305A1E51
S214023D00052A28D91720F0E7182200212046F7F7BF
S214023D1043FC002DEBD1FFF7B1FF30B310F073FD7B
S214023D206A4601460020FEF7A5FEBDF8043020468E
S214023D3023819DF80230A3729DF80030E37213F0DF
S214023D4056F8002304F11401237304F1100003F063
S214023D50CBFDE081C8E7094A9DF80410127891422B
S214023D60D0D12B70002CD6D1BEE7054B1B78033B77
S214023D70022BD3D9C6E700BF64EE0100946A002086
S214023D80AE60002030B593B005460C46FFF776FFCE
S214023D9020B90C4B1B78033B022B10D810F033FDD6
S214023DA06A4601462846FEF765FE00209DF8023068
S214023DB0607023709DF80030A37013B030BD1720DA
S214023DC0FBE700BFAE600020054B1878012805D03F
S214023DD000F0FD00A0F1310358425841704700BF81
S214023DE0AE6000201FB50146002201A816F0CCFAEC
S214023DF0064801A916F0F2FD20B116F009F940892D
S214023E00C0F3400005B05DF804FB00BF3A6A00202C
S214023E1030B585B00D460022014601A816F0B4FA68
S214023E20084801A916F0DAFD50B116F0F1F804467A
S214023E30014608222846F7F701FC6089C0F34000D5
S214023E4005B030BD3A6A0020F8B50546F8B1002143
S214023E500F4816F060FD0446A8B10D4F204616F036
S214023E60D7F8064616F07CFA830705D408222946B8
S214023E703046F7F7DDFE38B12146384616F06FFDBC
S214023E8004460028EAD10024201E18BF0120F8BDEF
S214023E903A6A002010B50C460146064816F09EFD0A
S214023EA030B116F0B5F843891C4214BF0120002039
S214023EB010BD00BF3A6A00201FB51446024601A88C
S214023EC016F062FA074801A916F088FD40B134B12F
S214023ED016F09EF8142201462046F7F7AFFB0120A3
S214023EE004B010BD3A6A00201FB50146002201A8A0
S214023EF016F04AFA094801A916F070FD58B116F0F4
S214023F0087F84389024613F0020004D0507B80F003
S214023F100800C0F3C00005B05DF804FB3A6A002052
S214023F20F7B59DF824400D4601949DF820400646BC
S214023F3000941F4613F0F8FF4FF6FF7188420446BE
S214023F4010D0BB0711D4284600F056FF204616F0C4
S214023F506CFDFF281FBF084A32F8103023F4804356
S214023F6022F81030204603B0F0BD024629463046FD
S214023F7012F097FCEAE700BFD859002073B50E4648
S214023F800146144816F02AFD0546D8B116F040F848
S214023F9043890446334012D09B0736B20BD5002E17
S214023FA009DAA17B437B0289007B01910121009102
S214023FB02146FFF7B5FF638923EA06036381628918
S214023FC012B1012002B070BD2946024812F078FBF9
S214023FD0F7E700BF3A6A00200148FFF71FBA00BFA2
S214023FE03A6A002013B53E4C0DF020FFD4F8FC319F
S214023FF01020C3F307430193FFF7C4FD000650D514
S2140240000020FFF7BFFD01064BD5019B802B3ED15A
S214024010236A9A0704D440F61544204602B010BD1F
S214024020E3699B07F7D52F4811F0E2FB012012F057
S214024030B2F90DF00EFF04460028EED100F042F968
S214024040294812F072FB00F099F9E8F757F80DF0DC
S214024050ECFE08F003FF08F055FFF4F761FAF4F7F8
S214024060FFFAF4F719FB03F0DBFD10F0FBFC10F08F
S214024070FCFC11F094F81D4813F05FFF06F08CFA72
S21402408011F050F80028C8D011F04EF8C5E7019B91
S214024090812BC0D1D4F80C315B00BCD5D4F80C31DE
S2140240A0BFE71020FFF76EFD0006BCD40020FFF726
S2140240B069FD0106B7D5019B802B05D1084B1A6A0C
S2140240C0D207A8D5DB69ACE7019B812BA3D1044BB1
S2140240D0D3F80C21002A9EDAD3F80C31A1E700BFF0
S2140240E00080E00F690345ECF0540020E53D020035
S2140240F010B512F0EFFC70B301F0E0FA80F00104A4
S214024100E4B20020FEF724FC44EA800424B212F053
S214024110CFFC10BB02200443164816F02AFC44EAE1
S2140241204014154816F025FC24B244EA001413483D
S21402413016F01FFC24B244EA8014114816F019FC4B
S21402414024B244EA40240F4816F013FC24B244EA90
S214024150C02080B210BD0124D3E70B4812F05AFAF1
S2140241600028D7D0094812F055FA80F00100C0B2F4
S2140241704000D0E7A468002088690020AC460020F2
S2140241800869002068690020085A00203A5A002070
S21402419008B501F07FF8FEF709F8144812F03AFA6B
S2140241A008B904F025FF124812F034FA08B906F0EE
S2140241B0DDF902F095FF0F4812F0E9FA0E4B1B7874
S2140241C0043B022B09D80D4816F0D3FB28B1FFF7A3
S2140241D08FFF102801D107F0E1FC10F04BFC12F023
S2140241E06FFBBDE808400648FFF75AB9085A002098
S2140241F03A5A0020F0540020AF6000208869002060
S21402420094950400014B1868704700BF24540020A0
S2140242104FF6F77370B5984204460D4686B043D8FB
S21402422012F05CFBA04207D1082220492846F7F785
S21402423005FA002006B070BD1D4EB6F86830A342DF
S2140242400AD10022082106F16A0012F0D5FA18B93E
S214024250082206F16A01E9E784B100230122194621
S2140242602046009308F05CFDFF2811D1294620461F
S21402427008F000FF80F00100C0B2DBE70D4B1B68C0
S2140242809B07EAD4284606F0FBFD0028E5D0D0E7D7
S21402429002A913F0F4FC0028E8D1DDF80D302B60FB
S2140242A0DDF811306B60C4E70120C3E731610020FE
S2140242B028540020A8460020014B1870704700BF03
S2140242C0946A002010B5054C082221460448E8F7F7
S2140242D0ABFD204612F03CFB10BD00BF3161002052
S2140242E034B608C00048704731610020082208B57D
S2140242F00349F7F79DFCB0FA80F0400908BD00BFFD
S21402430031610020014B1870704700BFA260002088
S214024310F7B50D46044616461F460021284601F00C
S21402432061FD0B4B002183F859402A46334620464E
S21402433000970AF03FF9014630B10222204603B048
S214024340BDE8F04000F006B8012003B0F0BD00BFA3
S2140243502854002013B513460C461AB1022A0CBF85
S214024360134601230021044A019100922246FEF7D9
S2140243701DFC02B010BD00BFB76B030000B50020E5
S21402438093B0FEF78FFB1E4B188813F0D7FD1D4B1C
S2140243901D491A7800200AF091F934220021684655
S2140243A0F7F7FAF80B238DF800306FF48033019399
S2140243B04FF6FE73ADF8103003238DF81D30134B05
S2140243C0134A0893134B10680993134B51680D93C5
S2140243D0124B6A460E93124B0F93124B1093124BCC
S2140243E0119302AB03C300210846FEF7F9FD6A46A5
S2140243F001210020FEF7F4FD13B05DF804FB00BFB8
S214024400266A0020A36A00203059040025480200CC
S21402441031610020536903000D750200CD49020088
S21402442039840200B76B03003D710200014B187815
S214024430704700BF39610020014B1888704700BFE3
S2140244403E6A00202DE9F74F814610460E469046FA
S21402445016F0FDF9DFF840B105469BF8003033B997
S2140244604A4B1B681BB94A4B1B68002B7FD015F4BE
S214024470406A05F040071BD19FBBB5F5804F61D25D
S2140244804FF48074B9F1400F73D0B9F1800F63D046
S214024490B9F1100F6BD100239BF800003D4AD9B248
S2140244A0884264D932F8021B0133A142F7D166E092
S2140244B008F1030016F0CBF94FF6FF73984214BFCB
S2140244C00124022487B1052705F44043B3F5004FC3
S2140244D044F0080425D0B5F5804F24D244F4807405
S2140244E021E054460327EFE7B5F5804F4FF0050766
S2140244F0F4D3BAF5406F14BF022008203844404473
S21402450016F0A5F9019012F006FA019B05F4404553
S21402451098420CBF44F0080444F00404B5F5004F7A
S21402452001D144F08004BAF5006F0FD108EB070002
S21402453016F08DF9054612F0D1F9A842A2D144F040
S21402454010049FE7544603270220D7E7BAF5406FC8
S21402455008BF44F0200495E70C4B1B683BB10022D1
S214024560D1B233F8110033F91110002903DA002012
S21402457008E0074BF1E7A04202F10102F0D106B1D2
S2140245803480012003B0BDE8F08F00BF0055002044
S21402459004550020585A002072610020034B1A78F6
S2140245A0022A04BF09221A70704700BF3A6100202F
S2140245B00C22034B1A211A700320002201F090BD30
S2140245C03A6100200C2208B5054B1A211A70002207
S2140245D0104601F085FD0022024B1A6008BD00BF9E
S2140245E03A6100200C5500200C2270B50D4B054692
S2140245F01E781A7030B93046BDE8704000221A2183
S21402460001F06EBD084B1C78E1B21A29F3D825FAE0
S21402461004F3DB0703D54422304601F061FD013482
S214024620F2E700BF3A610020BF6A00200C22024B6C
S2140246301A7010F0AABD00BF3A610020F0B50C88CF
S21402464005460E468BB0E4B94FF6FF77ADF82470F8
S21402465010F0B0FD10B902200BB0F0BDCDE903405A
S214024660CDE90544134A0294B2F85C3060320193F5
S21402467000923B464CF60101FF2009AA13F079FC92
S2140246803080284612F070FA0B4C70B1237863B172
S214024690013BDBB22846237012F066FA38B1207866
S2140246A0B0FA80F04009C0B2D6E70523F2E701204F
S2140246B0F9E700BF28540020BE6A0020034B1146CB
S2140246C01B6803B1184710F020B900BF0C55002034
S2140246D00C22024B1A7008F039BF00BF3A61002064
S2140246E00148FEF79BBE00BF0A5A00207FB505466A
S2140246F00C46164615F0B6FE00286BD1062D03D8DA
S2140247005223EB40DB071AD4B4F1006F05D3E30E55
S2140247101C3B032B18D94F202EE000222F4B1A6089
S2140247202F4B1D7012F08EF803460A2D54D8DFE880
S21402473005F02D183E49182518535341360002F04D
S214024740A3F8B4F1006FE2D20022244B042D1A60C3
S214024750234B1D70E6D1022001F0B6F912F072F872
S2140247600346012202921F4A01921F4A00921F4AE2
S214024770314620460AF078FA04B070BD314620462B
S2140247801B4A04B0BDE870400AF056BA31462046CD
S214024790184B194A04B0BDE870400AF031BA00223C
S2140247A00292164A0192104A0092154AE0E7022245
S2140247B00B4B1A7000221046124904B0BDE8704036
S2140247C0FEF7BAB9002202920F4A0192064A0092F6
S2140247D00E4ACDE74D20CFE70120CDE70C5500204D
S2140247E03A610020E945020025480200A36B030057
S2140247F0D1460200C5450200BD4602002D46020013
S2140248003D4602009D450200B1450200656B03006D
S21402481008B50AF059FA0C22014B00201A7008BD9E
S2140248203A610020F0B585B0ADF8060018B97621D9
S214024830644815F02EFFBDF8060011F0CEFD0446C2
S214024840BDF8060011F0C9FD082846D00C2CBDF8AC
S214024850060042D111F0B1FE074615F0F8FF0DF141
S2140248600F010646BDF8060010F0EDF8002879D0D4
S21402487009220021384615F00BFB9DF80F30103345
S214024880C518BDF8060015F0DFFBEDB2854269D209
S2140248902946BDF806000AF025FB06F44C4416F439
S2140248A04066054614D0F81C15F0D1FF4FF6FF738C
S2140248B0984208BF44F04004B6F5006F08D1781D50
S2140248C015F0C5FF4FF6FF73984208BF44F0100478
S2140248D09DF80F305BB3072D44D1BDF8060011F0EA
S2140248E072FD0446BDF8060011F077FD082817D0C1
S2140248F0A30615D524F0200189B2BDF8060011F0F2
S2140249004DFDBDF8060011F058FE0021092215F0F3
S214024910BFFA00F1100189B20DF1060013F052FC45
S2140249200022BDF80610284815F0FBFF1AE0082DF5
S21402493016D8BDB1013D072D14D801A353F825F0B2
S2140249409D490200A9490200654902006949020020
S21402495065490200B5490200DB480200BB49020075
S2140249607C2D24D005B0F0BD24F48844A4B2B4F55E
S214024970084FF7D1BDF8060011F02AFDBDF8061063
S21402498013F0E1FA0028A8D0BDF8060011F078FD71
S21402499000220146022015F023FFE3E724F4806498
S2140249A0A4B2B4F5484F97E7B4F54C4F94E7B4F584
S2140249B04C4F92D04CF6500301E04CF640439C42DA
S2140249C08AE700BF2D490400085A00202DE9F74364
S2140249D00F4690469946064615F01AFB04463046A0
S2140249E015F032FBC5B2083D2C44E178094BA2789B
S2140249F01970094B31461A70002043463A46CDF8E4
S214024A0000900DF09EFE003818BF012003B0BDE8EE
S214024A10F08300BF54610020536100202DE9F04F5F
S214024A20DFF84081DFF8409198F8002099F80030CE
S214024A3006469A4285B004D340F21911424815F050
S214024A4028FE30460DF10F0115F0B6FC20B14FF4EA
S214024A508E713D4815F01DFE98F800709DF80F40C7
S214024A603D1B15F0FF0530D04FF0FF3C374B0121C0
S214024A701B78A140184699F800304FF6FF790CFAD9
S214024A8003FC0023324A01F1FF3E0193C1F1000A02
S214024A909DF80430984243D8122004FB00002D4BA8
S214024AA0A0F1120105EBC5025200194404F10109F6
S214024AB01844F6F7C3FD4FEA89092748A9F104010D
S214024AC00144AA004844F6F7B9FD224904EBC402A1
S214024AD001EB420321F81260204A013712784FF6A2
S214024AE0FF71DA731A745A7412025A801C4A0D2025
S214024AF012781A7110225A7100229A73C3F806208D
S214024B00C3F80A20144B43F8242088F8007015F0E6
S214024B1067FE0EB913F076F8204605B0BDE8F08FB2
S214024B2013884B450AD053680AEA030B03EA0E03BE
S214024B300B4403EB4B0343EA0C035360019B08321E
S214024B4001330193A4E700BF40490400A06A002095
S214024B5078440020A45900207444002054610020A8
S214024B603B610020A86000209E6A002010B5074C1A
S214024B702046FEF743FF04F06BFB02F0DDFE204604
S214024B80BDE810404FF47A5115F02EBB6468002041
S214024B902DE9F041074600250A4B0B4E93F800809C
S214024BA0ECB2A04503D8FF242046BDE8F0810822D7
S214024BB03846B11DF7F73CF801350028F4D0123616
S214024BC0EEE700BFA8600020A459002007B50DF14B
S214024BD0070115F0F1FB30B19DF80730034803EBEF
S214024BE0C30300EB430003B05DF804FBA4590020A6
S214024BF02DE9F843294E044633785D1E2D1A83426A
S214024C00EDB204D84FF4A171254815F042FD0123F8
S214024C10A3404FF0FF305F1E3B4400214FF6FF7E5D
S214024C206FEA03081F4A92F800C01F4A12789040A3
S214024C301E4ACBB29C4523D8BDB127B204EBC404AE
S214024C401B48640005EBC50204F112010144520040
S214024C502044F6F7F3FCBF001648AA00391D0144AB
S214024C6002F0FC023844F6F7E9FC33780022013BF6
S214024C7033704FF6FF71BDE8F8430E2015F0B0BD55
S214024C801388734507D0536808EA03093B4003EBD1
S214024C9059030343536008320131CAE7A860002073
S214024CA040490400A06A00209E6A00207844002042
S214024CB0A45900207444002010B50A4C207858B934
S214024CC0094B1B781A2B03D99921084815F0E1FCE9
S214024CD00322074B1A7010BD0138C0B2FFF788FFD7
S214024CE0ECE700BFA86000209E6A0020404904004E
S214024CF0A46000202DE9F047054615F085FEFF2842
S214024D00044624D1DFF884901E4B99F800201B78C5
S214024D109A422BD22846BDE8F047FFF77FBE388876
S214024D203B79504518D86F2B4FEA131214D85B07FD
S214024D3010D0123708F1010899F800105FFA88F6C9
S214024D40B142ECD80023104ADEB28E4214D320467B
S214024D50BDE8F087022AECD913F0C5F80028E8D19E
S214024D6029463046BDE8F04711F03FBF4FF0000835
S214024D704FF6F77A044FDFE7107901338F28EFD822
S214024D801232E1E79E6A0020A4590020A8600020A3
S214024D904FF6F773984210B514D8FFF7ABFFFF280B
S214024DA010D0134C00B200EBC00004EB40040DF030
S214024DB0DAFE104938B962880B7802EB0313A3EBCC
S214024DC01213638010BD227C637C09789A42E273D8
S214024DD02374617407D98B4203D213468B4228BFD1
S214024DE00B461B02EDE78A42F8D31346F9E700BFEB
S214024DF0A4590020546100202DE9F04106460F46D2
S214024E0000240E4DDFF8388098F80030A34201D80F
S214024E10BDE8F081082229463046F6F709FF40B978
S214024E2035F8063CBB4204D02046FFF7E1FE013CC3
S214024E30E4B20134E4B21235E6E700BFAA59002014
S214024E40A8600020F8B5054608460E46FFF7A0FE05
S214024E50FF2830D01D4B294653F820703046FFF706
S214024E60CBFF2846FFF746FFFF28044625D113F05E
S214024E7055F8FF280AD1164C207838B10FF0C6FC38
S214024E802378B0FBF3F202FB1300C0B2294611F0FE
S214024E90ACFE044623B20F4D03EBC30305EB4305FA
S214024EA008223146A81DF6F7C9FB2B79204603F0E7
S214024EB00F032B71F8BD0027D3E7074B1B78002B97
S214024EC018BF0027014B43F82070E3E77444002024
S214024ED09E6A0020A4590020C06A002038B50B4BF9
S214024EE004461B780D46834204D840F25A210848ED
S214024EF015F0CFFB074804EBC40400EB4400294638
S214024F00BDE8384008220630F6F798BB9E6A0020B5
S214024F1040490400A459002070B5044608460E46CF
S214024F2015F072FDFF28054610D02046FFF730FE2A
S214024F30FF2807D0084B1B7823B9084B53F82020CC
S214024F4043F8252021462846FFF7C8FF314620466B
S214024F50BDE87040FFF750BFC06A002074440020CE
S214024F602DE9F8430024804601272646114DDFF836
S214024F704C9099F80030A34210D83E430134E4B274
S214024F801A2C4FEA470705F11205F2D14FF0FF300F
S214024F90094B1B7898403043BDE8F8832B8843457D
S214024FA0EBD0284611F06AFE0328E6D82B796F2B41
S214024FB0E3D8E3E7A45900209E6A0020A8600020F8
S214024FC010B5084C00EBC00004EB400423795B07E5
S214024FD007D1204611F052FE237923F00703184327
S214024FE0207110BDA45900200022084B1878084BE7
S214024FF0D1B2884203F1120300D8704713F80D1C91
S214025000013221F0100103F80D1CF1E7A860002020
S214025010A45900202DE9F04702261227DFF85C90FB
S214025020DFF85C8099F8004000250CE007FB05F3EA
S21402503038F803A00021504611F035FE10B15CB1DD
S214025040013CE4B2013599F80030EAB29342EDD859
S214025050A34204D14FF6FF7A5046BDE8F0870FF020
S214025060D5FB99F80030012EA3EB040390FBF3F274
S21402507002FB1300C4B2EDD00126D5E7A8600020DB
S214025080A4590020034B00211A7803489200F6F731
S21402509083BA00BF9E6A00207444002010B5134BEA
S2140250A00C461B7886B0834212D9114900EBC00029
S2140250B001EB4001082220460631F6F7BFFA00222D
S2140250C00821204611F098FB80F00100C0B206E0ED
S2140250D0C01A01A9C0B212F02AFF10B1002006B011
S2140250E010BD01AB03CB20606160E8E79E6A00203A
S2140250F0A459002008B5074B024653F820308B42CD
S21402510006D915204FF6FF7115F06AFB002008BD80
S2140251100120FCE774440020024B013143F82010C2
S214025120704700BF744400202DE9F34781460C46C1
S21402513000272A4EDFF8ACA09AF80030FDB2AB4248
S21402514010D86946204612F00BFFC0B30822694603
S2140251504846F6F76DFD90B34946204612F049F8E8
S214025160FE2537E006F10608082241464846F6F7CD
S2140251705FFD90B94FF6FF739C422BD03388A34253
S21402518028D0204615F051FCFF2814D14946204667
S21402519002B0BDE8F047FFF755BE14B91236013724
S2140251A0CAE73388A342F9D100220821404611F00B
S2140251B023FB0028F2D12846FFF71AFDCCE7494622
S2140251C0002015F030FCFF28054603D0044B1B7860
S2140251D00344DDB2284602B0BDE8F087A459002099
S2140251E09E6A0020A86000200F4B1B7883420CD8D2
S2140251F0C01A0E4AC0B232F81030D90411D443F4A1
S214025200805322F8103001207047094B00EBC00093
S21402521003EB40035A79D10603D442F010025A71C6
S214025220F1E70020704700BF9E6A0020D859002090
S214025230A4590020F0B5134B06461B78FBB1002597
S2140252401148DFF84CC090F800E0104807781F4479
S214025250E8B2864501D80020F0BD7C1B94FBF3F033
S21402526003FB10440CEBC4003CF83440B44204D1B7
S214025270002AF1D184788C42EED00135E8E7184650
S214025280EAE700BFA06A002094460020A66000203D
S2140252907844002070B50CF0BAFD14250F49104E64
S2140252A00B78328830809B1A03449BB2B3FBF5F42A
S2140252B005FB14330B700B49E2B20B78934292BF94
S2140252C000239B1ADBB2032A0B7088BF0023064911
S2140252D09EBFD2000B68D3400B6070BD3D610020BC
S2140252E00C5A0020A560002094460020084B18683F
S2140252F0084BC2B21B789A4208D2074BC0F307206B
S2140253001B78984234BF0020012070470120704766
S21402531094460020A06A00203C610020F8B50546AD
S2140253201746FFF7E3FF064610B9184B1A783AB944
S214025330212001224FF6FF7115F052FA0020F8BD27
S2140253401348DFF854C003780133B3FBF2F402FBD0
S214025350143303700F48DCF8002000EBC30420F877
S214025360335002F10132A1703846CCF80020FFF724
S214025370F7FDE670606011F0B1FAA84201D1012093
S214025380DDE7E3780133E370F9E700BFA06A0020A7
S214025390A6600020784400209446002010B50B4CEE
S2140253A00B4A2378063B13700CF031FD0022094BA2
S2140253B0FF211880084B09481A602278D200F6F7B7
S2140253C0EBF80422064B1A7010BD00BFA06A00203C
S2140253D03C6100200C5A00209446002078440020AD
S2140253E0A56000202DE9F843074615F04BF905465F
S2140253F01A4815F0BEFA1A4B48B31C683C1B2C44DC
S214025400A4B20022174BDFF864901B78164D99F869
S214025410006005EB03155FFA82F8464509D9AB88AA
S21402542005F11000A34215D9B21A29461201F6F761
S21402543005F9013689F80060AC80B8F1000F03D197
S2140254403946064814F0D0FE2846BDE8F8833C46A6
S2140254501D60D6E705460132DDE700BF84680020FE
S214025460105500203F610020744300204061002058
S2140254702DE9F74F15F006F94FF0000E284D294F8B
S2140254802978294C97F800A004EB011303EB0A12C3
S2140254900092F3465246DFF898801FFA80FC0646D2
S2140254A0B8F80000ACEB0009A0EB0C001FFA89F973
S2140254B001900098984217D1BEF1000F00D02970D3
S2140254C0524503D200203A70FDF7DEFA3B7823B34A
S2140254D02B78164804EB0314A188C8F8006003B0C2
S2140254E0BDE8F04F14F080BEB3F804C0CC450FD828
S2140254F04FF0010E93F802C001310CF1FF3C013A65
S214025500A3F804B083F802C0C9B2D2B21033D0E70F
S21402551001988444A3F804C0F8E703B0BDE8F08F0E
S2140255203F61002040610020744300208468002010
S214025530105500207FB56C461E4B1F4D1E78013E4F
S214025540F6B21E7095E80F0084E80F001B4B284643
S2140255501A7805F1100132441201F6F76FF89DF839
S214025560026016F00F0511D1BDF8080009F02CFEF6
S214025570360918BF29464FF00002BDF8000008BFE2
S214025580039904B0BDE8704002F022BDBDF80400E5
S214025590FFF728FF0346828804ADADF804202246B2
S2140255A003CAAA4218605960144603F10803F6D1EA
S2140255B004B070BD3F6100207443002040610020AB
S2140255C0F8B50024084D094F094E3B783178E2B20F
S2140255D00B449A4204F1010400DBF8BD2846FDF7AD
S2140255E01DFF1035F1E700BF744300204061002024
S2140255F03F61002070B5134B06460D461046124911
S2140256001A78124B09781B780B44934206DB1F204C
S2140256104FF6FF7115F0E4F8002070BDFFF7E2FECA
S214025620013506808570044615F027F8E08009F0FB
S214025630D1FD40F602432081E3600020FDF724FA04
S2140256400120EAE79D6A0020406100203F610020B9
S2140256502DE9F84386460023144FDFF85C803E7837
S21402566098F8005012497219DCB294421CDA4FEADA
S214025670041C31F80C900133F14501EB0410F3D110
S214025680631CD21A0CF1100C12016144F5F7D6FF16
S214025690A5428BBF05F1FF3506F1FF3688F80050AC
S2140256A03E700CB9034B1C70BDE8F88340610020C5
S2140256B0744300203E6100203F610020044B054AEF
S2140256C01B781278D3420CBF01200020704700BF1F
S2140256D03F61002040610020024B1878003818BF56
S2140256E0012070473F610020002108B5084B094899
S2140256F01970094B1970094B1970094B1A78120167
S214025700F5F74AFFBDE808400648FEF777B900BF3E
S21402571040610020744300203F6100203E6100206B
S2140257209D6A00208468002010B50B4C23784BB18C
S2140257300A4802F03BFD58B1084B0121188811F0C7
S214025740BFF908B9002010BD0122054B1A70FAE70E
S214025750FFF7F0FEEAE700BF3F6100207443002037
S2140257603E61002010B50E4B1B78BBB10D4C238852
S21402577083424FF0000311D10B4AE160137049B91E
S214025780A3781033A37011F065FC18B9A37823F040
S2140257900F03A370FFF7CEFE012010BD1846FCE7EC
S2140257A03F610020744300203E61002070B592B035
S2140257B00C4606460FF027F8E17A05460020FCF76D
S2140257C033FE28B394F90A0011F021F810BB134BEC
S2140257D0E27A294683F85820A27A83F85A206A4643
S2140257E0FDF748F94FF6FE739E420CBF4FF6FF7365
S2140257F023896A4629460020ADF80660ADF80430D3
S214025800FDF7EEFB40B92289054B5A8012B070BDF7
S2140258105520FBE75620F9E72120F7E72854002019
S2140258201455002010B50446014608220948F5F72B
S21402583005FF237B022B0AD8002B14BF312201223C
S21402584005490B7017234B61044B1A7010BD0023D9
S2140258500122F5E71855002014550020AE600020FE
S214025860014610230120014AFEF742B964EE010008
S214025870014B5861704700BF14550020014B187841
S214025880704700BF1455002010B5054C2378112B25
S21402589003D0E221034814F0FCFE4123237010BD1E
S2140258A0AE6000204B490400064B01461B78042BD1
S2140258B004D1054A137E053313767047034814F065
S2140258C093BC00BFAF60002014550020A4680020DF
S2140258D008B50648FDF7A2FD0548FDF79FFD0FF047
S2140258E0BEF8BDE8084000F0EBBF00BF085A002033
S2140258F03A5A0020064B1878332806D000F0EF00FC
S214025900A0F143035842584170470120704700BF38
S214025910AE600020002208B5074B4FF6FE701A70E4
S21402592010F0E8FF4FF6FF7011F001F8034B5869CC
S214025930BDE808400FF029B8AE60002014550020DC
S21402594008B5064B187838B10548FEF743F84FF409
S2140259507A73B0FBF3F0C0B208BD00BFA3600020AC
S214025960544600202DE9F0438BB00746154698466C
S2140259700E469DF8489049B9104605AC15F055F804
S214025980214612F0D4FA172818BF2646B9F1000F9E
S2140259900AD1124B1B781BB9284612F0E5FAD0B989
S2140259A02846FEF7A1FA02E0284612F0DDFA80F059
S2140259B00104E4B29DF850302A4602939DF84C301A
S2140259C03146CDE9009338464346039411F0BCF9BC
S2140259D00BB0BDE8F0834C46ECE700BFAA6000209F
S2140259E00022014B1A7670471455002008B5002095
S2140259F0FEF788FC0023024AC2E90133538008BD41
S214025A001455002010B5144B1B78033B012B16D8F7
S214025A10124BB3F868204FF6FF739A420FD1032059
S214025A20FEF7E6F801F052FFFFF7E0FF002014F061
S214025A30E5F978B1BDE81040002010F0CCBDFEF7C5
S214025A40C7F80446FEF7BEF80146204607F01AF8E5
S214025A500220E5E710BD00BFAF60002028540020FA
S214025A6008B5114A114B58611378032B1BD0D3B1DA
S214025A70332B01D0432B10D10D4B1B78033B012B4C
S214025A8005D803231370BDE808400EF07EBF0EF063
S214025A907CFFBDE80840FFF7B5BF21231370BDE8C1
S214025AA0084001F07DBD08BDAE6000201455002000
S214025AB0AF60002008B50348FDF7A0FFFFF796FF8A
S214025AC0022008BD5446002038B5114D04462B78F6
S214025AD0834218BF28700FF065FB80B124B92046B8
S214025AE00FF062FB02220DE001200FF05DFB2B7827
S214025AF01A1F012A05D9062BF4D1032202E0002C34
S214025B00F5D10122BDE838400021084611F05CB804
S214025B10AF60002030B5044685B068460D46FFF7F4
S214025B209FFE94B100212846144A01F0F3FE144B5E
S214025B3020681B7861688DF80430124B1B788DF84C
S214025B40053002AB03C305F071F90F4B93F85820EA
S214025B5093F85A308DF803208DF8023010F0DBFEF1
S214025B60ADF8000010F0BAFE1023ADF80600694644
S214025B700020064AFDF7BCFF05B030BD00F8FF075F
S214025B80946A0020AF6000202854002064EE0100D2
S214025B9010B5104B04461A780F4B002083F8582095
S214025BA014F02CF910B1002010F015FD0021084663
S214025BB0FFF7B0FF0FF0E8FA2046FDF749FA40F685
S214025BC017400EF0E2FE0023044A1380044A1380B4
S214025BD010BD00BF4161002028540020E259002079
S214025BE0E05900201FB504466846FFF739FE54B157
S214025BF000238DF80530102369460020064AFDF77B
S214025C0077FF04B010BD10F069FEADF8060010F084
S214025C1082FEADF80000EEE764EE010010B5014624
S214025C2004460020FCF700FC90B10C4B1B78023BAC
S214025C30032B0FD80A4B1C7014F014FC60B9094AE7
S214025C400949FCF779FF003818BF0120800010BD13
S214025C505520FCE70220FAE74D20F8E7AE60002068
S214025C6041610020E1840200915B0200F8B506461D
S214025C7014F0F8FB044668B914F0C0F850B1064DAB
S214025C80204695F8587085F8586010F0A4FC10B1BC
S214025C9085F858704D20F8BD285400202DE9F041B3
S214025CA080461846033B012B0E46174602D918B10A
S214025CB0212438E0FFF708FF274B1D78022D08D075
S214025CC0032D46D1B8F1000F03D1244B1B689B0766
S214025CD03FD43320FDF78CFF01F096FAB6F1006F41
S214025CE034BF1F4B052231464FF0060038BF1A78E4
S214025CF0FEF7FCFC044628BB1A4D2873012000F070
S214025D0017FE10F008FE68802846B8F1000F0DD086
S214025D10022300F8043B11F06AF86C732F613946CF
S214025D2030460EF076FD2046BDE8F081012300F8ED
S214025D30043B11F05CF86C732F61394630460EF066
S214025D4067FDF0E72846FDF753FFB8F1000FF4D0E1
S214025D50E5E70224E7E700BFAE600020A846002081
S214025D60C16A002014550020034B187818B9034B5B
S214025D70034A1B78D05C7047AD600020AF600020FD
S214025D807896040038B5437B0446DB0703D590F9C2
S214025D9009000FF0F8F900250F4B83F859502079C7
S214025DA0FFF764FFFFF7E0FF618824880346224678
S214025DB02846FEF7ADFA044620B11720FFF750FE3C
S214025DC0204638BD1723054DC82105486B6114F0DF
S214025DD00BFA03232B76F3E72854002014550020F1
S214025DE0A4680020F0B51A4D06460C4693B0A5F8F6
S214025DF0680005F16A0729BBC5F86A1079600EF0DB
S214025E0002FD6A4601460020FCF734FED5F86A30E9
S214025E10ADF81060CDF812307B68CDF816300EF073
S214025E20F2FC6A4601460020FDF7DAF84FF6FF73E9
S214025E30B5F86800984203D014B106490EF0ECFC9F
S214025E4013B0F0BD08223846F5F7F8FBD7E700BFD7
S214025E5028540020925400202DE9F041DFF8B88043
S214025E601F4698F8003005460C4616461BB102251A
S214025E702846BDE8F081531E052BF8D814F0F2FA36
S214025E800028F4D13B7B032B14D14FF6FE739C42C1
S214025E9012D1012E09D0022EE9D110F01FFD4FF6C5
S214025EA0FB73984203D810F019FD044604E011F083
S214025EB070F9FAE7012EDAD0EDB939462046FFF737
S214025EC075FC05460028D3D198F80030332B03D052
S214025ED0532B1CBF0E4B18613046FFF7F5FD002111
S214025EE04FF6FF70FFF77EFF0A4B1B78002BBFD0E2
S214025EF012F020F8BCE7397B721ECB1E594259417C
S214025F005042504105F07CFF05460028D5D0AFE749
S214025F1014550020C26A0020AE6000202DE9F04130
S214025F2005460F46904610F0D9FC6B7B0446DB070D
S214025F3003D595F909000FF026F910F0CFFC384B7F
S214025F40384E188010F0E7FC374B1880FDF73AFE03
S214025F50364B1880FDF73CFE082201463448F5F71A
S214025F606DFB10F07DFC334B18702879FFF77EFE30
S214025F7000216888FFF736FFFDF726FF60B14FF66F
S214025F80F672631E9BB2934206D911F002F9B6F876
S214025F90683004468342F8D0204610F0ABFC2888CE
S214025FA010F0C5FC4146B6F86800B847044628B962
S214025FB01920FFF755FD1920BDE8F081B6F86810E4
S214025FC010F045FA00231C4D86F859302B7803F062
S214025FD0FB03022B02D0204610F0A6FE002220462B
S214025FE01146FFF707FB0446B0B117236B61134B4C
S214025FF01B78042B09D1C821114814F0F5F80323A5
S2140260002B7684F00100C0B2D6E74FF416710C4826
S21402601014F0EAF80023F3E71720FFF721FDF0E774
S214026020125A002028540020105A00200E5A00202F
S214026030426100204A61002014550020AF60002013
S214026040A4680020F0B50C461E460B4620490746BB
S21402605089B004F1140053F8045B834241F8045BF0
S214026060F9D11B8802AD0B80D4F80E00D4F81210BA
S214026070238803C5ADF8103023798DF812208DF8E9
S214026080133000233A468DF814304FF6FE71012085
S21402609002ABFFF7E1FEC8B902A8FFF7C3FB237BFA
S2140260A04BB10C4D0C4B01AA2946012001930FF06F
S2140260B048F82A781AB92046FFF764FE03E020461D
S2140260C00199FFF72BFF08B9044B1E7009B0F0BD0B
S2140260D0145A002014550020056E03004B61002060
S2140260E001232DE9F341304E05460F4600202F4985
S2140260F01446737300F0EAFB0FF047F8DFF8AC8043
S21402610038B9012D01D9042D0FD1214638460EF09B
S21402611000FC1020002111F025FF00283CD00020B2
S21402612002B0BDE8F041FCF7AFBC002CF1D1204B29
S2140261301B78212B03D0062B01D0532B02D101F062
S2140261402FFAE6E7FDF740FE0028E2D000F0EAFB71
S21402615028B9307BC0F11800FFF782FCD9E7154B4F
S21402616041462046019300F0B1FB20B140F61901EA
S214026170114814F08EFA01AA0B4998F80C000EF09A
S214026180E0FF32781AB90948FFF7FCFDC1E701992A
S2140261900648FFF7C3FEBCE7FFF79EFA0028BED10B
S2140261A002B0BDE8F08100BF14550020145A00204A
S2140261B0AE600020056E03004B4904001FB5144B69
S2140261C004461B88DB0707D44FF6FF700021FFF753
S2140261D009FE002004B010BD0A230E4A012001A9C0
S2140261E0FDF786FC4FF6FF73BDF80C209A42EBD003
S2140261F00822FF2101A810F0FFFA0028E4D10CB90A
S2140262000120E7E7BDF80C0001A9FFF7EBFDF7E771
S2140262102C5A002026E1010038B50C46154610F02F
S21402622069FB02F053FF29462046FFF7DBFD00F02C
S21402623079FB48B1054BDB790E2B28BF0E230133C1
S214026240DBB2034A137038BD0123FAE7145A002062
S2140262505761002038B51D46FFF7FEFD0446C8B953
S2140262602B7B2846032B03D1BDE8384010F0DEBD59
S214026270FFF7D8FA084B25469C8110F0F1FA012167
S214026280064B81401A780620FEF730FA044608B11B
S214026290034B1D70204638BD14550020C16A0020ED
S2140262A0AE60002030B5012087B0FFF787FF6B464F
S2140262B00446144A1068516803C384B904F0C4FD46
S2140262C002A8FFF7CDFA4FF6FF752246BDF80E007C
S2140262D02946FFF7A1FF0EF0A3FA07B030BD6B46C2
S2140262E0094AD2F86A00D2F86E10B2F8685003C3B0
S2140262F004F0AAFD02A8FFF7B3FA6A46BDF80E003C
S214026300E6E700BFDFD103002854002037B5324B42
S21402631004461B781BB10224204603B030BD14F09D
S214026320A1F80028F7D100F00DFB14B122882B4B00
S2140263301A8000210DF10700FDF7D0FC002848D195
S21402634010F046FD04460028E6D1254D9DF80700CC
S214026350FFF7BAFB2B78033B012B27D82046FFF723
S2140263602DFF18B3FFF79EFF00F0FCFEFFF74AFB77
S214026370012010F03FFA48B9184B1B889A0707D538
S2140263802346052201201749FFF788FC0446C3E787
S214026390154D022329460120144AFDF7A9FB2B8836
S2140263A05B07B9D5204600F0F1FEB5E72B78053B32
S2140263B0012BB1D8FFF776FFFFF724FB2B78052BCE
S2140263C00CBF04200520FDF713FC012010F012FA82
S2140263D0DCE71724A0E700BFAE6000202C5A00209E
S2140263E0AF60002000F8FF07DE59002027E1010019
S2140263F07FB50024184E194D3278E3B29A4201D87E
S21402640004B070BD4FF6FF73B5F868209A421AD0F2
S214026410134B1B88DB0714D5124AB5F86830106890
S2140264205168ADF80C3001AB03C30F4A0A230020B3
S21402643001A9FDF75DFB022300200C4A0C49FDF77B
S21402644057FB0134D8E700220821064810F0D4F999
S2140264500028F6D1DCE700BF9F6A002028540020FF
S2140264602C5A00209254002026E1010027E1010068
S214026470DE59002010B500F0C7FE01F013FCD8B1BB
S2140264800E48FDF7BBFA0E480E4C017A0E30FFF7A7
S21402649041FB23781BB100F0F7F90023237000229A
S2140264A0094B1A73FFF7AEFA07F0B8F900F012FFBD
S2140264B0BDE81040FFF79CBF10BD00BFA4680020D7
S2140264C0145A00204B6100201455002010B52548B0
S2140264D0FDF794FA01F0E6FB30B1234B1B781BB9AB
S2140264E0BDE81040FFF7C6BF01F0DCFB78B11F4CD9
S2140264F0237E83B1C8211B4813F076FE0021237E3B
S2140265000846013B2376BDE81040FCF72BBBFDF79F
S2140265105BFC0028EBD1FDF757FC154B1B7858B9EE
S214026520112B03D003F0FD03412B19D1BDE8104017
S2140265300E4B5869FFF794BA332BF7D10D4B1888D8
S21402654010F0D8F90C4B188810F0F1F90B4B0C49E7
S2140265501888FFF747FC0B4B1878FFF787FBE5E731
S21402656010BD00BFA4680020AA60002014550020B9
S214026570AE600020125A0020105A00200E5A002048
S214026580426100204A6100202DE9F04F0F4685B097
S21402659002AD044629463846914611F075FF4FF083
S2140265A0000B82463846CDF804B010F006F846785E
S2140265B0022C804606F0020609D85CB1FDF704FC00
S2140265C00446002848D1754B01241B7865E0043C3C
S2140265D0022C3AD9FDF7F8FB38460FF067FF002485
S2140265E00546A046DFF8D8A138460FF0E6FF50F879
S2140265F009300DF10500019314F029F99DF807B052
S2140266000746B8F1000F4DD1BBF1000F5BD0DFF8A3
S2140266108C9199F800300BB1002E63D0002C61D01B
S2140266205F4B1B78022B5DD1BBF1000F53D138466E
S21402663010F060F958465946FFF76CFA07F0EEF884
S21402664040F607400EF0A1F934E010F0B5FBFDF776
S214026650BBFB0446F8B15C464EB1524B1B78012B8D
S21402666002D0043B012B0BD805B0BDE8F08F4B4B94
S2140266701B782BB14B4B1B7803F0FB03022BF3D09A
S214026680BAF1000F404608BF002511F0F0FE4FF0A9
S21402669001088246A8E7414B1B78002BF0D0002E5B
S2140266A0EED1E1E7BAF1000FAED05046FDF71EFE7E
S2140266B00028A9D1002013F0A1FB0028D4D0002086
S2140266C00FF089FFD0E74FF6F7739F429FD9172046
S2140266D0FFF7C6F9EEE7FDF777FB48B13248FDF75C
S2140266E08DF9F4E7FDF770FB10B1BBF1000FF5D1A1
S2140266F0FDF76AFB0028DDD02846FEF749FAFF2898
S214026700DFF89CA0294C03D09AF80030012B04D164
S2140267102946B4F86800FEF795FBFEF751FC2A46B8
S2140267203846B4F86810FFF777FD214B214A93F9F3
S21402673006301B0213809AF80030012B19D0312B39
S21402674014BF432311238AF800301B4B16481968DE
S21402675013F04AFD00F006FD0023124C99F80010D3
S214026760237641B9104813F03FFD40F61B436361A0
S214026770A0E71123E7E7B8F1000F03D016B1FFF741
S21402678079FEF2E70D4B1B78042BEED10521064865
S21402679013F02AFD09232376E7E700BFAA6000204C
S2140267A0AE60002014550020A46800202854002063
S2140267B0145A00202A5A0020C4680020AF60002025
S2140267C03161002070B508468CB00D460FF0F5FE1C
S2140267D009220021064613F05BFB044628460FF00A
S2140267E065FE052228460DF10F0304A90EF01FF9D7
S2140267F002281BD09DF80F3029461C440023E4B221
S21402680004F11002365D01200093D2B20BF099FF1C
S21402681060B1022E0AD1064B1B78012B06D1054B1E
S214026820187818B922462946FFF7AEFE0CB070BD9E
S214026830AE6000201455002008B5084B187050B101
S214026840074B1B883BB14FF47A710648594313F045
S214026850CBFC002008BD0120FCE700BFA1600020A1
S214026860406A002074450020014B188000207047C3
S214026870406A002008B5FDF7C1F80022014B1A70E5
S21402688008BD00BFA160002010B50024044B0548D7
S2140268901C80054B1C70FDF7B1F8204610BD00BFEA
S2140268A02E5A0020C86800204C61002008B5034814
S2140268B0FDF7A4F8BDE80840FFF7E6BFC868002069
S2140268C00148FCF7ABBD00BF2E5A0020F7B5134BAC
S2140268D004461B780E46EBB183421DD900211048B0
S2140268E014F019F8002501460D4F09B9012009E0F8
S2140268F0AC4209D10024162322463046009414F0F6
S2140269009FF8204603B0F0BD384614F028F801354B
S2140269100146EAE71820F5E72720F3E74C61002056
S2140269202E5A0020014B1878704700BF4C61002099
S21402693025289DBF024B187000202120704700BFFB
S214026940C36A0020012307B51846064A0DF107015F
S214026950FDF7CEF89DF80720034B1A7003B05DF8DA
S21402696004FB00BF29E10100426A002084B010B592
S21402697002AC84E80F00082224480DF11601089C98
S214026980F5F756F938BB9DF815309B0705D4204B12
S2140269901B7803F0FD03312B23D11E496378097857
S2140269A003F00F028A4203D0012928D1022A18D105
S2140269B02278B2B91B09022B13D194F90230002BAC
S2140269C021DB154BB3F86820BDF80A309A4208D18D
S2140269D0FEF790FF06E0002208210C480FF00CFF9D
S2140269E020B90020BDE8104004B070470B4BBDF83C
S2140269F008205B889A42C6D0002BC4D0F1E7022951
S214026A00EFD1012AD3E70120ECE700BF185500209A
S214026A10AE600020946A00202854002014550020FE
S214026A2084B02DE9F0478EB016AC84E80F00DFF88C
S214026A3068C1564BBCF802009DF85D9010F0010448
S214026A409DF96220BDF870E09DF875A09DF97670FC
S214026A509DF878509DF97A109DF95E809DF86060E9
S214026A601B782FD09DF87D00C0F34004C0F3800051
S214026A70002B44D0464B1B78012B02D1002C00F091
S214026A808280C0B19CF800301E335BB2BB42ACBF02
S214026A90002701279845D4BF00230123BB4209D112
S214026AA08A4208DB0CD1A81BC0B280288CBF00200B
S214026AB0012000E038460EB0BDE8F04704B070474B
S214026AC00020F8E710F0020F18D0C3B1490814BF2F
S214026AD001200020520814BF012300238342EAD17A
S214026AE0AB1BDBB2802B0AD9AE42E9D1B84506DB36
S214026AF049D1CA4594BF00200120DCE70BB901202A
S214026B00D9E7AE4216D002AC1CAF0FCF0FC497E83F
S214026B10030044F8040B2180DDE91A0116AB00904D
S214026B20ADF804100FCB0EF005FB0028E7D1AE42FD
S214026B30B9D1C0E7BDF8583073451ED008AC0DF188
S214026B40700CBCE80F000FC49CE8030044F8040B6A
S214026B502180104C638873450FD10822211D0DF148
S214026B602E00F5F765F8024638B90821201D0FF009
S214026B7043FE10B96388002BC1D1B845BFDBC2D132
S214026B80CA45BCD8BFE7204695E700BF4C61002047
S214026B90AE60002014550020426A002084B02DE921
S214026BA0F04F8FB06A4E18AC08AD84E80F0016227C
S214026BB000212846F4F7F0FC33783BB90024654BF5
S214026BC032781B789A4239D2002726E000216248A2
S214026BD013F0A1FE00270446B846DFF87C91002C8D
S214026BE045D13FB1224639465B480FF069FD3378FE
S214026BF0013B33703378002BE0D0002156484FF02B
S214026C00000913F088FE4F468046CA46DFF848B1B0
S214026C10B8F1000F6CD1002FD1D01621002218A88F
S214026C200FF0E6FC014648B1002F00F08B802246AA
S214026C3049480FF0FDFC337801333370454B327808
S214026C401B789A4207D94448002201880FF038FD83
S214026C503378013B33703378012B03D13F494048E8
S214026C6013F0C2FA0FB0BDE8F04F04B0704700222E
S214026C70214616232846CDF8008013F0E1FE1622A0
S214026C80294618A8F4F7D4FF0028EBD09DF8642014
S214026C909DF824309A4225D1BDF86020BDF82030F8
S214026CA09A421FD108220DF12E010DF16E00F4F763
S214026CB0BFFFB8B902AF0DF1600CBCE80F000FC7FA
S214026CC09CE8030047F8040B39800EAB13E9030077
S214026CD00090ADF8041095E80F00FFF7A1FE00281B
S214026CE0C0D027462146484613F039FE044676E7CA
S214026CF01623002241462846CDF800A013F0A0FE37
S214026D0002AF0DF1600CBCE80F000FC79CE8030051
S214026D1047F8040B39800EAB13E903000090ADF878
S214026D20041095E80F00FFF77BFE074620B1B9F185
S214026D30000F04BF444681464146584613F00FFEF4
S214026D40804665E73A46044813F0EBFD73E700BF5A
S214026D504C610020C36A00202E5A002020BF020089
S214026D60C86800202DE9F04F002104469FB00DF1BF
S214026D704008162240460E91CDE90C11CDF83B1084
S214026D80F4F70AFC052220460DF11F0316A90DF0A2
S214026D904EFE0228074600F0F28020460FF00DFC59
S214026DA0064613F054FD8146F01C13F050FDADF874
S214026DB04000701D13F04BFD012FADF84200204637
S214026DC040F0E0800FF0F9FB0546204613F020F96C
S214026DD00D3502232D1A0093214643460820EAB2B7
S214026DE00BF0AFFC002800F0CA8020460FF0EAFB4A
S214026DF0012F83469DF84D3040F0DC8000252F465B
S214026E0043F001038DF84D3016AE3388022B4DD178
S214026E10F1782046023108F065F81B2846D1F17851
S214026E202046033108F05EF819283FD1F178204653
S214026E30043108F057F84A2838D14FF0050AF1789D
S214026E4020460131514408F04DF8F178059051443E
S214026E50204608F047F8059B00EB032083B200F0BB
S214026E603F02932B059240F095800023F778214647
S214026E7002375744FFB23A4600930CA80F2313F08A
S214026E80DFFD07F10F01204611F0D7F907F11101D6
S214026E900546204611F0D1F9ADF84200059B0233B3
S214026EA053445FFA83FA33795345C8D806360DF150
S214026EB07603B342A9D19DF84D20C5F3C03363F3E0
S214026EC0410220468DF84D200FF00EFB8DF844004F
S214026ED020460FF0FEFA8DF8450020460FF0FEFA27
S214026EE09DF83230BBF1190FC3F3C3028DF8472069
S214026EF0DDF833208DF84600CDF84E20DDF8372039
S214026F00CDF8522094BF00229DF83E208DF84820EE
S214026F1003F003028DF84A209DF84D20DB0963F347
S214026F208202694B8DF84D201B78022B56D1BDF894
S214026F3040600FF0F0FC864250D108A80FF057FFD1
S214026F40BBF1190F47D908220DF14E0108A8F4F734
S214026F506FFE00283CD1B9F5004F02D0B9F5624F5A
S214026F600DD140F6FF7325F440459D4207D100221D
S214026F7008210DF14E000FF03FFC00283ED01FB056
S214026F80BDE8F08F0FF019FB0546204613F040F8D7
S214026F9007351EE7412B81D1F17820460231514454
S214026FA007F0A0FF494B1B78C3F1B30318448DF8D2
S214026FB0490073E76FF30003F01D8DF84D3013F0B0
S214026FC046FC0CA9054620460FF063FF0B2772E726
S214026FD000F058FDBFE700F055FDD0E7B9F5004FC9
S214026FE002D0B9F5624FCAD140F6FF7325F4404588
S214026FF09D42C4D1BBF1190FC1D9B8E7BBF11A0F34
S21402700006D007F11F0142462046C9B20EF098F894
S2140270102F4C304D637BDBB12B78012B1DD1012326
S21402702023730CAB029314AC94E803000090ADF803
S214027030041098E80F00FFF799FC90B194E803005B
S2140270400090ADF8041098E80F00FFF7A7FD08E0DF
S214027050FCF7BAFE0028DFD0E1E703F0FD03042BBD
S214027060DDD02B78012B01D0042B88D11A4BDDF80A
S2140270704E001B78DDF852108DF82230BDF84030F5
S214027080ADF820309DF84D30C3F340038DF8233021
S2140270909DF8313003F00F038DF82C309DF8483000
S2140270A08DF82D3009AB03C30C4B1B681BB1414650
S2140270B008A8984763E79DF946209DF8451008A85A
S2140270C00DF025FC5BE700BFAE6000205361002098
S2140270D0145500203A610020526100200855002015
S2140270E010B513F0CFFA114B1B78022B1CD1104AA5
S2140270F01468A04218D00F4910600A68121B104488
S2140271000D4A086012786AB1013A93403C22534312
S2140271104FF47A725343984206D9BDE810400320D2
S214027120FCF766BD0A23F3E710BD00BFAE60002081
S214027130A04600209C460020906A0020064B1B8832
S214027140DB0708D50022054B43F82020044A135CCF
S21402715063F00F0313547047305A0020F0440020A7
S2140271607360002008B513F08DFA0022024B1860F7
S214027170024B1A6008BD00BFA04600209C460020B5
S214027180014B1868704700BF9C46002008B50C48A3
S214027190FCF734FCFCF772FD80B10A4B0322B3F80D
S2140271A0681001200DF0ECFF4FF47A71064B04488C
S2140271B01B885943BDE8084013F016B808BD00BF47
S2140271C0E868002028540020246A0020014B18801A
S2140271D000207047466A0020044A054B1870138840
S2140271E023F003031843108000207047305A002013
S2140271F0916A0020034B1888C0F30E00003818BFAF
S21402720001207047DE59002008B5FFF7F3FF30B1C2
S214027210002004490223044A0880FCF769FC002087
S21402722008BD00BFDE59002027E10100024B188886
S214027230C0F30E00704700BFDE5900200023084A44
S21402724001201370074A08491370084B084A1B7836
S21402725043F0040313800223064AFCF749BC00BF2E
S2140272604F6100204E610020DE590020916A002006
S214027270305A002027E1010030B5012100240B23FB
S21402728085B0104D019400918DF80C308DF80D00EC
S2140272900323B5F8680003AA8DF80E4011F086F8AD
S2140272A068B1B5F868100FF0B1FE40B10522064B82
S2140272B064211A70054B06481C7012F095FF05B043
S2140272C030BD00BF285400204E6100204F610020D0
S2140272D008690020064B1B78033B012B06D8054B9A
S2140272E01B781BB9044B1878FFF7C6BF704700BF60
S2140272F0AF6000204D610020906A002010B515484E
S214027300FCF77CFB144B1978F9B9144A13787BB155
S214027310013B1370124B1B78042B02D10846FBF775
S21402732021FCBDE810404FF496710A4812F05CBF8B
S2140273300C4A128802F00302022A0AD1BDE8104063
S214027340032201200849FEF7A9BCBDE81040FFF75A
S214027350C1BF10BD086900204F6100204E610020A9
S214027360AF600020DE59002000F8FF07084B1A78AD
S2140273705AB10223013A93404EF660225343032148
S2140273800448B3FBF1F112F02FBF42F21073F6E796
S214027390906A00200869002070B505461748FCF779
S2140273A02DFB0122164B28461A7011F023F8411CB9
S2140273B0044689B2284607F095FDA11C064689B206
S2140273C0284607F08FFD0F4C02232080214600201E
S2140273D00D4AFCF78DFB86B9238803F00303022BC4
S2140273E003D1FFF7BFFEFFF7C1FF23885B0704D573
S2140273F0BDE870400548FFF7C9BE70BD08690020A9
S2140274004F610020DE59002027E10100E8680020D5
S2140274102DE9F0431F4C0546238889B0002B33D054
S2140274201D4E00214FF4807010F07CFD3378DB0790
S21402743028D50121208812F023FE074620880FF067
S214027440BCF8023013F003FA05A98046208811F032
S214027450B8F83378384613F0020F104B18BF0025E1
S214027460B3F8009012F0F0FD0646384612F0D0FD52
S214027470F6B20290424606212846CDE9009605ABB2
S2140274800DF001FA00232380054809B0BDE8F04359
S214027490FCF7B4BA365A002050610020345A002055
S2140274A02869002010B5044640F62140FFF7B0FFD9
S2140274B001214FF4807010F035FD78B10022084BA0
S2140274C01C80084B1A7007F085FEBDE81040064B7C
S2140274D01880064B0648198812F086BE10BD00BFFB
S2140274E0365A002050610020345A0020266A0020B6
S2140274F028690020044A137818B943F00103137070
S214027500704743F00303FAE750610020044B1B78F0
S2140275101BB9044A1380FEF707B90020704700BF64
S2140275203E610020325A0020042230B501F04003AA
S21402753087B0002B054614BF012400248DF80C20CA
S2140275408DF80D1004D004A910F00AFD10B304AB98
S214027550CDE9004301210223284603AA10F026FFA4
S2140275600446C8B10D4BB3F868100EF070FF4FF624
S214027570F7739D4209D9322202212046FEF73AF8D5
S21402758080F00100C0B207B030BD294620460FF099
S2140275903DFDF5E70120F6E71920F4E72854002020
S2140275A010B5FFF731FE04F031FA0FF0BBFB0020F6
S2140275B010F0CEFC12F056FF08B1FDF729F9204C68
S2140275C02378532B12D1032323700023FF2219465C
S2140275D00120FEF763FB002012F010FC10B1002021
S2140275E00EF0F9FFBDE810400DF0CEBD062B01D01F
S2140275F0212BF0D10120FEF7F5FA4FF6FE700FF0C0
S21402760079F94FF6FF700FF092F90020FEF752FA62
S2140276100020FEF759FAFEF7E9F900F029FB0DF013
S214027620B6FD2378212B02D1FEF774F9D3E70020AA
S214027630FCF7DEFA00214FF4004010F063FACAE7C6
S214027640AE60002010B50A4C0A48FCF7D7F923783A
S214027650062B02D10120FEF7C5FA2378062B01D0AD
S214027660532B03D1BDE81040FFF79ABF10BD00BFF1
S214027670AE600020486900202DE9F047DFF8C080A0
S21402768004460E461746FFF7BFFD98F8005015B998
S2140276900220BDE8F087212DFAD0284813F069F9B8
S2140276A00028F5D114F0200439463046DFF894A0BD
S2140276B0DFF8949005F00F051BD00DF0ACF8012D05
S2140276C08AF80070A9F8006029D1212388F80030D2
S2140276D0FFF766FF0020DCE7212388F80030FFF77B
S2140276E05FFF00214FF6FE70FEF77CFBFEF780FE82
S2140276F0F0E70DF08FF8012D8AF80070A9F8006007
S214027700EAD0062321464FF6FD7088F80030FFF7D0
S2140277100BFF40F22621094812F066FDE1E75323EB
S21402772021464FF6FD7088F80030FFF7FDFE40F266
S2140277302621024812F058FDCCE700BF4869002017
S214027740AE60002051610020486A0020F8B50D4660
S2140277500646511C284607F0C5FB044628460EF08E
S2140277602CFF0546023013F072F8154B07461B78BD
S214027770022B02D0043B012B21D8124B1B68580265
S21402778001D5A1061BD5620619D50F4BB3F8683092
S214027790B34214D16B781B070DD5284610F067FE4E
S2140277A0FCF7A4FD58B1314604F020000122BDE8E2
S2140277B0F840FFF761BF0FF091F8B842F3D0F8BD7A
S2140277C0AE600020A84600202854002073B5044668
S2140277D00D4613F02AF9FF28034625D0134A1278DD
S2140277E04AB1134A32F81020520404D510F0A1FB15
S2140277F0002002B070BD184610F0ACFB6946064683
S21402780010F0AEFB40B1FCF7E7F928B100230222E4
S2140278106946304605F0DCF8204645F0400102B0E5
S214027820BDE87040FFF780BE0120E2E7AA600020B4
S214027830D859002038B505460EF0BFFE0446284645
S21402784010F0D8FD411C89B2284607F04BFB4206D1
S2140278500DD563781B070FD5204610F008FE0146AB
S214027860002013F0E0F8BDE8384010F062BB034891
S214027870BDE83840FFF7E6BE38BD00BF48690020C5
S21402788038B54FF6FF75A842044617D00FF043F8F6
S214027890A04213D04FF6FD72094B198891420DD9BA
S2140278A0084A1288AA4201D0A24207D11C804FF48D
S2140278B07A71BDE83840044812F096BC38BD00BF65
S2140278C02E6A00204A6A00203446002008B5044882
S2140278D0FCF794F84FF6FF72024B1A8008BD00BF01
S2140278E0344600202E6A002037B505460C4608238B
S2140278F069460120064AFCF7FBF815B19DF80630EA
S2140279002B700CB1009B2360BDF8040003B030BDA1
S21402791025E1010007B508238DF80600ADF804102E
S214027920009269460020034AFCF7E2F803B05DF8CD
S21402793004FB00BF25E10100024A13780BB1013BAC
S214027940137070479F60002008B50EF0F0FF00210C
S2140279504FF6FF72054B08461A80FEF7DBF8BDE8C5
S214027960084040F616400DF010B800BF2E6A002000
S21402797008B5FCF743F80A4B1B78023B032B08D8E2
S2140279804FF6FE73074A108898424FF6FF7301D1EE
S214027990138008BD9842FCD0BDE80840FFF7D4BF6C
S2140279A0AE6000202E6A002010B5084B1B78042B10
S2140279B00AD00EF093FF002104460846FFF794FF14
S2140279C0231A5842584110BD0020FCE7AF60002041
S2140279D0F0B5002689B00546CDE90566ADF81C600F
S2140279E010F008FD0A23024604462946009605A81A
S2140279F013F026F89DF815309DF814701F2B27D823
S214027A0003A80FF0F4F908220DF1160103A8F4F703
S214027A100FF90646E0B9092F1CD1FFF7C5FFB8B12A
S214027A20144B1B78A3B1144B1A884FF6FD739A4277
S214027A300ED9124C124A23780433DBB22370127822
S214027A40013AB3EB820F03DD58B20BF058F82670FA
S214027A5009B0F0BD0A34E4B22146284607F042FADD
S214027A600FF058FA611C284610F0E7FBFFF708FFF4
S214027A70EEE700BFA46A00202E6A00209F60002066
S214027A808F6A002038B5134B1B78033B012B20D995
S214027A90114B4FF6FF711B78ABB1104D2B888B4202
S214027AA017D10EF038FF4EF6602104460C4812F04D
S214027AB09BFB4FF6FE7322462B800021BDE8384022
S214027AC009200FF035BA074A13888B421CBF0133D0
S214027AD0138038BDAF600020A46A00202E6A002002
S214027AE034460020DA59002008B50448FBF786FF22
S214027AF0BDE8084000210846FBF734B86869002054
S214027B0010B5044661B1FF210EF0F8FC00212046B4
S214027B100EF0FAFC0EF03BFC014620460EF0FAFC94
S214027B202146BDE810400022014812F0FABE00BF0E
S214027B303A5A00202DE9F0410D46174604460EF04B
S214027B403CFD06782846FCF74DF929468046204635
S214027B500EF07DFC0EF0C2FEA84206D120460121A0
S214027B60FFF7CEFF0120BDE8F0812846B8F1000FEE
S214027B700AD0FCF7B9F950B9144B3A462046BDE88C
S214027B80F0411978FDF736BD10F0EEF9F3E706F08E
S214027B900306012E08D00EF0A1FE00232246294637
S214027BA002F042FA0028D9D120460EF00CFC43051A
S214027BB005D52046BDE8F04100210EF081BF2046E3
S214027BC010F0BDF9B0FA80F04009CCE78E6A0020CA
S214027BD010B586B0044610F00DFC104B024618682D
S214027BE019790290D3F805005B7A01328DF81430C9
S214027BF000238DF80C1004902146009392B20523C0
S214027C0004A812F01DFF052204A902A8F4F710F832
S214027C10B0FA80F0400906B010BD00BFF09504002F
S214027C2008B511480EF086FD104B1B78012B06D8BE
S214027C30FF2010F057F9FDF7B1FB10F072F9FDF7CF
S214027C403BF801F091FCFFF7F9FA10F04BFD07F054
S214027C50F1FDFDF749FD07F03DFB0CF0DEFDBDE84A
S214027C60084002F0D3BC00BFF05400206C60002035
S214027C7008B5F0F75DFDFF2803D0094B1B78012BF2
S214027C8006D9002010F02EF9FDF788FB10F049F90E
S214027C90FDF712F801F068FCBDE8084002F0B6BC39
S214027CA06C600020064B1878112806D000F0FD0004
S214027CB0A0F141035842584170470120704700BF67
S214027CC0AE6000202DE9F8430446FDF70FFB18B11D
S214027CD000263046BDE8F8834FF6FF78184BB3F817
S214027CE068104145F4D020460EF0B1FB154B022138
S214027CF020461A88FDF77EFC06460028E8D0204675
S214027D000EF05BFC90F807900546043012F09FFDDB
S214027D1007460EF0E3FD494602463846FDF7FEFAF0
S214027D20A81C12F094FD404502D12046FFF7BAFB8C
S214027D302B789B07CDD101212046FFF7E1FEC8E74D
S214027D4028540020385A0020F8B507460EF035FCB5
S214027D500546043012F07BFD0646A81C12F077FD9D
S214027D600446304612F061FE3046FCF73BF82B78AC
S214027D709B0701D10EF0B2FDAB790BB90320F8BD1B
S214027D800EF0ACFDA0420CD10EF0A8FD0446094B45
S214027D90214638461A78FFF7CDFE0028EED000209E
S214027DA0EDE7054B1B78052B1CBF044BB3F8684068
S214027DB0EDE700BF385A0020AF60002028540020AC
S214027DC02DE9F041064610460D4610F013FBA0F1D1
S214027DD01004E7B256FA84F42146EA1B04F10E00B8
S214027DE0F3F72CFC2823DFF84480F35598F800308C
S214027DF0637301F0CDFB611C024601200DF0DCF935
S214027E0008220949601DF3F719FC98F800000FF0E4
S214027E10D5FE05F10E0130463B460022C9B201F0FE
S214027E2069FC1220BDE8F08131610020A9600020C3
S214027E302DE9F04F87B004460EF0BFFB06462046FB
S214027E400EF01EFB0746301D12F001FD8146B01CE7
S214027E5012F0FDFC384696F807A012F0EFFD3378D4
S214027E609A075FD12146042001F04CFD002859D024
S214027E70204610F0BFFA0146204607F033F8830783
S214027E8050D1204610F0B6FA0146204607F02AF8EE
S214027E9010F00303039345D12046FFF799FE00280E
S214027EA040D0204610F07CFB451C204612F0CCF851
S214027EB0EDB205F10A0B83455DDA304A04AB106871
S214027EC0516803C3691C204607F00CF82946804611
S214027ED0204607F007F800EB082059461FFA80F8FC
S214027EE0204606F0FFFF8346039B2146AA1C00930A
S214027EF004A8082312F0A4FD20460EF0C1FA5A4642
S214027F0041460DF04BF90122404604A90FF08CF9C8
S214027F1088BB022007F032FC013003D1404604A998
S214027F20F0F7CEFC0EF0DAFC48453A46514607D149
S214027F300EF0DCFEF8B907B0BDE8F04F0FF028B936
S214027F4048460EF0D3FEB0B90D4B1B781BB9394626
S214027F5048460FF033F83A4651464846FDF7DEF9F2
S214027F6048B1317811F0030105D1204607B0BDE8CB
S214027F70F04FFFF7C5BD07B0BDE8F08FDFD10300B5
S214027F80A560002038B5114D2B78023B012B18D87E
S214027F900DF006F90446B0B9FFF7A2F82B78032BCA
S214027FA007D12346FF2221460120FDF777FE012056
S214027FB038BD21462046FAF7D5FD003818BF012005
S214027FC0F6E71720F4E70220F2E700BFAE600020D3
S214027FD02DE9F74305460E4614460EF0FEF90C2828
S214027FE028464AD10EF0E9FA0922002111F050FF84
S214027FF000F11001C9B2284606F074FF042813D017
S2140280007C282BD0012840F0AC8046B913212846A4
S21402801010F013F903B0BDE8F0430EF088BC03B0CD
S214028020BDE8F043FDF7DCBC5B4B1B78022B40F04F
S214028030988046B9FFF7FAF8C3070AD5FFF792F811
S214028040002C08BF3F26304603B0BDE8F0430CF0D4
S21402805000BCFFF7CFF80028F0D0F1E7284611F071
S214028060F3FF0446284611F0D3FF02463046E1B23B
S21402807003B0BDE8F0430CF0EABB0EF09EFA804671
S214028080043012F0E4FB074608F1020012F0DFFBB0
S2140280904FF6F773984204460CD8404A13880133C9
S2140280A09BB213800BB93E4A13801EB13C4A13881A
S2140280B00133138098F8009009F00309B9F1010F13
S2140280C01DD1284610F096F90146284606F00AFF0A
S2140280D00B2809D00D2807D0042842D1284603B021
S2140280E0BDE8F043FFF7A6BB2E4B1B78042B38D116
S2140280F00021084603B0BDE8F043FAF733BDB9F1F4
S214028100000F2ED13146284603F05EFD4EB34FF6E1
S214028110F7739C4225D898F80160204616F00406AC
S21402812022D10FF0EFFE054620467DB10FF01CFF70
S214028130034600BB0C220090214638460FF00CF98D
S2140281400C22002339462046009308E00FF00CFF6D
S2140281500346C8B9144A00901278214638460FF0F2
S214028160FBF803B0BDE8F0830FF0FEFE034678B9D5
S2140281700B220090F1E70622334621463846009647
S2140281800FF0EAF80622DCE72B4600950622E4E723
S2140281904B46CDF80090F9E7AE600020E259002089
S2140281A0E0590020AF600020C56A00202DE9F04F9C
S2140281B005888BB0044628460EF0FFF907460430C1
S2140281C012F045FB8146B81C12F041FB05A9804619
S2140281D0284610F059F9284610F00CF901460646D2
S2140281E0284606F07FFE3B78824603F00303012B07
S2140281F00CBF83464FF0FF0B12F03FFAE388019064
S21402820002930EF06BFBFB7900904846039300F056
S21402821081FF002876D1404600F07CFF002840F01F
S2140282208880FDF72BFB8046FBF7CEFD10B9FFF7E3
S21402823039FD30B1A8F104085FFA88F8B8F1020FE8
S2140282401BD90BF0FD03042B00F0B380FFF72AFDC9
S21402825020B10AF0030ABAF1010F0ED0FBF70EFDA9
S21402826028B9714B1B7803F00F03062B68D16F4BAE
S2140282702846B3F868100EF0EAF8BBF1010F63D196
S21402828028460EF0CEF84FF6FF73984240F09180E3
S21402829000233146284607AA0FF03CFE0746002870
S2140282A042D042799DF82530934209D9711D28465D
S2140282B089B206F02BFEA37823F00F030233A370D5
S2140282C00CF0A4FA7E23B0FBF3F202FB130303F5D1
S2140282D08073A3809DF8263013F0180F0AD0A37877
S2140282E01B0707D1009B4B4504D048467A7905A95F
S2140282F00CF0C1FA9DF82700003818BF01200BB019
S214028300BDE8F08F28460EF058F9023012F09FFAB8
S2140283104FF6F773984207D9039B2BB92846FFF707
S21402832057FC00287FF477AFA37823F00F03A370DF
S21402833008E0404612F082FB00287FF472AFF3E7B3
S2140283402823A3800020DAE7BBF1020F54D10123D1
S214028350314607AA28460FF0DDFD80460EF0BEFA2B
S214028360BDF8223098421FD1B8F1000FDCD00122AE
S214028370B8F80230314628460FF0CAFD2C4A137868
S2140283800133DBB2FB711370B8F80230BDF81E2061
S2140283909A421FBFA37823F00F030233A3704FF451
S2140283A0C873A3800120AAE7184612F047FB0028EC
S2140283B0DAD128460EF035F812F0E0FA012808BFA6
S2140283C01C4BA27809BF1B78FA2303EB830303EB4B
S2140283D0830302BF9B00FA339BB21209A4D1DDE9E4
S2140283E00121521A92B293429ED30CF00FFA00F079
S2140283F01F001030A080D5E7BBF1030FD9D1009B38
S2140284004B45D6D1711C284689B206F06BFD0C2866
S214028410CFD1FCF7FFFD4FF6FF7398420146C8D056
S21402842028460EF014F8C4E7AE6000202854002058
S214028430AC6000209D6A00202DE9F04105460C46FE
S2140284400DF0CBFF082802D10120BDE8F081201DE7
S21402845012F0FDF90646284694F807800EF010F84A
S214028460074628460DF0AFFF010612D5184B1B78BB
S214028470042B0ED1174B1B78022B0AD1164BB3F8DE
S21402848068204FF6FF739A4203D000210846FAF797
S21402849069FB124B1B78002BD6D1A01C12F0D7F921
S2140284A04FF6F773984202D86378DA070DD5237829
S2140284B09B070AD13A46414630460EF017FC80F03A
S2140284C00100C0B200F00100BFE70120FAE700BFDA
S2140284D0AF600020AE6000202854002056610020C5
S2140284E02DE9F04F9DB004460DF077FF0546204675
S2140284F00DF073FF082869D14FF400432046ADF80B
S2140285005030ADF85C4011F09FFDBDF85C20A0F144
S2140285101005EDB210461023002100950FF07AFEEA
S214028520294617A80FF04EFE204611F071FD0AF0FC
S214028530FCFA002321461A460C2000930AF001F9A1
S21402854098B3204611F064FD14A902461020FBF7EA
S21402855079FF0501204611F05BFD14A90246402072
S214028560EDB2FBF76FFF10B120460CF058F920462B
S21402857011F04EFD14A902468020FBF763FFB8B93E
S2140285809DB1102517A805F067FF2046BDF850706C
S21402859011F05AFD0646204611F03AFD2946009093
S2140285A0F3B2384617AA0CF0D0F91DB0BDE8F08F2A
S2140285B0BDF8503017A8ADF85E40ADF85C300CF050
S2140285C0E7FD0028DCD145F08005DBE720460DF00C
S2140285D044FFB0F5006F40F0058120460DF050FFD5
S2140285E00646042D40F0018120460DF0ECFE80F494
S2140285F00060C0F3C02000223146400012F0F0F8BE
S214028600944B1A78022A0DD0FFF74CFB50B902F0B1
S214028610FD03312B06D0043A012A03D98E4B1B7870
S214028620002BC2D02146022001F06CF905900028EA
S214028630BBD02046ADF846400DF0BFFF0446BDF85D
S21402864046000DF01DFF0646201D12F000F9A31C81
S21402865083461846039312F0FAF812A90746BDF8A5
S21402866046000FF011FF63780690BDF8460094F8B6
S214028670008008930FF0BEFE6378054608F00308F4
S21402868030460C93FBF7AEFBB8F1010F0CBF032389
S21402869002230E93714B08BF4FF00B091E802378FE
S2140286A018BF4FF00A0903F03C03082B0D907FF425
S2140286B07CAFBDF8460011F0C7FCA8427FF675AF46
S2140286C0B8F1010F03D023789B077FF46EAF644B9B
S2140286D0B3F86830B3420DD1624A634BB2F9001068
S2140286E093F90030002900F0A58001EB0313A3EBF9
S2140286F0211313804FF0010AA5F11003DBB20A938F
S2140287008DF8453010224846BDF84610CDF800A038
S2140287100DF145030AF015F800283FF446AF089B12
S21402872013F00203099300F00981504B1B78002BCB
S2140287303FF43BAFBDF8469048460FF05BFE002381
S21402874007904846CDE917331993ADF868300DF017
S21402875097FE079B039003F10E01484689B20FF07D
S2140287601CFE002870D000234946079A009317A8DB
S2140287700E2312F065F950460DF15D010CF02AFD4C
S2140287809DF869300B9004939DF85C30282B5BD1E2
S2140287900DF16100FBF7AAFD0F90002854D1049852
S2140287A00FF00CFA0F9B002866D1314B049A1B7807
S2140287B0D31A1C0648D404F059F950453CD111F09E
S2140287C061FF2C4E0546346824B104F055F92C1B83
S2140287D0844239D30023FF2219461846FDF75EFA73
S2140287E0356031E04FF6FD76FBE64FF6FF70301A45
S2140287F018BF012000223146400011F0F1FF0C2D77
S2140288000DD12146012001F07DF800283FF4CDAEBF
S214028810214600201DB0BDE8F04FFDF7D3BF2DB9AD
S21402882020461DB0BDE8F04FFEF79CBA042D7FF43B
S214028830BCAEE5E61B025CE704F018F9022803D199
S21402884004F0F6F80028BAD000221920039911F095
S214028850C7FFAAE6AE60002056610020565A0020E6
S214028860285400202A5A002053610020AA600020C3
S214028870A96000203855002010214846079ACDF8F6
S21402888000A00EF0EBFF0028DED0BB4B049A1B784C
S214028890934240F0AA8003990DF1610214A811F0E8
S2140288A073FD012114A8FBF7F5FA824648F203018C
S2140288B014A8FBF763FBBAF1000F03D0082114A833
S2140288C00CF02BFC48460FF0B3FD03990DF1610046
S2140288D0FCF72AFCFE288246B6D0FF280AD1039867
S2140288E012F092F8FF28824600F087800DF16101AF
S2140288F0FCF7F4FAA04B049A1B78934200F0A3808C
S21402890050460B99FCF7F6FB00283FF44EAE504655
S2140289100B99FCF701FC237898070FD148460FF015
S21402892069FD0146484606F0DDFA00F0030001281C
S21402893004D103980DF16101EFF7C2FFBDF84600BE
S2140289400DF041FD010440F18580204611F07FFFC5
S21402895040F4007189B2204611F07BFF00224FF4EA
S2140289600041BDF846000DF01FFDDDF8149001230E
S21402897010220093BDF846100E980DF1450309F03B
S214028980E0FE00283FF411AE032866D1204611F01F
S2140289905EFF40F4007189B2204611F05AFF30465D
S2140289A012F04CF8002840F0B680DDF81490B8F1CA
S2140289B0010F40F0B6800320BDF8461000F0A2FF7B
S2140289C0002840F0AE802946BDF8460006F08AFA36
S2140289D00F2801467FF6E9AD4FF6F7739F423FF642
S2140289E0E4AD30460EF057FBDFE55046049903F03F
S2140289F085FA00287FF44FAF26E7237803F00303B7
S214028A00012B08D148460FF0F5FC0146484606F011
S214028A1069FA082892D0594B1A78594B1B789A4211
S214028A2009D20DF161010398FCF70CFA039811F0D4
S214028A30EBFF82465EE7A01C11F009FF4FF6F773C4
S214028A409842EED900E75046FCF7CEFB00283FF4EA
S214028A5057AF5CE74FF0000989E7304611F0EEFFAA
S214028A600028A4D0099B002B57D1B9F1000F52D190
S214028A70B8F1010FBDF846009DD0294606F032FA3D
S214028A808246DFF8089199F80030002B54D00DF09A
S214028A9025FF87427FF489ADB8F1010F7ED1BAF186
S214028AA0070F75D8BAF1050F7FF67FAD354B1B78E9
S214028AB0022B02D0043B012B03D899F80030002B7E
S214028AC041D00C9B9A0640F1B4800D9B002B40F0DF
S214028AD0AC80304611F0A9FFFF2840F0A6805E4524
S214028AE07FF463AD069B002B00F09D8012AB46F22E
S214028AF004020124ADF85C2001932146022330468D
S214028B00009417AA0FF052FC00283FF44EAD2146FF
S214028B100DF0D6FF49E5DDF8149030460FF00CFA5A
S214028B2045E72946BDF8460006F0DCF9099B824671
S214028B3013B9B9F1000FA4D0124B1B78022B02D046
S214028B40043B012BBDD8304600F0E4FA81460028EB
S214028B507FF42BAD0DF0C2FE864225D10A4BB3F848
S214028B6068400DF0BBFE4B4601460D222046CDF86E
S214028B7000900EF0F1FB18E5A9600020A860002026
S214028B809E6A0020AE60002028540020AA600020C2
S214028B90AAF10E03DBB2012B88D906E50AF003031D
S214028BA0012B7FF402AD81E7304611F047FF58B93A
S214028BB00DF0B1FE4FF6FF73984205D011F052FC4D
S214028BC010B93046FCF7E4F8304611F037FF88B1AA
S214028BD00DF0A1FE4FF6FF7398420BD011F042FC47
S214028BE040B9B8F1010F02D1BAF1060F02D03046F1
S214028BF00FF0A1F9069BA3B91946012258460EF0BA
S214028C0013FB814600287FF4D0AC20460FF02FFCE1
S214028C104A46014638460EF007FB00283FF451AF9D
S214028C20C3E412A9E9E7069B61E7637823F0200311
S214028C3063704FF6FC739F423FF4B7AC4FF6FD737A
S214028C409F4204D1B34B1B78042B3FF4AEACA379FE
S214028C500BB1013BA37163785B0727D50023584607
S214028C6017AA14A917930FF047F91798F0B10FF047
S214028C703CF98146384611F0D8FE179A0146137918
S214028C8003F03000102806D003F00C0008281CBFA2
S214028C9023F00C031371137903F03303202B05D151
S214028CA0FF2903D0012248460FF02EF9304611F074
S214028CB0BCFEFF281EBF0022974B43F82020089BCD
S214028CC003F001094FF6F7739F4200F2F980B9F1FB
S214028CD0000F40F00181314658460EF06FF90DF054
S214028CE0FDFD874200F0C680384611F0A7FE002838
S214028CF041D0B8F1010F27D1BAF1010F17D14A4678
S214028D002946BDF846000FF002F9384611F096FEE5
S214028D10824B1B78002B72D1584611F08FFE00282A
S214028D2066D1384611F08AFE002861D13DE4384605
S214028D3011F084FE50B3BAF1030F27D12946BDF8CD
S214028D4046000EF041FB30E4384611F077FE384616
S214028D500FF00AF9002847D0002339465846BDF8D6
S214028D60462001F061F900283ED00021BDF84600F9
S214028D70FEF7C6FE19E4384611F060FE18B1B8F1E7
S214028D80010FD8D0E3E7B8F1010FE0D1634B1B78AF
S214028D90002BC1D0BAF1050F31D10DF09FFD8DF831
S214028DA05C000DF09BFD000A8DF85D000123022297
S214028DB017A90DF14600FAF775FD00287FF4F5AB0A
S214028DC0691C89B2BDF8460006F07AF803780133CA
S214028DD003706378590715D40DF080FD834522D0C1
S214028DE0002239461C2032E54C4B1B78002B93D0D0
S214028DF0B8F1010FCED063785A0714D502E0637833
S214028E00580718D5BDF8464020460FF0B5FA411C63
S214028E1089B2204606F054F80378B8F1010F03F140
S214028E20FF33037004D0BDF84600FEF78DFF09E05D
S214028E30BAF1050FD0D0BDF84600FEF785FFBAF1AD
S214028E40030FCDD00228CBD10021584617AA0FF027
S214028E5056F830B10379468003F03C0343F04003F2
S214028E60037100232E4A00933946584612780EF0B4
S214028E7073FAB5E7B8F1010F7FF477AF0AF1FF3363
S214028E800C2B00F2868001A252F823F0ED8E02002F
S214028E90ED8E02003D8D0200038F0200258F020038
S214028EA0AB850200498F0200598F0200658F0200CF
S214028EB0658F0200AB8502007B8F0200878F02005F
S214028EC0B8F1010F71D0B9F1000F08D1BDF8460014
S214028ED0FEF7AEFFFFF769BBB8F1010FCED0237ADB
S214028EE003F00303012B7FF460ABEFE7AAF1020362
S214028EF05A422946BDF846005A410FF008F8FFF7D5
S214028F0054BB2A465846BDF84610FEF71FFCFFF72C
S214028F104CBB00BFAF600020F0440020A26A0020D5
S214028F20C56A0020691CBDF8460089B205F0DAFF62
S214028F300235EDB20246BDF846305846009512A9F3
S214028F4006F0D4FDFFF731BB01200A9ABDF84610A1
S214028F50FDF71AFBFFF729BBBDF846000EF0DDFF52
S214028F60FFF723BBBDF84600FEF732FDFFF71DBB39
S214028F70BDF84600FEF72CFDA8E7BDF84600FEF752
S214028F800BFAFFF712BBBDF846000CF0FBF8FFF732
S214028F900CBB2B4622465046BDF846100CF0C8F8CD
S214028FA000287FF402AB51461BE50AF1FF330C2B77
S214028FB03FF6FBAA01A252F823F000BFED8E020094
S214028FC0ED8E02003D8D0200038F0200258F020007
S214028FD0AB850200498F0200598F0200718F020092
S214028FE0718F0200AB8502007B8F0200878F020022
S214028FF010B5002111480DF044FB0446E8B10DF00F
S21402900068FA0F4B187020460DF068FA0D4B187070
S21402901020460DF069FA0C4B187020460DF069FADE
S2140290200A4B1860012011F031FB2046FFF758FA70
S214029030BDE81040002011F029BB10BD085A0020E0
S21402904054610020536100205261002030550020F8
S21402905070B5144E044633680D46BBB10DF0BDF92B
S2140290600C2813D120460DF0A8FA09220021044646
S21402907010F00EFF235C042B08D10B4C25B10B4BD2
S21402908022781B789A4203D300232370002070BDF7
S2140290900748316811F0A8F82378012001332370BD
S2140290A0F5E700BF3455002055610020C46A002051
S2140290B068690020014B93F9010070472A5A002084
S2140290C0014BB3F8680070472854002070B500249E
S2140290D00D4D2C70EFF706FAE6B2B04208D8002221
S2140290E00A4B1A700A4B198801B11A80012070BD0A
S2140290F0304611F0A0FCC30748BF2B7804F10104E8
S21402910044BF01332B70E5E7A7600020A060002073
S214029110DC59002038B50B4B05461B7873B101337A
S2140291205C08094B188810F073FF002330F81320F0
S214029130AA4205D00133DAB2A242F7D3002038BDE4
S2140291400120FCE7A0600020DC59002030B505466F
S21402915085B008460C4611F06AFCFF280CD00EF0CB
S21402916018F8012200210346CDE901120092214699
S2140291702A460720FCF7F6FB284611F056FCFF2885
S21402918004460FD011F057FCC2070DD5204611F049
S21402919052FC830708D40B4A32F8143043F4806337
S2140291A022F8143005B030BD0DF0F3FF0122002185
S2140291B00346CDE90112009207202A46FCF7D2FBAD
S2140291C0F0E700BFD85900204FF6FA72431E9BB252
S2140291D0934270B504462AD8FFF79CFF38BB194B5A
S2140291E01B78042B23D0204611F00EFCFF2801D05A
S2140291F0FBF7FEFC20460EF07AFE08B10EF071FE7A
S2140292002046114E03F0ACFE20460BF032FB3178BE
S2140292100E4D69B1288810F0FBFE054601461E2257
S2140292200230F2F70BFA2C8033781E2B07D970BD6A
S214029230202010F061FF28800028EBD1F7E70233E8
S2140292403370F4E7AF600020A0600020DC590020F5
S214029250044A13782BB1013BDBB213700BB9024AF6
S21402926013807047A0600020DC5900200148FAF7FE
S214029270D5B800BFDC5900202DE9F04780461746D6
S2140292800D468CB061B903AE00211B4811F043FBBA
S2140292904FF000090446DFF860A01CB920461DE026
S2140292A00E46F1E70022214624233046CDF80090F0
S2140292B011F0C6FB082241463046F2F7B9FCA8B9BF
S2140292C0337C9BB96FB945B92A4621460A480DF048
S2140292D0F7F90A4A1388013B138001200CB0BDE857
S2140292E0F0873B88B28953405B06ECD52146504650
S2140292F011F035FB0446D0E73E5A00203C5A0020C7
S214029300024B1888003818BF012070473C5A0020CC
S2140293102DE9F04330488DB0FAF770FB11F0B2F940
S2140293202E4D2B68C41A4FF47A73B4FBF3F4A4B22E
S21402933014B111F0A7F92860294F4FF6FF763B8843
S214029340DFF8A080ADF80A3000233B8000210DF143
S2140293500A000DF096F9054658B9224B1B882BB128
S2140293604FF47A711C48714310F03EFF0DB0BDE811
S214029370F0834FF0000924234A462946CDF8009090
S21402938003A811F05DFBBDF81A30A34294BFDB1AA6
S2140293901B1B9BB2ADF81A3063B9BDF818301B061A
S2140293A002D508980BF0D2FCB8F80030013BA8F8BA
S2140293B00030CBE79E4228BF1E4601234A46294676
S2140293C0009303A8242311F03BFB4A46294638465D
S2140293D011F0A7FABAE700BFD44500203C5500209A
S2140293E03E5A00203C5A0020F0B504462E4A8DB064
S2140293F01068516801AB03C3A378012B4FD1162224
S21402940000210DF11A00F2F7C7F8D4F82110D4F8AB
S2140294101D0003AB03C32388190644BF6268089283
S214029420DA050BD5221D08AE04F11407354610687E
S2140294305168083203C5BA422E46F7D1ADF8183045
S21402944013F0040318BFA3690593EFF763F800232C
S214029450ADF81A00082201A903A88DF81C30F2F70D
S214029460E7FB18B106A903A80EF02EF90022242164
S21402947003A80DF0BDF8044698B10020FFF748FF98
S21402948000222146094811F04CFA094A00201388A6
S21402949001331380FFF73CFF00200DB0F0BD022021
S2140294A0FBE71920F9E700BFDFD103003E5A002090
S2140294B03C5A0020F7B5044600200E46FFF728FF68
S2140294C0104B1B88A34202D8212003B0F0BD002116
S2140294D00D4811F020FA002501460B4F0029F3D063
S2140294E0A54208D10024242322463046009411F0D7
S2140294F0A7FA2046E9E7384611F031FA0135014667
S214029500ECE700BF3C5A00203E5A00200148F9F71B
S21402951085BF00BF3E5A0020014B1888704700BF27
S2140295203C5A002070B50C4611460E4A2378127833
S214029530064613F0200542EA0302227018BF611D98
S2140295400822F2F77BF8002D0CBF05200D20D4F878
S2140295500130B3602378337303F01803082B08BF77
S214029560013070BDAA600020042307B501200DEB70
S2140295700301054AFAF7BCFA019B044A1B0313606F
S21402958003B05DF804FB00BF63E5110098460020B7
S21402959010B5064C2368C3F30B0313B90448E3F76C
S2140295A033FC2068431C236010BD00BF9846002091
S2140295B063E51100014B1868704700BF984600200B
S2140295C007B50020054B064A186004230DEB03017D
S2140295D00190FAF78DFA03B05DF804FB9846002076
S2140295E063E511007FB511230A4A012001A9FAF7A3
S2140295F07FFA094B9DF814201A70084B1B780BB1A2
S214029600052B05D10BF001F9012007B05DF804FB2C
S2140296100020FAE779EB0100A9600020AA6000208A
S2140296202DE9F04F0646CBB0884600880121174642
S21402963010F026FD2E4B3A463188ADF8160006A8E5
S2140296400EF0E1F80DF1280B5A464146C41930884F
S2140296500EF063F8E4B208EB0003A34208BF044628
S21402966005464FF004091CBFA4EB0804E4B22346E7
S2140296705A460121CDE900090BEB050ACDF808B0E0
S2140296802D1B06A8EFF776FBEDB20BEB0403009357
S214029690019523465A46414630880EF06CF83488C7
S2140296A03946204605F01EFC394600F0F8022046F0
S2140296B005F02CFC0121308810F0E2FC01234A461A
S2140296C0514680B10DF11600FAF7ECF80121044676
S2140296D0BDF81620308810F0E7FCB4FA84F0400992
S2140296E04BB0BDE8F08F3046FAF7DCF80446F4E7F4
S2140296F0316100202DE9F04FC9B0044688469246F3
S214029700C118224A04A81F46FFF70CFF4FF00409AF
S214029710C519EDB208AB0293A5EB0A0BA8EB0A0338
S2140297205FFA8BFBA8EB0506DBB2F6B204EB0A0285
S214029730009301215B46CDF8049004A8EFF71AFBCC
S21402974006F590730DEB03025A44A2F58072136875
S21402975008A844F80830E35D324623F00703E355D1
S2140297602C442146F2F7A8F808ABCDE9019308AAE3
S21402977000230121009604A8EFF7FCFA32462046A1
S21402978008A9F2F799F849B0BDE8F08F31610020D8
S214029790F8B506460EF004FF811C054689B230462F
S2140297A00EF0FBFDF0B1EDB12946304605F09AFB0E
S2140297B01228074616D80C4B691C1C5C89B2304628
S2140297C005F090FB2C44052FE4B205D1052809D8F4
S2140297D0064B1B5C1C44E4B221463046BDE8F8400A
S2140297E00EF0DBBD0020F8BD329604002C96040075
S2140297F0F8B505460EF0FEFD044628460CF0DDFEE2
S214029800A11C074689B228460EF0C7FD00283ED0A6
S214029810002C3CD02146284605F064FB0646611C17
S214029820284689B205F05EFB0F2E30D8194B9B5D99
S214029830E118731E89B2092B0ED8DFE803F009057A
S2140298400D0D120D0D181E1EC40644BF083189B236
S214029850820601D5083189B22846BDE8F8400EF0E6
S2140298609CBD7B78DB0612D501EB4001F3E700F0E6
S2140298701F0000EB40000144EDE71F2805D8092E23
S2140298800ABF4000022080B2F5E7C828E4D00020D4
S214029890F8BD00BF45960400F8B506460CF08DFEEE
S2140298A009220021054610F0F3FA00F110042846BA
S2140298B010F0CDFFE4B207462146304605F012FB13
S2140298C00546304610F0C0FBBA05A0EB0403DBB237
S2140298D00AD47C2D0AD0082D0AD8064A505D984232
S2140298E08CBF00200120F8BD1220F8E70320F6E71F
S2140298F0FF20F4E756960400014B1878704700BF25
S214029900C66A002038B5114B04461B7808469BB938
S214029910012038BDA24205F101050FD103EBC103B8
S2140299205B6898470028F3D11E2022464FF6FF7147
S21402993010F056FF0020ECE70025054BE9B213F8BD
S2140299403120002AE6D11446EEE700BFC66A0020A0
S214029950FC9504004FF6FF7307B502220DF10601CF
S2140299600348ADF80630E3F78BFA03B05DF804FB64
S214029970603202E0002307B5ADF80430134B98427C
S21402998021D10B88DA0703D5232003B05DF804FB48
S2140299909B0748BF4FF47F434FF002020C480DF17D
S2140299A0060148BFADF80430E3F73EFA4FF6FF7300
S2140299B0BDF806209A42E7D10222054801A9E3F73C
S2140299C05FFA0020E1E72120DFE700BF1FD1BACA15
S2140299D0603202E0002313B50222038004460DF132
S2140299E006010F48E3F720FA2D2801D0112805D1E9
S2140299F04FF6FF73ADF80630FFF7ACFF9DF8063062
S214029A00BDF806201BB1238843F001032380002003
S214029A10FF2A82BF238843F00203238002B010BDD0
S214029A20603202E0034B1B78002B14BF4420562002
S214029A300E307047AA6000202DE9F04F8DB0179CBB
S214029A4006468946CDE90223BDF85870D588ADF89A
S214029A5016103CB9EC0605D500970BF007F80DB0CA
S214029A60BDE8F08FC5F380242B054FEA043448BFC7
S214029A7044F40064A80511D544F080040A2E00F2CE
S214029A806981DFE816F09A002F0017003700670199
S214029A906701370010009A0037009E00E90548BFAC
S214029AA044F04004EAE74FF001084FF0020B4FF093
S214029AB0000A14E008A95FFA89F00EF0E0F8DDF873
S214029AC02500DDF8291006AB03C3A44B33F8193082
S214029AD0ADF816304FF00008C3460DF1180A002FF5
S214029AE05DD125E006AA0DF116015FFA89F003F0B2
S214029AF017FAEFE74FF6F773994540F22B8115F404
S214029B00026F40F02781964B1B78022B03D0043B52
S214029B10012B00F2218147BB032E4FF001080CBF38
S214029B204FF00C0B4FF0080BBA4624F4C074A4B2E4
S214029B308C4B18884FF6FF73984206D08A49FAF77C
S214029B4067FB10B124F48054A4B2039B38460093FA
S214029B50BDF81620534644F4027105F0EBF9ADF851
S214029B602000002838D1192079E7384610F06CFA20
S214029B700246FFF757FF032E08BF0138824201DD77
S214029B8038206CE7032E4FF001080CBF4FF00C0B89
S214029B904FF0080B4FF0000A24F4C074A4B2029BE4
S214029BA01B889BB91A4639460620009308F0ECFD3E
S214029BB00028BDD140F6014051E74FF00008C346E9
S214029BC075E74FF001084FF0030B70E700233946A4
S214029BD01A4607200093E9E74FF6FF73614A118899
S214029BE099421CD00CF0E9FC03465E4A0430118808
S214029BF0039310F02EFE5D49039B097814F4805FF0
S214029C00D9715949574A1FBF086898604868D86092
S214029C104FF6FF7313804FF0FF330B604B605946CD
S214029C20029A08A805F03AFA00289CD0504C2378ED
S214029C30002B3CD1A7B1384610F006FA0746BDF80D
S214029C40200010F001FA23780744002B14BF1222DA
S214029C500022EB1003F0040317443B44842B8FDCF2
S214029C6015F400570AD0BDF8204020460CF0ABFB96
S214029C7040F4806189B220460CF090FBA6F10803FE
S214029C80012B05D801221021BDF820000CF08CFB18
S214029C90179BBDF8204043B32046BDF816100CF0C3
S214029CA0D6FBBDF82030179A00201380D7E6AA0606
S214029CB0C0D56B0103F020030A2E14BF43F0010344
S214029CC063F07E03DBB2B8F1000F08D000215246E3
S214029CD0009108A800F082FE0028ABD0BFE61A4624
S214029CE0514608A80DF0BAFEF6E720460EF082FBB3
S214029CF0179B024621460420009308F045FD0028E3
S214029D003FF458AF0A2E18D84FF4D963F340DB0756
S214029D1013D5072E0AD00A2E08D0BDF820000DF063
S214029D205DF980F00100C0B2800098E608A80BF04A
S214029D300CFA0028F1D0042091E617B125F0400570
S214029D40ADB22B463146BDF820005FFA89F201F02B
S214029D507DFE84E6012082E6162080E60C5900206D
S214029D60AE6000204C6A0020C76A002061610020B5
S214029D70AA600020F7B50F469DF828100446DDE9D4
S214029D800B061D46F1B94FF6FF739C421CBF174BDC
S214029D901C804FF000041CBF154B1A70BDF824003F
S214029DA005F012FA00232A46CDE90043394606207A
S214029DB09DF82030FFF740FE10B90EB1AB7A337033
S214029DC003B0F0BD78B14FF6FF739C421FBF074B3E
S214029DD01C80074B1A7000220CF00AFC044600286E
S214029DE0DCD11920ECE72120EAE700BF4C6A00200C
S214029DF0616100202DE9F04788469DF82810074645
S214029E0016461D469DF820A0BDF824900B9839B141
S214029E1058B300220CF0ECFB044610B9192025E0DA
S214029E200C464FF6FF739D421FBF114B1D80114B10
S214029E3083F800A04FF6F7739E4208D80E4B4FF6F3
S214029E40FD761A784FF6FF73002A18BF1E4648465C
S214029E5005F0BAF900233A46CDE9084331464346AF
S214029E60BDE8F0470320FFF7E7BD2120BDE8F087F5
S214029E704C6A0020616100206B6000202DE9F047EB
S214029E8086B09DF838600546DDE90FA80C461746F1
S214029E909946B6BB374B1B78022B1DD125BB4FF616
S214029EA0F7739C4214D80026484605F08DF9002325
S214029EB03A46CDE900632146FF232846FFF7BCFD5C
S214029EC038B9B8F1000F04D0BB7A88F8003000E049
S214029ED0012006B0BDE8F087043B012BDED9084618
S214029EE00BF030F910B31DB3022D31D1EEF7F4FAB0
S214029EF0A042EDD9204B33F814204FF6FD739A4258
S214029F0019E0BAF1000F32D01A4B1B78022B05D19A
S214029F10FFF788FDB042E6D23820DAE7043B012B91
S214029F20F6D908460BF00EF90028F1D11620D0E734
S214029F304FF6F7739C42CBD8002EB4D0314600229F
S214029F4050460CF055FB06460028ADD11920C0E756
S214029F50012DBDD104AA0DF10E01E0B202F0E0FF20
S214029F60064B1B78A342B3D9BDF80E20C5E72120C5
S214029F70AFE700BFAE6000200C590020986A0020B0
S214029F8030B5104B87B005460C461868596803AAC8
S214029F9003C298680C4910609A88DB8852BA23F08C
S214029FA04003ADF812300023CDE90043ADF810208F
S214029FB0FF23098803AA0720ADF80E50FFF73CFDE1
S214029FC007B030BD4A5A0020565A002038B50C4613
S214029FD01146124A124D108022682A6062686A6030
S214029FE0A268AA60E288500616D5EA88520613D5F9
S214029FF061B1002218460CF0FBFA014650B16088A7
S21402A000FFF7BEFF0522074B1A7038BD08460EF052
S21402A01032F9F2E71920F5E70220F6E7565A002051
S21402A0204A5A0020716100202DE9F04F074689B098
S21402A030104615461C468A460EF0DCF901462846AE
S21402A04004F050FF064628460CF0B7FA043010F02B
S21402A050FEFB80460CF042FC804550D0B2074ED143
S21402A060DFF8AC80284605A9B8F800B00EF0A9FAC9
S21402A0709DF81930A8F8007003BBBDF81430EBB990
S21402A08028460CF09AFA023010F0E1FB4FF6F7730E
S21402A090984294BF4FF000094FF0010901230134A2
S21402A0A0E4B22A463846CDF8009005A9039303F099
S21402A0B001FC039B40B901339C421ED20020A8F843
S21402A0C000B009B0BDE8F08F022CF8D1012BF6D112
S21402A0D00C4A0D4BA3F800A01378591C11700B4ABA
S21402A0E07F3B16F00C01137007D1BDF81A305B06E1
S21402A0F003D5BDF81600FFF743FF0223D1E7002081
S21402A100DFE700BFAC6000204C6A002061610020DF
S21402A110565A00202DE9F04FABB00F46ADF81E00A0
S21402A1200CF04BFA00F1020A0646504610F08FFB7E
S21402A130BDF81E40054620460EF05CF90146204654
S21402A14004F0D0FE814600F00308301D10F07FFBBD
S21402A150414C20800CF0C2FBA8422DD04FF6F7737C
S21402A1609D4229D87378DA0726D428460DF0FCFEDD
S21402A17030B101232946BDF81E202088FFF754FF80
S21402A1800CF0ACFB344B1B8883420FD1BDF81E404B
S21402A19020460EF02FF90146204604F0A3FE10F0EA
S21402A1A00C0103D1BDF81E0001F00EFD00222B4B60
S21402A1B01A602BB0BDE8F08F2949BDF81E000EF0DC
S21402A1C000FA2849BDF81E000EF05EF90028254B5D
S21402A1D008BF0023214ABDF81E0013600CF079F96F
S21402A1E0214B1870BDF81E000CF078F91F4B187042
S21402A1F0BDF81E000CF07DF91D4B186000238DF88B
S21402A2002230002F3AD0164BDB889B0636D5194BE8
S21402A2101B689D071ED4B8F1010F14BF082318232C
S21402A2200DF12202009200220DF11E00114600F0EE
S21402A230D5FB18B3B8F1010FA2D10F4B1B78112B27
S21402A2409ED10DF0AAFC00289AD140F61D40FBF7DD
S21402A2500FFB95E70823E3E7565A002044550020F3
S21402A2604A5A0020596100205461002053610020A0
S21402A27030550020A8460020AE600020504610F060
S21402A280E6FA8246BDF81E000FF0DEFEA0F11005CB
S21402A290EDB22A4631460AA8F1F70EFBFF238DF8E7
S21402A2A02F304FF6F7739A4540F2DF80B8F1010F70
S21402A2B000F0E780B8F1020F00F04681B8F1000F17
S21402A2C07FF45EAFA44DBDF81E00EB88ADF8240007
S21402A2D004930CF072F9BDF82460074630460EF07F
S21402A2E089F80146304604F0FDFD8DF82300B81CBF
S21402A2F07E7810F0ACFA07460CF0F0FA06F001068B
S21402A300B4F8009003906C88002E7FF439AF4FF6B5
S21402A310F77A4246494657458CBF0620082010F079
S21402A3205FFABDF824B058460EF064F85946024665
S21402A33043460420CDF8008008F003FA57458346CA
S21402A3400AD8B5F90620EB88002A05DB580603D59D
S21402A35041462046FFF714FEBBF1000F3FF410AF54
S21402A3602B88002B5AD16B79002B57D14FF6F773F7
S21402A3700DF126019F42BDF8240094BF4FF0000B5A
S21402A3804FF0010B0DF0DAFCDFF8D8A100F1FF3830
S21402A390BAF800301FFA88F10593EB88BDF826005C
S21402A3A0069304F09FFD069B0499019000932246B3
S21402A3B05B460598C1F340110AF0D1FE00283FF42F
S21402A3C0DFAE042306200093BDF82610624B5FFA28
S21402A3D088F208F0B6F900283FF4D2AE48F202033B
S21402A3E06A889A4205D1BDF82410BAF8000000F037
S21402A3F025FF594D09AA29460DF123000AF0ADFEA4
S21402A400034600287FF4BCAE2104BAF80000BDF86B
S21402A410242060D5234629460DF0A5FC9DF823305E
S21402A4204D4D03F00C030C2B75D128890DF066FCFC
S21402A43000283FF4A5AE039B002029894B4514BF94
S21402A4400226032602F044FC444B18704FF6F773BC
S21402A4509F42BDF8240075D8A4F1380253425341F6
S21402A46032463D4904F036F88AE6B8F1020F6BD060
S21402A470394BB3F90630002B26DAB8F1010F7FF418
S21402A4801DAF0CF02BFA238883423FF479AE0520E9
S21402A490BDF81E10FFF736FA00283FF471AE2E4ABA
S21402A4A0D3885B0607D50023CDE900330A20FF23B5
S21402A4B02188FFF7C1FA3A469DF822302188BDF876
S21402A4C01E0002F01DF85BE629460AA800F070F8A6
S21402A4D00028D2D054E60221DFF88C8088F80010DB
S21402A4E02946CDF800B003F0E5F9132C96D0EB8898
S21402A4F05D0493D41A4B1B78D80703D598F800202E
S21402A500022A8BD099077FF53BAE98F80030012BD4
S21402A5107FF436AE82E700222B79124800936B79DD
S21402A5201146008802F0FCFB0C4B18709DF8233095
S21402A53003F00C03082B89D1039B4B4514BF04265A
S21402A540052683E701238BE74846BDF81E2002490D
S21402A55001F0AEFA14E600BF4A5A002070610020ED
S21402A5606F600020565A00206261002010B500215C
S21402A57008480CF086F8044650B101460420FFF75E
S21402A580C1F928B12046BDE810400121FFF7C2BD3F
S21402A59010BD00BF3A5A0020034BFF211A78034829
S21402A5A09200F0F7F9BF00BF996A002060430020CE
S21402A5B070B5451804464FF0FF31AC4212D1104B2D
S21402A5C010481A7805460023934211DB0E4C207879
S21402A5D0431CB3FBF2F602FB163345F82010237039
S21402A5E000200CE014F8010BE1F79EFD0146E4E7BB
S21402A5F050F8044BA14201D00133E5E7012070BDBB
S21402A600996A00206043002063610020042307B596
S21402A61001200DEB0301054AF9F76AFA019B044A89
S21402A6201B03136003B05DF804FB00BF23E11100B7
S21402A63040550020014B1868704700BF4055002067
S21402A640014B1868704700BF4055002010B5064CF5
S21402A6502368C3F30B0313B90448E2F7D5FB20685B
S21402A660431C236010BD00BF4055002023E11100AB
S21402A6702DE9F04F93B003930023DDE91C7906938E
S21402A68099F8003083460DA804930E4615460AF044
S21402A690F4F999F8003013F003043ED0039B0DF151
S21402A6A0250A8DF824300022082138460CF0A4F83A
S21402A6B0002870D028880BF080FF99F800301C071D
S21402A6C04CBF0430023010F0C2F807A98046F9F7F2
S21402A6D09FFB9DF824300446980633D5288806F159
S21402A6E00D010DF05AFEA8B1002300933846082348
S21402A6F02988721D10F0A4F999F8003003F01803A7
S21402A700182B4AD1B8F1000F47D0A94BB3F86830DE
S21402A710434542D040F60A4327E02888711D0DF0D3
S21402A7203CFE0028F6D0009405233246298809A864
S21402A73010F086F99DF824300DF1240A03F0180370
S21402A7400393B0E714BB39464046F9F761FD00288B
S21402A750D2D099F800309907DCD040232246214611
S21402A76040460DF0A7FB40F6094399F8002012F088
S21402A770030440F0F780288803930BF081FE2246FC
S21402A78001461A2010F02CF8039BEBE007AB03CB34
S21402A79038607960B0E74FF6FF780AF0C3FC0446EB
S21402A7A020B104213846F9F74FFB04461E9B002BC6
S21402A7B05AD009231E990DA88DF834300AF0D7FA1C
S21402A7C0209B0BB1209B0693039B002B40F08E80B0
S21402A7D00DA8EEF731FB99F800309A0700F0988042
S21402A7E0FFF734FF5146024601200AF0E5FC99F8CD
S21402A7F000309B0710D5594628880DF0A8FE0BF1AD
S21402A800090350FA83F35FFA83FB594628880DF052
S21402A81075FE00EB0B06F6B299F8003013F0C20F85
S21402A8200AF104030DD09DF82420624942F020026A
S21402A8308DF824200A68CAF804204A685A600AF189
S21402A8400C03012209A800921B1A324629889BB2E1
S21402A85010F0F6F8324659462846FEF7E1FE002882
S21402A86000F0A48000237DE01F9B5BB19E460DF1A5
S21402A870340CBEE80F00ACE80F00DEF80030CCF86F
S21402A88000309DE7049B594603F020032888049372
S21402A89004F028FB10F0030F0CBF012300230593DE
S21402A8A0049B059A003B18BF012342EA4303009328
S21402A8B00DAA06AB38461F9900F0FEFA049A034624
S21402A8C082B1002880D0059B0DAA0093384606ABBD
S21402A8D01F9900F0F1FA034699F8002022F02002B0
S21402A8E089F80020002B3FF46FAF3EE7039B102B46
S21402A8F006D1BDF8363043F00103ADF8363067E7CF
S21402A900039B182B4FD1BDF8363043F00203F4E711
S21402A91001200DF125010AF05DFC99F8003082460F
S21402A92013F0040F288821D1069B1BB3002C35D0C8
S21402A9300BF0A6FD0022014616200FF051FF84B14F
S21402A9407FB14FF6FF7398450BD000230DA91A4628
S21402A95038460AF01DFB394640469DF835200AF077
S21402A960F7FB0123184613B0BDE8F08F002CDFD1A9
S21402A970104F01E0002CDBD10023324600935946EB
S21402A9803B460CF06BFF00283FF4C4AE002C3FF4AD
S21402A99069AF069A0AF10103136063E71B68534521
S21402A9A0C6D80124E8E740F60A43DBE71923D9E7CD
S21402A9B02854002031610020002307B5054A0648C6
S21402A9C0136004220DEB02010193E2F759FA03B079
S21402A9D05DF804FB4055002023E111002DE9F04FFD
S21402A9E00446B1B000888DF82F3016468A460DF020
S21402A9F001FD0146814620880DF080FD00EB090826
S21402AA0020880DF0CDFD00239DF82F505FFA88F8C0
S21402AA1015F001070790ADF8363008D101460DF162
S21402AA20360220880DF073FC08B1ADF8367016B900
S21402AA30CDE90E660EAEFEF763FC18B145F02005B2
S21402AA408DF82F500023CDE9033302930DF12F0327
S21402AA50CDE900632246534641464846FFF708FEC4
S21402AA600546002800F043819DF82F3013F00107B9
S21402AA7046D1B44A23F02003106851688DF82F306F
S21402AA8010AB03C3184600F0FBF90546FEF744FD7B
S21402AA90BBB2984200F2B7803A9B13B100233A9AAF
S21402AAA01370BDF83630CBB1012120880FF0E8FADA
S21402AAB027880546002800F04F81012138460FF00E
S21402AAC0DFFABDF83670054638460FF0BDFA0023A9
S21402AAD000903A46194628460DF09CFB0023CDE925
S21402AAE0033302930DF12F03CDE90063224653464A
S21402AAF041464846FFF7BCFD0546002800F0F780B1
S21402AB009DF82F3003F01103102B40F003818E4B7B
S21402AB101B78432B40F0FE808C4B1B685B0640F193
S21402AB20F980208808F105010DF037FC83460028DD
S21402AB3000F0F0804146208804F0D4F9844B10F0EF
S21402AB40200F08BF1E4612A800F09AF908223146C6
S21402AB5012A8F1F76DF8002800F00E81314612A80F
S21402AB600AF0BFFA012326AE00933246002314A948
S21402AB7012A800F0A1F9002840F0CC8012AB0DF12B
S21402AB802F07CDE9036002900093224653464146C2
S21402AB9048460197FFF76CFD002800F0EF80BDF8ED
S21402ABA09A30102043F0080318AA14A9ADF89A3078
S21402ABB00CF02BFD002840F0AD8012ABCDE903600F
S21402ABC0CDE9017000932246534641464846FFF7B8
S21402ABD04FFD0546002840F09D8018AB4FF490715B
S21402ABE0002012AA00F0D4F84FF0005100200CF01A
S21402ABF089FFBBF1000F00F08C804FF080510020DF
S21402AC000CF080FF85E018AB14AA26A9F8B20AF069
S21402AC1014FA002840F09480082210A927A8F1F719
S21402AC2007F88346ADB19DF8A53013F0020F0893DE
S21402AC300FD0082212A927A8F0F7FAFF48B9089BF6
S21402AC40590706D53A9B13B101233A9A1370089511
S21402AC5007E03A9B002B61D1BBF1000F70D10023B5
S21402AC6008930DF1740C14AB0FCB8CE80F00BDF8F3
S21402AC703630CBB1012120880FF002FAB4F800B0CA
S21402AC8000284FD0012158460FF0FAF9BDF83620B9
S21402AC908346104609920FF0D7F900231946099AFF
S21402ACA0009058460DF0B6FA2A4B0DF1740B049339
S21402ACB0002303930DF12F03CDE90063224653468A
S21402ACC041464846CDF808B0FFF7D2FC002837D1F7
S21402ACD0002D33D012AA5B464FF482714FF4005017
S21402ACE000F056F8089B13B126A809F0C1FF174BCF
S21402ACF01B689A070DD4FEF703FB50B1114A18AB36
S21402AD001068516803C3002226A918A80CF0A0FCFC
S21402AD1068BB0025284631B0BDE8F08F00233A9A7A
S21402AD20137099E7BDF836200A90104609920FF084
S21402AD308BF9DDE9092307990090B2E72A46CAE7AC
S21402AD400137A3E6DFD10300AE600020A84600204C
S21402AD5092540020A4460020BDF836B058460FF0A4
S21402AD6073F92B4600905A4638460799B4E626A948
S21402AD7018A80CF0A9FCC6E78346F3E614AB2DE749
S21402AD8001461A230120014AF8F7B2BE24E1010067
S21402AD90F0B5164691B0074609A80D461C46FFF7C1
S21402ADA0EFFF3EB1336845F04005CDF826307368B4
S21402ADB0CDF82A301B4B1A6822EA070242EA05013E
S21402ADC019604B040DD5BDF824200B0A03F4E243A8
S21402ADD0C9B222F4E3420B4322F07F021343ADF8DA
S21402ADE024301A230020104A09A9F8F781FEB4B1CC
S21402ADF004A809F042FE02236A468DF81030154672
S21402AE00234604F11006144618685968083303C42A
S21402AE10B3422246F7D1294604A809F0A8FF11B08A
S21402AE20F0BD00BFA846002024E1010047F2FF1053
S21402AE30044B196841F48042014041F480411A6093
S21402AE400CF060BEA846002000B589B0FEF7CAFB2B
S21402AE5001A8FFF795FF0948BDF804200168130210
S21402AE6021F0FF0103F4E2030B43D2B2134343F48F
S21402AE708043036009B05DF804FB00BFA8460020CB
S21402AE8010B50C4B0446186888B0830706D54FF0F9
S21402AE90FF3323600120636008B010BD10F040004D
S21402AEA0FAD001A8FFF76CFFDDF806302360DDF864
S21402AEB00A30EFE7A84600202DE9F04F99B0814608
S21402AEC00C461E4617469DF88880A2B115462846AF
S21402AED009F0D3FD18F0020B0FD004B911AC6B4683
S21402AEE02246294648460AF086F80EB10023336009
S21402AEF019B0BDE8F08F0CADE9E76B462946484627
S21402AF0004AA0AF045F86B7808F00108FF2B25D052
S21402AF1000287AD154B104AB08AF1A4603CABA4223
S21402AF2020606160134604F10804F6D126B16A78FF
S21402AF30374B03EB82033360B8F1000F01D10020D8
S21402AF40D6E7BDF80030D906F9D418204FF6FF71BF
S21402AF506A780FF045FC40F60E40C9E7DFF8B8A065
S21402AF60DAF800302EB19A0756BF2A4AC6F800B061
S21402AF70326003F03003102B01D0202B1ED111A813
S21402AF80FFF7FEFE082248460DF14601F0F750FE96
S21402AF9028B1DAF8003003F04403402B0ED0B8F1A3
S21402AFA0000F0ED108A80CF0B1FD02232B70C4B915
S21402AFB0002FC4D0281DFFF763FFC0E740F60A4003
S21402AFC096E7DAF80030DB03ECD508A80CF09EFD15
S21402AFD002232B70BCB9002FB7D0281DFFF750FFF5
S21402AFE0B3E7002608AB0CAF1A4603CABA42206083
S21402AFF06160134604F10804F6D1281DFFF740FFEE
S21402B000002E9CD0A1E70126ECE72D2070E700BFBA
S21402B010BC420020A4460020A846002049B9084B9E
S21402B020197849B14EF66023594328B105480FF006
S21402B030DBB841F28831F8E70248F8F7DFBC00BF18
S21402B0406D600020F445002070B586B00546F8F71E
S21402B050C3FD10B9022006B070BD01A8FFF710FFAD
S21402B06006460028F6D08DB92E4B1C6814F0020452
S21402B07006D02D4B1B78112BECD12C4BB3F8684025
S21402B0804FF481630221ADF80C3023E02846F9F72D
S21402B0902DF90028DED1234B1C6814F0020406D0DA
S21402B0A0214B1B78112BD5D1204BB3F868400822D0
S21402B0B0294601A8F0F7BCFD0028E1D04FF4027340
S21402B0C000260A21ADF80C302B68CDF80E306B68DE
S21402B0D0CDF81230002203A80BF08AFA024608B90D
S21402B0E01920B8E70F4B196801F03003102B17D060
S21402B0F0202B14BF01230323490001F004010B4354
S21402B1002046002100F0F4FF0028E9D000210120AB
S21402B110FFF784FF16B10122054B1A7000209AE74A
S21402B1200323E9E7A8460020AE600020285400204A
S21402B1305861002030B500251D4C85B0CDE900557C
S21402B140F8F75CFC23784BB31A491B480A78007858
S21402B150904223D90132012B0A700ED12A464FF4AF
S21402B160A071284602F0BEFAC0B2B8B941F28831E0
S21402B17012480FF039F805B030BD022B09D1284627
S21402B18002A9F9F745F80028EED102A8FFF75CFFFE
S21402B190EAE7032B02D101F065F9E5E7002108464C
S21402B1A02170FFF73BFF0421684609F0D4FBE2E773
S21402B1B06461002065610020CF6A0020F44500200B
S21402B1C070B5194A194D04465168106886B02E7833
S21402B1D001AB03C31EB10224204606B070BDF8F7C9
S21402B1E045FD0228F7D103A800F0E8FD082201A9D0
S21402B1F00DF10E00F0F71CFDA0B10D4B32464FF4D8
S21402B200A07130461C7002F06DFA04460028E3D1A5
S21402B2100123084A41F2883107482B7013700EF05A
S21402B220E3FFD9E72324D7E75F9604006461002092
S21402B230CF6A002065610020F4450020F0B50C4678
S21402B24000219BB02B4F0646492207A80691F0F72D
S21402B250A3F93B78012B34D19EBB0DF10E0120469B
S21402B2600CF06CFD0546BDF80E000EF0EDFE441B1C
S21402B270E4B2BDF80E1023462A46009606A80FF042
S21402B280DFFB304604A9F8F7C3FFD0B9CCB19DF86E
S21402B2901920B2B9BDF8233003F47E43B3F5285F14
S21402B2A01ED3B3F5385F0ED31349BDF80E000B68F4
S21402B2B043F400030B60294609F02DFF18B104235E
S21402B2C03B701BB0F0BD01220C4B04A81A70FFF7AE
S21402B2D0BBFE41F288310A480EF086FF0223EFE7F2
S21402B2E011463A70FFF79AFE1E2104A809F033FBB6
S21402B2F0E7E700BF64610020A846002065610020E1
S21402B300F4450020014B1870704700BF65610020AD
S21402B310014B1878704700BF64610020014B18701B
S21402B320704700BF646100202DE9F04F0446408854
S21402B33091B00E298846ADF81A0074D094F8089099
S21402B340A7790BF03AF909A90546BDF81A00E6797D
S21402B3500DF037F9BDF81A000BF035F8430542BF79
S21402B360BDF82A3043F40053ADF82A30E379D80604
S21402B37042BFBDF82A3043F48053ADF82A30BDF8F8
S21402B3802A30990613D5022F52D10CA9207A0CF036
S21402B39076FCDDF83500DDF8391007AB03C307AAE3
S21402B3A00021042300910DF11A00FFF717FB01217B
S21402B3B0BDF81A000EF064FE022F824644D1454BB9
S21402B3C033F81950B8F1000F79D0BDF82A305A0672
S21402B3D075D54FF6FB72954271D83F4AB2F868208F
S21402B3E0AA426CD0DB0502D528460CF08EFDBDF8CD
S21402B3F02A30D80463D5002F33D1BDF81A000AF0DC
S21402B400E2FFC10663D548F23403BDF826209A420D
S21402B41009D1324E3078FF2805D003222946FCF7A0
S21402B4202BF9FF2333700023236011B0BDE8F08FA1
S21402B430012F01BF237A2A4A03EB430302EB83035D
S21402B44014BF00229A1CABE7012F05D10C2303FB85
S21402B45009F3234AD55AB5E7A81C0FF0F8F90546B2
S21402B460B0E7284601F07CFDBDF81A000AF0ABFFF3
S21402B470C206C8D46389504605930EF0E5FD83469E
S21402B48050460EF0C5FD059B02905FFA8BF04A46C9
S21402B490394601900093404609AB09F0F4F9B8F139
S21402B4A0000F14BF0B20092016F0030218BF02F18A
S21402B4B0FF32294618BFD2B20FF092F9A3E7BDF8C1
S21402B4C01A000AF080FFC3069DD4002FD2D1A946E7
S21402B4D0D0E700BF0C59002028540020D36A002071
S21402B4E04C58002038B500240F4B104D2A78A24243
S21402B4F005D8C2B9BDE838400D48F8F77FBA598872
S21402B50069B9013AD2B2A2422A70EFD0121B18468B
S21402B51003F110011201F0F791F80346E6E7013451
S21402B5201033E4B2E2E738BDC04200206861002072
S21402B5308869002070B51A4B1A4A1D780023DCB2BF
S21402B540A54200D870BD144666880133864202F1D1
S21402B5501002F4D1E379A588E16003F040028DB9C8
S21402B560CAB123F00403E3710BF027F8037803F063
S21402B5707F03037021880029E4D1BDE870400A48A1
S21402B5800EF032BE00216580A180002AE9D1BDE816
S21402B5907040FFF7A7BF2046FFF7C6FEF7E700BFDB
S21402B5A068610020C0420020886900202DE9F0472B
S21402B5B0044686B040880F4615460AF0FEFFA37979
S21402B5C08046082B52D8DFE803F0052E1851515159
S21402B5D05151050002300FF03AF9002D4ED069465F
S21402B5E0F8F716FE002841D1684601F063FDB0FA6E
S21402B5F080F0400906B0BDE8F08702A9207A0CF078
S21402B6003EFB6B466E46DDF80D00DDF81110334A40
S21402B61003C3237A32F81390314AD05C75B13146AF
S21402B6200CF051FBE6E7237A2E4903EB430301EBCA
S21402B630830231F82390907A961CEFE74FF6FB7A56
S21402B640D14515D930460CF088FC4FF6FF73984268
S21402B650054615D00146304601F09EFC554508D9F0
S21402B660E379DA060ED440F62243E3600020C1E70F
S21402B6704D46294608F102000FF0EBF80120B9E723
S21402B6804D46EDE74FF6FC78454512D103F00C0324
S21402B6900C2B1CD1DFB130464FF6FD7101F07CFC5D
S21402B6A040F61F412046E160FFF73EFEFFF71AFF15
S21402B6B0DCE74FF6FD739D4209D10023304619465A
S21402B6C01A4602F0DBF84146304601F065FCE379A3
S21402B6D043F00C03E37140F62343C6E70C590020FF
S21402B6E0746000204C58002073B5044640880E460D
S21402B6F00AF063FF02300FF0AAF809F023FD18B132
S21402B700A11C201D09F023FDE6B1E5790135EDB255
S21402B710E57115F0400514D0ECF7D8FE0122054677
S21402B72000212046FFF742FF18B1394B1B882B44F5
S21402B7309DB2384B1B78042B01BF354B1B885B1917
S21402B7409DB22580002231462046FFF72FFF20B308
S21402B75060880AF032FFE2792F4922F00C03E37187
S21402B7600B7805460133DBB20B70C3712B4BA61C5C
S21402B7701B780BB3E37998061ED52949097871B16F
S21402B78059060CD592070AD50022042311463046E4
S21402B7900092FFF723F910B1E06002B070BD0022FC
S21402B7A00123114630460092FFF718F920B1E379DB
S21402B7B043F00303E371EFE7304609F0C6FC0028C6
S21402B7C0EAD16088FCF7C0FA0328E6D8DFE800F082
S21402B7D0020D1D19E37943F00403E3711B06DCD561
S21402B7E0104B1A78104B1A70D7E740F62443E360E2
S21402B7F0E37943F00803E3712B7803F07F032B70A1
S21402B800CBE740F62543E360C7E740F62643FAE770
S21402B810266A0020AF600020AC600020AA600020EC
S21402B820D06A002072600020676100202DE9F74F81
S21402B83006460EF022FF5F4B0546B3F800901880CE
S21402B8405D4BA0EB09041B78A4B2A34298BF002369
S21402B8504FF000084FF6FF7788BF1B1B564A88BF7B
S21402B860DBB21370DFF864B1A9EB00030093534B0D
S21402B8705FFA88F2197891420ED80EB1FFF732FEBF
S21402B8804FF6FF739F4200F08E8039464C4803B055
S21402B890BDE8F04F0EF0A8BCBBF80220002A3CD050
S21402B8A0484B9BF807201878BBF800A0042818D04D
S21402B8B00020BAF1000F08BFA2462044504523D20A
S21402B8C0BBF80010009B1944ABF80010002E4ED0B7
S21402B8D002F04802482A4AD100215846FFF704FFE0
S21402B8E045E00192F8F704FC30F01003019ADFD12C
S21402B8F0FBF746FC344B019AB3F800C08445D7D90F
S21402B900ACEB000080B2D4E702F00C00042807D1AA
S21402B9100022ABF800200BF1100B08F10108A6E795
S21402B920510602F0030C02F008000ED528B3BCF153
S21402B930030F25D1DEB1DBF80C105846002908BFEC
S21402B9404FF44261FFF7F0FC11E040B3BCF1010F87
S21402B95025D11206EED44FF4C862ABF800209BF84D
S21402B960072022F0030242F002028BF80720BBF8FF
S21402B9700020974228BF1746CDE703208445D9D238
S21402B98013060ED50C4B1A780AEB0200844208DA2C
S21402B9904A44521B0AEB0201ABF80010E7E701200B
S21402B9A0ECE7012199E7064803B0BDE8F04FF8F747
S21402B9B025B800BF405A0020676100206861002059
S21402B9C088690020AF600020266A0020C04200205E
S21402B9D0F8B500250A4E0B4F3378ECB2A34204D8D2
S21402B9E0BDE8F8400848F7F719BD07EB0414A01C99
S21402B9F0F7F714FD201DF7F711FD0135ECE700BF40
S21402BA0068610020C0420020365A002070B500242B
S21402BA100B4D0C4E2B78A34208D81B1BDBB22B70A7
S21402BA206BB9BDE870400848F7F7E8BF06EB0410AC
S21402BA3040F621410134FFF777FCE4B2EAE770BD35
S21402BA4068610020C042002088690020F8B5154EC3
S21402BA50DFF858E035789EF800E0134FAE454FEA1F
S21402BA60051C07EB051419D0002503F4835343EA9B
S21402BA701323A1712272E371608027F80C50A5800F
S21402BA8003F0A8FB40F60243E3603378608101339B
S21402BA9028463370FFF7CAFE2846F8BD40F6034034
S21402BAA0FBE700BF68610020C0420020976A0020C2
S21402BAB02DE9F04F344B0D461C78174685B05CB91D
S21402BAC0B1F90680DFF8C890DFF8C8A0DFF8C8B082
S21402BAD099F80030A34202D805B0BDE8F08F0AEB11
S21402BAE00416B08800B9708801A90CF06AFDAA7A1B
S21402BAF09DF80E309A4244D1B8F1000F0FDA297A37
S21402BB009DF80C202B89914209D8204800780844D9
S21402BB10824236DA521A1B0A1341D90731D5384601
S21402BB200CF03EFDBDF80A3004469A0602D5EB88B4
S21402BB309B06D1D5F37903F00C03042B08D1708849
S21402BB40F9F786FD00237288194618460CF0FFF9AD
S21402BB5000213046FFF7E8FBFFF7C4FC38460EF03C
S21402BB6073FA844208D2337A01228BF800302946CF
S21402BB700023384602F0AEFCB8F1000FACDA00241F
S21402BB80A6E70134E4B2A3E766610020966A0020C5
S21402BB9068610020C04200207061002008B50EF0E7
S21402BBA06CFD074B1B88C01A80B2B0F5807F05D9A2
S21402BBB0BDE80840002103480EF016BB08BD00BFD2
S21402BBC0405A0020886900202DE9F04788B00446D4
S21402BBD00D460CF00FFC0146204603F083F910F0E8
S21402BBE003035FD110F00C0F06D12946204608B099
S21402BBF0BDE8F047FFF79EBC20460AF0E4FBC3060A
S21402BC0038D420460CF0F6FB0146204603F06AF9CB
S21402BC10064620460AF0D1FC804602300EF017FE99
S21402BC2005A9074620460CF0CCFC06F00C0698F850
S21402BC3001300C2E0CBF4FF003094FF0060901210C
S21402BC4013F0010F204618BF4FF003090EF018FA42
S21402BC50174B80461B88A3420FD1B5FA85F04009E0
S21402BC60FBF748FC20460AF0DCFB002201460720D0
S21402BC700EF0B6FD08B0BDE8F08703F0ABFA8246D8
S21402BC8040460EF0E1F9064640460EF0C1F9F6B21D
S21402BC9002903A4649462846CDE900A605AB08F08A
S21402BCA0F2FDDFE7012BE5D110F00C0FE2D19CE7A5
S21402BCB0365A0020002210B5094B1C78094BD1B227
S21402BCC08C4201D8002010BD197A814202D199799E
S21402BCD0022902D010330132F1E70120F3E700BF58
S21402BCE068610020C04200200146002210B5084BC1
S21402BCF01C78084BD0B2844201D8002010BD187AB6
S21402BD00884202D198790128F8D010330132F1E73F
S21402BD1068610020C0420020002210B40A4B1C7842
S21402BD200A4BD1B28C4203D85DF8044BFFF7DABB5C
S21402BD30197A814205D19979012902BF0021198019
S21402BD40598010330132ECE768610020C0420020BF
S21402BD50024B1878003818BF01207047686100202F
S21402BD60044B1B6813F0300F03D0202130200BF059
S21402BD70C9BE7047A8460020002310B504460849ED
S21402BD801A4601EA00414FF07F60FFF701F8E30729
S21402BD9003D5002130200BF0B5FE002010BD00BFF9
S21402BDA000007207044B5B8823F4784323F08D036C
S21402BDB003800020704700BFA846002008B5002276
S21402BDC00346C3F80220C3F806200B4A0230126864
S21402BDD0D1B212F0200F18BF41F01001198093075C
S21402BDE001D4FFF74DF8054B1B78023B032B8CBFA3
S21402BDF01720002008BD00BFA8460020AE60002025
S21402BE0038B505460C46FDF7EDFB98B10E4B187893
S21402BE1078B10E4B1B681A040FD58CB113F0420F83
S21402BE2000D17DB103F44073B3F5407F0CBF002010
S21402BE30232038BD40F60840FBE740F60B40F8E703
S21402BE402046F6E72320F4E7AA600020A846002052
S21402BE50F0B504468DB007A80D46164608F00DFE4E
S21402BE601022002103A8EFF797FB5CB1234603AC30
S21402BE7003F11007224618685968083303C2BB420A
S21402BE801446F7D1012703A986EA070307A88DF807
S21402BE901C708DF81D3008F05BFF80EA070401A8CD
S21402BEA0E4B2EDF727F8B6B101A88DF80650EDF723
S21402BEB04DF864B1002303A907A88DF81D3008F0D9
S21402BEC056FF0C4B1B78432B01D1F9F7DBF80A4BD4
S21402BED01D700DB0F0BD01A88DF80750EDF736F8CD
S21402BEE0002CF6D003A907A88DF81D7008F03FFFB6
S21402BEF0EFE700BFAE600020A9600020F0B5012584
S21402BF0093B007460DA80C4608F0B7FD05A90DA884
S21402BF10ADF8345008F046FF01A8ECF7EBFF09A98C
S21402BF200DA88DF835509DF8066008F03BFF0DA869
S21402BF309DF8075008F0CCFE70BB731BDBB2802B5B
S21402BF4028D91FB1A64225D0A54223D105A90DA8FE
S21402BF5008F00DFF03A8ECF7CDFF03A88DF80F60DD
S21402BF60ECF7F4FF0122294609A8FFF771FF0AF051
S21402BF70AFFE01214FF400700BF0D4FFFDF71AFB61
S21402BF80B0F1004F01D9FDF71BFB044B187808F0FF
S21402BF90E0FC012013B0F0BD0020FBE7A960002002
S21402BFA070B50E46144605460320FFF7B7F946F06D
S21402BFB004022946204608F034FF0022014B1A608C
S21402BFC070BD00BFA4460020F0B587B007880546BE
S21402BFD01022002102A8EFF7DFFA3E4B1B78002B57
S21402BFE076D1BC055ED407F08403842B63D000228E
S21402BFF0394C11461046FFF72BFF17F4045F2760F3
S21402C00005F102061CD0B9040AD5304602F09CFAA5
S21402C01000284ED1236823F4005343F48073236030
S21402C02030460BF0EBFD002842D108F024FD18B98B
S21402C030236843F480332360236843F0200323609D
S21402C04022680DF1060042F400432360FFF7AAFEC1
S21402C05012F4805FBDF8063031D043F02003ADF80D
S21402C06006302168334611F0400218BF05F123025C
S21402C0704FF07F60FEF78CFEBDF80630DA0703D578
S21402C080002130200BF03EFD23689B0506D50122D9
S21402C09095F8221005F11200FFF7DAFE00200F4B8A
S21402C0A0186006E005F112000BF0A8FD00289AD0F1
S21402C0B0292007B0F0BDB80799D52320F9E723F069
S21402C0C02003ADF80630FDF77BFAFEF775FCC8E7ED
S21402C0D00220EEE7AE600020A8460020A44600201C
S21402C0E0024B1868C0F30050704700BFA8460020F5
S21402C0F02DE9F04F064689461046002189B01546BE
S21402C100984602F0EFFE102807460AD86A4B03410B
S21402C110DB0706D4C8F340049DB9002009B0BDE889
S21402C120F08F664B1C78002CF6D0FFF7D9FF00285C
S21402C1300CBF4FF4F0744FF4D074FC4004F00104CA
S21402C140EAE74FF0000A18F0010F53465246294616
S21402C1504FF00500CDF800A00CBF4FF0080B4FF4CF
S21402C160027B06F011FB0028D7D0C8233246009384
S21402C17059465346284602F0DDFEADF80E0000286A
S21402C180CBD018F0080A4AD14FF6F773A7F10F0280
S21402C190D2B29E428CBF09230123012A01D843F062
S21402C1A04003474A8DF810301378591C11708DF8E9
S21402C1B01130002C4FD09DF81030052F43F020038D
S21402C1C08DF8103033D03F4B1D78002D5AD04FF6E5
S21402C1D0F77300259E424FF00F0248D9012304A9A7
S21402C1E00DF10E00F7F75EFB002896D1002C4DD11C
S21402C1F0BAF1000133463A4618BF0121BDF80E00D7
S21402C200CDF8009008F0A8FFADF80E00002884D004
S21402C21018F0040F4DD031460AF0F8FE7EE7494684
S21402C2200DF10E000BF0A3FE0028ADD175E701213B
S21402C230BDF80E000DF024FF012102F053FE01238B
S21402C240834013F0620F1CD11E4B1B78E3B14FF6EE
S21402C250F7731825BEE71B4B25461B780222002BD8
S21402C260BCD04FF6F7739E42B8D8052FB6D0BAF1B7
S21402C270000FB3D19DF8103043F040038DF8103014
S21402C280ACE710250F22A9E71825FBE7BAF1000F45
S21402C2900AD002234A46009029460DF10E00FEF708
S21402C2A09DFB0028A4D038E741235246CDF800A0D3
S21402C2B0F2E70AF093FE31E79FFEFEFFAA60002037
S21402C2C0AB6000209E6000202DE9DF431E46144B23
S21402C2D080461B680F469B0791460A9C1BD4204645
S21402C2E014B108F023FFC0B20622CDE902403B4655
S21402C2F00020CDE900890B490BF0FCFF024650B145
S21402C3000021002E0CBF01230323084604B0BDE81B
S21402C310D043FFF7EDBE002004B0BDE8D08300BFD7
S21402C320A8460020594904002DE9F04F8DB08146F9
S21402C3308A461F4693469DF85C803AB903A8FEF7E4
S21402C3409FFDB0BB00200DB0BDE8F08F1546002261
S21402C350232110460AF04CF9ADF80A000028F1D065
S21402C3600DF056FE0523044618F0100F00F8023BA7
S21402C370677020D011220021EFF70EF904F11306A0
S21402C380032F4FF0080237D159463046EFF756F9D9
S21402C390C8F3801306F10905337208F0C3FE0028BD
S21402C3A03ED000232B706B700123033505F8013C49
S21402C3B036E003ADCBE7012610221699EFF73EF9D9
S21402C3C006FA07F313F0620F02D104F11206D7E75A
S21402C3D007A808F052FB05A88DF81C60ECF78AFD4A
S21402C3E09DF8162018F0200F9DF8173008BF134648
S21402C3F004F11306A374C3E751463046EFF71EF95D
S21402C400012306F10802121B28460093BDF80A1003
S21402C410082392B20EF014FB042F06F11005BCD0CE
S21402C4202D1BA9B20DF10A000BF0CCFE002889D113
S21402C43018F0040F0BD048460EF0F7FAFF281FBF7D
S21402C440074A32F8103023F4804322F8103043466D
S21402C45051464846BDF80A20FFF74AFE73E700BF7A
S21402C460D859002070B5032690B08DF80760F7F70C
S21402C470B3FB18B90224204610B070BD02AD2846A0
S21402C480FEF7FEFC0028F5D01B4B1C6814F00204D5
S21402C490F0D140F20F43194AADF82430136804A8CD
S21402C4A0CDF826305368CDF82A3008F0E6FA95E83B
S21402C4B0030005AB83E80300062304A88DF81D30AD
S21402C4C08DF81060ECF7B8FC01210DF12E020DF18B
S21402C4D00700ECF709FC22461A2109A80AF088F898
S21402C4E0024608B91924C6E7012329462046FFF763
S21402C4F0FFFD0028BFD1F5E7A846002031610020E5
S21402C5002DE9F04F04460D46002191B01F2208A8DF
S21402C5109B460791EFF740F820460BF06BFF01466B
S21402C520204602F0DFFC8DF8110020460AF045F89E
S21402C5309DF81130467899068146C6F34006204695
S21402C54048BF46F002060CF02BF8804620460DF057
S21402C5507BFD0022A0EB0803DBB2232B28BF23239C
S21402C56000922146424607A80EF06AFA00283AD1FF
S21402C570A24B9DF81C701B789DF81DA0B3B3FFF765
S21402C580AFFD00280CBF4FF4F0734FF4D073FB409E
S21402C590DA072BD5B30729D4082F22D1BAF1040F14
S21402C5A021D1FBF77FFBF0B90123424600932146D7
S21402C5B005200DF1110306F0C4F8A0B1053F0D2FBA
S21402C5C011D8DFE817F024001000AF01BC01C50146
S21402C5D0100010001000100010001000CB01F9012E
S21402C5E0F901052F07D011B0BDE8F08F102F05D145
S21402C5F0BBF1000FF7D0FBF755FBD5E7FBF752FB75
S21402C6000028D1D0052FCFD0112FCDD0EBE7BAF12D
S21402C610050FE8D8204609F033FF029009F1020020
S21402C6200EF015F982460DF11200FFF7BBFB01234F
S21402C6309DF81D8003FA08F313F0620303932DD0CE
S21402C640BDF812309D0722D5B407CCD5FBF72AFBDE
S21402C6500DF11E000BF0D2FAB8F1030F04469DF856
S21402C6602EB02FD10DF12F050AF038F9824540F091
S21402C6703181032EB7D19DF836100DF11E02003916
S21402C68018BF01210DF12E0008F071FDABE7FBF794
S21402C69009FB0028DCD1002EA5D0D9E7FBF702FB68
S21402C6A068B10DF11E000BF0A9FAB8F1030F0446AB
S21402C6B04FF0000B40F082800DF12E05D4E7002EDD
S21402C6C091D0EEE74E4B1B6898072AD5FF22082129
S21402C6D00DF137000AF090F8814610BB034601467A
S21402C6E00DF137020220FEF753FB0AF0F7F88245F7
S21402C6F00DF137070DF12F0523D04FF6F7739A4544
S21402C70040F2ED800022082128460AF075F800283B
S21402C71000F0E580002259460DF11E00FFF798FB57
S21402C72061E70DF137070DF12F0538460BF012FAC7
S21402C730002848D00AF0D2F8824540F0CC804FF06C
S21402C74000092846F7F7D2FD002800F0C480B8F1A9
S21402C750010F5BD0B8F1040F7FF445AF0BF01DFA62
S21402C76010B1032E7FF43FAF002C7FF43CAF3A4665
S21402C77002210DF11E00FFF713FC224B1B7863B15A
S21402C780FFF770FEFEF7C4FD022806D10120FEF771
S21402C790B9FD01210846FEF741FC1B4B1B78022B14
S21402C7A020D10321384608F0D6F8FEF7B1FD01463F
S21402C7B000287FF418AFFEF731FC14E70DF13607B8
S21402C7C00DF12E05B1E7104B1B78432B7FF40BAF10
S21402C7D0B8F1010F7FF407AF0AF080F882457AD1EC
S21402C7E0C146AEE7412B7FF4FEAE054B1B685905EA
S21402C7F07FF5F9AEF9F73EFEF5E600BFAA60002027
S21402C800A846002058610020AE6000206C4D2B78B0
S21402C810022B22D02B78412B3FF4E5AE3CB9FBF736
S21402C82041FA594602460DF11E00FFF711FBFBF7CF
S21402C83039FA00283FF4D7AE0BF0AFF9614C98B145
S21402C84023681B0502D42B78432B0DD1B0070BD4DB
S21402C85040F61A40F9F70CF8C5E60BF09EF90028E8
S21402C860D8D0B207D6D4BEE6206810F0020002D1B5
S21402C87002990BF051FB2B78112B16D12368590520
S21402C88013D50020FEF7E0FB044600287FF4ABAE8B
S21402C8900AF092FA40F61C40F8F7EAFF21462046D4
S21402C8A0FEF7BCFBF8F7F0FF9DE6B20701D5FFF7EF
S21402C8B057FAB9F1000F9DD008F0DDF818B94FF419
S21402C8C080310BF01FF900223F4B38461A600BF0FE
S21402C8D038F98FE70027039B002B7FF40EAF4FF645
S21402C8E0FF73284605A9ADF8143009F0EAFF20B117
S21402C8F0284609F0C7FFADF814004FF6FF73BDF8DF
S21402C900140098423FF46FAE002C0CBF042315238C
S21402C91001930DF11E0300933A4643462946FFF75C
S21402C92003FD60E60DF11D00F7F7E0FC00283FF47A
S21402C9305AAE022229460020FAF79EFE53E6F30775
S21402C9407FF551AE3246284607A90BF00FFB4AE6A2
S21402C9509DF81D100120FFF7D1FA44E6184B1B780C
S21402C960022B20D1002D7FF43EAE05A8FEF788FAF2
S21402C97000283FF438AE154B1D709DF81D30002B75
S21402C98014BF64246524FEF7C3FC032806D1284698
S21402C9902946FEF743FB2846FEF7C0FC214605A8BB
S21402C9A007F0D9FF1FE6043B012BDBD9284608F027
S21402C9B0C9FB0028D6D116E6204608F0C5FB12E6CB
S21402C9C0AE600020A8460020A44600205861002041
S21402C9D02DE9F34105460E46174698460BF0DDF85C
S21402C9E0044640B101233A4631462846CDF8008037
S21402C9F0FFF76AFC04460BF0D0F830B1FFF770FB85
S21402CA0078B10A4B1B689B010BD400233A46314689
S21402CA102846CDF80080FFF757FC002C0CBF0446D2
S21402CA20012404F0010002B0BDE8F081A84600200F
S21402CA3070B58AB005A808F020F8022301AA1546A8
S21402CA408DF81430084B03F110061446186859681E
S21402CA50083303C4B3422246F7D1294605A808F094
S21402CA6077F90AB070BD00BF67960400014B1878CC
S21402CA70704700BFD16A0020014B1888704700BF7C
S21402CA804E6A00204FF6FF732DE9F0439942804626
S21402CA900D4685B00BD000274FF6FD791C4EEBF7FE
S21402CAA01BFDFCB2A0420BD84FF6FF701DE0F7F755
S21402CAB01DFC0028EFD005B0BDE8F04309F00EBF1C
S21402CAC036F814304B4517D8694620460BF09BF8CB
S21402CAD0082241460DF10500EFF7AAF84FF6FF735C
S21402CAE060B99D4204D136F8140005B0BDE8F08363
S21402CAF026F814500BF061F80137D0E79D42FBD0C0
S21402CB0036F81430AB4208BF26F81490F4E700BF9C
S21402CB100C5900202DE9FF4706460F4600254FF622
S21402CB20FD79DFF83C80DFF83CA0EBF7D5FCECB2F1
S21402CB30A04202D804B0BDE8F08738F814304B455E
S21402CB400CD8694620460BF05EF8082231460DF1F5
S21402CB500500EFF76DF808B90AF804700135E4E746
S21402CB600C59002074600020014B33F81000704707
S21402CB700C590020F0B5064600250D4F85B0EBF7A0
S21402CB80ABFCECB2A04201D805B0F0BD37F81430C9
S21402CB90B3420BD1694620460BF071F89DF800307F
S21402CBA0022B1CBF4FF6FD7327F814300135E6E75B
S21402CBB00C59002030B585B004460D46EBF78CFCC8
S21402CBC0A0420FD9084B33F814204FF6FD739A4251
S21402CBD008D8694620460BF052F829460DF10500A2
S21402CBE0FFF750FF05B030BD0C59002030B585B0B8
S21402CBF00446EBF771FCA04219D92046FFF75AF813
S21402CC000546B0B9694620460AF0FDFF9DF8003099
S21402CC102BB1694620468DF800500BF012F84FF6FD
S21402CC20FF720020044B23F8142005B030BD2820E4
S21402CC30FBE740F60440F8E70C5900202DE9F041E6
S21402CC400B7805460E461BB9BDE8F041FFF7CEBF8E
S21402CC50EBF742FCA84231D92846FFF72BF878BBFF
S21402CC60374617F8058B4FF6FF713846FFF70AFF6F
S21402CC700446384600F01EFAB0FA80F04009B8F1D1
S21402CC80000F15D0B8F1030F15D04FF6FF724FF60E
S21402CC90FD73944208BF1C460B4B314623F81540E1
S21402CCA00A4B585528460AF0CCFF0020BDE8F08112
S21402CCB04FF6FF74F0E74FF6FE74EDE72820F5E72F
S21402CCC040F60440F2E700BF0C59002074600020D2
S21402CCD02DE9FF410D4604464FF6FE780F4F0E0A29
S21402CCE0EBF7FAFBA04204D8FF24204604B0BDE8C6
S21402CCF0F08137F8143043450CD1694620460AF0D5
S21402CD0082FF9DF80520EBB29A4203D19DF80630C9
S21402CD10B342EAD00134E4B2E2E700BF0C59002085
S21402CD202DE9F04F0C461746984600254FF6FD7B38
S21402CD3087B09DF840A0DFF85C900190EBF7CCFB43
S21402CD40EEB2B04201D8FF2616E039F816205A4550
S21402CD501ED8304602A90AF056FF3FB99DF80920B0
S21402CD60424515D19DF80C20524511D144B939F8E7
S21402CD701620019B9A420BD1304607B0BDE8F08FD1
S21402CD80082220460DF10D01EEF752FF0028F3D0DF
S21402CD900135D3E70C59002010B514460AF033FFCC
S21402CDA02046BDE8104008220149EEF747BC00BF06
S21402CDB0316100202DE9FF4707461546084608223E
S21402CDC024491E46EEF734FF044600283FD14FF6AC
S21402CDD0FF7ADFF88490EBF77FFB5FFA84F88045F2
S21402CDE00BD385B3384605F06DFD01250C9B1870F4
S21402CDF00120357004B0BDE8F08739F81830534585
S21402CE001FD0694640460AF0FEFE7A789DF8013049
S21402CE109A4216D17A88BDF802309A4211D13A79EE
S21402CE209DF804309A420CD108220DF10501781DB6
S21402CE30EEF7FEFE28B9002DD7D1404605F05DFD7F
S21402CE40D3E70134C7E7FF2005F057FDCEE7002001
S21402CE50D0E700BF316100200C590020F0B5002554
S21402CE60154E164F85B0EBF737FBECB2A04201D851
S21402CE7005B0F0BD694620460AF0C5FE9DF80030B2
S21402CE80032B06D90023694620468DF800300AF0A7
S21402CE90D8FE9DF8002062B14FF6FD734FF6FE7184
S21402CEA0032A08BF0B4626F81430002301353B55EB
S21402CEB0D9E74FF6FF73F6E70C590020746000209E
S21402CEC0F8B50E4604464FF6FF770C4B0C4D1B7812
S21402CED003EB430305EB8305A54202D80024204654
S21402CEE0F8BD2388BB4206D008223146A01CEEF7C6
S21402CEF09FFE0028F3D00C34EEE700BF986A0020AD
S21402CF004C580020044BFF211A78044802EB4202D8
S21402CF109200EEF741BB00BF986A00204C580020F2
S21402CF20F8B504460C4B0D461B781046A3420DD9A5
S21402CF300C27022117FB04117C43084E08223144B9
S21402CF40EEF77CFB335B00202B80F8BD00231360DA
S21402CF5053604FF6FF73F6E7986A00204C5800209D
S21402CF6038B504464FF6FD75FFF704FE0022084B5F
S21402CF701878084BD1B2884200D838BD33F80C1C5A
S21402CF800132A14208BF23F80C5C0C33F2E700BF63
S21402CF90986A00205858002070B505460E46084686
S21402CFA0FFF7DEFF31462846FFF76CFD29460648A6
S21402CFB0FFF786FF00B970BD044624F80C6B0AF032
S21402CFC0FCFD29462046F3E74C58002010B50822FF
S21402CFD086B023490446EEF72BFE20B906B0BDE81C
S21402CFE0104009F07BBC082220461E49EEF720FEC0
S21402CFF020B91D4BB3F8680006B010BD002301220D
S21402D00021464FF6FF700093FFF78AFEFF2806D0F0
S21402D010164B33F810004FF6FB739842ECD903A870
S21402D020FEF7CCFE58B9BDF80C305B0607D50822D1
S21402D03021460DF10E00EEF7FBFD0028DCD021465E
S21402D0400B48FFF73DFF40B14FF6FB724FF6FF73FA
S21402D0500088904288BF1846CEE74FF6FF70CBE7AF
S21402D0603161002092540020285400200C590020E0
S21402D0704C58002070B5002204464FF6FB76084650
S21402D0800A4B1D780A4BD1B28D4201D8002009E026
S21402D0901988B14207D8A14205D10822991CEEF799
S21402D0A0CDFA012070BD0C330132ECE7986A0020FD
S21402D0B04C58002037B5014605460E48FFF700FFDC
S21402D0C0044640B1807A29460AF0FDFD80F0010050
S21402D0D0C0B203B030BD03460090012229464FF687
S21402D0E0FF70FFF71DFEFF2816BF034B2046185C95
S21402D0F0E9E700BF4C580020746000202DE9F34198
S21402D100224B04461B780F468342154638D9FEF753
S21402D110EBFDB8BB4FF6FD739D421D4E0ED004EBE1
S21402D120440326F823504FF6FF739D421FD1204634
S21402D130FEF7F2FD002002B0BDE8F0810DF1060117
S21402D140384609F0BEFB4FF6FF72BDF80630384689
S21402D150934218BF1D460C236343F55206EB0308A1
S21402D160FFF7A8FFB0FA80F0400988F80A000C23FF
S21402D17003FB0460082239460230EEF75FFAD9E76D
S21402D1802820D8E740F60540D5E700BF986A002079
S21402D1904C58002038B504460D46FFF7BBFC214626
S21402D1A00448FFF78DFE00B938BD857221460C3063
S21402D1B0F7E700BF4C5800200023074A1370074ABF
S21402D1C01370074A118801B11380064B1A880AB1F8
S21402D1D000221A80704700BF6A6100206961002041
S21402D1E0465A0020445A00202DE9F04F3C4C1D467A
S21402D1F0238887B00746884610469DF840605BB98C
S21402D20052B10AF0F8FF20804FF4FA61354807B0B1
S21402D210BDE8F04F0CF0E8BFDFF8D890B9F8004050
S21402D220002C49D020460CF00FFFC0F347062046DC
S21402D2300CF0EEFEDFF8C0A00296BAF80030DFF877
S21402D240BCB00193BBF800300446009300222B4684
S21402D250012025490BF04EF8ADF81600E8B101257D
S21402D26004EB4606B4420DD1BDB9BDF81630A3B1E3
S21402D2702A464146384600F06FF9ABF80050AAF845
S21402D28000500AE0012321461A460DF11600F6F771
S21402D29009FB023405460028E4D00023134AA9F805
S21402D2A000301378013BDBB21370002BACD107B011
S21402D2B0BDE8F04FFFF780BF0D4C237823B90DF081
S21402D2C0D1F808B901232370324629460520F7F71C
S21402D2D00DFA0028EBD1207007B0BDE8F08F00BF32
S21402D2E0465A0020A86900205F4904006A610020AF
S21402D2F069610020445A0020E0590020E2590020CB
S21402D30030B5154D87B02C889CB923464FF4A072D1
S21402D31048F2380103A80AF0B2FD21462046FAF781
S21402D320E3FA22460D4B009403A9FFF75DFF07B010
S21402D33030BD204609F041F904300DF088FA03A901
S21402D340044628880BF03DF90023009320462A88DD
S21402D35003A900F0AFFAEAE7465A002000F8FF07F2
S21402D36037B5002001A9FAF7BFFA0D4C014623781B
S21402D3700C4D7BB10C4B019A1878FAF7CBFA207851
S21402D380F8F74CFC002323702B700848F6F736FBA0
S21402D39003B030BD2B78002BF7D0FFF7B1FFF4E7D0
S21402D3A06C6100206A6100206B610020A869002081
S21402D3B008B50548F6F732F80448F6F72FF8BDE840
S21402D3C008400348F6F72AB8465A0020445A002076
S21402D3D0425A00202DE9F04F89B089460446CDE92D
S21402D3E005239DF84870139E30B316F801ABBAF1C8
S21402D3F0000F23D00AF1FF34A400E4B23146012024
S21402D40007F0E8FEC00E1BD1DFF838B13146012026
S21402D41007F0E0FE9BF8005034442279BDB1002F9D
S21402D42047D180234846CDE90277CDE900773E4AC8
S21402D430059900F091F83CE08246DFE75446DDE7C6
S21402D4401B28ECD93146012007F0C4FEE7E7DFF8D7
S21402D450F880FF2A00EA08080BD14246E379A17950
S21402D460607901EB032189B209B0BDE8F04FFAF703
S21402D47051BA2E4909688B070AD5FE2A35D10123EF
S21402D4800135EDB2202D4FEA43030AD1FF250AE00B
S21402D490294628460792FAF727FA4845BFD1079A3F
S21402D4A0EBE79845ECD1224B1B78FF2B04D0AB421E
S21402D4B004D009B0BDE8F08FFF2DFAD0294600202F
S21402D4C0F4F7B2FF0028F4D09BF800306479002B02
S21402D4D0EFD1FFF771FE17484FF410510CF084FE9F
S21402D4E0154B8BF800501C70E3E7052A97D8BAF163
S21402D4F0010F94D8B8F1000F91D0002FD9D17379CB
S21402D500002BD6D00D49098821B9082B28BF08233D
S21402D5100B490B70434648461292DDE9051209B0E4
S21402D520BDE8F04FFFF760BE5F490400A846002042
S21402D530D26A0020A86900206B610020465A0020AB
S21402D5406A6100206C61002000F8FF07014B18801A
S21402D550FFF7D6BE445A00200CB42DE9F04F8BB02C
S21402D56014AA0E4652F8041B07460992002940F0F8
S21402D5708F80BDF85400ADF82200002800F0A1808C
S21402D58033794FF6F778002B40F0868047458CBFFC
S21402D5904FF009084FF008084C4B1C78FF2C40F05F
S21402D5A08380B6F90230002BA9BF494B347A1C7827
S21402D5B00134A2BFE4B21C7044F08004DFF81CB150
S21402D5C02246002101F0A2FC9BF80030BDF82200A2
S21402D5D0002B6CD0DFF808A14FF00009BAF8003033
S21402D5E007930CF031FD0546BDF822000CF010FD45
S21402D5F0EBB2CDE90193FF23CDE90309009322465E
S21402D600334639460798FCF7B5FB4FF6FF730546D7
S21402D6108BF80090AAF80030382D33D132463946BE
S21402D62040460DF1220307F095FD00284BD04FF639
S21402D630F7739F4226D8B6F902307088002B21DA9B
S21402D64048F204022349244B4FF00008904214BFCC
S21402D6508946994609F042F9494603468A2201203C
S21402D660CDF800800AF046FE814658B12246414671
S21402D67001F04CFCFF23324639464046CDE900987D
S21402D680FCF7DAF928460BB0BDE8F04F02B0704757
S21402D69001200AF00CFE6EE7002347458CBF4FF0D0
S21402D6A006089846337177E7FF221A7086E7CDE9B7
S21402D6B000033246FF2339464046FCF7BDF90546CD
S21402D6C0AAE71925DEE70546DCE700BFD46A002094
S21402D6D06E61002070490400654904006D610020F7
S21402D6E0485A002070B54FF400330024054616460B
S21402D6F088B0ADF81A100DF10F0204A90593ADF823
S21402D7001840ADF81C4004948DF80F4007F001FD58
S21402D7109DF80F3028460193049B044A009305A9FE
S21402D7203346FFF719FF08B070BD00BF6949040011
S21402D73030B54FF48035002487B00395BDF82850E5
S21402D740CDE900128DF81030074A034603A9BDF84A
S21402D7502C008DF81140ADF81250ADF81440FFF7CA
S21402D760FBFE07B030BD00BF75490400B1F1006F83
S21402D7702DE9F04314462CBF392238228BB01D46C1
S21402D7804FF00003ADF81E204FF480022CBF4FF07E
S21402D79001099946FF2C0646ADF81C300892ADF8F2
S21402D7A024304FEA11471FFA81F80FD109F0A7FB80
S21402D7B0B9F1000F19D1154ACDE9020543463046A4
S21402D7C0CDE9007407A9FFF7C7FE1AE0FE2C0AD1BE
S21402D7D009F095FB0130C0B209F09CFBB9F1000FCD
S21402D7E012D00B4A02E0E8B2F8E70A4ACDE903058E
S21402D7F001233046CDE90174CDF8008007A9FFF772
S21402D800ABFE0BB0BDE8F083034AD5E76D490400D2
S21402D810734904006C490400744904004FF49812DA
S21402D8204FF0806310B586B0CDE903230023ADF830
S21402D830143009F053F80446F8F796FA054B0190AF
S21402D8400093054A234603A94FF6FD70FFF784FEB0
S21402D85006B010BD316100207949040008B5064BB8
S21402D8601B78022B02D0043B012B03D8FFF7D6FF0E
S21402D870002008BD0220FCE7AE60002030B5002480
S21402D8804FF4806587B0CDE900128DF81030084A53
S21402D890034603A94FF6FD708DF811400394ADF8C8
S21402D8A01250ADF81440FFF757FE07B030BD00BF68
S21402D8B07D4904002DE9F04F99B00E4605460CA9A5
S21402D8C01046CDE90A329DF888700AF037FABDF89C
S21402D8D03090804648460CF0B7FBB6F90230044654
S21402D8E0002BB6F806A0B6F802B004DA00228D4B7A
S21402D8F01A70002049E048460CF0A6FB4045F5D3D6
S21402D900A4EB0804E3B2002F18BF4FF4A07A152B3D
S21402D910099328BF15230024013308F1FF32494634
S21402D920DBB292B2009412A80DF08AF86FEA4B436B
S21402D9306FEA53437C499DF8482008684968ADF869
S21402D9403E300DAB03C3ADF84040ADF83C40ADF8F9
S21402D95042A0ADF84420BBF1000F24D10DF14900DE
S21402D960F6F7C4FCA0B108F0B9FF5C4680460DF19C
S21402D97051060DF149030A9A96F80090012A2CD115
S21402D9804FB384F0010404F0010019B0BDE8F08F33
S21402D9900DF149000AF0E1FA4FF6FF74011B4C4202
S21402D9A080464C41E3E7BBF1010F57D1BDF84980F1
S21402D9B008F094FF80450AD040460DA90AF0D0FA36
S21402D9C080F00104E4B20DF14B060DABD3E7574BE2
S21402D9D00DF14B06CFE70A9CD5E75FB344BBB9F11E
S21402D9E0010F25D830D108F079FF08F077FF2246DC
S21402D9F0804671784D4B029100210120CDE90081CD
S21402DA004B490AF077FCADF8320088B124BBB9F175
S21402DA10010F0CBF0D210C210DF132000AF0D2FBD2
S21402DA20024628B92846BDF832300FA9FFF794FD02
S21402DA300120AAE7B9F1010F04D1002CD3D081222C
S21402DA407178D8E7002CFAD1B9F1010F94BF002201
S21402DA5001227178D201CEE70C21DDE70A9B002B6A
S21402DA607FF447AF7388342B4BD1099B092B7FF485
S21402DA7040AF002F7FF43DAF9DF951603A46B41097
S21402DA8008210DF1490004F0200408F0B5FEA0B10B
S21402DA90284B1B78012B3FF42CAF274A274BB2F8B2
S21402DAA068201B68AA421DD0DA001BD5C823284668
S21402DAB0234A0FA9FFF750FD1BE70DF14900F6F7C1
S21402DAC015FC0028E4D10DF149000AF046FA4FF69B
S21402DAD0FF739842EAD02146F9F778FE03460028FB
S21402DAE0E4D1E4E75B0201D5002E08DA00232846DB
S21402DAF0134A0FA9FFF730FD124B1C70F9E68D236F
S21402DB00D5E7099BCDE905A204930DF14903CDE9BA
S21402DB10028331462846CDE900790B9B0FAA00F016
S21402DB203DF8E6E662610020DFD1030031610020A5
S21402DB3081490400AF60002028540020A846002037
S21402DB40C9FE0300D36A0020024B187840F080001A
S21402DB50704700BF6E610020014B1880002070479E
S21402DB60566A00204FF6FF71034602881B798A42E6
S21402DB7017BF074901200A8041881EBF054A0020B8
S21402DB801180FF2B1EBF044A00201370704700BF8F
S21402DB90526A0020506A00206F6100202DE9F04F83
S21402DBA0A1B09946BDF8AC302D9F0D939DF8B030CC
S21402DBB004460E93BDF8BC3038460F939DF8C0302D
S21402DBC04E88884615469DF8A8B010930CF03FFE86
S21402DBD0112E824671D808F081FE504576D0062E68
S21402DBE010D14FF6FD72924526D0BBF1000F10D130
S21402DBF000228023CDE900A229462046BC4AFFF730
S21402DC00ABFC06E0BBF1000F03D1032E07D8012EB2
S21402DC1009D80022B74B1A7021B0BDE8F08F043E37
S21402DC20022EF6D8E4E7802329462046B24ACDF8EB
S21402DC3000A0FFF791FCECE7B04B1B785E074CD4D4
S21402DC4008F04CFE0026034632460120A8490096FC
S21402DC500AF050FB3B79ADF866000F930028DBD044
S21402DC60DDE90E320D9803EB42090CF0EDF95FFA8E
S21402DC7089F909F105085FFA88F88045CCD2414651
S21402DC800D9801F02FF9109008EB40080D980CF053
S21402DC90DBF98045C0DADDE90F321343DBB2002B35
S21402DCA040F03482BBF1000FB6D1D846424604217A
S21402DCB0BDF8660001F02AF974E1904A3A2E12780D
S21402DCC012D948F23B039E4207D013E08B4A1278E1
S21402DCD050070BD5321F022A08D8B8F8063043F48C
S21402DCE08043A8F8063097E71B2E1DD8B21E91B2C5
S21402DCF013295FD9109B494602930F9B3046CDE904
S21402DD0000B30E9A234607F00BFA0F2884D101229D
S21402DD10784B1A70794B1B789B0740F12783BBF12F
S21402DD20000F7FF479AFD8E7A6F11C011E29E1D8CF
S21402DD3001A050F821F000BF83E30200F5DC0200E8
S21402DD40F5DC020019DC0200F5DC020071E10200DB
S21402DD5071E10200F5DC0200F5DC0200F5DC0200EF
S21402DD60F5DC0200F5DC0200F5DC0200F5DC020060
S21402DD70F5DC0200F5DC0200F5DC0200F5DC020050
S21402DD80F5DC0200F5DC0200F5DC0200A3E102008D
S21402DD90A3E1020055E30200F5DC0200F5DC020016
S21402DDA077E30200F5DC0200D3E30200E9E30200B7
S21402DDB0F7E30200132A9DD801A151F822F000BF12
S21402DDC011DE0200A1DE0200BFDE0200D7DF020083
S21402DDD041DC0200F5DC0200F5DC0200F5DC0200A4
S21402DDE0F5DC0200F5DC0200F5DC0200F5DC0200E0
S21402DDF0F5DC0200F5DC0200F5DC0200F5DC0200D0
S21402DE00F5DC02001BE10200F5DC0200AFE30200D3
S21402DE1000231A938DF866300DF1660322460E999A
S21402DE20484600931AAB07F075F908F057FD064608
S21402DE30EAF75EFB162894BF4FF002094FF022095C
S21402DE40F7F792FF2E4B0746B3F800A0FBF7EAFD62
S21402DE502C4B80464FF6FF70B3F800B00AF035F848
S21402DE60294B9DF866201988244B1B7813F0020371
S21402DE701CBF264B1B780B921A9ACDE90701CDE9F7
S21402DE80093240232946CDE9019320460023CDE9F5
S21402DE90058BCDE9037A1E4A0096FFF75DFBBBE6CB
S21402DEA008F01CFD1B4B1C4A1B88CDE92A030023E5
S21402DEB02946204621B0BDE8F04FFFF74DBBBE789D
S21402DEC01AA9731EDBB2EF2B304627D9F22E25D0C5
S21402DED005F052FC822608F001FD00232946CDE912
S21402DEE00003034A33462046FFF736FB94E600BF9C
S21402DEF06549040062610020704904006F600020DA
S21402DF00566A0020526A0020506A00206F61002084
S21402DF1087490400546A00209449040005F02CFC4A
S21402DF20002856D008F0DAFC9DF86C209DF86E109A
S21402DF300492BDF86A2049000392BDF86820C9B26F
S21402DF40CDE901629DF86D2003465200D2B2083236
S21402DF500A44009201200022C6490AF0CBF99DF835
S21402DF606D30ADF866008DF8633000283FF454AE8D
S21402DF704FF0000801230DF163011A460DF1660009
S21402DF80F5F790FC074600287FF446AE9DF863300E
S21402DF90FAB293420CD89DF86E308DF86330B8F121
S21402DFA0000F02D0BDF8663036E04FF00108E1E718
S21402DFB04146304605F0E2FB0123ADF8640002223A
S21402DFC019A90DF16600F5F76DFC01370028DDD0C2
S21402DFD022E683267FE708F081FC064605F0EDFB85
S21402DFE03346009000220120A3490AF083F9002854
S21402DFF03FF412AE00273E46ADF8680005F0DDFBA2
S21402E0005FFA87F840450DD832460421BDF868000D
S21402E01000F07CFFBDF86830002229462046FFF754
S21402E0209BFAF9E5404605F0A5FBFF288DF8660049
S21402E0300BD0012301361A460DF166011AA8F6B274
S21402E040F5F730FC00287FF4E7AD0137D6E75046F7
S21402E050B7F8029005F08EFBFF288DF8640000F0FA
S21402E060E2811AA905F088FBBDF868304B4507D057
S21402E0704FF6FF72914540F0D681190400F1D38124
S21402E0809DF86D3012930E9B0533DBB213930F9BF4
S21402E090149300234FF0000911934B4613E0179395
S21402E0A04900139BC9B219440D9889B20AF0C5F803
S21402E0B04FF0000A179B159012995FFA8AF28A426D
S21402E0C016D309F10109149A5FFA89F19142E6D34F
S21402E0D09DF86E201292169A1392002B40F09581AC
S21402E0E0119B002B40F09F81109B14930123D1E7D4
S21402E0F011999DF86400179305F040FB159A179B3B
S21402E1000AF1010A824208BF0123D5E709F106098E
S21402E1105FFA89F3B046169386E1BD1C294650463F
S21402E120BC7A06F080FB01222946504609F07CF8AC
S21402E130504609F0DEFE284609F00FFF3A88824272
S21402E14007D04FF6FF72904203D00CF06EFC09F037
S21402E150F0FE84F00804C4F3C00421462846FFF704
S21402E16019F82146284621B0BDE8F04F07F001B85D
S21402E170BBF1000F7FF450AD12073FF5AEAD33464C
S21402E1803A462946204601F08FF900287FF444AD2E
S21402E190842329462046394A21B0BDE8F04FFFF7CE
S21402E1A0DBB90F9897F8008009F04BFC0021074670
S21402E1B0204601F0E3FC312EA7EB0007FFB240F049
S21402E1C0D5804FF0000A012053465246CDE9008A18
S21402E1D02B490AF08FF8ADF8660000283FF41CAD14
S21402E1E0162251461AA8EDF7D7F91AA808F0FFFD2D
S21402E1F04FF0FF33DFF894B0CDE91C339BF8009064
S21402E200B9F1000F02D14FF0010A55E01D4E3379E5
S21402E2106F2B02D90026324625E050461CA9F6F797
S21402E2203DFF0028F6D0184BB6F80090B3F86830D9
S21402E230B9F1000F2CD1003B18BF01235B0143F05C
S21402E24004038DF87A3002238DF87B3073881B0A1C
S21402E25049461EA88DF87D300CF0FBFAB8F1000F87
S21402E26065D0002601220221BDF8660000F04EFEAF
S21402E27032461CE59849040065490400C9FE0300BD
S21402E280A0490400A459002028540020A8600020B9
S21402E290B3EB090318BF01235B0143F005038DF8B6
S21402E2A07A3002238DF87B300F238DF87C30CDE751
S21402E2B00AF1010A5FFA8AFA0AF1FF36F6B2304626
S21402E2C00CF0B9FBC307F3D59BF8003019EB030F2C
S21402E2D004D009F101095FFA89F9E9E7584B1CA94C
S21402E2E018783044C0B2F6F7D9FE002892D03046ED
S21402E2F009F030FE814630460CF09DFBC0070FD475
S21402E30016238DF87A304F4B1B780133DBB20F2B76
S21402E31028BF0F238DF87C304B4B33F8163096E728
S21402E32030460CF088FB8107EAD41223E9E7BDF8F1
S21402E33066000BF089FE1630B84292DC01231622E4
S21402E3401AA90DF16600F5F7ADFA00287FF464AC61
S21402E350012660E712073FF5C0AC3B462246294637
S21402E3600F9801F0F9F800287FF456ACBBF1000FC5
S21402E3707FF452AC0CE7BBF1000F7FF44DAC802368
S21402E38007E708F0ABFA50457FF446ACB81CF5F741
S21402E390ADFF00283FF440AC08F0A0FA064608F0AD
S21402E3A09DFA2A4B2A4ACDE92A03334680E53846A7
S21402E3B00CF04DFA09F089FD00283FF42DAC2A90A6
S21402E3C0002329462046234A21B0BDE8F04FFFF736
S21402E3D0C3B84B462A4621460020CDE92AB721B0CB
S21402E3E0BDE8F04FFEF7F6BF4B462A46214601200F
S21402E3F0CDE92AB7F3E75B464A46294620462A97DE
S21402E40021B0BDE8F04F06F0B9BE012319A91A469D
S21402E4100DF16600F5F746FA00287FF4FDAB08F129
S21402E42001085FFA88F8013605F0C7F95FFA86FA3E
S21402E43050453FF60CAEB8F1000F3FF433AC35E46E
S21402E4409E6A002057610020D659002031610020C4
S21402E450A549040070490400F8B5164B04461D8809
S21402E460154B20F8025B196879B10822EDF7E6F839
S21402E470124B0C201B78124EA372124B19780023F3
S21402E480DAB2914205D8FF2209E0C4F802104160D0
S21402E490EEE7013300FB03F7F75BAF42F0D10A4B1E
S21402E4A0E2721B782373094B1B786373084B1B6855
S21402E4B02361F8BD565A00204455002070610020A2
S21402E4C040580020986A00205461002053610020C2
S21402E4D030550020F0B589B006460C4615460AF0BF
S21402E4E05FF80DF10A020146304609F010FF144F9C
S21402E4F00346F0B901223A702288BDF80A102AB102
S21402E50002460090072004F01CF990B103A8FFF71A
S21402E510A3FFBDF80A000BF097FD0646BDF80A00F9
S21402E5200BF076FD21460090F3B2284603AA06F0C9
S21402E530A4F90023034A3B70136009B0F0BD00BF84
S21402E5407161002044550020142230B58BB0054678
S21402E5500DEB02011548DEF767FC10BBBDF8143060
S21402E560DA0720D413F0060FC3F3410208BFC3F341
S21402E57041220F4B0DF116019C5C68462246EDF7D0
S21402E5809BF9BDF8263004F128026A4402F8283CBA
S21402E59002341B0A02F8273C69462A46E0B209F012
S21402E5A034F80BB030BD2320FBE700BF703214E016
S21402E5B07F96040010B58AB0ADF826200022CDE979
S21402E5C0052204920CAA02924FF6FF720446AC2170
S21402E5D001200192064A039004FB01226032009257
S21402E5E04CF620010DF1260209F0C3FC0AB010BD5C
S21402E5F02854002010B54FF6FF741E4A8AB0B2F8AF
S21402E6006800B2F85E10A042ADF82600B2F85C30A0
S21402E6104FF6FD70ADF8241018D081424FF000007E
S21402E62094BF48F660014CF66001CDE90500CDE9DD
S21402E6300300CDE9010094BF09AA603200920DF1F1
S21402E6402602042009F095FC0AB010BD81424FF064
S21402E65000008CBF603209AA00928CBF4CF6604163
S21402E66048F66041CDE90500CDE90300CDE9010099
S21402E670014AE6E7285400209254002000B50E4BCB
S21402E6800022B3F85E308BB0ADF824304FF6FF733D
S21402E690CDE90522CDE90322CDE9012209AA00929D
S21402E6A04FF400610DF126020720ADF8263009F07E
S21402E6B060FC0BB05DF804FB28540020202A10B53D
S21402E6C0144614D8012A04D10C88B4F5004418BFA5
S21402E6D00124620030B10748ECF7B0FF064B002079
S21402E6E01C7010BD0548ECF7A9FF054BF7E7212083
S21402E6F0F7E700BF585A002072610020985A00209F
S21402E700736100202DE9F047104617460CF09FF87B
S21402E710DFF814A1DFF814919AF8003099F8002077
S21402E7200546134302D10020BDE8F08710F4406886
S21402E73000F0400619D186BBB0F5804F5CD24FF48C
S21402E740807400239AF80000344AD9B288425DD811
S21402E750002399F80000324AD9B28842E3D932F847
S21402E760021B0133A142F7D155E0F81C0CF06FF8FA
S21402E7704FF6FF73984214BF0124022486B1052681
S21402E78005F44043B3F5004F44F0080424D0B5F531
S21402E790804F23D244F4807420E044460326EFE7F9
S21402E7A0B5F5804F4FF00506F4D3B8F5406F14BFA9
S21402E7B002200820304438440CF049F8194B05F47E
S21402E7C04045B3F85C3083420CBF44F0080444F082
S21402E7D00404B5F5004F01D144F08004B8F5006F8B
S21402E7E00ED1B8190CF033F80E4BB3F85E308342F4
S21402E7F0A7D144F01004A4E7444603260220D9E732
S21402E800B8F5406F08BF44F020049AE732F8021BBE
S21402E8100133A14299D1012086E700BF985A002011
S21402E820585A00202854002073610020726100208C
S21402E8302DE9F04F104685B0164698460CF007F8BC
S21402E8405D4F00F00803B7F85C10044600F00709B5
S21402E850F01C02930391B7F85EB00BF0F8FF06F1D6
S21402E860050A054650460BF0F2FF03464FF6FF70C8
S21402E870854218D00399A1EB050CDCF1000545EBA7
S21402E8800C056D004FF6FF718B420ED145F0040564
S21402E8900BF0E8FD029B6BB1B9F1000F11D04220DC
S21402E8A005B0BDE8F08F0125ECE79B4508BF45F0B3
S21402E8B00805EDE7B9F1030FF1D8DFE809F0021B0E
S21402E8C0795D0BF0CFFD08B9A807E8D524F0080457
S21402E8D0A4B2B4F5004F05D0B4F5624F02D0B4F539
S21402E8E0404FDCD10025294697F8A820002007F0E3
S21402E8F042FE3CE0D7F88030E3B9002132460846B3
S21402E900FFF700FFD8B948F6410224F038039BB25D
S21402E9109342C4D10A2D49D0062DC0D197F877303C
S21402E920023B012BBBD8F3F745FD0028B7D140F6D2
S21402E930040505E04146304698470028DDD0082504
S21402E940E20648BF45F08005A30648BF45F4805559
S21402E95005F00C03042BC6D1F01D0BF078FF97F8D8
S21402E960A8303246009341462B4607F0D9FD08B33D
S21402E9700E9B1880002093E7A90705D14FF6FF7378
S21402E980B7F85C209A428AD104F44063B3F5006F6C
S21402E9900AD0B3F5406F82D1082250460749EDF7F8
S21402E9A047F900287FF47BAF0C25C9E70425C7E7A3
S21402E9B0432075E7192073E7285400208854002066
S21402E9C0034B1A781AB1FF2A04BF00221A70704746
S21402E9D07561002070B5084C084E2378F55C1DB1B1
S21402E9E03E2107480BF055FEFF2223782846F254B4
S21402E9F00023237070BD00BF746100207561002083
S21402EA00A9490400034B044A1B78D05CFF3818BFA0
S21402EA100120704774610020756100200023074AB8
S21402EA2007491360074A1360074A1360074A1160D2
S21402EA300121074A1170074A136070475455002097
S21402EA40FD800300505500204C550020C869002068
S21402EA50D56A00205C5500200E2A70B50C46064684
S21402EA601546194603D9FFF7D9FF502070BD012875
S21402EA7007D10020F3F7B8FCB0B1FFF7CFFF212093
S21402EA80F4E780220021224B1A70224B1960224B97
S21402EA901B684BB134200BF02FFB204B188018B9A3
S21402EAA0FFF7BCFF0120E1E724F0FF6323F4FF2316
S21402EAB01BB1FFF7B3FF4F20D8E774B92046F3F730
S21402EAC0ADFC0124032510F0800F43B21BBF00F0FB
S21402EAD01F039C409C4044F078440020104B24F0D6
S21402EAE078441E700F4B10491D70104B1C60104B63
S21402EAF01870104B1A68F4F71FF818B1FFF78EFF5C
S21402EB000420B3E79DF810200B4B1A70AEE700BF47
S21402EB1076610020585500204C550020D85A002017
S21402EB207B610020796100201DEE02005C5500200A
S21402EB307A61002054550020776100207FB5244B6F
S21402EB4000251A7801232348234903FA02F20078A3
S21402EB501A440A60ADF80E5020B3984236D11F4CC4
S21402EB601F4B20781B680DF10E0198471D4EBDF80D
S21402EB700E20307092B11C4B294600932846022381
S21402EB800195F4F713F83278237822B1012A12BFDE
S21402EB901B230133DBB2237004B070BD013818BFEB
S21402EBA00120F0E778235A43013A0A6008220F4907
S21402EBB00BF0E8F90B49094A0978137821B10129C3
S21402EBC012BF1B230133DBB21370E5E71846E3E7F7
S21402EBD0796100207B610020605500207A61002068
S21402EBE0C8690020D56A002059EE0200F1A303008E
S21402EBF0024B1868003818BF012070474C55002099
S21402EC0037B505461C460BF02DFC68B974B1084BA7
S21402EC101A60084B0A461C60012329460093032308
S21402EC20FFF71AFF03B030BD4D20FBE72520F9E7BA
S21402EC30485500205055002013B504460BF012FC30
S21402EC4058B962B1074B1A6001230A46009321465F
S21402EC500323FFF701FF02B010BD4D20FBE725207E
S21402EC60F9E700BF4C5500202DE9F0410446DDE9E6
S21402EC7006861D469DF820700BF0F4FB88B99EB1FF
S21402EC80A2B10B4B01201A600A4B0A46C3F8008059
S21402EC90094B21461E602B460697BDE8F041FFF75A
S21402ECA0DBBE4D20BDE8F0812520FBE72120F9E7F9
S21402ECB0C869002054550020505500200148F4F73A
S21402ECC0ADBB00BFD85A00202DE9F0410020F3F773
S21402ECD0A1FE114B114C1E68114B20881D68114B6A
S21402ECE0114FD3F8008010B13978F4F771FD002087
S21402ECF03870FFF793FEF4F7ABF90EB14046B04713
S21402ED003DB12088A84700232380BDE8F0410BF0E0
S21402ED103BBDBDE8F08100BF50550020D85A002008
S21402ED204C5500205C5500207C610020F8B52F4829
S21402ED30F4F764FE2E4B187830BBF3F76FFB2D4FBB
S21402ED4006463B6803B32C4B2C4D1C6824B195F940
S21402ED5000301A461946A047294B1B6883B1294C36
S21402ED602378312B0CD8284B18880BF051F92378CE
S21402ED705A1C22702A78C25423785A1C2270C6540F
S21402ED8080232B7000233B60204C23781A2B22D83A
S21402ED901F4A1278012A09D100211E4A156825FA4F
S21402EDA003F0C007DAB20ED501B122700020F3F7E5
S21402EDB035FB2178884212D10022174B1A70FFF7D2
S21402EDC0BDFE40B9F8BD0133D8B21A284FF0010192
S21402EDD0E5D90A442270BDE8F840FFF775BF002067
S21402EDE0F3F72EFB0028E7D0F5E700BFCC6900203A
S21402EDF07B6100205855002048550020766100208F
S21402EE004C5500207C610020D85A00207A610020F0
S21402EE10D56A00205C5500207861002008B50B4BAF
S21402EE20187880B90221F3F7CDFA094B1B782BB17B
S21402EE3000214FF6FF720846F3F7A6FABDE808402F
S21402EE400448FFF773BF00210846ECE77B61002009
S21402EE5077610020CC69002038B5144B0C461D782B
S21402EE60012D21D181B90846F3F7D8FA104A05FADE
S21402EE7000F013680F4923EA0003136020462A466F
S21402EE80BDE838400BF07EB80B4A13780133DBB28C
S21402EE90022B137004D9BDE838400848FFF746BF76
S21402EEA0FFF74CFE0028F6D138BD00BF7B6100207C
S21402EEB05C550020F1A3030078610020CC69002095
S21402EEC038B50C4605460BF0BFF8A04203D82D21F4
S21402EED003480BF0DEFB28460BF09AF8204438BDB8
S21402EEE0BD49040070B506460D460BF091F804467F
S21402EEF048B130460BF0A8F8A84203D8352102489C
S21402EF000BF0C7FB605D70BDBD49040070B50C46D2
S21402EF10064615460BF098F8A04203D83E21044850
S21402EF200BF0B7FB30460BF073F800B1055570BD19
S21402EF30BD4904002DE9F0438FB007460C4615463E
S21402EF401E469DF85880F8F755F920B1F4F796FE5C
S21402EF5008B144F400544D4B1B7813B924F40074E2
S21402EF60A4B2200509D546B9284604A9F5F750F9F2
S21402EF70002846D024F40064A4B2ADF81840ADF8D8
S21402EF801A5007F0ABFC424BADF81C00B8F1000F6C
S21402EF9002D01A78424501D293F800803D4AE10534
S21402EFA0137848BF0DF1210103F10103DBB21370A0
S21402EFB058BF08A922058DF81E808DF81F3006D589
S21402EFC03368083141F8083C736841F8043CE304AE
S21402EFD007D5314A0831136841F8083C536841F8AE
S21402EFE0043C0DF11808A1EB08005FFA80F9002135
S21402EFF048460BF081F8064628B900200FB0BDE857
S21402F000F08304AEB9E70BF003F841464A46ECF744
S21402F01053FC30460BF018F8804630460AF0F8FFEC
S21402F0200023024600934FF6FF7004235FFA88F12E
S21402F03007F076FAADF80E000028DED040F2011393
S21402F0401C421AD14FF6F7739D4216D80AF0FCFFFF
S21402F0500DF10E010446284600F090FDBDF80E00A4
S21402F0600AF0F2FFE4B2A04207D9BDF80E0007F09C
S21402F070A4FA437843F004034370BDF80E003A4600
S21402F08001210BF011F8BDF80E00B7E7AA600020C8
S21402F090926A0020AC60002031610020F0B5082999
S21402F0A0D58889B028D00C2926D0AE0424D405F001
S21402F0B040030B43424C267816B105F02004234346
S21402F0C02FB2002FB8BF43F08003032920D11223AA
S21402F0D0AC068DF80430937A10D48DF805300DF115
S21402F0E0060401A9621A012392B2F4F7DBFBB0FA16
S21402F0F080F0400909B0F0BD0B46DBE732228DF8FE
S21402F10005308DF80420002EE9D00DF11304E8E74F
S21402F1100C298DF804300ABF138953798DF805300F
S21402F120548805BF1B0A8DF806308DF805300DF1A0
S21402F130070318BF0DF106031C70240A5C701488BE
S21402F14002399C70240ADC70147901291C7111D8CA
S21402F150917A002F597131DA022112899971DA7186
S21402F160120A03F109041A72002EBAD0AB06B8D5F9
S21402F1700534B6E7A9071AD4002F0CDA117A51B172
S21402F180917A59711189127A03F1080492B1022216
S21402F1909A71D971E8E70B4C217801F1010C84F8D9
S21402F1A000C091729C1D002F5971DDDAEAE7917A50
S21402F1B09C1DF8E70122090A9A71EAE79C1DD3E72B
S21402F1C0AA600020AB600020014B1880704700BF89
S21402F1D0DA5A0020014B1888704700BFDA5A00201E
S21402F1E02DE9F84307460BF04DFA05461B480BF08F
S21402F1F0C0FB1B4B60B31C683C1B2C44A4B2002211
S21402F200184BDFF868901B78174D03EB830399F8C9
S21402F210006005EB43055FFA82F846450AD9AB88DB
S21402F22005F10A00A34216D90A23B21A29465A43FE
S21402F230ECF704FA013689F80060AC80B8F1000FEA
S21402F24003D1394605480AF0CFFF2846BDE8F883C1
S21402F2503C461D60D3E705460132DCE7EC69002038
S21402F260645500207D610020725900207E610020D6
S21402F2701FB5154A154C1378013BDBB21370616853
S21402F280206801AA03C221891180114A1278D21875
S21402F29005D00A2320465A43E118ECF7CFF99DF829
S21402F2A006301B070DD0BDF80C00FFF799FF03468A
S21402F2B08288ADF8082001AA03CA1288186059602D
S21402F2C01A8104B010BD00BF7D6100207259002073
S21402F2D07E610020002108B5084B09481970094BC9
S21402F2E01970094B1A7802EB82025200ECF754F9B5
S21402F2F0BDE808400548F4F781BB00BF7E610020E8
S21402F300725900207D6100209C6A0020EC69002072
S21402F310F8B50024084D094F094E3B783178E2B221
S21402F3200B449A4204F1010400DBF8BD2846F4F7C8
S21402F33075F80A35F1E700BF725900207E61002099
S21402F3407D61002010B5064C207828B1054807F0EC
S21402F35060FE10B1034B188810BDFFF789FFF3E774
S21402F3607D6100207259002008B50A4A03461078CB
S21402F37060B1094A1088984209D121B993781033AE
S21402F38023F00F039370FFF773FF012008BD0020E0
S21402F390FCE700BF7D610020725900202DE9F74F7F
S21402F3A000260BF06FF9DFF8F890B24699F8007075
S21402F3B0B3463A46DFF8EC801FFA80FEB8F800C083
S21402F3C0344CAEEB0C039BB201932378324D009380
S21402F3D003EB830305EB4303ACEB0E0C5FFA86FEEE
S21402F3E0BE4515D3BAF1000F01D0009B2370BA4276
S21402F3F02AD3002F37D00A222378C8F8000002FB4F
S21402F40003532648998803B0BDE8F04F0AF0ECBED5
S21402F410B3F804E001998E4512D84FF0010A00991C
S21402F42093F802E001310EF1FF3EC9B2013AA3F8A9
S21402F43004B083F802E00091D2B20A330136CDE777
S21402F440E644A3F804E0F8E789F800204AB10A2265
S21402F4502378C8F8000002FB0353104899880AF084
S21402F460C3FE237813B903B0BDE8F08FFFF76AFF37
S21402F47006460028F5D006F0D4FF0146304607F0CF
S21402F480C5FD20B100212888FFF76EFFE9E740F6A8
S21402F4900241F8E77D61002072590020EC690020E5
S21402F4A07E610020645500202DE9F04192F8088024
S21402F4B01F4608F1FF33DBB2EF2B05460E46144615
S21402F4C088B00BD982238DF80E30314628469DF837
S21402F4D00E30204AFEF740F8012037E00E220021C7
S21402F4E004A8ECF759F8B4F809308DF81180ADF895
S21402F4F01230E37A03F07F02032A08D0012B24D1CC
S21402F50003238DF81030A389ADF815300EE0032BD7
S21402F51014BF022301238DF81030E368CDF81530AE
S21402F5202369CDF81930237D8DF81430A7F1210117
S21402F5304A420DF10E034A41009321460DF10F0394
S21402F54004A8FDF737FC0028BFD1002008B0BDE8AC
S21402F550F08100BFC9FE03002DE9F04F00241D789C
S21402F56095B0CDE902010492234622460120CDE958
S21402F5700054404908F0BEFEADF81E00F8B1A3469E
S21402F580264627460DF120090DF1380AE8F7A4FFB2
S21402F5905FFA84F8404516D83A460221BDF81E00A6
S21402F5A0FFF7B4FC32460421BDF81E00FFF7AEFC9E
S21402F5B0DDE903100022BDF81E30FDF7CDFF012065
S21402F5C015B0BDE8F08F4A4640460AA9FDF7E4FBAF
S21402F5D09DF8282022B12DB1013DEDB20137FFB2D0
S21402F5E00134D3E7BBF1000FF8D199E803009DF888
S21402F5F029308AE803008DF84030BDF82A30032A05
S21402F6008DF841304FEA13238DF8423017BF03239B
S21402F61001238DF843309DF82C30DDF83110DDF8EB
S21402F6202D0014BF8DF84C308DF8433011AB03C358
S21402F63002980CBF4FF00E084FF0150808F001FABA
S21402F6400590BDF81E000AF0FFFC059900EB0803C2
S21402F65099420BDB0123424651460DF11E00F4F798
S21402F66021F90028ABD10136F6B2B7E74FF0010B0D
S21402F670B4E700BFA049040038B505460D4B0E4856
S21402F6801C88F4F7A7F9012D0CD10C4B1C88FA2123
S21402F690614358B1884209D28408012C204638BFFB
S21402F6A0012038BD022D08BF0224F0E702480AF006
S21402F6B09BFDF2E76E590020944500206C5900200D
S21402F6C0012208B5054B06481A7000210AF08CFD87
S21402F6D0BDE808400020FFF7CFBF00BF95600020BE
S21402F6E0944500201E4B73B51A8802F108039BB29C
S21402F6F0012B02D81B4B1B7823B902B0BDE8704021
S21402F700F4F77CB90024184B184D1C70184B1C706B
S21402F7102B787BB14FF6FC73164E00932246234697
S21402F7202146308808F0B3FB4FF6FD732C70338009
S21402F73001200FE0104B1046197807F065FC0028F0
S21402F740F6D10C4B1A884FF6FD739A42F0D001237D
S21402F75002202B7002B0BDE87040FFF78DBF00BFDD
S21402F7607059002095600020986000209660002066
S21402F770976000206A59002099600020012808B589
S21402F7800AD002280CD020B9084B18700848F4F7A3
S21402F79035F94FF0FF3008BDBDE80840FFF790BFCF
S21402F7A00020BDE80840FFF767BF00BF9560002055
S21402F7B09445002002280CD859B1064A1378013322
S21402F7C0DBB21370044A12789A4202D80220FFF77C
S21402F7D0D5BF7047976000209A60002038B5A0F623
S21402F7E01343012B04460D4615D80E4A13780133EF
S21402F7F0DBB213700C4A12789A420CD84FF6FD729E
S21402F8000A4B00201988914201BF00221D80084B36
S21402F8101A70FFF731FF29462046BDE8384005F04A
S21402F82030B800BF986000209B6000206A59002014
S21402F8309660002000234FF6FD71054A1370054AB4
S21402F8401370054A1180054A1370054A13707047F3
S21402F85098600020976000206A5900209660002079
S21402F8609560002030B5094B02461B7833B1084B31
S21402F870084C19780023D8B2884201D3FF2004E04E
S21402F880013334F823509542F5D130BD9B6A0020EF
S21402F8909D6000204A5900200022FF21044B0548A3
S21402F8A01A70054B1970054B1A789200EBF774BE66
S21402F8B09D6000204E5900209C6000209B6A00201C
S21402F8C0F7B58DF807100DF10701044602F0A5FF03
S21402F8D0234B1D78002D41D02046FFF7C3FF214E53
S21402F8E0FF283178204B05D1204A107885422DD941
S21402F8F0451C1570884219D01C4A1B4D92F800C050
S21402F9000022D7B2BC450CD92F4697F803E0013245
S21402F910864505F10405F4D102B203EB8202D278E1
S21402F920FA7002B203EB8202D170307002B203EBBD
S21402F930820123F82240FF228A709DF80720FF2AC0
S21402F94002D003EB8203987003B0F0BD0A4610465D
S21402F95003EB8202D278FF2AF9D1CBE7FF20F3E746
S21402F9609B6A00209C6000204E5900209D6000206B
S21402F9702DE9F843FFF776FFFF28044669D04FF6D5
S21402F980FF72354F03B2DFF8DC80344E27F82320AF
S21402F99098F80050A54202D10020BDE8F8833378DB
S21402F9A020B28100A34207EB800090F803E010D05B
S21402F9B00023294A5FFA83F94D45944606D99CF8F6
S21402F9C003900133A14502F10402F3D18CF803E05F
S21402F9D001E086F800E0013DEDB22A1BD2B2043106
S21402F9E092003944EBF72AFE88F800503378FF2B52
S21402F9F004D0A34224BF03F1FF33337000214FF635
S21402FA00FF70154BCAB2AA420CD300234FF6FF7101
S21402FA10134ADCB2AC42BBD2013332F8230088422E
S21402FA20F7D1B5E79A78A2420BD11880DA78FF2A86
S21402FA3004D0A24224BF02F1FF32DA70013104334D
S21402FA40E0E7FF2AF2D0A24224BF02F1FF329A7008
S21402FA50ECE72D20A1E700BF4E5900209C60002055
S21402FA604A5900209D600020F8B51C4B05461B78BD
S21402FA70084673B3FFF7F6FEFF28044629D0284649
S21402FA80FFF7F0FEFF2806D0154B164E1A78002315
S21402FA90D9B2914218D3FF212846FFF711FFFF285B
S21402FAA0014616D00546104F23B207EB830237F8FD
S21402FAB023009678FFF704FFA84208BFFF25FF2E13
S21402FAC0214608D12846F8BD013316F82310814294
S21402FAD0DED1FF25F6E73446E6E700BF9B6A002044
S21402FAE09D6000204C5900204E5900202DE9F0411F
S21402FAF080460E461F46002386B001A814469DF88F
S21402FB0030508DF80330FEF7A7FCADF804802EB116
S21402FB103368CDF806307368CDF80A3038460AF0F6
S21402FB2077FA0DF103034219214601A804F0B5FE47
S21402FB309DF8033093B931464046E8F7C1FE0E4BB6
S21402FB401B785BB10B2C09D8FF214046FFF7B8FEA5
S21402FB50064605EB4404E4B2A54202D106B0BDE86F
S21402FB60F0812946384608F068FB3146FFF7A8FEC2
S21402FB7002350646EDB2EFE79B6A002000232DE928
S21402FB80F3470DF107028DF8073004460E4602F0E1
S21402FB902FFE9DF80730054663B92046FFF762FE42
S21402FBA004465EB130880AF04FFA5FFA80F8FF2CFE
S21402FBB045D10025284602B0BDE8F087B046F6E7F4
S21402FBC001320C2AF5D02DB207EB8505AD78FF2D54
S21402FBD0F6D112F0FF0AECD04FEA4A050235EDB232
S21402FBE0002EE7D0304605EB080108F0EBFA0028B5
S21402FBF0DFD1524641463088FFF788F90AF1FF32D4
S21402FC0008F1010108F102093088D2B2C9B25FFADE
S21402FC1089F9FFF77BF924B207EB8404A478FF2C5A
S21402FC20C8D023B2494637F82320308808F015FB9F
S21402FC300028BED109F102095FFA89F9EBE72546E9
S21402FC400022014FBFE700BF4E59002008B5D5F786
S21402FC50DBFED5F7C5FA00F04AFAD6F7D5FEBDE8C0
S21402FC600840D5F773B810B5044601880120D5F7C9
S21402FC7089FFE3880BB9C823E38010BD37B5044675
S21402FC80D5F78EFF658885420ED8A188E288814224
S21402FC9005D3431B5343491BB3FBF1F39AB280B21D
S21402FCA040EA024003B030BD0022F8E770B50C46C9
S21402FCB0088800F04BF994F84430054683420FD08A
S21402FCC004F11C06304600F07CF984F8445000F03B
S21402FCD07CF9618BA0643046BDE8704000F06CB9D8
S21402FCE070BD38B5044690F844108378826CCB1AFF
S21402FCF059425941D5F794F8E37893B1257985B9F5
S21402FD0000F063F90346A268218A04F11C009C1ADB
S21402FD108C4236BF52182946D11ABDE8384000F048
S21402FD204BB938BD09B100F0FDB800F005B938B5D9
S21402FD308388044603B3E3780088A17804F10C05AF
S21402FD40A3B10023B1FA81F1E3704909FFF7EAFF94
S21402FD504FF6FF72A388218993421CBF03F1FF333B
S21402FD60A3802846BDE8384000F026B90123E37098
S21402FD70FFF7D8FFE188F4E738BD10B5044681786E
S21402FD800088FFF7CFFF0123E3700023A38010BD96
S21402FD9010B581780446B1FA81F100884909FFF767
S21402FDA0C1FF0023E370A38010BDFFF7F1BF70B55B
S21402FDB00446054600262B4655F8040B10B11B1BBD
S21402FDC00C2B00DD70BD237C8680002BF3D0637C79
S21402FDD013B1FFF7D2FFEEE7FFF7DAFFEBE7FFF725
S21402FDE0E6BF70B5044605464FF6FF762B4655F835
S21402FDF0040B10B11B1B0C2B00DD70BD8388B342B5
S21402FE00F4D04FF4FA724FF6FF731146D5F75CF84A
S21402FE10ECE709B100F086B800F08EB810B50446DB
S21402FE20C0600830D6F720F821792088B1FA81F12F
S21402FE304909FFF7EEFFA37943B121796088B1FA49
S21402FE4081F1BDE810404909FFF7E3BF10BD00F09D
S21402FE50A9B80346184613F8012B8A4201D0002A95
S21402FE60F8D1704710B53B2104460068FFF7F1FF52
S21402FE700022034603F8012B2068236010BD10B54C
S21402FE8040B1421E0A24002012F8013F303BD9B28C
S21402FE90092900D910BD04FB0030F5E708B500F0CB
S21402FEA07EF808B540F2BA4200211020D5F7E8FDE8
S21402FEB041F2E823584340F6FF7300F2FF70B0FBAE
S21402FEC0F3F080B208BD50F80C3C23B150F8041C85
S21402FED030F80E0C18477047084619B1FF2110304B
S21402FEE002F0ADBB704773B505460E466DBA1446B2
S21402FEF0D5F7F0FEADF804507EB1012C04D0032CE9
S21402FF0009D00022012101E02246022101A8D7F7EA
S21402FF108BFF02B070BD0022F7E7042132460DEBDC
S21402FF200100F4E707B540BAADF8040001A8D7F718
S21402FF30AFFF03B05DF804FB07B540BAADF80400A6
S21402FF4001A8D7F7D1FF03B05DF804FB002307B57D
S21402FF5040BAADF804000DF1030101A88DF8033094
S21402FF60D7F7EEFF9DF8030003B05DF804FB0078B8
S21402FF7000F0DF03552B07D0642807D0663818BF79
S21402FF804FF0FF30C0B27047012070470320704721
S21402FF9018B12D280CBF012002207047704708B503
S21402FFA001F03FFF08B500F083F8BDE8084004F012
S21402FFB042BC50E9023018470A460830FF2102F0D8
S21402FFC035BBFF21083002F042BB08B50AF0B9FB88
S21402FFD0BDE8084009F0D0B813B500240DF10700BB
S21402FFE08DF8074003F0D9FB40B99DF807000338A7
S21402FFF003288CBF0020012002B010BD2046FBE77C
S2140300002DE9F041044600274FF00C0E8F4202DB29
S2140300100020BDE8F0812078904204D1002594F8B2
S2140300200780454502DB01370C34EFE70EFB05F688
S214030030D4F808C00CEB06003CF806609E42E8D0F5
S2140300400135EEE7F0B585B005460E461746D5F7FB
S21403005061FF0446A0B131462846D5F713FF8378DF
S2140300603A46002BA36831460293A37828460193A9
S2140300704FF0000300930CBF80234023E4F7BCFE3D
S21403008005B0F0BD08B51288D5F744FF50B1027924
S214030090BDF80C309A4207D881680298EBF7CEFA7F
S2140300A0002008BD8620FCE78920FAE7D6F736B895
S2140300B0002004F03CBC08B504F0A1FC002814BFE3
S2140300C00320002008BD10B50446FFF785FF20B1C6
S2140300D02046BDE81040DFF7D5BD10BD08B5FFF7D5
S2140300E07BFF18B1BDE80840DFF7BEBD08BD70470B
S2140300F008B502F080F9FFF7A9FDD6F775F8642076
S214030100DFF7D0FD6420DFF7BDFD02F076F9D4F704
S2140301104BFE08F08BFCF8E7F8B5D0E90176437B95
S21403012004460D4613B133463E461F46FFF74DFFC2
S214030130012D206438460ED1D4F72CFF3046D4F771
S2140301404DFF257360784FF47F42BDE8F8404FF4C7
S2140301508171FFF777BF022D05D1D4F73FFF3046F5
S214030160D4F718FFEDE7D4F739FF3046D4F736FF58
S2140301700025E6E738B5037B04468B420D4607D1D8
S21403018090F844305BB3BDE838404830FFF719BFFA
S214030190FFF71BFF216C431AC72B0CD80123C8316A
S2140301A084F8455084F84430091A04F14800BDE841
S2140301B03840FFF701BF0DB1237B2BB929462046F4
S2140301C0BDE83840FFF7A8BF00212046FFF7A4FF8D
S2140301D00123C82184F8455084F84430E5E738BD48
S2140301E090F84510FFF7C6BF0121FFF7C3BF0221F2
S2140301F0FFF7C0BF0021FFF7BDBF4FF6017399425B
S21403020010B5044602D10021FFF7B4FF2046BDE82F
S2140302101040D6F78BB9032910B504462BD0007BC4
S21403022030B9012903D002290CBF0120FF2010BDDD
S214030230032A07D8DFE802F00208101401291CD0AD
S21403024002291FD0FF20F2E70029FBD1B4F85C2077
S214030250012A12D0022AF4E704290ED00529F0E772
S214030260042914D0052914D00029EBD1B4F85C2056
S214030270111F0129ECD80220D9E75A1E53425341D5
S2140302805800D4E7022B0CBF02200120CFE7002042
S214030290CDE70120CBE730B587B005460C46D5F74A
S2140302A02BFF012820D11CB1611E4B424B41580045
S2140302B06B784FF480728DF804304FF48273ADF888
S2140302C006304FF48173ADF8083001238DF80B30F8
S2140302D0002385F8900001A8CDE903238DF80A4092
S2140302E08DF81430D5F740FF07B030BD416803469C
S2140302F0C978027B99B98168C97899B9002A08BF79
S2140303000321D6F7D7B99B7B002B0CBF0121022113
S214030310F7E79B7B002B0CBF02210121F1E7012AA3
S214030320F1D17047012AF4D17047042910B5044669
S21403033004D831B1BDE81040D6F740BA05290DD030
S21403034010BD037B5522002B08BF0321A0F85C10C9
S21403035040781221FFF776FE2046EBE743681A8AB9
S21403036083681A82E6E70123037303780133437332
S2140303704FF44073C381032303740023A0F85C3057
S21403038080F89030704738B504460D4601B9458964
S2140303900123E373FFF719FEFA2202FB050020612F
S2140303A02089BDE838405043FFF78DBE10B504469C
S2140303B0806BD8B1E278022A04D0636B5B7972B99A
S2140303C084F83C3094F83C306BB1FFF7D6FC607889
S2140303D04FF60272BDE810400621FFF733BEB3FAAC
S2140303E083F35B09ECE7FFF7D3FCF0E710BD10B52A
S2140303F00446406BD4F7CEFD2046BDE81040FFF719
S214030400D5BF10B50446406BD4F7E8FD2046BDE8DB
S2140304101040FFF7CBBF10B50446406BD4F704FE7D
S2140304202046BDE81040FFF7C1BF10B504460022C2
S21403043006214078FFF706FEA378022B01D0FF2B98
S21403044004D12046BDE81040D6F71ABD10BD4FF6BE
S2140304500273994210B5044601D1FFF7A7FFE3786C
S214030460022B02D02046FFF7A1FF2046BDE810402E
S214030470D6F706BD10B5D0F8A4407CB103791BB1FE
S2140304804079D6F7BDFD48B9A3883BB9322220464A
S214030490BDE8104001231146D4F716BD10BD10B5B4
S2140304A00446FFF7E7FFA278237982B913B1204603
S2140304B0D6F7CCFD2046D6F709FE03236078A4F8CA
S2140304C06C305522BDE810401221FFF7BBBD012B4F
S2140304D002D12046D6F7BAFDA379012B02D12046D6
S2140304E0D6F7F4FD0123E9E710B583780446ABB9E4
S2140304F0FFF7C0FFA3788BB9237913B12046D6F74D
S214030500C5FD2046D6F726FE04236078A4F86C3093
S2140305105522BDE810401221FFF794BDB4F86C30A5
S214030520022B0DD02379032B02D12046D6F78EFD5E
S214030530A379032B02D12046D6F7C8FD0023E4E7B0
S2140305402046D6F749FEF9E7827883685AB9DB78FE
S214030550002B14BF03230423A0F86C30552212216A
S2140305604078FFF76FBD1A7922B9DB78003B18BFD6
S2140305700123F1E70223EFE77FB500239E6A0446D3
S214030580B6F5804F0D460CD201A8D6F7D1FF039BD4
S2140305905B0506D529462046336C04B0BDE870409B
S2140305A0184704B070BD00239B6AB3F5804F05D28D
S2140305B01B6BB3F5804F01D29B6818474FF48170CD
S2140305C070471FB500239A6AB2F5804F04D340F2F2
S2140305D0011005B05DF804FB126BB2F5804FF6D23E
S2140305E0012201A8CDE902338DF80420D6F7A0FF37
S2140305F0039BDB03EBD5029B1A0EE8D0012A03D13B
S214030600C3F307430A2BE2D900239B6A1B6B1B6CBD
S2140306109847DEE708B50AF04FFAB0FA80F04009CB
S21403062008BD134610B542B103439B0707D10AF032
S21403063047FAB0FA80F0400910BD0120FCE700201D
S214030640FAE700230360704703680B600160704796
S21403065010B538B132B129B100230139D45C14B9CD
S2140306600023037010BD8B42FAD200F8014B01330E
S214030670F4E7034638B10020814204D01A5C02B97D
S21403068070470130F8E770474FF0FF31FFF7F1BFCF
S21403069070B50C461646054660B15AB151B1FFF720
S2140306A0F3FF844206D9211A32462844BDE8704037
S2140306B0FFF7CEBF70BDFEE7FEE700239A4200D1E8
S2140306C0704710B550F8234041F8234001339A424F
S2140306D0F8D110BDD7F78CBB4369426CD91C143ACA
S2140306E0B1FBF2F103EBC1000330B0FBF2F00230D2
S2140306F0704738B505460C46FFF7EEFF6A6CE31DF8
S214030700143AB3FBF2F3013304EBC30402FB0040D9
S21403071038BD38B5054644692146FFF7EAFF6A6CDB
S214030720E31D143AB3FBF2F3013304EBC304204492
S21403073038BDF7B507460E4600257C6CA8196442FB
S21403074080EA06031C4003D02C46204603B0F0BDC7
S214030750FB6B01225B6901A99847019B0133F4D126
S2140307600435EAE770B505460C46D9F717F9EB6B7F
S2140307702046BDE87040DB68184770B50025044680
S21403078086B00562E369AB4202D8206A06B070BD44
S214030790666C2068E36B05225B6901A906FB05000E
S2140307A0984701A800F023FC00F046FC10B1236A2A
S2140307B0013323620135E5E738B50446456C006826
S2140307C004F1400305FB0101E06B00F042FC054623
S2140307D02046FFF7D2FF284638BDF0B5054600266B
S2140307E087B0EC69013CB44203D80C46204607B0F8
S2140307F0F0BD01B14C1E6F6C2868EB6B05225B697C
S21403080001A907FB0400984701A800F0F0FB00F0DD
S21403081013FC0028EAD121460136E2E7F0B5044688
S2140308200D46466CE36B006887B005225B6901A939
S21403083006FB0500984701A800F0D9FB00F0FCFB77
S21403084020B101A800F0AAFB07B0F0BD2946204658
S214030850FFF7C3FF0646676C2068E36B05225B69F8
S21403086001A907FB0600984701A800F097FB431C65
S214030870EAD0B54238BF0130E6E72DE9F0434FF63C
S214030880FF79D0F8248004460E46C84514BF454673
S2140308900025002787B0E369BB4202D807B0BDE84E
S2140308A0F083E26B2368606CD2F814C000FB05305B
S2140308B0052201A9E04701A800F099FB022806D00B
S2140308C0C8450CD1721C29462046FFF775FFE3691D
S2140308D00135B5FBF3F2013703FB1255DBE7294677
S2140308E02046FFF79BFFB0F1FF3F14BF0246324698
S2140308F00132E8E70368F0B5CC1A436C0646B4FB4E
S214030900F3F4002587B0F36937685A1E9542706C76
S21403091008D3706C336800FB043007B0BDE8F040C2
S21403092000F095BB0134B4FBF3F203FB1244F36B04
S21403093005225B6901A900FB0470984701A800F033
S21403094056FB00F079FB0028E3D10135DBE710B452
S21403095023F0030422449B070A44436C18BF043263
S2140309605B4281EA0204234203D05DF8044BFFF79F
S214030970C1BF10465DF8044B70472DE9F041D0E93E
S2140309800A369E42044686B028D11422C3694568B7
S21403099002FB1355284606B0BDE8F0812068676C55
S2140309A0331AB3FBF7F3E26B07FB0300D2F81480AA
S2140309B001A90522C04701A800F019FB012804D0AD
S2140309C0636C1D44013B3340ED1A31462046FFF766
S2140309D091FF0646A36AB342E0D1DBE70025F9E7B9
S2140309E008B508301346D1E90012D8F75DFF012099
S2140309F008BD13B50C4600212176009361681346A3
S214030A002246D7F74BFB18B1E37D03B1A07EA07552
S214030A10A07D02B010BD73B5164600F108050C465E
S214030A20284609680DF1070200F098F9032E06D14F
S214030A306368834203D12846216800F076F90120D3
S214030A4002B070BDD01E009B42424241187E8242D5
S214030A5011D11A688A420ED85A688A420BD35A6949
S214030A6001325A61D3E9030282423FBF986840F8D5
S214030A70221001321A610120704710B5032A029C26
S214030A8007D1A26A5340626C5242134201D100F06E
S214030A904CF9012010BD08B5C36800209847BDE88F
S214030AA00840D8F783BF012814BF0420022070B57E
S214030AB0002442431C70CC7D101D02F002024CB988
S214030AC01AB1012220F003001A7000F108034868E7
S214030AD0184470BD1AB1012220F003001A700023D7
S214030AE00C7E01F12005DAB2A24201D30020F0E722
S214030AF035F833205E1C824206D901EBC30300F1AE
S214030B000802D8691044E4E73346801AEBE773B566
S214030B10054690F842601C4630460DF10303FFF786
S214030B20C2FFEB6B012E5B690DD1324601A99847D4
S214030B309DF8033013B1BDF806300193BDF80430B9
S214030B40236002B070BD0122214602B0BDE87040AA
S214030B501847F0B5054600244868EB6B87B00E4689
S214030B6001225B69029402A908309847274695F844
S214030B704230012B40F0AC80632C00F2AB80612C3A
S214030B8008D805AB224631462846FFF7C0FF9DF836
S214030B9014305BB305AB2246314628468DF81070F9
S214030BA0FFF7B5FF95F84230012B059B7FD14FF633
S214030BB0FF72934256D0082205A904A800F063FAF0
S214030BC0059B9DF81010C3F3072291424AD1DBB26E
S214030BD0029A1A44029245E0DCD005AB224631461F
S214030BE02846FFF794FFBDF81430D2E795F8423055
S214030BF0012B39D1612C2ED822463146284603AB29
S214030C00FFF785FF3146284604AB621CFFF77FFFDC
S214030C103146284605ABA21CFFF779FF10220823AE
S214030C200DEB02010DF107008DF8073000F02BFAEB
S214030C30102205A90DF1070000F025FA039BDAB28E
S214030C404AB99DF80720B2EB132F04D1DDE904322D
S214030C5003EB0243029395F84230012B14BF0123A2
S214030C6002231C44013482E7302CF4D82246314652
S214030C70284603ABFFF74BFF3146284604AB621CFE
S214030C80FFF745FF102320220DEB03010DF10700AC
S214030C908DF8073000F0F7F9039B9AB2002ADAD1F1
S214030CA09DF80720B2EB134FD5D1049BD2E701334F
S214030CB0D8D0102205A90DEB020000F0E4F9059B3D
S214030CC09DF81010C3F307429142CBD19BB27FE746
S214030CD0312C81D9029807B0F0BD13B500240194D6
S214030CE0049C0094D7F7B6FE02B010BD13B50124DA
S214030CF00194049C0094D7F7ADFE02B010BD002308
S214030D004FF0FF3230B544689C4202D10023037291
S214030D1030BD016801EBC30541F833206A60013337
S214030D20F2E7C0E90012FFF7EABF0023F0B5456813
S214030D309D4210D00468DF0054F8332004EBC3064A
S214030D40B2F1FF3F08D0C2F31302914204D14FF031
S214030D50FF33E3517360F0BD0133E9E70023F0B5D9
S214030D6045689D4202D14FF0FF300EE00468DE0076
S214030D7054F83340671C09D0C4F31307B94205D1AE
S214030D80240D1470036833445868F0BD0133E8E754
S214030D90704770B59400224605460E4609F090FE4D
S214030DA0431C0AD058B9224631462846EAF740FF84
S214030DB0002814BF3D20002070BD6E20FCE7712084
S214030DC0FAE713B5044601A8D9F76EFE9DF8063078
S214030DD023804FF480736380D9F774FE606000202D
S214030DE002B010BDD9F7E4BD08B5D9F7D5FD00208C
S214030DF008BD10B5044644EA010313F0030308468E
S214030E0009D1934201D1002010BD54F8231040F8B5
S214030E1023100133F5E721469200EAF74DFDF2E78A
S214030E2010B5044609F048FE431C10D088B9D9F71C
S214030E3049FE234620F003002044984201D10020B7
S214030E4010BD53F8042B0132F7D03E20F8E76E208E
S214030E50F6E77120F4E7704713B50023044601460E
S214030E601B220DF107008DF8073000F00CF92268FD
S214030E709DF80730B3EBD26F0CBF0120002002B001
S214030E8010BD13B500230446014620220DF10700CA
S214030E908DF8073000F0F7F80DF107001A22211D30
S214030EA000F0F1F862689DF80730B3EB926F0CBF61
S214030EB00120002002B010BD0068431C5842584170
S214030EC07047006810F07E0F0CBFC0F3C1600020AF
S214030ED070470068C0F3D3107047006800F07F00C7
S214030EE001288CBF002001207047036813F07E0F93
S214030EF014BF042008207047036813F07E0F03D145
S214030F00406820F07C40704713F078001CBF03F065
S214030F107F03D81F7047006800F07F0070470328E0
S214030F2009D0022803D1C1F10201C8B270470029D3
S214030F300CBF07200020704737B5054601F10C04A7
S214030F4043696946012220469847BDF800300122CE
S214030F5001932046AB6901A9984703B030BD37B566
S214030F6001F10C0443690122694605462046984769
S214030F704FF6FF72009B99B291420DD16FF30F03A8
S214030F8043F4254343F0A503019301222046AB69AE
S214030F9001A9984703B030BD0020FBE737B50446E8
S214030FA000251B22011D0DF107008DF8075000F0E8
S214030FB06AF860689DF80720B2EBD06F03D120F083
S214030FC0784003B030BD0DF107001B2204F1080181
S214030FD08DF8075000F057F8A0689DF80730B3EB7C
S214030FE0D06F01D1C043EAE74FF0FF30E9E74BF299
S214030FF09A22036810B5B2EB134F044613D19BB283
S214031000012B13D1FFF7CAFF01300CD04FF6FF7246
S214031010E068B2EB104F4FEA104309D180B2C01A12
S21403102018BF012010BD2368013303D00420F9E75D
S2140310300220F7E70320F5E701288CBF00200120F4
S2140310407047033801288CBF0020012070471430F6
S21403105070472DE9F04105469846036908460E4653
S21403106017469847044638B943463A463146284613
S214031070D8F70CFD044618B131462846FFF75CFF47
S2140310802046BDE8F0811F2A0B689EBF4FF0FF3154
S21403109091408B43590801F055315B1A03F0333105
S2140310A09B0803F033330B44017803EB13130A4412
S2140310B04FF0013103F00F334B43A2EB1362027080
S2140310C0704708B507F05AFBBDE808400021D8F77B
S2140310D0E7BD02210320D8F7E1BF7047704770478A
S2140310E0704770B5054614460E4609F0D0F92B68CE
S2140310F05C4034405C402C60BDE8704009F0C2B9E7
S21403110010B5002422B1032A0CD00360047110BD6D
S21403111011F4000218BF4FF07F4221F07F431343C0
S2140311200C0EF2E721F0FF03CCB2EEE730B5012454
S21403113000F5805345685C60CB784A785B0443EAE5
S21403114002230A7813438A78120402F48032134384
S214031150C0F89830EB075CBF00F50050446030BD24
S21403116070B501260C46054600F500535E600B7805
S214031170497803F0070343EAC103E17843EA01230E
S214031180A178090101F030010B430367C36AA17913
S21403119023F48B3323F4807343EA01432179090252
S2140311A001F4E0610B436179090301F480510B43B9
S2140311B0C3621146FFF7BAFF05F580535E60E37915
S2140311C003B1EE6070BD08B50A6FC96F02F007027F
S2140311D0FFF796FF08BD13B5044601A8D9F764FCCC
S2140311E0042C04D8DFE804F00616031013000020CE
S2140311F002B010BD40F29C4040F2BA439DF8052071
S214031200012A08BF1846F3E740F6B830F0E74FF474
S2140312101660EDE740F2E240EAE74FF050234FF462
S21403122000321A6770474FF0B0435A6812B19A6A91
S214031230002AFAD1704770B5054614460E4609F0E3
S21403124026F92B685C4034405C402C60BDE8704057
S21403125009F018B90122417803788A4030214B43BC
S21403126042F2100103F1A04303F570335A5070475E
S21403127021FA00F2D20730B5034600F0FC040FD57E
S21403128000220132D2B2042A02D14FF0FF3008E026
S214031290831803F00303234421FA03F5ED07F0D480
S2140312A0184630BD00207047002070470020704766
S2140312B00020704701207047012070470F207047B9
S2140312C0EBF7D0B9002307B5CDE900330123694610
S2140312D04FF0FF308DF8023004F058FB03B05DF892
S2140312E004FB0020704710B508B9212010BD002963
S2140312F0FBD0036813F0704205D1C3F30E030B60F3
S2140313007BB10020F2E703F05044B4F1004F05D060
S214031310B2F1304F02D0B2F1404FE6D103F07F0373
S214031320EDE74368002BE0D00B60EAE737B50C46E1
S214031330054610B9212003B030BD0029FAD000239A
S21403134001A90193FFF7CFFF0028F4D12968019A7A
S21403135011F0704102F1030222F0030201D1226070
S214031360E9E7AD68B1F1004FC5F38033C5F3403507
S21403137004D103EB450353432360DCE7B1F1204F6D
S21403138001D12B44F7E7B1F1304FFAD0B1F1404F1A
S214031390F7D0CFE737B50C460546002800F0878020
S2140313A0002900F0848000230B60036803F0704379
S2140313B00B60C26822B1032A79D143F080630B60C5
S2140313C0AB689A0149D403F08073EA680AB9002B24
S2140313D06DD1226822F0407213432360EA68032A21
S2140313E005D12A69F62A62D962F317432360AB68EC
S2140313F01B0442BF236843F400432360EB68032BBC
S2140314001FBF23682A6862F30E0323602B68AA684B
S214031410002B2ADB12F4C84F49D12B6803F0704324
S21403142003F10043B3F1804F05D2530542BF23684F
S21403143043F4806323600023284601A90193FFF742
S21403144052FF40B92B6813F070421FD12368019AEC
S21403145062F30E03236003B030BD03F04073B3F1B1
S214031460407F18BF4FF00073AFE7500402F40051FB
S21403147005D4E1B1236843F400532360CDE7236822
S21403148043F4804323600029C7D0F3E703F05043B7
S214031490B3F1004F05D0B2F1304F02D0B2F1404F56
S2140314A005D1019B5A1E236862F30603D2E7212067
S2140314B0D1E738B131B101234B604FF00053002020
S2140314C08B6070472120704737B50C46054608B930
S2140314D0212016E00029FBD001234B60C368A3B983
S2140314E001A90193FFF722FF58B9019B6A699A4243
S2140314F009D32A69002AEBD0226043F00053002068
S214031500A36003B030BD1D20FBE7032BE0D100230F
S214031510F5E7436813B9416070475B685A68012A68
S214031520FBD159607047FFF7DCBE08B5FFF7D9FE5D
S214031530002814BF6FF09200002008BD13464288AF
S21403154070B50732072A0C464FEAD20101D0A142F2
S21403155022D146680588202218460021EAF71CF89F
S214031560360A0346DEB9BCB141F20102954205D004
S214031570B5F5885F02D0B5F5905F02D100205C60B8
S21403158070BDB5F5105F0DD1182C03D0202C01D0FB
S214031590102C01D11C60F1E76FF08600F0E76FF0C6
S2140315A08B00EDE76FF08500EAE7F0B51C4643686D
S2140315B006461B0A0F46154689B035D122462946EC
S2140315C0FFF7BCFF68B9EB1C23F00303C4E903076A
S2140315D0636145B9202200212046E9F7DDFF6FF05D
S2140315E0860009B0F0BD014620226846E9F7D4FF1D
S2140315F06A4629463046FFF7A1FF0028EAD123684A
S214031600009A9A42E6D16368019A9A42E2D1A368A5
S214031610029A9A42DED1A369069A9A42DAD1E3691C
S214031620079A9A42DDD0D5E76FF08B00D9E7D9F752
S21403163083BDD9F79DBE70470020704700207047D2
S214031640C3681944836853F8210030F8023B1360DB
S2140316507047012310B580F888300378044653B1E9
S21403166000F061FA21462046D9F774FF2046BDE80C
S214031670104000F04DBA10BD38B50D460446D9F7F4
S21403168051FF6B682046C4F8B032A96800F096F99B
S2140316904FF0FF332046C4F8B432FFF7CDFF38BD12
S2140316A0D0F8B43210B50133044601D0002010BD83
S2140316B000F0BCFAC4F8B4020130F7D194F8B802CB
S2140316C080F00100F3E708B5D9F768FF08BD0A788C
S2140316D001382D2A0ABF012200228918D9F7BABF7A
S2140316E007281BD8DFE800F0060A0D1013150417A9
S2140316F00120704700220820D9F7ACBF0022102033
S214031700FAE700222020F7E70820FFF7E0BF1020C3
S214031710FBE72020F9E70846D9F7FEBF002070470D
S2140317202DE9F74307280C46DDE90A7690461D4661
S21403173008D8013806280AD8DFE800F01D27303A13
S21403174044574A00212850D003B0BDE8F083002256
S21403175020461146E9F7ECFE3368C0B205EB830179
S2140317603A6845F82300013348F8221033603B6893
S21403177001333B60E8E7002220461146E9F7D8FE2E
S214031780336880B205EB8301EAE700222046114660
S214031790E9F7CEFE336805EB8301E1E70022204636
S2140317A01146EAF773F8336840B205EB8301D7E7CF
S2140317B0002220461146EAF769F8336800B205EBC3
S2140317C08301CDE7002220461146EAF75FF8E1E7FA
S2140317D0002389461E461D468DF8063019F8013F3C
S2140317E07D2B06D125702D0A65703B6848F823408B
S2140317F0BDE7202BF2D006F00102013612B98DF8B0
S2140318000430EBE71022002101A88DF80530EAF733
S2140318103DF8631901359870ADB2DFE72DE9F04F57
S2140318209B46002385B08B45814688469246CDE984
S21403183002336BDC1A461E4619F80340212C09D8DE
S2140318401F2C04D8103C072C98BF012200E0012669
S2140318500133F1E7FF2CFBD15B4436B1013B434533
S2140318600ADD2B2005B0BDE8F08F62B1013B43458E
S214031870F7DC3546374602E000252F462E4645451B
S21403188004DB0020EEE79845F3D0EAE75D453BDB53
S21403189019F80730202B18D109EB07035B78FF2BC9
S2140318A0DFD1CEB920465AF82510FFF719FF78B3D3
S2140318B003AB019302AB00932046DDE90E235AF8EF
S2140318C02510FFF72DFF0135D9E7212B0ED109EBA4
S2140318D007035B78FF2BC4D1029B5AF825200E9989
S2140318E0012641F8232001330293ECE7A3F1100409
S2140318F0072C02D91C460137D3E709EB07035B78AD
S214031900FF2BAED1E4B2CCE70624CAE72120A9E731
S2140319102620A7E72DE9F04F07460E4615469846BC
S214031920044685B0DDF84490DDE90FAB206808B3C4
S214031930DAF80020D8F800108A421BDA0E9B53F818
S2140319402210D6F789F948BBDAF800200132CAF824
S21403195000206268117BFE291BD10E9B10680121B3
S21403196000932A464346CDE902B9CDF804A0FFF713
S214031970D1FF04462B7843B999F800302BB97EB1D2
S21403198001233C4689F800302B70204605B0BDE89D
S214031990F08F01238BF800302B70EBE70C34C5E790
S2140319A03446F2E710B50446236803B910BD237A1C
S2140319B013B92046D9F7E6FE0C34F5E710B541B166
S2140319C00A7932B901249C300C71FEF73DFE20469D
S2140319D010BD0020FCE72DE9F041BAB005460AAA7F
S2140319E0084603A900F05FF90446B0B90DF10A03EF
S2140319F001930DF10B038DF80A0000930AAA2846FB
S214031A0004AB03A9DAF76EF89DF80A20B2B19DF885
S214031A100B2048B12AB1D9F7B5FE20463AB0BDE847
S214031A20F081FFF7BFFFF8E7D5F89C50002DF4D000
S214031A30A86808B1FFF7B6FF2D68F7E700B3466856
S214031A401AAB06F10C082AAF01934046049B039990
S214031A5000970AAAFFF7E2FE04460028DDD1039B9F
S214031A6005A8CDE90637049B0595CDE90838DBF7CD
S214031A7001FB05A83368984705A800F03FFDCCE7AF
S214031A802D24CAE710B50446AC30E9F781FC04F10F
S214031A90AB031A180020934200D110BD13F8011FA0
S214031AA00029FAD00A2908BF0130F4E70023F0B56D
S214031AB00B6013600646D0F8AC0278B196F8AC001B
S214031AC060B1012406F1AC07D6F8AC02844210D309
S214031AD006F1AC00B3F5007F10D30120F0BD0D680E
S214031AE001350D60156801351560F85C01330A2869
S214031AF002D0B3F5007FF2D30134E5E7C15C0A29CF
S214031B00EBD00029E9D01168013301311160E1E718
S214031B1010B50021D0F88C200446E9F73DFD0023DC
S214031B20C4E9243310BD73B5044600F1AC05802127
S214031B302046FEF79EFD4FF4007106462846FEF744
S214031B4098FD0136C0F50070864220461FD8E9F797
S214031B501FFC06462846E9F71BFC01362946421CAD
S214031B60A819E9F76BFD2046E9F712FC2146024661
S214031B702846E9F7A1FE2046E9F70AFC0A23204493
S214031B8080F8AC300023C4F8AC3202B070BDFFF767
S214031B9079FF01AAC4F8AC0269462046FFF786FF20
S214031BA00022009B234483F8AC20C0E773B50D46A0
S214031BB00446FFF767FF6B1C19D1D4F8AC3213B198
S214031BC0013BC4F8AC3200252046E9F7E1FBA84206
S214031BD015D82046FFF79CFFD4F8AC322BB16946E4
S214031BE0204601AAFFF762FFA0B902B070BD012D1F
S214031BF0FBD1D4F8AC328342F7D20133E1E70820B5
S214031C0000F023F8202000F020F8082000F01DF84C
S214031C100135D9E7009D04F1AC06019BAB42E4D93C
S214031C20715D2046DAF78CF80135F6E707B5002034
S214031C300DF1070100F0E7F820B99DF8070003B09F
S214031C405DF804FB4FF0FF30F9E710B5C1B2044668
S214031C50002000F0C8F800280CBF20464FF0FF30E5
S214031C6010BD0FB407B504AA52F8041B0020019256
S214031C70DAF702FA002003B05DF804EB04B070470D
S214031C8010B54C1C0B460119045D222C03D07B2C8B
S214031C9001D05C2C05D1D21A1844E9F7CFFC0120F9
S214031CA010BD0020FCE72DE9F0470546914688461F
S214031CB0E9F76EFB2A4606461346197801322029B1
S214031CC0FAD0C9F800305C1B01236FF0404AC8F80D
S214031CD00030A64201D8002014E02F5D29197B2F7F
S214031CE012D0222F2ED1D8F80030621C53442A4437
S214031CF049F82320012C09D911F8013C13F0DF0F12
S214031D0004D02120BDE8F0877D27F3E701342B5D5F
S214031D10BB4209D12B195B7813F0DF03F1D1222FD5
S214031D2000D12B550134D4E75C2B07D1324621462C
S214031D302846FFF7A5FF0028E3D0013E0134A6425C
S214031D40E5D8DEE75C2F08D1324621462846FFF762
S214031D5097FF0028D5D0013EE4E7202FE2D10022EA
S214031D60631CB3420A70DDD2EA18EB5C202BD9D091
S214031D70D8F800300F2B05DC49F823200133C8F8C8
S214031D800030CFE71E20BDE700F000B80020704704
S214031D90D5F750BF70B50C46154610B9DAF760F99B
S214031DA038B143682BB12A462146BDE87040006827
S214031DB01847232070BDF7B50D4616461C4638B99E
S214031DC0DAF74EF904B901AC20B9232003B0F0BD0D
S214031DD003B901ACC768002FF7D02346324629461D
S214031DE00068B847F2E707B501228DF807100DF132
S214031DF00701FFF7CFFF03B05DF804FB0B46014670
S214031E001846FFF7F0BF00230122FFF7D4BF08B53B
S214031E1008F038FCFA23B0FBF3F080B208BD0420C8
S214031E20704740F20160DAF711BA70470120704735
S214031E300020704749BA89B280EA0103C3F303124C
S214031E405340180380B258405B0103F4FF535840D5
S214031E50704708B5DAF7C6FD58B1A0F15903042B4D
S214031E6006D8042B04D8DFE803F0040404030400B4
S214031E705C2008BDDAF70EBF7047F8B50C468D1820
S214031E80073552421540A5F108070646384600F0C6
S214031E90DFF9A188381B628801EBE00189B2A2EB67
S214031EA0E00225F8041C25F8062CA288C310AAB164
S214031EB0A4EBC202B2F802C0D18003EB0C0151803E
S214031EC0E28892B1D31A9BB204EBC20425F8023C13
S214031ED0A380B3680344B3603846F8BD15F8082CEE
S214031EE042F0020205F8082CEAE725F8022CF0E790
S214031EF02DE9F04F4FF0000887B09946531C109B0E
S214031F000546174614BF14460824CDF81480002B44
S214031F1000F0C580C3F80080002900F0C280426844
S214031F208A4240F2BE80073121F0070608F0BCFA69
S214031F3005AACDE9008282463A464B4631462846F4
S214031F4000F08AF9059F834607B130B9504608F07A
S214031F50A6FA192007B0BDE8F08FB7F80280296902
S214031F604FEAC802C0EBC8080139B8F1270F296148
S214031F707AD9B9F1000F51D1864206F1080848D044
S214031F80224639462846FFF778FF04460590059B08
S214031F909844404600F05CF9059906F10F004A881C
S214031FA0C308A2EBD002A8F80220CA88A8F8043017
S214031FB0002A30D0D31A9BB201EBC202A8F806302F
S214031FC093808B88F608A380B8F804303A46E380FB
S214031FD0414600232846668000F0A6F9AB6808331E
S214031FE0AB60237843F0010323702B6901332B6125
S214031FF06288AB68504603EBC203EA68AB60934261
S21403200088BFEB6008F04BFA109B083400201C6076
S214032010A0E73C46BBE7A8F80620D2E707EB080490
S2140320202046039200F014F90BF10703DB08059929
S214032030638008F10703DB08A380CB8893B1DB003A
S214032040039AD81D821A5A44C2F3CF020B44E28085
S2140320509A80A38808F1FF384FEAD808A1F80280CF
S214032060CB80BBE7E380F4E7B9F1010F1BD107F19F
S2140320700803B3FBF4F204FB1233B3B1224639462A
S2140320802846FFF7FAFE044623783A4643F0010350
S214032090237021460123284600F046F9A8E72220AC
S2140320A058E7212056E78642E8D13C46ECE707B5D9
S2140320B000224FF0FF3101AB0192DAF74BFA019899
S2140320C003B05DF804FB2DE9F74F04460D460029DF
S2140320D000F0AB80D0E9056808F0E6F915F8087C4F
S2140320E035F8061CFB07009000D531B9009808F0B8
S2140320F0D6F9012003B0BDE8F08FA368D4F810909A
S21403210035F804ECA3EBC10B09F10103A5F1080CA8
S2140321104A1CC4F808B02361BEF1000F7BD0ACEBB9
S214032120CE03D888B3F802A00190187807F0020708
S214032130C00765D4002F64D10198A0EB0A07012FCE
S21403214069D18A1CABF108075244C4F81090A76003
S21403215035F802ECBEF1000F61D0D4E900700CEB49
S214032160CE0A07EB0009CA4559D21CF83EC05746AB
S2140321701CF0010C15D1AEEB0101012911D1BAF8FF
S2140321800210AAF802C001310A44BAF80610002960
S21403219043D00AEBC107216901392161A1680839D7
S2140321A0A16015F8081C013A21F0010105F8081C86
S2140321B0002125F8061C5A801A7861F300021A706B
S2140321C07FB3C3F107023A44C2F3CF02DA80BA8080
S2140321D04EB3B34227D37288002A08BF1E46B8F10F
S2140321E0000F06D0434504D8B8F80220002A18BFCB
S2140321F043460098C4E9056308F051F9002079E7DF
S2140322004FB115F8087C724427F0020705F8087CDE
S21403221000279F809CE763469AE70F46BBE70027A5
S214032220BFE7DF80D4E71E46D9E7222062E710B572
S2140322300446DAF7A7F92146BDE81040FFF743BF87
S214032240FFF7F5BF0846FFF732BF0846FFF7F8BFAC
S2140322500023036043607047F0B5D0E90554561C6D
S21403226008BF0822002B4FF0000008BF2C46DDF8FD
S21403227018C0CCF80000002C37D09DF81470658881
S214032280FF0007EBC505C2F1000E2078C00708D58E
S2140322901BBBE088A0B104EBC004658807EBC5054B
S2140322A0F3E78D42F4D363B904F10806B6FBF2F004
S2140322B002FB106670180EB1A842EAD8CCF80040AC
S2140322C0F0BD082A0FD06088013004EBC000461A20
S2140322D006EA0E06801B8542F0D2A0880028EFD0BF
S2140322E0A4EBC004D9E70846E8E72046E8E7034638
S2140322F00069C0B10AB951B91A6810460378DB07FA
S21403230011D531B9C3885BB100EBC300F6E79A6910
S214032310F3E7012904D1838823B1A0EBC300EDE7DB
S21403232000207047184670472DE9F041D0E9055460
S214032330074688461646ABB1954200D00ABB4246CE
S21403234000213846FFF7D3FFB442054600D02EB926
S214032350424601213846FFF7CAFF0446C7E905543B
S214032360BDE8F081954208D08D4228BF0D46B442A1
S21403237005D0444538BF4446F0E70D46F7E74446E4
S214032380ECE79442EAD1E3E770B500261C46C3E9BE
S2140323900001C3E90266C3E905001E611A775E629F
S2140323A0FFF756FF23690139C908013341802361CA
S2140323B0A36830460833A360E3680833E36070BD60
S2140323C0002307B5684600938DF80430D8F756F80F
S2140323D003B05DF804FB10B508F059F8044606F0A0
S2140323E05FFA2046BDE8104008F04CB870474FF43B
S2140323F0C870DAF727B9DAF7D9B900F01CB870470E
S214032400704708B503F001F903F009F903F010F972
S21403241003F01FF9BDE8084003F02EB9704708B56E
S21403242003F0EEF803F0EDF803F0ECF803F0ECF845
S214032430FFF7F4FF08BD08B503F01FF903F01EF914
S21403244003F01EF9BDE8084003F021B970470120E8
S21403245070472DE9F34112F001050446884622D160
S21403246010F0030525D12F465208BA4209D1D8F7F2
S21403247093FA0026B74204EB860008D1D8F798FAF9
S21403248011E054F8273001330CD10137EDE704226D
S21403249058F826300DEB0201019308F011FB30B11A
S2140324A0D8F786FA3D25284602B0BDE8F081013606
S2140324B0E0E70125F7E77047B0F1006F0FD300F0B0
S2140324C07843B3F1006F0CD000F06040B0F1404F9A
S2140324D009D0B0F1604F14BF0420032070470020DA
S2140324E070470120704702207047002070471AB1DA
S2140324F011B180B2DAF7CEBB2120704701F056BE89
S214032500E3F7F8BCFFF78DBCD0E9023253F822306C
S21403251000211878E3F740B9704702F08CB901F050
S214032520DABDC3688268013BDBB252F823305B78BE
S214032530652B02D10020E5F77FBC6E2B01D101206D
S214032540F9E7662B01D10220F5E7704710B5D0E90D
S2140325500232044653F82230187802F046FAE3684B
S214032560A268013352F82330BDE81040187802F011
S2140325703ABA10B50446C0B2DBF75AFD200ABDE8E6
S2140325801040DBF755BDD0E9023253F822301878F5
S214032590DBF756BE02F0E1B9E4F74CB908B501F033
S2140325A0B8FEBDE80840E5F735BBD0E9023253F87C
S2140325B02230186801F0ABBE0020E5F731BC0120DD
S2140325C0E5F72EBC0221DBF7D1BD0321DBF7CEBD39
S2140325D00521DBF7CBBD08B501460C20DBF7A2FDD2
S2140325E0BDE80840DBF730BD08B501460020DBF741
S2140325F099FDBDE80840DBF727BD07B5C2688368C9
S214032600043253F8223001211B880DF10602ADF87F
S21403261006300023DCF72EFB03B05DF804FB08B599
S21403262008F044F8BDE80840F1F7B2BD10B514460B
S214032630DCF73CFE2146BDE8104007F0D5BD08B5E3
S214032640DCF734FEBDE80840002107F0CDBD08B531
S214032650DCF72CFEBDE80840F1F7D0B908B5DCF787
S21403266025FEBDE8084008F084B908B5DCF71EFE71
S214032670BDE80840F1F7AEB97047704708B508F0F3
S21403268015F8FFF7FAFF03F065F8BDE80840DCF736
S21403269059BE7047012070470120704708B5DCF724
S2140326A0EDFE00280CBF0420012008BD70472DE96D
S2140326B0F34104460D4616461F46DDF8208008F013
S2140326C08DF83B46324629462046CDF8008003F077
S2140326D043F83B46324629462046CDF80080FFF7AE
S2140326E0E5FF02B0BDE8F04101F060BD2DE9FF470C
S2140326F004460D4616461F46BDF830809DF83490B6
S214032700DDF838A008F06AF83B46324629462046EC
S214032710CDE9019ACDF8008000F0FDFF04B0BDE8D6
S214032720F04701F043BD704708B508F057F803F0CB
S21403273016F8FFF7F8FFBDE8084001F037BD0120A3
S21403274070472DE9F74304460D4616461F469DF887
S214032750289008F043F83B46324629462046CDF8F3
S2140327600090FFF7ECFF80463B463246294620465C
S214032770CDF8009002F0F4FF01F018FD404603B0D8
S214032780BDE8F083012070472DE9F74304460D4664
S21403279016461F469DF8289008F020F83B4632461A
S2140327A029462046CDF80090FFF7ECFF80463B46CF
S2140327B0324629462046CDF8009002F0D2FF01F0BB
S2140327C0F5FC404603B0BDE8F083F8B504460D4675
S2140327D016461F4608F002F83B4632462946204670
S2140327E002F0C0FFBDE8F84001F0E0BC00207047EF
S2140327F0F8B504460D46164607F0F0FF324629465E
S2140328002046FFF7F3FF074632462946204602F0E6
S214032810AAFF01F0CBFC3846F8BD38B504460D4692
S21403282007F0DCFF2946204602F09EFFBDE838404D
S21403283001F0BCBC10B5044607F0D0FF204602F0FA
S21403284094FF2046FDF732FCBDE8104001F0AEBC15
S214032850704738B504460D4607F0C0FF29462046A4
S21403286002F095FF29462046FFF7F2FFBDE8384001
S21403287001F09CBC704770B504460D46164607F03B
S214032880ADFF32462946204602F083FF32462946EC
S2140328902046FFF7EFFFBDE8704001F087BC7047A6
S2140328A038B504460D4607F099FF2946204602F040
S2140328B072FF29462046FFF7F2FFBDE8384001F0D5
S2140328C075BC704738B5054607F088FF284600F004
S2140328D0EFFE04460146284601F0ABFF01F066FC16
S2140328E0204638BD38B504460D4602F056FF294645
S2140328F02046FFF7E6FF38BD704738B5054607F0B4
S2140329006DFF2846E3F7A2FA04460146284601F07F
S2140329108EFF01F04BFC204638BD38B504460D4605
S21403292002F03CFF29462046FFF7E6FF38BD704716
S21403293010B5044607F052FF204602F030FF20464B
S214032940FFF7F5FFBDE8104001F030BC704738B51F
S21403295004460D4607F042FF2946204602F021FFB3
S21403296029462046FFF7F2FFBDE8384001F01EBCBB
S214032970704770B504460D46164607F02FFF3246DD
S2140329802946204602F00EFF324629462046FFF728
S214032990EFFFBDE8704001F009BC704738B5044648
S2140329A00D4607F01BFF2946204602F0FCFE29468B
S2140329B02046FFF7F2FFBDE8384001F0F7BB70474B
S2140329C038B504460D4607F009FF2946204602F0AF
S2140329D0EBFE29462046FFF7F2FFBDE8384001F03C
S2140329E0E5BB704710B5044607F0F8FE204602F034
S2140329F0DCFE2046FFF7F5FFBDE8104001F0D6BB2E
S214032A00704710B5044607F0E9FE204602F0CEFEF6
S214032A102046FFF7F5FFBDE8104001F0C7BB70473F
S214032A20704770B504460D46164607F0D7FE324685
S214032A302946204602F0BDFE324629462046FFF7C9
S214032A40EFFFBDE8704001F0B1BB704710B5044618
S214032A5007F0C4FE204602F0ADFE2046FFF7F5FF62
S214032A60BDE8104001F0A2BB704738B504460D46DA
S214032A7007F0B4FE2946204602F09DFE294620466E
S214032A80FFF7F2FFBDE8384001F090BB704770B522
S214032A9004460D46164607F0A1FE32462946204652
S214032AA002F08BFE324629462046FFF7EFFFBDE8CD
S214032AB0704001F07BBB70472DE9F34104460D4699
S214032AC016461F46DDF8208007F088FE3B46324652
S214032AD029462046CDF8008002F070FE3B4632467B
S214032AE029462046CDF80080FFF7E5FF02B0BDE893
S214032AF0F04101F05BBB0E2070470E20704738B5DF
S214032B00044607F06BFE2046FFF7F7FF0546204610
S214032B1002F055FE2046FFF7EEFF01F047FB28467E
S214032B2038BD002070470020704738B5044607F0CC
S214032B3055FE2046FFF7F7FF0546204602F040FE07
S214032B402046FFF7EEFF01F031FB284638BD7047FD
S214032B5008B507F043FE02F034FEFFF7F8FFBDE8C2
S214032B60084001F023BB002070477047704708B544
S214032B70DCF756FD00280CBF0420012008BD704773
S214032B800B68DA7B1AB9DB7C0BB9DCF76DBD8120E9
S214032B90704708B5DCF780FDBDE80840DCF78ABD62
S214032BA07047DCF779BDDCF785BD082808D84FF4F5
S214032BB08B73C34013F0010F0CBF21200020704716
S214032BC0212070470121DCF767BE0221DCF764BED3
S214032BD00421DCF761BE0821DCF75EBE1021DCF7BA
S214032BE05BBE08B500F026F808B1002008BDDCF788
S214032BF0A3FE0028F9D1DCF7B1FE0120F6E715287D
S214032C0008B503D1BDE80840DCF79CBE01F089FE99
S214032C1060B9E2F76FFC032806D100F009F828B97B
S214032C20BDE80840FFF7DDBF0028EBD008BD7047BE
S214032C30002070470020704708B5DDF775F8FA23C3
S214032C40B0FBF3F008BD0321DDF79EB80120704703
S214032C50D0E9023253F822301878DDF79DBA0868B7
S214032C60C37B1BB9C37C0BB9DDF7C6BA812070479B
S214032C70D0E9023253F822301878DDF7FFBA7047EE
S214032C8030B50546044615F8100B85B00295656900
S214032C901D44CDE900250B46A21D618801F023FEE5
S214032CA005B030BD704710B492F80A4192F805316A
S214032CB003EB04230B8100235DF8044B1A4601F053
S214032CC010BE1FB50446084671B12178FF290BD004
S214032CD0238B029363690193237C00936288A31D6D
S214032CE0E3F7D0F8FF23237004B010BD0868C37B56
S214032CF073B9C37C032B0BD8DFE803F00208040682
S214032D00DDF7BCBDDDF7ECBDDDF71CBEDDF7CABDE8
S214032D10812070477047704700207047137810B5BE
S214032D20032B0CD15479CBB29C4208D19379B3EBE5
S214032D30112F04D153781B1A5842584110BD002056
S214032D40FCE77FB505460E4600246946E0B201F06F
S214032D5076FD28B96A4631462846FFF7DFFF18B9DD
S214032D600134202CF1D1002004B070BDFFF7E9BF79
S214032D700868C37B9BB9C37C052B10D8DFE803F038
S214032D80030D070B0905DDF781BEDEF7BDB8DDF7DA
S214032D9017BFDEF769B8DDF7E7BFDDF7B9BE8120F9
S214032DA070470020704730B5102587B001AA002170
S214032DB00195FEF745FC04462A46002102A8E8F7DB
S214032DC0EBFB2A46214602A8E8F738FC012102A8B5
S214032DD0DEF778FA07B030BDDEF706BA7047FFF7BE
S214032DE0FDBF0B68DA7B5AB9DB7C012B04D0022BC0
S214032DF004D02BB9DEF78ABEDEF794BEDEF79EBE9E
S214032E0081207047002307B5012101A80193D4F759
S214032E1069FD08B9D4F7A2FB012003B05DF804FBF3
S214032E2008B502F030FA052803D0003818BF012091
S214032E3008BD0220FCE77047D0E9023253F822307F
S214032E401878003818BF0120E0F7F8B9E0F7FCB9A6
S214032E5000207047002070477047FF207047FF2010
S214032E607047002070470020704700207047704767
S214032E7006207047DFF7A0BC0868E0F779B970B59D
S214032E800D46044600212846164601F074F93246DC
S214032E9020800221284601F06EF932466080042124
S214032EA0284601F065F90023A360E360606008200C
S214032EB070BD034641B181424FF0640005D94343D8
S214032EC0B3FBF1F0C0B2704708467047E0F7CAB9E3
S214032ED0E0F7C0BFE1F7C8B8B0F5807F05D0A0F52E
S214032EE0007358425841400170470820704730B578
S214032EF099B00D4669461446E1F71AF830B915B18C
S214032F00BDF802302B600CB10D9B236019B030BDA9
S214032F102DE9F04788B00E46904604A905AA074651
S214032F201D46FFF7E4FF044638BB28800DF10C0965
S214032F30DDE904A39A4520D2062251463846CDF849
S214032F40009006ABE1F710F8D8B9039B062B18D10F
S214032F502A88DDF81A3042450ED2BDF8181026F836
S214032F6032102A8806EBC20253602A885344013281
S214032F7006332A800493DBE7F7D9204608B0BDE87A
S214032F80F0870124F9E72DE9F0438FB00F4690460A
S214032F9001A9002204469946FFF7A9FF18B10120AC
S214032FA00FB0BDE8F083062220460DF1020302A906
S214032FB0FFF7AEFF0028F2D105460246BDF8021021
S214032FC0019CEEB28E42EAD20EAB03EBC60656F86F
S214032FD02C3C36F8306C0634BE4217BFE418012288
S214032FE013460022013522B1C8F80040C9F8003064
S214032FF0D6E71A46E5E770B50024012602F01DF968
S214033000E5B2C26806FA05F59542234604F10104C3
S214033010F4D3D8B270BD70B586B0E0F7D7FD00F133
S2140330201006E6F743F900240546142201A93019D1
S21403303002F00AF91CB99DF80430FF2B16D00023C2
S21403304003F118026A4412F8142CFF2A06D11C4412
S214033050601E90FBF5F080B206B070BD2B44DBB269
S214033060132BEDD91434B4F5826FDED14FF0FF3055
S214033070F2E7E0F7E1BB07B504220DEB020102F02D
S214033080E3F8019803B05DF804FB37B50546084638
S2140330900C46FFF7F0FFA84206D0042220460DEBAD
S2140330A002010195E6F754F903B030BD07B50B46A8
S2140330B00092002102460120E0F750FC03B05DF8C1
S2140330C004FB08B50121E0F781FBBDE80840E6F7FD
S2140330D0EBBAE0F7BFBE08B5FFF7F3FF002008BD65
S2140330E008B513460A4601461846E0F7CBFC80F0BF
S2140330F00100C0B208BD00207047704708B1E0F772
S214033100C9BF704730B4DDE902451DB1029430BC37
S21403311000F0C6B930BC70471F2804D8142200F547
S214033120A030D9F781BE70471F2804D8142200F5B3
S214033130A030D9F7A5BE7047152808B505D1FFF707
S214033140DCFFBDE80840E1F7EBB808BD10B5142472
S21403315086B02246002101A8E8F71EFA202322465D
S21403316001A94FF4A03001F078FC06B010BD002092
S214033170704713B500230C461A460146CDE90033C3
S214033180E0B2E1F791FE02B010BD13B5002314467A
S214033190019001220093E0B2E1F786FE02B010BD73
S2140331A0D0E9023253F822301868E1F7F5BF194424
S2140331B091420ADC4218002003B9704712F8011D39
S2140331C0013B01EB0020DBB2F6E7002070472DE958
S2140331D0F04F4FF0000A85B0019381460F4615461F
S2140331E05346019A11785FFA8AF2914203D8002077
S2140331F005B0BDE8F08F019909EB050801EB420223
S214033200517892F802B011F04004009101F03F06A5
S2140332101BD0AC19BC42D4BF00240124334664003F
S214033220A20740F18880009B1B0640F192800E9B0C
S214033230324603EB0B000021E8F7AEF93D460023C8
S2140332401D44ADB20AF1010ACBE7042E07D866B1D6
S214033250B31E022B0BD8DFE803F0122130003E2EFC
S21403326037D03F2E5BD03D2E4BD00320C0E7BD4268
S21403327034BF00240124012664003346D0E7AB1C88
S214033280BB4250DC02233A4629464846FFF78FFFE7
S214033290ADF80A0002230DF10A08C1E7EB1CBB4296
S2140332A043DC03233A4629464846FFF780FF03904C
S2140332B0042603230DF10C08B2E72B1DBB4236DCB4
S2140332C004233A4629464846FFF771FF0390042332
S2140332D0F0E77A1E95422CDA02233A4629464846F8
S2140332E0FFF765FF4FF6FF7380B298420EBF0223C7
S2140332F0023083B25C19A742B4BF03240124042618
S2140333008EE7BD4215D298F80030FF2B0CBF012381
S2140333100133EC18BC42CCBF03240124EFE701249D
S214033320042600237CE73446B4E70224C0E70224DD
S214033330CDE70324E3E70E9A02EB0B0014B142F841
S2140333400B807DE7324641460093E8F7B5FA009BCB
S21403335076E702204CE710B5144686B018811A4665
S2140333600A9B0291CDE9034301230193099B01467E
S21403337000930320BDF82030E1F7D2FF06B010BD5E
S2140333801FB500240294079C0194BDF818400094CE
S214033390FFF7E1FF04B010BD2DE9F0410E461746D6
S2140333A0054686B098B391B38AB34FF0000802A9D6
S2140333B05FFA88F001F043FA044640B99DF80830F6
S2140333C0032B08D008F10108B8F1200FEFD12046EF
S2140333D006B0BDE8F0819DF809202B799A42F1D119
S2140333E0BDF80A206B889A42ECD19DF80C30BDF8E4
S2140333F00D006B7128812B4622464FF6FF71CDE9EF
S2140334000067FFF7BDFF0028DCD00446DFE7212472
S214033410DDE710B586B00A9C04949DF82440039417
S214033420BDF8204002940124CDE9003413460A4631
S21403343001460620E1F774FF06B010BD1FB504462B
S2140334400846194600230094CDE90123079BBDF8DF
S2140334501820FFF7DEFF04B010BDF0B502280546BE
S2140334600E4614461F468BB00AD106A9F0B201F0E9
S214033470E6F998B99DF8193023719DF81C306371ED
S214033480119B224604930023CDE902330193109B3C
S2140334903146009328463B46E1F742FF0BB0F0BDAA
S2140334A013B500240194049C0094FFF7D6FF02B0E2
S2140334B010BD2DE9F0450646884614469A46002771
S2140334C001258BB006A9F8B201F0B9F920BB9DF827
S2140334D01830012B19D19DF8192033799A4214D14B
S2140334E0BDF81A2073889A420FD19DF81C303246D5
S2140334F07371B9B2CDE9030ACDE901004346022050
S2140335000094E1F70DFF054610B90137202FD9D1F6
S21403351028460BB0BDE8F0850546F9E70023FFF71C
S214033520C8BF10B50446E2F7D9FC0021631E04F1B8
S2140335300F0213F8010FFF2808BF19709342F8D142
S2140335400023237410BD0020704770B506461D4641
S214033550E2F738FB044608B9212070BD3046E2F78F
S214033560FFFD0028F8D0A0682A46FF21FFF75EF883
S2140335709DF81030002063719DF81430A371ECE7BA
S21403358013B59DF81040CDE9003413460122FFF72A
S214033590DCFF02B010BD08B5E2F714FB28B1806863
S2140335A0FF21FFF754F8002008BD2120FCE7012285
S2140335B0FFF7F1BF1FB50B466A460146184601F0F2
S2140335C034F96A460823002032F8021B013B13F045
S2140335D0FF0380EA0100F7D1012838BF012080B23B
S2140335E005B05DF804FB2DE9F04F87B0DDE9109BCD
S2140335F005468846484619461F461446BDF84860A1
S2140336009DF84CA0FFF7D6FF042D0346ABF8000049
S2140336101AD8022D1DD9042D07D04FF2F222A18805
S214033620914222D1E28891071FD5E17A0022CDE9A3
S214033630013720463346CDE90392CDF800A001F0CA
S21403364043F907B0BDE8F08F6A1F012A11D921207C
S214033650F7E700224146CDE9119228462246109705
S21403366007B0BDE8F04F01F03EB94FF6FF760C21E8
S214033670DCE7052D0ED10023E17A0022CDE90137E0
S214033680CDE903920091234652464146304601F067
S2140336900EF9D6E74FF2F222A188914204D1E288CE
S2140336A0920701D5E17AE8E74FF6FF760C21E4E7C7
S2140336B0F0B585B00546E1F745FF48B16B88B3F52D
S2140336C0006F05D1681D05B0BDE8F04000F0EEBC04
S2140336D0284600F004FD0446C8B9E7B269463846F2
S2140336E001F0ADF878B99DF8006066B9294638460A
S2140336F001F0A9F820B140F60443984207D08C267F
S214033700304605B0F0BD0134202CE6D1F7E78D2610
S214033710F6E7E2F7FDB82DE9FF4704460D460146F6
S214033720184617461E46BDF830809DF83490DDF8DF
S21403373038A0DCF7E3FED0B92146284601F021F98C
S21403374033463A4629462046CDE9019ACDF800800D
S214033750E2F782F933463A4629462046CDE90D9AE2
S214033760CDF8308004B0BDE8F04701F0F7BF04B0F1
S214033770BDE8F087E2F71ABBE2F7D2BAE2F7F6BA89
S21403378010B5044601F009F9082201462046BDE8B3
S2140337901040E7F753BF01F002B9002101F0FFB86C
S2140337A001F011B90020704720207047EFF7D0BD15
S2140337B0EFF71ABEF2F7C4B87047E2F743BC70B52A
S2140337C006460C46154600F04CF850B13CB135B1F0
S2140337D0204600F0D6FC013080B2A84200D9002073
S2140337E070BD304600F043F840B1002CF7D0012DF1
S2140337F0F5D9204600F0CAFC0230EDE73046E2F782
S21403380081FBEAE7F8B5BDF8185010B3967855B9BA
S214033810D478A6F14107012F07D8621ED2B200F072
S214033820CFFD0020F8BD2C46F3E7433E012E04D817
S214033830A21E92B200F0DCFDF3E7D27813B90DB105
S214033840AA4206D811B9E7F7A7FEEAE7E7F7F6FEB6
S214033850E7E78920E6E7413803288CBF00200120EC
S2140338607047413801288CBF002001207047433839
S21403387001288CBF002001207047002070470020DD
S21403388070470388B3F57C4F01D3FFF7F8BF0846AC
S214033890FFF7F3BF10B54A880488A2420DD1037B15
S2140338A00C79234009D0B2F57C4F08D3FFF7E7FF26
S2140338B00B891B1A5842584110BD0020FCE7012013
S2140338C0FAE738B50D88D488A5420AD10388B3F53C
S2140338D07C4F08D2FFF7D5FF13891B1A584258416D
S2140338E038BD0020FCE70120FAE72DE9F04715462E
S2140338F00446B8B149B1EAB100264FF0140AB046FF
S21403390090F80490F3B2994501D800240AE027689A
S2140339100AFB06773846FFF7BDFF013628B13C465B
S214033920A5F800802046BDE8F0877B8943441FFA4C
S21403393083F8E7E71446F5E72DE9F0470E46154604
S2140339400446B8B149B112B300274FF00C0AB84683
S214033950B0F80890BBB2994501D800240AE0636822
S214033960324620460AFB0731FFF7ABFF28B10C4669
S214033970A5F800802046BDE8F0870B79013713F0E1
S214033980300F02BFCB7843441FFA83F8E2E71446AE
S214033990F0E72DE9F04186B00D461446984604AA92
S2140339A005AB03A90646E2F783FB40B30DB1049BC0
S2140339B02B6034B3049D03982946FFF762FF2B88D8
S2140339C0074602467188307800F04FFBD8B1297954
S2140339D011F010030BD0EB782A46CDE900433B46A3
S2140339E071883078FCF74EFB06B0BDE8F0812A46B6
S2140339F020460599CDF80080FFF704FFF4E78620FC
S214033A00F2E72046F0E77E20EEE71FB51C460023CC
S214033A10ADF80A20BDF818208DF80400ADF806109E
S214033A20ADF80C2069461A4601A800938DF80840A5
S214033A30FFF7AFFF009804B010BDF0B587B00E4691
S214033A4005AB04AA03A90446E2F732FB08B3049DB8
S214033A5003982946FFF715FF2B8807460246618819
S214033A60207800F004FBB0B1297911F0100108D0DA
S214033A7000963B462A4661882078D2F721FB07B09A
S214033A80F0BD009101232A4631460598FFF7BAFE9A
S214033A90F5E78620F3E77E20F1E72DE9F0410646B9
S214033AA000254FF014080779E8B2874201D80024AE
S214033AB01AE008FB05F0D6F800C00CEB00043CF84F
S214033AC0000081421AD132B1802A10D194F90CC079
S214033AD0BCF1000F12DAB0F57C4F05D32046FFF792
S214033AE0CEFE834200D04BB92046BDE8F081402A83
S214033AF004D194F80CC01CF0400FECD10135D3E789
S214033B000121E2F711BA08B513460022E2F73AFBA1
S214033B10003818BF012008BD08B513464022E2F757
S214033B2031FB003818BF012008BD08B513468022B4
S214033B30E2F728FB003818BF012008BD08B540226D
S214033B400023E2F71FFB003818BF012008BD08B5A5
S214033B5080220023E2F716FB003818BF012008BDB9
S214033B600023E2F70FBB0021E2F77CBB10B5044647
S214033B700121E2F777FB2046BDE8104001F022BEA4
S214033B807047F8B516461F469DF81820BDF81C303A
S214033B900546E2F7F7FA78B10421E2F7E1FB0446BB
S214033BA050B1284600F00EFB3A4631462846A04759
S214033BB0BDE8F84000F0FABAF8BD2DE9F74F1E4607
S214033BC0DDE90C9B074688461446BDF838302AB311
S214033BD0B9F1000F22D00EB392F804A099F8002092
S214033BE0504612F0080F0CBF802240226188E2F78D
S214033BF0C9FA98B10821E2F7B3FB054670B15046FF
S214033C0000F0E0FA3346224641463846CDE9009BAB
S214033C10A84703B0BDE8F04F00F0C8BA03B0BDE84C
S214033C20F08FF8B5BDF8187016461A463B4604469C
S214033C30E2F7A8FAE0B177B90221E2F791FB05466D
S214033C40B0B1204600F0BEFA31462046A847BDE88C
S214033C50F84000F0ABBA1021E2F782FB054638B114
S214033C60204600F0AFFA3A4631462046A847EEE72C
S214033C70F8BD73B5BDF8184016461A4623460546E2
S214033C80E2F780FAB8B1C4B92021E2F769FB04462B
S214033C9070B1284600F096FA099B314600932846F1
S214033CA09DF820309DF81C20A047044600F07EFABD
S214033CB0204602B070BD8624FAE70024F8E72DE913
S214033CC0F04186680446007800F07CFA0025142745
S214033CD03279EBB29A4203D8BDE8F04100F066BAF7
S214033CE07B4332682078D15A02EB030800F0C1F90F
S214033CF001214046E2F734FB034608B12078984793
S214033D000135E5E72DE9F04F1C4689B09DF84C30A8
S214033D10BDF8488001939DF85030924602932246A0
S214033D20434607460D46E2F72DFA8DF8147006460D
S214033D30ADF816508DF81840ADF81AA0ADF81C80F3
S214033D4018B9012009B0BDE8F08F05A9FFF7A2FD59
S214033D500028F6D000252F46A8462C4634E00C2330
S214033D601FFA85F903FB09F931887368B1F57C4FAF
S214033D7033F8092003EB090B1AD333F8090050452F
S214033D802CD3019BA3422DD900F0B8F99BF802006F
S214033D90E2F792FF029B43B19BF8043013F0010F46
S214033DA00CBF05200720E2F787FF0134A4B219E011
S214033DB0ADF81A205946304605AA0393FFF781FD4E
S214033DC0039B0028D9D101353289ABB29A42C6D8B3
S214033DD004EB0800C31B58425841B3E708F1010837
S214033DE01FFA88F80137BFB2EDE710B5012488B093
S214033DF006949DF83C4005949DF8384004949DF83D
S214033E00344003949DF8304002940B9C0194BDF813
S214033E1028400094E2F7E8FB08B010BD2DE9F04710
S214033E2086B0BDF83880DDF83C909DF840A0CDF80C
S214033E300080CDE9019A04460D4616461F4600F05B
S214033E4012F9B8B1431EDBB2012B10D800230122AE
S214033E50811E48424841CDE90432CDE902A03B46E3
S214033E60324629462046CDE90089FFF7BEFF06B055
S214033E70BDE8F0870120FAE730B50024012587B0B6
S214033E80CDE9044503959DF82C5002950A9DCDE98E
S214033E900045FFF7AAFF07B030BD30B50024012563
S214033EA087B0CDE9044503959DF828500094CDE9E5
S214033EB001354023FFF799FF07B030BD10B5012445
S214033EC086B0CDE90444002403949DF82840029468
S214033ED0099C0194BDF820400094FFF786FF06B0C6
S214033EE010BD1FB5089C03949DF81C400294069CC5
S214033EF0019400240094E2F773FC04B010BD7047ED
S214033F002DE9F84F0229074688460C9D04D84FF042
S214033F10000A5046BDE8F88F1BB10429F7D942F0D2
S214033F2004023A702BB303247B701B0ABB70E3F7BF
S214033F306DFF4FF000099DF82830385504F1020A4A
S214033F4001343B550B9A5FFA89F3D45C002CE0D01E
S214033F50732C10D82E464C2C56F804BB3DD0532C4D
S214033F6015D0622C45D1AC8805F1080600231A4605
S214033F7016E00124DBE7A4F17503032BC7D8763CD0
S214033F802E1D022C52D8DFE804F0565A58006A68F1
S214033F9005F1080694B2D2B2B2F1FF0318BF0123AB
S214033FA00AEB040119448845B1DB5046194600293B
S214033FB047D153441FFA83FA5CB1BBF1000FA6D076
S214033FC0224607EB0A005946E7F776FC54441FFAE5
S214033FD084FA354609F10109B4E74FF6FF736A68B8
S214033FE005F1080694B222469C4214BF022300231E
S214033FF0D6E76C2C05D1584600F0C8F8841CA4B24A
S214034000B4E7732C04D1584600F0BBF8441CF6E71B
S214034010A4F13003DAB2092A01D89CB2A6E7A4F1C8
S2140340204103062B3FF673AF373CE8E70123002432
S2140340302A68A346B4E70223F9E70323F7E7042332
S214034040F5E700F1010C01393A54C9B2120A1FFA16
S2140340508CF0ACE70020E2F7B7BD0022E2F7D4BD50
S2140340600023E2F7E7BD01207047012070470120D7
S2140340707047704700207047002070470020704745
S21403408000207047002070470020704770470E20BE
S21403409070470020704700207047002070470020BC
S2140340A070477047FF2070470E2070478420704784
S2140340B07047002070477047002070470020704705
S2140340C0002070470020704700207047002070478C
S2140340D00020704770470E2070470020704700206E
S2140340E0704700207047704770470E207047704730
S2140340F000207047812070477047704738B50546E3
S214034100C0B2E2F7D9FD0446280AE2F7D5FD14B19A
S214034110002808BF0024204638BDF8B50546C0B2BF
S214034120E2F7CAFD0446C5F30720E2F7C5FD0746D6
S214034130C5F30740E2F7C0FD0646280EE2F7BCFDCE
S21403414024B12FB136B1002808BF00242046F8BD9D
S2140341503C46FBE73446F9E710B4CC18944203DC3C
S2140341605DF8044BFFF723B800205DF8044B704757
S2140341700423FFF7F1BF08B50223FFF7EDFF80B274
S21403418008BD0078FF2808BF0020704708B5022244
S2140341900021FFF7F0FF4FF6FF73984208BF002099
S2140341A008BD003818BF0120400070470020704744
S2140341B008B5FFF7A5FCFF284FF0FF3018BF002017
S2140341C0C0B208BD08B5FFF7F3FFFF280CBF2120D8
S2140341D0002008BDF8B506460C4615461F4600F0F7
S2140341E011F810B12544AC4200D1F8BD394630462B
S2140341F014F8012BE2F752FEF5E7014600220220EF
S214034200E2F7DCBD0120704737B50546E1F766F8EF
S214034210044601950CB981201CE0237823B120467F
S214034220E1F764F80446F5E72B6862685B889A4210
S214034230F5D1A368EA7B99B272B12A8A9142EED18C
S2140342406A7DB2EB134FEAD10020E36801A99847D1
S2140342508128E4D003B030BD4FF6FF72EEE72DE9B8
S214034260F84304460F46904699460BB3012A1FD8D7
S2140342700C20E7F797FB064610B91920BDE8F8832C
S2140342801020E7F78FFB18B93046E7F793FBF4E700
S2140342900123002547EA084770600570C0F80C90B4
S2140342A04460876033803046E1F710F82846E5E738
S2140342B02120E3E738B50446436808460D46984789
S2140342C0B4F90830002B02DB2B78042B06D100232D
S2140342D020466360BDE83840E3F772B938BD30B5B1
S2140342E04FF48A5587B0ADF816200DF116041A461A
S2140342F0029543B100230122CDE90033234600F0A3
S2140343001EFA07B030BD019401240094F7E7FFF7C7
S214034310EBBEFFF7BEBE0020704708B500F001FBFA
S21403432020B900F048FB08B9E0F7C8F9FFF7D2FE5A
S214034330BDE80840FFF7DBBE0020E3F7A9BD002178
S214034340E3F746BE0022E3F705BE1FB5D2880B4649
S21403435012F0200F4FF6FD7114BF49245224ADF816
S2140343600610510544BF083CE4B2110544BF083C9F
S214034370E4B2120444BF023CE4B2032805D8DFE8E3
S21403438000F0020F161CADF80630BDF80600FFF766
S21403439089FEFF281CBF241AE4B2204604B010BDD1
S2140343A002AA0DF10601D8B200F079FAEDE7D8B209
S2140343B000F047FAADF80600E7E7013CE4B2E4E7AD
S2140343C0F8B5064617460D4681B10C78FF2C0BD080
S2140343D00846FFF7D6FEB84228BF3846C4B2224680
S2140343E0691C701CE7F72AF93470F8BD0C46FBE726
S2140343F070B5044615460E4611B94170017070BD7E
S2140344000B78FF2B05D14B78FF2B02D1037043703B
S214034410F5E73046FFF7BAFEA84228BF284685B21E
S2140344202A46B11CA01CE7F709F925702D0A65700A
S214034430E5E7F0B523B9013A531C2FD1002020E05D
S214034440042AFBD800231C46551E6E1C1AD1042AC8
S21403445010D00121D200501E01FA00F020421EBFE8
S214034460914049420C4318421EBF4FF0FF3101FAF8
S21403447002F213439C421EDCB4BF4FF0FF30002011
S21403448040B2F0BD40B1465DEF00BE4034434E5DE2
S214034490013DBE403343D8E70646F5E78C5C38B9A2
S2140344A00346A34202F1FF32C6D24FF0FF30E8E7DD
S2140344B0835CA342F5D90120E3E7283807288CBF9D
S2140344C00020012070471D2810D004D840B11C28B6
S2140344D004D0552070471E380128FAD81A2901E05F
S2140344E00B390F298CBF5520002070470829F9E7A0
S2140344F0002000217047F7B59DF820400546082C9C
S214034500104619469DF8246036D8002213462C44DC
S214034510AC4208D106F0FD04382C0ED10096FFF706
S214034520E7FF03B0F0BD14F8017D1B0243EA1263F4
S2140345301202BA1843F10003EAE7392E10D107EE48
S214034540100A07EE902AB4EEE77AF1EE10FACCBF23
S21403455077EE677A77EEC77A002117EE900AE0E7E0
S214034560824273EB010403D2801A61EB0301D8E79E
S214034570101A63EB0101D4E700200146D1E738B5F2
S214034580C36814461944836853F821501AB1284661
S214034590E6F7FEFE2070284638BD2DE9F3411C469B
S2140345A016460DF107029DF82050FFF7E8FF9DF829
S2140345B007308046A34288BF8DF807409DF80770F2
S2140345C00DB1E41BE5B22A4600213046E6F7E4FFC8
S2140345D03A4641467019E7F731F8384602B0BDE867
S2140345E0F0812DE9F3411D46164601AA9DF82040A9
S2140345F0FDF726F8019B80469D4238BF0195019F33
S21403460004B1EC1B224600213046E6F7C5FF3A46C6
S21403461041463019E7F712F8F8B202B0BDE8F08168
S21403462073B50024154601AA1E460194FDF708F843
S214034630019B072B0AD92146CCB216B1C4F1070455
S214034640E4B2425C013108292A55F5D1D8B202B04A
S21403465070BD1FB5030A8DF80E300323009303AB1A
S2140346608DF80D0000F0BBF805B05DF804FB1FB530
S2140346708DF80F100421030A8DF80E30009103AB5A
S2140346808DF80D0000F0ABF805B05DF804FBF0B54F
S21403469089B016689DF83C50CDF809608DF8113046
S2140346A05668BDF83830012D109FBDF84440CDF84C
S2140346B00D60ADF812308DF8145014D0032D19D1B7
S2140346C03B68CDF815307B68CDF819309DF8483037
S2140346D08DF81D3016230093BDF84C2002AB00F076
S2140346E07EF809B0F0BD8DF81540240A0F238DF827
S2140346F01640F0E70120F4E71FB5044608461146C6
S2140347001A4602238DF80D100093214603AB00F0E2
S21403471066F804B010BD10B514461A460B6886B08A
S214034720CDF80D304B683421CDF811300A230093B1
S21403473003AB8DF8154000F052F806B010BD2DE916
S214034740F041B6B014461D4606460F469DF8F08067
S214034750E3F762FE03AA8DF80C001046330A8DF8C1
S2140347600F703F0A8DF80E308DF80D602B468DF8CE
S21403477010708DF8114005EB4405AB4202F10202BE
S2140347801FD16200D2B2931DDBB23D99D8336B447E
S214034790073203F8CC8C01EB4805D3B250FA82F209
S2140347A0A94202F1020212D103EB4803009006214C
S2140347B03046BDF8F820DBB2E3F738FE36B0BDE886
S2140347C0F08133F8021B1171090A5171D5E731F8EC
S2140347D0024B02F8024C240A02F8014CE0E72DE9EA
S2140347E0F0411C4605460E4617469DF81880E3F72B
S2140347F013FE207043463A46314628460694BDE8E3
S214034800F041E3F713BE002070477047D7F776BE34
S214034810704770477047704770470020704770476F
S2140348207047002070477047704702F0EEBEFEF7F1
S21403483074B8FEF757B803F031BAF8F7D7B903F0F0
S2140348401EBAF8F791B9F8F7F9B9F8F7B3B9FEF75E
S2140348501EB9FEF76DB8FEF77AB8F4F72BBCF4F77B
S2140348602FBCF3F78FBBF2F7B1BCF2F7B5BCEFF78B
S21403487089B9FEF7B7B8FEF77CB8FDF718BFFEF7A1
S2140348809FB8FEF78BB830B4BDF808409DF80C50BF
S214034890CDE9024530BCFDF729BFFDF796BFF8F713
S2140348A03FBBE3F713BEF8F705BCF7F751BA70B48E
S2140348B09DF80C40BDF810509DF814600394CDE9A4
S2140348C0045670BCF5F756BA70B49DF80C40BDF8A4
S2140348D010509DF814600394CDE9045670BCF5F7A8
S2140348E089BAF5F773BB10B49DF8044001945DF8DC
S2140348F0044BF5F7C3BA10B49DF8044001945DF871
S214034900044B01F073BF01F073BFFDF7A2BFFDF7C1
S214034910B2BFFDF7C5BFF1F7C1B9F2F703B8F1F7B8
S214034920D5BFF0F7E7BF02F09FBAF1F78BBB02F0F3
S214034930E1BAF1F7EBBCF1F7BDB8F1F7F9BFF1F760
S2140349407BBFF1F791BFEFF7D1BEFEF7B5B8FEF721
S21403495068B8FEF77BB8FEF788B800F00BBC00F02B
S21403496004BCF7F72BBAF5F735B8F7F705BAF7F738
S2140349702BBBF4F7FFBFEFF7F1B8F6F721BCFFF751
S21403498045BFFAF717BFFEF7E3B8FDF753BFFEF7C9
S21403499038B801F001BDE3F7F7BCEFF7A3BCEFF7B8
S2140349A09DB901F09BBF01F06BBFEFF7EBB9EFF7D3
S2140349B029BCEFF72DBCEFF759B9E3F701BDE3F7D1
S2140349C013BDE3F7EBBCEFF707B9E3F7F1BCF9F771
S2140349D0C9B801F053BF01F01ABFEFF703B9EFF7F9
S2140349E06BBCEFF74BB9E3F78FBDE3F787BDF8F77B
S2140349F0BDBEF9F7A9B803F05DBA03F063BAF8F7DA
S214034A002DBFF9F7A9B800F063B900F0A1B900F01B
S214034A10C9B900F0A0BA00F010BB00F079BAE4F709
S214034A2069BA00F0E6B900F013BA00F026B810B57C
S214034A301C4601F0C2FD05F00AFF0023C0F3402028
S214034A402370400010BD002208B50B461146FFF741
S214034A50EEFF023818BF012008BD002070477047DC
S214034A600020704770470020704770470E2070473D
S214034A700120704770470120704714220021E6F793
S214034A808BBD704770B505460C468AB025220021BB
S214034A900DF10300E6F780FD6B68CDF81D30AB68BB
S214034AA0CDF82130234601AC03F1100622461868E0
S214034AB05968083303C2B3421446F7D101236A7B0D
S214034AC08DF8023012F0040F0CBF4FF480734FF4CE
S214034AD0A073110748BF43F48063ADF80030930713
S214034AE048BFBDF80030684644BF43F00803ADF83E
S214034AF00030F4F779FC0AB070BD30B5427B0D4642
S214034B00D10704468BB007D5407801A9F4F7D2FC49
S214034B10D8B12D200BB030BD9307FAD5C2F380036E
S214034B2010074FEA8313ADF8023044BF43F48063A3
S214034B30ADF80230BDF80220201D0AB10DF10202C5
S214034B4001A902F07FFD0028E3D001AB03CB9DF85B
S214034B501430A1602373BDF810306060590642BF5D
S214034B60627B42F0040262735A0542BF627B42F0E4
S214034B70080262731B0742BF637B43F0020363733F
S214034B802B4606AC0AAD224603CAAA4218605960F1
S214034B90144603F10803F6D10020BBE7F0B504463C
S214034BA00D4693B0252200210DF12300E6F7F4FC11
S214034BB0636804F1040CCDF83D30A36809AECDF864
S214034BC041302B4605F110073246186859680833FA
S214034BD003C2BB421646F7D105238DF82230637B0A
S214034BE05B0103F40073ADF820306378FF2B1AD112
S214034BF0002360461A4601A900F0CAF99DF805305D
S214034C00FF2B0DD1002301A91A46184600F0C0F960
S214034C109DF80530FF2B03D11C26304613B0F0BD9C
S214034C209DF8053063700020617808AA00F09BFAAF
S214034C3006460028F1D1607801A900F02FFA2B462A
S214034C4003AD2A4618685968083303C2BB421546A3
S214034C50F7D1637B6078DB0648BF9DF81C3001A95B
S214034C6044BF63F07F038DF81C3000F02EFAD4E7C0
S214034C7010B504468AB02422002101A8E6F78CFC6E
S214034C80637B590744BF4022ADF810201A0742BF82
S214034C90BDF8102042F48062ADF81020DB070FD574
S214034CA0607801A9F4F706FC10B12D200AB010BDF8
S214034CB001AB03CB637B606043F00203A1606373C5
S214034CC004A9201D02F0C0FC0028EED00020EDE76A
S214034CD01FB5694600F066F8002818BF2D2005B0FA
S214034CE05DF804FB73B50D4614460646E3F730FD40
S214034CF06B881A071AD522463146102002F085FC27
S214034D002046E3F725FD6B88D90717D500232246EF
S214034D1001210DF107008DF80730E3F7E5FF6B88F7
S214034D20002B0CBF2120002002B070BDDE06EAD5A2
S214034D3022460821281DE3F7D7FFE1E79A0701D5A6
S214034D400223E4E75B07EAD50323E0E70F20704777
S214034D501FB50C46694600F025F810222146684622
S214034D60E6F766FFB0FA80F0400904B010BDB8B1AC
S214034D70B1B14388A3B90378013B082B10D8DFE809
S214034D8003F00507090B0F0F0F0F0D00E3F7AEBE79
S214034D90E3F708BFFFF776BEFFF700BFE4F796B862
S214034DA02120704738B50D4609B300B30378013B9D
S214034DB0082B1AD8DFE803F0050D10131919191973
S214034DC01600E3F7CBFE0446284602F01EFE2046F6
S214034DD038BDE3F707FFF6E7FFF78FFEF3E7E3F7E2
S214034DE037FFF0E7E4F77CF8EDE72124ECE721242E
S214034DF0EDE770B586B0064601A80C461546FFF7E4
S214034E003CFE04238DF804301CB12068616802ABB5
S214034E1003C3294601A88DF80560FFF7A8FF06B06F
S214034E2070BD70B586B0044601A80D461646FFF75A
S214034E3024FE0323206861688DF8043002AB8DF8E6
S214034E40116003C3294601A8FFF791FF06B070BDA2
S214034E500022FFF7E6BF30B5437B044613F001029A
S214034E600D468BB007D0407801A9F4F723FB70B149
S214034E702D200BB030BD9B07FAD5ADF8022001A953
S214034E800DF10202043002F0DDFB0028F0D0002111
S214034E900E22A81CE6F780FBBDF810302B80039B80
S214034EA0AB60BDF81230AB819DF81430237301ABB1
S214034EB003CB6060A1600020DBE770B5437B04464C
S214034EC0DB070E468AB003D42D2528460AB070BDEC
S214034ED06946407800F045F905460028F4D1DDF828
S214034EE01D300E226360DDF821300146A360637B2C
S214034EF0B01C43F002036373E6F74EFBBDF80030C5
S214034F00069A43F004033380059BB2607360DCE7C4
S214034F100B4610B50446102200211846E6F73CFB64
S214034F202278032A09D0042A0DD0022A11D1014679
S214034F302046BDE81040E4F739B801462046BDE8F0
S214034F401040FFF788BF01462046BDE81040FFF734
S214034F50B4BF262010BDF8B5074608460C461646CD
S214034F601D46FFF78AFD04232370637B314643F017
S214034F700103204667706373FFF714FF08B12D2003
S214034F80F8BD29462046FFF7C3FF0028F8D0F6E70A
S214034F90F8B5054608460C461F461646FFF76DFD50
S214034FA00423237025B108222946E018E6F746FBBA
S214034FB0637B43F0020363734EB9324601212846EE
S214034FC000F0DAF8FF28607007D12D20F8BD3146CF
S214034FD02046FFF7E7FE0028F7D1637B43F0010383
S214034FE063730DB90020F1E7002FFBD03946204646
S214034FF0FFF78EFFF6E7F8B50C4607460846164653
S2140350001D46FFF73AFD03232046394600F8043BC6
S2140350100822E6F713FB637B314643F00203204680
S2140350206373FFF7BFFE08B12D20F8BD294620465F
S214035030FFF76EFF0028F8D0F6E7F8B507460846F0
S2140350400C4616461D46FFF718FD03232370637BA5
S214035050314643F00103204667706373FFF7A2FEF1
S21403506008B12D20F8BD29462046FFF751FF00283A
S214035070F8D0F6E718B18022012100F07DB8FF20B2
S2140350807047002307B51A4619460093F5F714FF31
S214035090B0FA80F0400903B05DF804FB0B4610B588
S2140350A019220446FF211846E6F776FA7E2C0146B7
S2140350B08CBF04F5C43004F583304FF01902BDE805
S2140350C0104088BFAD30D7F7AFBE7E2888BF00F547
S2140350D0C4304FF0190294BF00F58330AD30D7F7D4
S2140350E0CFBE30B589B00D46FFF7C4FFFF28044690
S2140350F00DD001A9FFF7D2FF2868696801AB03C387
S214035100204601A9FFF7E1FF002009B030BD2D209E
S214035110FBE7704770470020704770470F207047C3
S2140351200F207047002070470F20704700207047FD
S2140351300020704784B08DE80F00002004B070474D
S21403514070477047002070477047002070477047CD
S21403515000207047012070477047002070470120E9
S21403516070470E2070470E2070470E2070470020B1
S214035170704770470E207047FF2070477047704790
S214035180002070477047704770470020704770478D
S2140351900020704700207047002070477047704714
S2140351A0002070470020704770470020704700209B
S2140351B0704770470020704710B50024E3B210B95B
S2140351C0C3F10303DBB20134042CCA544FEA1222A0
S2140351D0F4D110BD10B50B784C788A78C97828B905
S2140351E010462246044608461946034642EA01206C
S2140351F043EA042343EA004010BD7047E3F78ABF3F
S21403520008B5D2F7ADFA002814BF8620002008BDE3
S21403521008B5D2F775FC003818BF012008BD08B5DD
S214035220D2F72EFC003818BF012008BD08B5D2F708
S214035230B3FC003818BF012008BD08B5E4F74AF8E8
S214035240BDE80840E3F7F8BF70B504460D461646BA
S214035250E4F740F80420E3F7E1FF32462946204608
S214035260FFF7DDFF04460220E3F7D8FF204670BDB4
S21403527008B5E4F72FF8BDE80840D2F7E5BBE4F736
S21403528061BBE4F741BB08B5E4F73EFB20B1BDE8DC
S21403529008400020E4F776BC112008BD10B504468C
S2140352A008B1E4F751FD2046BDE81040FCF7C8BF3F
S2140352B010B50446006A10B1616AFFF7EFFF0020DD
S2140352C0C4E9080010BD38B50546FFF7F1FF2B7E8D
S2140352D00446012B0ED0023B012B0ED8EB69012BA3
S2140352E018BF6FF09604282200212846E6F754F9E3
S2140352F0204638BDEB69002BF2E76FF09604F2E721
S21403530018220021E6F748B970472DE9F84F98466A
S214035310DDE90B490D9B15469A0706460F4623D033
S2140353202A460A9B03EB040A1444A24220D10D9B8F
S2140353309B0705D5A2EB050AD14505EB0A0420D841
S2140353402046BDE8F88F434639462020B0470AF189
S214035350010ACA450AEB0B02F5D3A9EB04024C4536
S21403536088BF00222A44DCE7A246A5EB040BF0E73D
S21403537002F1010B434639461AF8010DB0475A4667
S214035380D3E74346224639462020B0470AF1010AAE
S214035390D2E72DE9F047DDE90D7616F0020F9DF80A
S2140353A02880DDE90854DDE90BCE1FD106F001099C
S2140353B04FB1B9F1000F06D0B8F1000F02D116F0C5
S2140353C00C0F00D0013F4FF0300A04E0202C04D02D
S2140353D005F804A001347445F8D3B9F1000F05D0DD
S2140353E04FF03009A74201D9202C2DD116F0100F0B
S2140353F01FD016F4806F2CD15CB3744501D0BC4229
S21403540027D1B4F1010E23D0BCF1100F46D1023CD4
S21403541016F0200F28D1202C28D04FF0780C05F852
S21403542004C00134202C21D04FF0300C05F804C002
S2140354300134202C1AD0B8F1000F23D04FF02D0CD6
S21403544005F804C0013412E005F804900134C9E7F6
S2140354507446BCF1100FDBD0BCF1020FE2D1202C56
S21403546004D04FF0620CDAE7202C08D12024CDE9D3
S2140354700A76CDE90854BDE8F047FFF746BF4FF07C
S214035480580CCCE716F0040F02D04FF02B0CD7E7DE
S21403549016F0080FEBD04FF0200CD1E7BCF1020F4B
S2140354A07446C1D1DDE72DE9F04391B0189D1A9EED
S2140354B01D9F0DB927F010077C0500D515B317F00F
S2140354C0200F14BF4FF0410E4FF0610EAC4600257F
S2140354D00DF12008AEF10A0EBCFBF6F906FB19C95E
S2140354E05FFA89F4B9F1090F94BF30347444E4B217
S2140354F0B44508F8014B05F10105BCFBF6F401D3EE
S214035500202D10D11C9C069705941B9CCDE90364A3
S2140355109DF86440CDE9015408AC0094FFF739FFC9
S21403552011B0BDE8F083A446D6E72DE9F04F95B059
S214035530269ECDE90A23DDE91E74DDE9229B57EAA0
S214035540040308BF26F010067205CDE9080102D54C
S21403555057EA040337D016F0200F14BF4123612304
S21403556000250DF1300AA3F10A0821464A465B4698
S2140355703846E5F7A5FCD2B2092A94BF3032424436
S2140355804F45D2B274EB0B0405F101050AF8012B63
S21403559001D3202D14D1259B06960593249BDDE984
S2140355A00801CDE903939DF88030CDE901530CAB98
S2140355B00093DDE90A23FFF7ECFE15B0BDE8F08F94
S2140355C007460C46D1E70025E5E708B100F014B816
S2140355D0704710B1D1E900311847704738B5441EFB
S2140355E014F8015F25B90A2000F006F8284638BDEE
S2140355F0284600F001F8F3E701460020FCF7F3BB6A
S21403560070477047EDF7BEBE704708B5FCF7BCFBA6
S214035610D2F7A6F8BDE80840D4F7B6B9704708B580
S214035620D2F7E6FBFBF756F8BDE80840E3F752BEB1
S21403563008B5FBF778FFE4F7BBFBFBF752FEE4F78E
S21403564059FFE4F745FFE4F7C7FEBDE80840D7F780
S214035650C5BB08B5D5F7DCFBFBF732FED5F7E4FB95
S214035660FBF730FED9F7CCFDD9F772FED9F77AFFF0
S214035670BDE80840D9F798BE70477047E4F7D2BE36
S21403568008B5FCF7CCFFBDE80840FCF7F7BF70474A
S21403569007B500220346114601200092D8F72AFFD9
S2140356A003B05DF804FB07B500920B46027D8189C3
S2140356B08068FDF78CFD003818BF0120C00103B0D9
S2140356C05DF804FB08B50020E0F79CFA0020E2F73B
S2140356D02DF80020DAF726F90020DAF7BDFB0020C4
S2140356E0DAF7BCFD0020DBF7A9F80020DBF7D2FDD4
S2140356F00020DEF701F90020DEF76CFE0020DFF75E
S21403570061FCBDE808400020DFF74CBD08B501206A
S214035710FDF73FFA0120DAF765FABDE808400120F5
S214035720DBF78CB808B50220E0F760FB0220DFF752
S21403573053FD0220E2F708FB0220FFF7A2FD02203A
S214035740FDF7C7FC0220DEF745FEBDE80840022051
S214035750DFF7ECBFDAF78ABBFDF7DBBF70477047AE
S2140357607047704770477047704710B50446DFF7B9
S214035770F7FE2046FDF743FA2046DCF79DF8204661
S214035780DCF7F0FF2046BDE81040FDF7D5BCFDF77B
S214035790F0BCFDF7FABCDFF71FBC70477047FDF798
S2140357A052BA70477047704770477047704705F0A6
S2140357B014B870477047DFF7A9BC70477047704747
S2140357C0704770477047D0F7C7BBFEF77DBC70477E
S2140357D000207047FEF77ABCFEF783BC7047431E73
S2140357E0012B03D9031F58425841704701207047C5
S2140357F000F021BC4FF4D0720021E5F7CDBE70B5A2
S2140358000446E7F7A1FF0546A8B9A169F1B1238AC3
S214035810D3B1204604F11002E7F744FE38BBE16932
S21403582019B3638AA3B1204604F1120200F0CAFA40
S21403583078B1054603E00023A3612361E3610023F7
S21403584028466361236270BDA061E8E72082E6E72D
S214035850E361216A0029F2D0A28A002AEFD020460B
S214035860E38ABDE8704000F06FBA6182F1E76582B3
S214035870E561DEE711B9D0F8DC1021B1CB6813B1CE
S2140358808B68D88970474FF6FF707047E7F740B8C4
S21403589010B50C461146E7F761F8E8F78FFA0128CA
S2140358A001D1002010BD002CF7D10520FAE700F047
S2140358B0CFB900F0E3B970B500232425D0F8DC0097
S2140358C0C4689C4201D1212070BD826805FB032277
S2140358D0D6898E4202D8128A8A4201D20133F0E771
S2140358E00020F1E7F8B506460D46E6F7ADFAD8B957
S2140358F04FF6FF734FF0240CEF68C1B28F4208D8FF
S2140359001C4621463046E6F755FC00F09AFB204637
S214035910F8BDAA680CFB0122D4899C4202D2002C53
S214035920EFD023460130E8E70024F0E7C08D704748
S2140359300A7838B505461046FFF751FF60B14C7834
S2140359402046FFF74CFF38B12243530704D42846BA
S214035950BDE83840E7F74EBA212038BD10B50446F7
S2140359600878FFF73CFF58B14A781046FFF737FF31
S21403597030B1042A04D02046BDE81040E7F758BAF1
S214035980212010BD00F0E8B8E7F7BABD084600F0DE
S21403599008BBE7F7F9B838B504460D4600F08EF8AD
S2140359A050B129462046E6F705FC30B9294620467D
S2140359B0BDE83840E7F7B0B80E2038BD70B51646D8
S2140359C00C4604F064FD314605462046EAF792FA93
S2140359D00446284604F056FD204670BD00F032B952
S2140359E070B5044600200E4600F027FBD4F8F050AE
S2140359F03DB1002331462046AC46BDE870401A460A
S214035A0060472B46012231462046E7F71DFB284612
S214035A1070BD38B5044648880D4600F00EFBD4F832
S214035A20F0302BB929462046BDE83840E7F71ABAC6
S214035A30022038BD00F003BB00F03CB9E6F73ABFDE
S214035A40E9F732BA70B5BDF81060054606B16BB11A
S214035A50334428469BB200F077F9044620B91EB1BA
S214035A603146284600F0ABF9204670BD2124FBE7FB
S214035A70E8F7A0BDC0F8EC1000207047E7F72CBC91
S214035A8000F05EB910B4BDF8044001945DF8044B11
S214035A9000F09FB80B4610B514461846A1689288C6
S214035AA0E5F70AFFE168034631B1A0886288121A57
S214035AB092B21844E5F700FF002010BD0346408A63
S214035AC018B1188A003818BF012070470846E9F74E
S214035AD0F7BA00F0ECBA00F0EABAE9F703BD0847F4
S214035AE008B5E6F72FFFC0B208BD022A01D800F0BA
S214035AF0E2B921207047022A01D800F0EDB921202F
S214035B007047022A01D800F0F9B921207047E8F758
S214035B1043BA0846E8F75EBA00F018BA00207047A2
S214035B20002070477047D0F8943003F06003402B92
S214035B300DD0602B03D0203B58425841704749B1E3
S214035B400B68012B06D9486940F00100704740F204
S214035B500110704700207047F7B504461046D4E995
S214035B6054C7DDE908268CEA020587EA06010540E4
S214035B70194085EA0C057940C4E95451002523F4FD
S214035B80004106EA010320F0010043F400730240DB
S214035B9043F00203CDE90055EBF776F894F824308A
S214035BA09A0713D5D4F854319B050FD54FF48811B3
S214035BB0204600F058FB94F82430024665F3410370
S214035BC084F8243020460B46E6F790FE002003B008
S214035BD0F0BDF0B587B01C461746BDF830601AB95D
S214035BE00024204607B0F0BD002BF9D00029F7D0DB
S214035BF001AAE8F7DFFC0028F2D0BDF80630A219A8
S214035C009A42BDF80850C4BF9B1B9CB2B54212D93A
S214035C100399AD1BADB23144A5420391ADF80850CC
S214035C200DD22A463846E5F747FE0499621B7819D3
S214035C30E5F742FED5E70499761B314404912246E4
S214035C403846F5E70846EAF7F5B80220E9F740BC18
S214035C5008B5D0F8E4304BB11A68022A06D993F88F
S214035C6025204AB1186AB0FBF2F008BD4FF446622D
S214035C704C210020E6F700FB0020F6E7D0F8E420EE
S214035C8008B57AB11368022B0CD9536A13F47F4F05
S214035C90C3F3072106D0126ADBB253438B42B3FB2E
S214035CA0F1F006D2002040F67F424C21E6F7E4FAF4
S214035CB0002008BD0346D0F830010860B3F834313D
S214035CC000208B80704790F830310C2B14BF90F86F
S214035CD02B00FF20704738B50C464FF4006105468D
S214035CE0ECF776F870B17CB195F81E3173B94FF4C2
S214035CF080724FF480712846ECF756F8003818BFC8
S214035D00012038BD2202F4E72246F2E70020F8E736
S214035D104FF48071ECF75CB808B54A024FF4007193
S214035D20ECF742F8002008BD08B58A024FF48061FC
S214035D30ECF73AF8002008BD4FF40071ECF748B8CA
S214035D40062300208B717047B2F5805FF8B50F46C7
S214035D500646154619462ED89A422CD33F2A26D9EC
S214035D60B2FA82F40122C4F11F03DBB29A4092B264
S214035D70AA422CBFC4F11904C4F11A04E2B20124E6
S214035D80931DDBB29C40A4B2AC4212D096F8F53019
S214035D909BB9012096F8243060F3C71386F82430A5
S214035DA03846E8F71BFA00203762B582F8BD0022B2
S214035DB0ECE70020EEE72120F8E70E20F6E708469A
S214035DC0E8F72CBA70B505460E46144602B3138898
S214035DD03F2B1DD9B3FA83F3C3F11901C9B20629C0
S214035DE001D8192B12D0062928BF062101238A1DA4
S214035DF0D2B2934030462380E8F718FA2388284621
S214035E00EE616B82E8F79CFA002070BD0021EDE797
S214035E102120FAE710B5144608460121E9F7E0FE0B
S214035E202046BDE810400121E9F7DABEF8B504467E
S214035E300E46174604F02BFB3A46054631462046E7
S214035E40EAF78CF90446284604F01CFB2046F8BD06
S214035E500220704703207047E9F732BB10B50023D2
S214035E60E7F7B2FD044608B9EBF72CF9204610BD58
S214035E70704770B505460E46144600F0E3F8314603
S214035E802846FFF72FFD00F0DDF8230704D50B2C7B
S214035E909CBF24F00804A4B221462846E6F758FD22
S214035EA000224FF400312846EBF77EFF002070BD3A
S214035EB08021EBF78DBF7FB5531C05AAADF81410F0
S214035EC0029202210022DBB2CDE900211146EBF754
S214035ED089FF07B05DF804FB7FB5531C05AAADF830
S214035EE01410029204210222DBB2CDE90021002223
S214035EF00121EBF777FF07B05DF804FB1FB5531CD2
S214035F00029100220821CDE900210122DBB21146CD
S214035F10EBF768FF05B05DF804FB07B591F828308A
S214035F20009391F82B3091F8292091F82A10E7F77F
S214035F30F9FF03B05DF804FB10B50446E6F702FD6F
S214035F4001462046BDE81040E6F702BD002914BF0F
S214035F5021200020704738B5054610460C46E8F762
S214035F6067F8D5B1D5F8E030BBB15B69ABB1421E7B
S214035F70D2B2FD2A13D90A68013204BF6FF00102B8
S214035F800A600A68FF281A6007D16268013202D1E4
S214035F906FF00102626062685A60002038BD012813
S214035FA0F2E738B50546EAF701F904460021A87872
S214035FB0E8F7A6F8204638BD2DE9F74F01251C461D
S214035FC09DF83030064601930368174603F007032F
S214035FD006339D4005F1FF380B46A1B1416804EA3C
S214035FE0080BA5EB0B0A41F00059524509EB0B01D0
S214035FF014D952461846E5F75FFC49467A1B5A44BD
S2140360005044E5F759FC019B2BB13C4448EA05088C
S21403601004EA0804F46003B0BDE8F08F1846F0E71E
S21403602037B5002514460095FFF7C6FF204603B094
S21403603030BDE7F779BE0020704700207047002088
S21403604070477047704730B549000446056812B17B
S21403605002291FD90339C90395B9E1B1B1FA81F30E
S214036060C3F12003C3F10F00012838BF012003F05A
S2140360701F03D940A94201D901384908216030BD20
S214036080B5FA85F339B1B1FA81F29B1A002BE9DC34
S2140360900F20EFE700210F20F0E7012805D902388B
S2140360A018BF4FF0FF30C0B270470120704708B5E5
S2140360B0E9F760FBBDE80840E9F784BB38B504465A
S2140360C0FFF7F5FF0546FFF7F2FF431BA342FAD39C
S2140360D038BD38B50D460446E9F74CFB35B1844266
S2140360E000D90139204601F0030138BD844238BF88
S2140360F00131F7E708B50121FFF7EBFFBDE80840DC
S214036100E9F760BB0B0C23F48053B3F5284FF7B5C0
S2140361100D468FB2064699B216D04AF60103994247
S21403612014D04AF60203994212D0B1F5204F14BF99
S21403613004240324D6F8E0300BB1196851B9D6F815
S214036140DC3093B928680EE00024F3E70124F1E776
S2140361500224EFE7234668463A46E9F78FFBDDE974
S2140361600003002BEBD103B0F0BD19680029E9D07A
S214036170234668463A46E9F781FBDDE90003002B30
S214036180E0D1F0E702F002BB0204C0F3891307D59F
S2140361906FEA83536FEA935313F5007F18B206D062
S2140361A0A3F1C8006FF4FF739842B8BF1846704750
S2140361B04FF0384359699A6903F500530A405A6108
S2140361C070470E207047EBF771B9EBF76FB9EBF733
S2140361D06DB9EBF76BB908B50846EBF78DFD08BD4F
S2140361E0EBF764B90220704702207047002070471F
S2140361F001207047002070470E207047002070472C
S214036200E7F7DCBD084611460122FFF741BB70B530
S21403621005460C4611461A46EBF720FE06682B4643
S2140362202046B446BDE87040604710B5EBF716FE4F
S214036230BDE8104083681847FFF710BEE7F7E6BCD3
S214036240FFF7A9BBE7F7F0B970B504460D46164647
S2140362504FF4881100F01CF8324629462046BDE864
S2140362607040E7F705BF38B505460C4604F00FF94E
S214036270D5F890301C40D5F88C302343C5F88C30C5
S21403628004F000F9211E18BF01210020490238BD81
S21403629038B504460D4604F0FAF8D4F890301D409D
S2140362A0D4F88C3023EA0505C4F88C5004F0EAF8D9
S2140362B0284638BD38B504460D464FF48811FFF717
S2140362C0E7FF29462046BDE83840E7F7F9BE73B531
S2140362D00D7806460C4635B304238DF8043023792F
S2140362E0304601A98DF80530FFF738FB0546B8B9E7
S2140362F02278A37952BB8DF80430E379304601A99E
S2140363008DF80530FFF714FB054648B923783BB1F3
S21403631061883046E6F7A6FF01213046FFF7DBFC2F
S214036320284602B070BD2946FFF7D5FC29463046FD
S214036330FFF7F2FC29463046FFF7F6FC2378002BDE
S214036340CAD123798DF804306379C9E702228DF820
S2140363500420D3E7FFF7E0BCFFF7EEBC002070474E
S21403636010B50446EBF714FE21460020ECF764FC58
S214036370BDE81040002000F02BB97047012070479D
S21403638008B5EDF787FA80F00100C0B208BD4FF0FC
S214036390FF30FFF79EBB70470020704710B50C46D2
S2140363A003F036FE048010BD38B50C46154603F0E0
S2140363B02FFE03881DB11C43A1B2018038BD23EA1A
S2140363C0040189B2F9E708B503F022FE008808BD88
S2140363D008B503F01DFEC07808BD08B503F018FE27
S2140363E0008800F00C0008BD08B503F011FE008815
S2140363F000F00C00031F5842584108BD38B5054647
S21403640003F006FE04462846FFF7EEFF30B904F114
S214036410100004F01CFA00F4406038BD4FF400602E
S214036420FBE738B5054603F0F3FD04462846FFF7B9
S214036430DBFF014648B910342046042203F028FD4A
S2140364402044BDE8384004F002BAA08838BD10B531
S2140364500C4603F0DDFD848010BD38B5054603F019
S214036460D7FD04462846FFF7BFFF30B904F11000F6
S21403647004F0EDF900F4404038BD4FF40060FBE74C
S21403648038B5054603F0C4FD04462846FFF7ACFFBF
S214036490014648B910342046062203F0F9FC20448E
S2140364A0BDE8384004F0D3B9A08838BD38B50546F2
S2140364B003F0AEFD04462846FFF796FF014608B1F3
S2140364C0201D38BD10340622204603F0E1FC20448C
S2140364D0F7E708B503F09CFD007A08BD08B503F09E
S2140364E097FD90F9090008BD08B503F091FD807A81
S2140364F008BD08B503F08CFDC06808BD10B50C4692
S21403650003F086FD047210BD10B50C4603F080FD43
S214036510447210BD10B50C4603F07AFDC46010BD7E
S2140365202DE9F8430F468046002107F11000164672
S214036530994603F0E1FD0446D0B103F069FD054634
S214036540204603F081FD002102462846E5F724F89D
S21403655000232046AB7049F00401FFF71FFFA5F8A0
S21403656004802EB13A46314605F11000E5F7A4F94A
S2140365702046BDE8F883F8B505460F4610200021EF
S21403658003F0BAFD0446B0B103F042FD06462046CA
S21403659003F05AFD002102463046E4F7FDFF0023D0
S2140365A039462046B370FFF7F9FE25B12A46012186
S2140365B0204603F079FD2046F8BD08B503F028FD14
S2140365C0103008BD08B503F03FFD1038C0B208BD53
S2140365D00020ECF759BA08B5ECF7B4FC002008BD68
S2140365E04088C0F30C000330800840000430704736
S2140365F070B50E4605461146304603F07DFD04464B
S21403660035B128B103F004FD32462946E5F716F8FE
S214036610204670BD0088B0FA80F04009704738B550
S21403662005880022044604F07CF905B1258038BDB0
S214036630F8B507460D4600880021164603F020FDF0
S214036640B042044605D129463846BDE8F840FFF770
S214036650E6BF0021204603F013FDB04205D02046D6
S214036660002103F00DFD0446F3E72A4620460021E9
S21403667003F01AFD32462846BDE8F840002103F031
S21403668013BDF8B5058807467DB1CCB2214628462A
S21403669003F0F6FC8542064609D100233B80002220
S2140366A02146304603F000FD35462846F8BD214610
S2140366B003F0E6FC21460246284603F0F5FCEEE727
S2140366C02DE9F04707888246884614465FB3384666
S2140366D003F0BAFC3D460646E4B22146284603F0DC
S2140366E0CFFC4045814616D1214603F0C9FC21461E
S2140366F00246284603F0D8FC474504D1454508BF63
S2140367000025AAF8005000222146404603F0CCFCA0
S2140367103046BDE8F0878742FAD003F095FC304454
S2140367204D4686B2D9E73E46F2E700220123C0E98A
S21403673000237047F8B504460127002603F0B4FE8D
S21403674023683BB903F0ABFE00226368012B0ED12E
S2140367506360F8BD1D691F61266003F0A0FE012D6E
S214036760F2D02B462D691E61012DFAD1E6E7196991
S2140367701A610B46EAE7036823B94068012803D089
S214036780EDF728B9002070474FF0FF307047F8B593
S214036790054603F077FF012306460027A8602B7300
S2140367A003F082FE2B6802467BB11C692169A14275
S2140367B00CBF2F6019612761104603F070FE012C91
S2140367C008D0204663689847EAE76C68012C04D132
S2140367D003F065FE00232B73F8BD6169711AB1F1EE
S2140367E0004FF5D8216969602361E5E70220704709
S2140367F002207047002070470144884201D10120DF
S214036800704710F8013B9342F7D00020704770B5ED
S2140368100146064692B00020EBF7E6FD044670B943
S214036820FDF7F1FF054601466A462046ECF722F9D6
S2140368306A46294620468DF80260ECF7D1FB2046CF
S21403684012B070BD00B593B0FDF7DDFF6A46014692
S2140368500020ECF70FF99DF9020013B05DF804FB76
S21403686000B593B0FDF7CFFF6A4601460020ECF76C
S21403687001F99DF8000013B05DF804FBECF7BEB811
S214036880012070477FB54FF6FF7101AAEDF714FBA1
S21403689020B1BDF80C0007B05DF804FB4FF6FF709F
S2140368A0F9E708B51046EEF7CDFABDE80840EEF76F
S2140368B087BB70477047704770477047704770478D
S2140368C0704738B54FF6FF750D800C46F6F77EFB1E
S2140368D02080A8420CBF2D20002038BD002100B523
S2140368E093B06A460846ECF7C5F8BDF8060013B041
S2140368F05DF804FB002110B592B004466A460846CC
S214036900ECF7B8F800216A460846ADF80640ECF7FF
S21403691067FB12B010BD002100B593B06A46084667
S214036920ECF7A8F8BDF8040013B05DF804FB0021EB
S21403693010B592B004466A460846ECF79BF8002169
S2140369406A460846ADF80440ECF74AFB12B010BDA1
S21403695070472DE9F04F87B00C4691460746FFF780
S2140369603CFD0546661C304603F071FF042D40F0DF
S21403697090803846FFF721FE0378092203F00303CD
S214036980012B14BF0223032301212046039303F0A4
S2140369907FFA092200210546204603F079FA21787A
S2140369A08DF8170001390022204689B2FFF720FE32
S2140369B004EB09088346F0B14FF0010A2A46014664
S2140369C0CDF800A003980DF11703FBF7DDFE0228B0
S2140369D0054626D1584603F037FB00222070C0B286
S2140369E0431E00929BB252465946304604F028F89E
S2140369F02378534423703846FFF7E5FC020424D477
S214036A0098F8013021789B071FD50139A1EB0901BE
S214036A103A464046C9B2F1F7D3F9237818442070B2
S214036A2013E020B92070284607B0BDE8F08F03288E
S214036A3009D1404603F00BFF20F4007189B24046AB
S214036A4003F007FFD7E70428D5D101250022204607
S214036A502178FFF7CDFD07460028E4D04FF0000865
S214036A600146434601224046CDF80080FBF78CFEE4
S214036A70022819D1384603F0E7FAC2B2013A207069
S214036A8093B2394601223046CDF8008003F0D8FF92
S214036A90C9E780F0800520F0800081B23046C5F358
S214036AA0C01503F0D6FED1E70028BCD12070BAE7A4
S214036AB008B50020FFF764FC80F00100C0B208BDF3
S214036AC00A4608B501460020EDF744FCB0FA80F00C
S214036AD0400908BD0020ECF7B7BB00210846ECF7D9
S214036AE05BB80020FFF74ABC70B5044603F0AFFE60
S214036AF0042200210646204603F0CAF9204403F088
S214036B00A6FE032205460021204603F0C1F92044D1
S214036B1003F09DFE4FF6FF730540ADB29D4214D1C0
S214036B20F30712D506220021204603F0B1F92044CC
S214036B3003F08DFE0446EDF77FFC844214BF022467
S214036B400624EDF773FC204070BD2046FBF7EDFFEF
S214036B50C400E4B2F5E708B5FFF7C6FF003818BF70
S214036B60012008BD0120704710B50446FEF71DFB43
S214036B7008B9FEF71CFB03050FD40C231B2B01D10E
S214036B80002009E020FA03F1C90703F1010206D544
S214036B90DBB2E31A5842584110BD0B23F9E71346FC
S214036BA0ECE710B50C46098819B90846F7F766FDF1
S214036BB02080012010BD08B510461A4600F08CFA56
S214036BC0BDE8084003F0E1BD70B504460D46164621
S214036BD092B06A46EBF74EFF6A46294620468DF882
S214036BE01F60ECF7FDF912B070BD10B50C46EDF75B
S214036BF0FFFF2046BDE81040EDF710BF0129F8B5AA
S214036C0005460C461DD003291ED0052920D007298A
S214036C1022D00026002400270120EBF77DFE304417
S214036C2085421DDA0320EBF777FE2044854219DA06
S214036C300520EBF771FE38448542B4BF07200520D4
S214036C40F8BD6FF00406E5E76FF004040526E2E7F7
S214036C5000266FF00407DFE7002405272646DBE758
S214036C600120EDE70320EBE738B14379490023F031
S214036C700C0301F00C010B434371704710B5044637
S214036C8078B141794088490801F006010131000ACC
S214036C90FFF7B4FF024601462046FFF7E5FF10461E
S214036CA010BD0722FBE738B50D46EDF78FFF044608
S214036CB008B9002038BDFFF7E1FF002DFAD123798C
S214036CC013F00703F5D0984238BF1846C0B2F1E771
S214036CD0EEF78AB90022EEF7ADBA0021012208B515
S214036CE0EEF7A8FA401A18BF012008BD38B51546B6
S214036CF0FFF7F0FF0446284603F086FE84B1FF281C
S214036D0004D0626822FA00F3DB0701D5012038BD00
S214036D100123834013436360E3780133E370F5E7AD
S214036D202046F4E7EEF7E0BC10B503F071F900F186
S214036D301004204603F08BFD20F4007189B2204630
S214036D40BDE8104003F085BD2DE9FF4115460191CE
S214036D5001218DF80D301B0A8DF80E309DF82C306E
S214036D608DF80C008DF80F3028460423009103AAF3
S214036D709DF828809DF830709DF8346001F016FB6E
S214036D80044670B12946FFF762FBB8F1000F02D143
S214036D902046FFF7C9FF2FB146B93146204601F01A
S214036DA0D0F80024204604B0BDE8F0810022204637
S214036DB01146EEF71FFCF4E74FF47A70EEF774BD56
S214036DC008B5ECF71BFEBDE808400020EEF772BEE0
S214036DD000B58BB06846EEF743FD009BBDF8060092
S214036DE004A90693EEF7E2FC0BB05DF804FB1FB5AF
S214036DF004466846EEF734FD02AB03CB20606160C1
S214036E0004B010BD1FB5062304468DF80C30EEF70C
S214036E10ABFF00238DF80D00CDE9003301210223DB
S214036E20204603AA01F0C2FA04B010BD38B500220A
S214036E3008210546FFF7E0FC044698B9FFF74EFD28
S214036E4022464FF6FF71EFF7E7F92846297CEEF75F
S214036E5061FE287C6A69E989F0F75CFDEEF7D2FDEE
S214036E60204638BD0120FCE770B50C4605460120D8
S214036E70EFF75EFD237B4BB1FFF730FD014623465C
S214036E802A46BDE870400120EFF7E4B94FF6FE71DD
S214036E90F5E7F8B50E460746FFF78FFB054603F002
S214036EA0D6FC00F44040B0F5404F14BF0022062243
S214036EB002F10A03EB5C0B325C0004F00E045B0881
S214036EC0144403F0380338461C44FFF77BFB844224
S214036ED008D2001BC2B20F2A28BF0F223046291938
S214036EE0E4F7EAFC2046F8BDECF788BD40F62740F9
S214036EF0F0F78EBAFF224FF6FF71F0F7BDBB07B56A
S214036F0000210DF10700F0F7EFFC9DF8070003B032
S214036F105DF804FB13B5044601A90020F0F7E4FC72
S214036F20019A01462046F0F7F5FC204602B010BD54
S214036F30F0B50F46002187B0044608461646F0F71C
S214036F40D3FC012305460DF10A008DF808408DF8A1
S214036F500930FFF74CFF092C1DD131460DF1120005
S214036F6003F077FC05AB002102AA9B1A2846CDE95D
S214036F700011DBB2642101F019FA0546E0B1092CD1
S214036F8015D1F0F711FD044688B12846F0F720FD29
S214036F90204607B0F0BD31460DF113008DF8127090
S214036FA04FF6FF7503F055FC0DF11503DBE7284696
S214036FB000F014F80446EBE70446E9E738B5044660
S214036FC00D4603F03BFD40B1AC4206D0204603F02D
S214036FD02CFDBDE8384000F0ACBF38BD10B5044604
S214036FE0FFF7EBFA023003F032FC4FF6F7739842E2
S214036FF0204603D9BDE81040F0F764BEF0F7A4FEC0
S214037000B0FA80F0400910BD012070470022F0F767
S21403701091BD70B504460088FFF7CFFA05460430E5
S21403702003F015FC0646A81C03F011FC054603F006
S21403703024FB3046F2F76EF830B92846F2F76AF8C2
S21403704010B1284603F0FAFCA378002023F00F03C0
S214037050A37070BD70B50546FFF7AFFA064628461F
S21403706001F0C8F901462846F7F73CFF04462846D0
S214037070FFF7D7F94FF6F773984208D8337803F03B
S2140370800303012B05D1A31E5842584170BD0120AE
S214037090FCE70020FAE741F2033330B585B00D462E
S2140370A0ADF808300446FFF719FC8DF80A00FFF721
S2140370B015FC0021000A8DF80B0005232046CDE9B8
S2140370C0001102AA8DF80C5001F070F910B1214698
S2140370D0FFF79CFF05B030BD2DE9F0410446174687
S2140370E00D46E1B13F294FF0000600D13546204654
S2140370F0FFF773F9082814D10121204602F0C0FFD8
S214037100064602F0A1FF0446304602F081FF3B46E6
S21403711001462A46E0B2BDE8F041FDF718BC012659
S214037120E5E72046FFF759F9024630B9BDE8F041D6
S2140371304FF6FF71012003F053BB2046FFF75EF9BD
S214037140B0F5006F0ED12046FFF76BF94FF6FF73CD
S2140371509842014617D0002D0CBF032005200022BD
S21403716003F03EFB29462046EEF7FCFA68B92946AB
S2140371702046F1F76DFF40B9324629462046BDE862
S214037180F041F0F725BF0120E9E7BDE8F08170473D
S214037190704737B54FF6F675FDF738FB431E9BB2BF
S2140371A0AB420446F8D8EDF711FD0028F4D1694642
S2140371B02046EDF72DF80028EED0204600F09AFE84
S2140371C00028E9D12046FFF788FD0028E4D12046B1
S2140371D0F1F7A0FF0028DFD1204603F02FFC00289C
S2140371E0DAD12046FDF71DFB0028D5D1204603B093
S2140371F030BD73B504460E46F1F78CFF054688B9D5
S2140372002046F1F7E1FF21462B460D224FF6FD708F
S214037210009500F0A1F83146204602B0BDE8704064
S214037220F1F794BF02B070BDF7B504460D46174696
S214037230FFF754FB0646002D3FD04FF6FB739C42E8
S2140372403BD82046F1F766FF08B1A64235D0204664
S214037250F1F760FF10B1012003B0F0BD2046FDF743
S214037260E0FAC0B1A642F6D0F4B169462046ECF780
S214037270CFFF0246C0B908216846FFF7BDFA98B9A2
S214037280082269462846E4F7D3FC68B12946204617
S214037290FFF7AFFFDFE7A642E6D12846EDF726F86D
S2140372A010B900F03DFED6E73FB121462846EDF77C
S2140372B033FE21462846F5F76FFE0020CCE737B5A8
S2140372C0054614460C2914D8DFE801F02C132C13BA
S2140372D0131307131313132424006946ECF798FFBC
S2140372E018B901216846F5F755FF41202946F8F7F6
S2140372F075FAD4B12046FFF760F9023003F0A7FA17
S2140373004FF6F773984210D9204603B0BDE83040D5
S214037310F0F78EBD40F6144040F613430B2908BF22
S2140373201846E3E700F0EDFDE3E703B030BD1FB515
S2140373300346084603218DF80D308DF80C10012303
S2140373400021ADF80E20CDE9003103AA042301F095
S2140373502DF805B05DF804FB2DE9F34106460F460C
S21403736014461D469DF82080FFF7B8FAB04207D1B1
S21403737000222146384602B0BDE8F041FFF79FBF22
S2140373803A4631462046FFF7D2FFADF8060060B115
S2140373900D2C05D100224FF6FF71282003F020FAAA
S2140373A035B9BDF80600FFF719FE02B0BDE8F08157
S2140373B00123424629460DF10600ECF773FABDF8A1
S2140373C00630002BEDD1F0E7F7B50C460546FFF780
S2140373D0F4F8611C06462846F7F784FDA11C074609
S2140373E0284600F02AFF014604463846FDF747FACA
S2140373F00D2F34D12046F1F78DFE78B1301D03F002
S21403740026FA04462846F679FFF73AF83146024646
S214037410204603B0BDE8F040FFF768BCB01C03F09D
S21403742016FA4FF6F773984202D92846F0F700FD8E
S2140374302046F1F7C9FEFFF751FAA04205D1002016
S21403744003B0BDE8F040FFF7A2BE6B46B068F16834
S21403745003C369462046F1F779FE03B0F0BD2A461A
S2140374603946204603B0BDE8F040FFF728BF142294
S2140374700021E4F791B82DE9F04F11F00F07044609
S2140374800E4615468FB05CD10120E1F703FD09A82F
S214037490FDF7F3FA092309A88DF82430FDF7F1FA6E
S2140374A009A8E1F7C9FC01A909A8FDF77BFC26F0AA
S2140374B00F08A84404F1100904F10F0A454511D139
S2140374C0236901A93344236109A8FDF750FC002072
S2140374D0E1F7E0FCB6F1005F28BF272738460FB078
S2140374E0BDE8F08F05AA2346964694461868596861
S2140374F00833ACE803004B456246F6D12B462246DA
S21403750005F1100B53F8041B5B4542F8041BF9D135
S214037510714609A8FDF72BFC09A8E1F78DFC224666
S21403752021460120E1F772FC013D631E13F8012F8B
S21403753015F8011F534582EA01021A70F6D15D461B
S214037540BCE70227CAE7F0B5174685B005460C46E2
S214037550102200216846E4F71FF8BFB3C4B30F2C0C
S21403756004F00F0608D924F00F043A4621462846AD
S214037570FFF781FF40BB2744324639466846E4F7A7
S2140375809BF980222F6906F1100337446B44B7F545
S214037590005F03F8102C2F61C6F110061AD3062ECF
S2140375A01FDDFB001A0E8DF80A201A0C5BBA8DF845
S2140375B00B20ADF80C306A4610212846FFF75BFF18
S2140375C000202B69103B2B6105B0F0BD3E46D8E783
S2140375D02646D6E7022E04DDFB005BBAADF80E3076
S2140375E0E9E76A4610212846FFF745FF2B69102274
S2140375F0A3F11004002168462C61E3F7CDFFB7F52D
S214037600005F4FEAC403CDD2E7E770B50E460546E2
S21403761086B001A81446FFF72AFF3246294601A87A
S214037620FFF791FF2246054601AB05AE1C4603CC89
S214037630B44210605160234602F10802F6D1284690
S21403764006B070BDF1F718BE0A460021F1F714BE66
S214037650F0B58BB00C4601A9F1F70EFE054680B3D4
S21403766025220021E01CE3F797FF0123A3700E23D6
S214037670BDF810702380FA0510D523464FF48772A1
S21403768006AE23F8042B0DF1280C324603CA6245D6
S21403769018605960164603F10803F6D13B0605D574
S2140376A0238843F080032380069B636001AB03CBF0
S2140376B0039BC4F81D00C4F82110A361F2F7C0FFB2
S2140376C0606128460BB0F0BD30B505460C4687B062
S2140376D001A8FDF7D2F92868696802AB03C39DF8D1
S2140376E0113043F002028DF8112074B1228851063E
S2140376F044BF43F006038DF81130530542BF9DF88F
S214037700113043F008038DF8113001A8FDF7B0FAE5
S214037710B0FA80F0400907B030BD2DE9F3410F46BB
S2140377200546164602F090FC4FF00008C41BE4B270
S214037730294623463A463046CDF8008003F080F9C2
S2140377400121284602F09CFC88B10121284602F05C
S21403775097FC074602F078FC0546C3B2424630194A
S2140377603946CDF8008003F06BF92544ECB2204689
S21403777002B0BDE8F0812DE9F04F85B00C46054612
S21403778091461F464FF0010ADDF838809DF83CB05D
S21403779002F05AFC22463B4629460646CDF800A090
S2140377A0484603F04DF95146284602F069FC3C442E
S2140377B018B35146284602F063FCF6B2B44281463B
S2140377C010DAE7B2F31BDBB2404622462946CDF871
S2140377D000A003935F4403F033F9039BBF1B984455
S2140377E007F0FF0B012300220E9349465B464046F3
S2140377F005B0BDE8F04F03F023B95B4622462946A1
S214037800CDF838A0F3E72DE9F041002686B0074609
S21403781008460C4615469846CDE9026604968DF84A
S214037820146002F011FC411BCBB20D2B28BF0D23B5
S2140378302A462146009602A803F002F9424602A908
S2140378403846F1F76FFE0646294620469DF808207F
S214037850F7F75CFB304606B0BDE8F0812DE9F04F44
S2140378600E46CBB00121054617461C4602F008FC1F
S21403787023463A462946814606A8FFF7C4FF0DF17C
S214037880280A00EB070B5246314628465FFA8BFB65
S214037890FFF743FFB34503D200204BB0BDE8F08F9C
S2140378A0ABEB06085FFA88F808F104039842F3DBAB
S2140378B0331F18440423C4B20193A31BDBB2009303
S2140378C0524643460021CDF808A006A8E1F752FA2F
S2140378D00028E1D1A4EB0B040AEB0803E4B25246FA
S2140378E028463146009301944346FFF744FF394642
S2140378F02846F7F7F7FA394600F0F8022846F7F76E
S21403790005FB0121284602F0BBFB002818BF4D46A5
S2140379102846ADF8165002F097FB011FC9B20DF1C9
S214037920160000F04FFC0120B7E72DE9D8410646C4
S21403793000F060FD411C044689B2304600F02DFD80
S21403794098B394B321463046F7F7CCFA00F00C030D
S214037950042B074629D000F00308B8F1020F00D124
S2140379601BBB384600F0B0FD3B060444A4B216D554
S214037970611C304689B200F010FDB0B12146304696
S214037980F7F7B0FAB8F1010F014600F003030CD085
S214037990032B0AD0384600F0A6FD03199CB22146F5
S2140379A03046BDE8D84100F0F8BC0020BDE8D881D9
S2140379B0F8B5064600F0E0FC054604463046FEF7FA
S2140379C0FCFD43785B0718D5AC1CA4B221463046B1
S2140379D000F0E3FCB8B129463046F7F783FA0746CA
S2140379E0691C304689B2F7F77DFA1FB1874201D882
S2140379F0FF2808D104EB4704A4B221463046BDE86D
S214037A00F84000F0CABC0020F8BD13B5044601A830
S214037A10F1F7E0FFBDF80430DA0710D49B0707D46C
S214037A2010220021204602B0BDE81040E3F7B4BDA3
S214037A30224621461020FFF7E8FD0028F0D102B0C9
S214037A4010BD024608B5F1F7EDFF510544BF0838EF
S214037A50C0B2130544BF0838C0B208BDF0B5D3079B
S214037A6005460C468BB04AD5008800F0C3FC0023BD
S214037A700646029314B9CDE9034403AC0022082159
S214037A802046FEF7B9FEA8B12888FEF796FD023019
S214037A9002F0DDFE21460746ECF7BAFB50B10022A2
S214037AA040231146384600F005FA40F609452846B5
S214037AB00BB0F0BD31462888F7F714FA10F0030F21
S214037AC00CBF01260026F1F71BFC46EA4000C0B2B5
S214037AD000900021204602AB05AAF3F7EDF9054610
S214037AE0F1F70EFC0028E2D0002DE0D0002120465E
S214037AF0009602AB05AAF3F7DFF90546D7E740F68B
S214037B000A45D4E700231A46F3F742B930B58BB0DB
S214037B1005AD04462846FCF7B0FF0223284601A914
S214037B208DF81430FDF73EF9234601AA144603CC1C
S214037B30AC4218605960224603F10803F6D10BB035
S214037B4030BD08B50023024619461846F3F720F958
S214037B50012008BD37B504466846F3F791F9054694
S214037B6048B1082221466846E4F762F8B0FA80F086
S214037B70400903B030BDFF2208212046FEF73CFE35
S214037B80034628B106212846FFF7BCFF0120F0E78D
S214037B9022460146F3F7FCF8F8E707B56846F3F71D
S214037BA06FF910B16846FDF76CFA00F0010003B0F8
S214037BB05DF804FB0120F3F739BE704730B50124A6
S214037BC0054689B003A8FCF758FF01A88DF80C40BA
S214037BD0E1F790F99DF806209DF80730AA4209D0F0
S214037BE0AB4209D103A88DF80D40E1F725F9012032
S214037BF009B030BD0024F5E70020F9E70022102184
S214037C00FEF7FABD70477FB50D4600F582300D22AC
S214037C10694600F58070D5F707F96B462A4602AE2B
S214037C201C4603CCB44210605160234602F108029E
S214037C30F6D1206810602379137100236B7304B0A8
S214037C4070BDF0B585B06A4605460B46164601F18B
S214037C500807144618685968083303C4BB4222460B
S214037C60F7D118680D2220601B7905F5823031465E
S214037C70237100F58070D5F703F905B0F0BD38B56C
S214037C8004460D46E0F728FCA04205D920462946BF
S214037C90FFF7B9FF002038BD2820FCE730B50024E5
S214037CA085B08DF80040E0F717FCE5B2A84204D88B
S214037CB0F5F7D4F8002005B030BD69462846FFF72F
S214037CC0C0FF0134EFE738B50446002002F0ABFEF0
S214037CD0FF2805460FD002F0AEFE10F0010009D0D3
S214037CE0284602F0A8FE400840EAC17080F0010072
S214037CF000F0010038BD04F00100FBE70146F8B5CB
S214037D0006460020F4F7E4FFFF2801D00120F8BD63
S214037D10E0F7D2FB00240546871CE0F7D1FBE3B26D
S214037D20984201D80020F2E735F82430B34203D155
S214037D3017F82430002BE9D10134EEE738B50D46A9
S214037D400121044602F09CF930B10121204602F0DD
S214037D5097F92880012038BD20462C8000F020FCAF
S214037D600130C0B2F7E72DE9F04788B007468946E9
S214037D7010460DF10A011D469046FFF7DFFF4FF050
S214037D80000ABDF80A6004463046CDE905AACDF8D8
S214037D901BA002F059F9031BDBB20B2B28BF0B23E6
S214037DA022463146CDF800A005A802F049FE48F267
S214037DB01F039D4243D00BD885F40043012B15D9EE
S214037DC023464246494628460097FDF7A7F933E07F
S214037DD048F23A039D42F3D1FEF780FDB8422BD01A
S214037DE02246414605A8FDF7CAF925E09DF814305A
S214037DF013BBBDF81D40DDF81500DDF8191003AB05
S214037E0003C3204603A9E0F75BFD0122204603A92E
S214037E10FFF70AFAA74206460ED0012103A8F5F794
S214037E20B9F948F201039D4206D12EB933463246CC
S214037E303946204600F058FC08B0BDE8F0879DF8A8
S214037E401450002DF8D12F469DF815800234EAB25F
S214037E504245F1D2D200D2B222440823314692B22E
S214037E60009703A8CDE9037702F0EAFD03A800F024
S214037E7074F802F0DAFD00F05CF80135E7E710B5B8
S214037E800024418084800480C280038110BD13B522
S214037E90BDF81040CDE900340023F5F749FC02B0E5
S214037EA010BD13B5BDF8104001900094F5F740FCE3
S214037EB002B010BD07B500930123FFF7F2FF03B02E
S214037EC05DF804FB0123F5F7D9BC38B50546EFF793
S214037ED06BFD0446E0F70CFBA40144EA402028406F
S214037EE038BD7047704700207047FF20704700205A
S214037EF070477047002070474FF6FF7070470020AA
S214037F0070477047002070477047002070477047DF
S214037F100020704700207047704770470020704766
S214037F2070477047002070474FF6FF707047172062
S214037F307047704770477047704770477047012017
S214037F407047012070470020704700207047704735
S214037F50704770474FF6FF7070474FF6FF707047D5
S214037F6000207047002070470020704770470020AD
S214037F7070472DE9F04F002785B081460C467E20DA
S214037F8039469846BDF83CB09DF844A0BDF84C5021
S214037F900192ADF80E7002F0AFF80646002800F026
S214037FA0AA8002F035F839467E22E3F7F5FA304622
S214037FB002F02EF80090304602F02AF8B9F1FF0FCF
S214037FC00CBF274644F003073B0A14F440620770CD
S214037FD043705FD14FF00808C31C18464246019908
S214037FE0E3F72CFB034604F44044434484B1790688
S214037FF006D419464FEA1B2201F802BB5A700B46F9
S214038000B4F5004F56D0A4F5404254425441E40020
S214038010224618460E99E3F711FB009A03462044BE
S214038020A0EB02085FFA88F89DB14FF47C521A530E
S214038030841C284601F0ECFF8346284602F004F829
S214038040C5B22A4659462046E3F736FC6019023580
S214038050EDB2B9F1FF0F2FD05246109900F8019BED
S214038060E3F72AFC08F101015AFA81F12944304664
S214038070EBF7AEFB0C210022FF0007F0800710464B
S2140380803943FEF778FAADF80E00E8B9002005B0DC
S214038090BDE8F08FB2F5006F80F803804FEA18282A
S2140380A080F8048000F1050314BF4FF008084FF072
S2140380B0020892E70224ABE708EB0A01294430469C
S2140380C0EBF786FB0821D6E7304601F0A1FF04460E
S2140380D0304601F0B9FF0123024621460DF10E009A
S2140380E0EBF7E0FB0028D1D10121BDF84820BDF80D
S2140380F00E0001F0D9FFBDF80E00C8E710B50C4618
S214038100098821B90846F6F7B9FA208008B1012094
S21403811010BD0220FCE72DE9F04780460F460646D1
S214038120002402F1FF39BC4202D219F8015F25B9D7
S214038130A6EB080080B2BDE8F0879A46A5F13102A7
S214038140012A5AF8041B10D83246322D02F8011BB6
S21403815006D10134A4B2A74232D30912B21C7170FD
S214038160013453461646A4B2DDE7342D0CD103344E
S214038170BC42DDDA0B0A317073700B0C090EB37058
S214038180321DF170A4B2EBE7A5F13302062A0DD82F
S214038190303DADB22B19BB42CADA2A463046013C03
S2140381A0E3F74CFA15FA84F47219EBE7A5F14102EA
S2140381B0062A01D8373DECE79D8803F1080AE9E76C
S2140381C01646B5E770B5054600880C4601F03CFF39
S2140381D0A04228880AD201F037FF0023221A194644
S2140381E02846BDE8704092B2EBF75CBB2146EBF73E
S2140381F0EFFA002070BD38B5054601F009FF0446C6
S214038200284601F021FF002201462046BDE83840FB
S214038210FEF7EEB9F8B516460C461D46BDF81870BF
S21403822001F0F6FE0444304601F0F2FE3A464119E8
S2140382302046BDE8F840E3F701BA70B50C460131B5
S21403824089B20646F6F74EFE214605463046F6F751
S21403825049FE00EB052080B270BD1FB50123ADF8C3
S2140382600C2000930A460223014603A802F0E8FB0B
S21403827005B05DF804FB0FB437B5069D0021A8B220
S21403828001F03AFF044601F0C3FE2CB1002207AB0F
S2140382900193D1B28D4205D8204603B0BDE83040E5
S2140382A004B0704753F8041B81540132F1E773B5E9
S2140382B004460D4640200021164601F01DFFADF88A
S2140382C0060001F0A5FEBDF8063013B9002002B083
S2140382D070BD402133462A462044FFF71CFF211871
S2140382E089B20DF10600FFF76DFF0028EED1BDF849
S2140382F00600ECE70EB403B503AA52F8041B01927A
S214038300FFF7D5FF02B05DF804EB03B070472DE925
S214038310F7430F4601218146164601F0B1FE054696
S21403832058B1FFF768FF308088B9284601F08CFE05
S21403833068B1192003B0BDE8F083484601F084FE17
S214038340FF2FA0EB0704E4B214D014B93480002046
S214038350F0E72A4621462846FEF74AF980460028D3
S214038360E7D03B464A4629460094FFF753FFA6F854
S2140383700080ECE70120DDE708B5FEF71EF9437839
S21403838003F001001A074CBF10300830DB0644BF69
S2140383900830C0B21030C0B208BD10B50C4601F0AC
S2140383A053FEA04234BF0020012010BD7FB5144603
S2140383B00091024641F2092141F609209DF820600A
S2140383C01D46002E18BF0146099B0020F6F7B2FD96
S2140383D0ADF80E0010B9002004B070BD01232A4684
S2140383E021460DF10E00EBF75DFA0028F3D1BDF838
S2140383F00E00F1E738B50546FFF7BEFF04462846EC
S21403840001F022FE631C9BB283420FD82846FEF778
S214038410D4F843785B0707D521462846F6F762FD6E
S214038420013004EB4004E4B2204638BD0024FBE7E9
S2140384301FB5ADF80E0001F007FE0446BDF80E00AA
S214038440FFF7D8FF00F10E03DBB2BDF80E2001469E
S214038450E01A80B200901046FFF7DCFEA4F10E018E
S21403846089B20DF10E00FFF7ADFE04B010BD4278E1
S214038470034612F0080006D0D20702D403F1080020
S214038480704703F10900704737B505460C46FEF7FB
S21403849094F8437813F0100212D09CB103F0010253
S2140384A01B074FF000032946009320464FF00803AE
S2140384B054BF1832203202F0C3FA012003B030BD95
S2140384C01046FBE72046F9E700F00303012B08D02C
S2140384D0C30606D400F00C000C2814BF082009209D
S2140384E0704702207047034611F0030005D003F0DF
S2140384F00303022B14BF022003207047F8B50C4673
S214038500064601F0A1FD631C834202D900252846D6
S214038510F8BD21463046F6F7E5FC0746FFF7D4FFDD
S2140385203B060546F3D50444304601F08DFDA4B260
S214038530631C9BB28342E9D821463046F6F7D2FC49
S21403854001463846FFF7CFFF2844C5B2DFE770B5CC
S21403855006460D46FFF7D2FF044610B90024204610
S21403856070BD29463046F6F7BDFC8206F7D5304681
S21403857001F06AFD2544ADB26B1C9BB28342EDD875
S21403858029463046F6F7AEFC00F01803082B14BF56
S21403859005340634E4B2830644BF0834E4B2DEE7A7
S2140385A038B50546FFF726FF044608B9002038BD50
S2140385B001462846FFF7CBFF0028F7D02044C0B279
S2140385C0F5E72DE9F04387B005460C46FDF7F5FFC2
S2140385D0804602F03CF907462846FFF70BFF06469F
S2140385E001462846FFF78AFF0022034600922946E3
S2140385F0324602A802F024FA9DF8086006F00C033F
S2140386000C2B06F003090BD0B9F1010F59D0F10674
S21403861057D49DF809300DF10A050020637107E071
S214038620FF230DF10900637102F011F90DF10B053B
S214038630208198F80130DA0704D508F1020002F029
S21403864006F92081B9F1010F5FFA89F83DD0F306E8
S2140386503BD4284602F0FBF86080A81C02F0F7F82B
S214038660053515F8013C208023712B78B006A372DC
S21403867006F0400348BF43F02003390627D543F4EA
S2140386800073F80448BF43F48063390548BF43F4D6
S21403869000633206E38011D56A7812F003020DD028
S2140386A06FEA43436FEA5343A978B8F1020FE380B6
S2140386B00B4611D1EB7841EA0321218107B0BDE8CF
S2140386C0F083FF230DF10905A7E7FF23CCE77A061E
S2140386D048BF43F48073D4E7012A04BF0B029BB25E
S2140386E02381EBE7F7F7D8B80BB1F7F741B90AB927
S2140386F0F7F7BAB9FF21F7F7E3B8431C08BF002022
S214038700E4F700BA034B5868C0F30800003818BFF4
S2140387100120704700ED00E0014B1868704700BF6A
S214038720F0640020084B1B6F03F00703022B04D0F2
S214038730032B05D0012B05D0FEE7044B18687047C2
S214038740034BFBE70348704700800050F0640020AB
S214038750F8640020002D310108B5FFF7E3FF054B51
S2140387601B6FC3F301330133B0FBF3F0024B186006
S21403877008BD00BF00800050EC640020004870472E
S21403878000B4C40400487047002D3101014B18683B
S214038790704700BFF8640020174A9368C3F3044386
S2140387A00C2B0AD8DFE803F00B090909090907218E
S2140387B019091B1D1F001148704700207047936856
S2140387C003F04073B3F1807F11D0B3F1007F10D074
S2140387D0002B0B4818BF002070470A4870470A480A
S2140387E070470A4870470A4870470A4870470A485D
S2140387F070470A48704700BF0040015A405DC600F4
S21403880000093D00C0EA210180BA8C010048E80156
S214038810005A62020024F40080841E0040420F00C7
S214038820014B1868704700BFF464002007B500F0DA
S21403883065FC6A4600F0C2FC18B14721034801F004
S21403884028FFDDE9000103B05DF804FBBAB30300BB
S2140388500229F8B596BF104B00245C5C0128054638
S2140388600E4608D0022809D008B944F002040B4B80
S2140388701F6837B9F8BD44F00804F8E744F020044D
S214038880F5E77B681A68144203D0314628465B68CE
S21403889098473F68EDE700BF2A4E0400503C00208F
S2140388A038B5104D2B78ABB10F4C23781BB100F0C5
S2140388B031FA00232370002001F0FEFE0B4C50B16A
S2140388C000F07AFA0023012120782B70FFF7C0FF0F
S2140388D00123237038BD0122054B1A702278054BFD
S2140388E01A70F7E70D5B00200B5B0020125B00207D
S2140388F00E5B00200F5B00200E490B78FF2B01D187
S21403890098B170470BB990B97047002814BF01227D
S214038910FF2213440B7060B1074B1B78012B08D959
S214038920064B1B782BB9FFF7BBBF1A46F1E70122AC
S214038930EFE77047115B0020125B00200E5B002000
S21403894010B501F0A4FD064B04461B781BB1BDE829
S214038950104001F097BDFFF7A3FF2046F7E700BFDF
S2140389600A5B002002282DE9F04147D02948037806
S214038970FF2B41D1002941D11A461344DBB20370C1
S21403898000293BD0244E3278012A37D9002B3ED01B
S21403899001F07DFD214F04463B780BB3204D2B7829
S2140389A01BB901222A701F4A1370DFF87C8098F8DF
S2140389B0003023B100F0AEF9002388F800302046DB
S2140389C001F060FD012001F077FE01F060FD2B78D9
S2140389D004461BB100F0F0F900232B7000233B7014
S2140389E0204601F04FFD01243078A04206D02146F0
S2140389F0FFF72EFF347001E013B931B9BDE8F081FB
S214038A00002914BF0122FF22B7E70122B5E702249B
S214038A10EAE700BF115B0020125B00200D5B00201D
S214038A200A5B00200E5B00200B5B00202DE9F04361
S214038A3085B0EFF3108572B6AFF3008001F011FF37
S214038A40002800F09280624E624F337823B10020F4
S214038A50FFF752FF00233370387878B903A900F084
S214038A601DFB044650B95C4B039A1B689A4200F2FE
S214038A7084800120FFF740FF012333703B78002BEF
S214038A8040F09980554B1B78002B00F091804FF0F7
S214038A900208534CDFF868912078404507D099F8D0
S214038AA0003013B94146FFF7D3FE84F80080B8F1CF
S214038AB0020F0FD1DFF8248198F8003053B9494BE1
S214038AC01B7823B900F020F90122474B1A700123C3
S214038AD088F80030207800F0F7F899F8003013B1E2
S214038AE0424B1B782370AFF30080284601F0DFFD6E
S214038AF0EFF3108572B63E4B1A7852B100221A7005
S214038B003A4B20781B78984203D101212170FFF756
S214038B109FFE384800F082FA01F0B7FE8046002830
S214038B2093D12E4F3B789BB189F80000DFF8B890BD
S214038B3099F800301BB100F0EDF889F800800020AA
S214038B4001F0BAFD002839D000F036F900233B7057
S214038B50337823B10020FFF7CFFE002333700021C4
S214038B602078FFF775FE00232370AFF300802846B6
S214038B7005B0BDE8F04301F09ABD1F4BD3F8008063
S214038B8000F048F9039B80449845BFF472AF00F0A9
S214038B903BF98200039942F0020292B2CDE9004209
S214038BA02346164AA1EB0801124801F087FD65E744
S214038BB000F09CF86BE74FF001086AE7012000F02D
S214038BC083F8284601F073FDEFF3108572B6B6E717
S214038BD00C5B0020115B0020583C00200D5B00203E
S214038BE0125B0020105B00200B5B00200F5B002055
S214038BF0085B00205C3C0020543C002041890300B5
S214038C000E5B002010B501F042FC0022054B1C78D9
S214038C101A7001F037FC00F005FBE4B22043C0B243
S214038C2010BD00BF095B002038B501F030FC094BCE
S214038C3005461B78012B04D801F024FC00242046AB
S214038C4038BD054B1C6800F0E5F80444284601F0DF
S214038C5019FCF4E7125B0020543C00201549164A21
S214038C600B6F10B503F007031360144A144C926994
S214038C70032B02F00200C2F34002227017D0D1F891
S214038C80203103F00703022B11D0D1F8803203F012
S214038C9001030C4A137048B143B9064BD3F80031AD
S214038CA003F00303591E4B424B41137010BD0123BF
S214038CB0EFE700BF00800050B83C002000C0015022
S214038CC0175B0020185B0020012805D00238012816
S214038CD008D80020D1F7B2BB034A136923F0040374
S214038CE0136130BF704700BF00ED00E0044B054A38
S214038CF0D3F8203103F007031360F8F7F0B900BF89
S214038D0000800050C03C00200122014B1A707047BF
S214038D10165B0020F8B51F4B1B78002B39D01E4C72
S214038D202378B3B91D4B9A6DD10302D5DA6D92073A
S214038D302FD49B6DDB072CD401F003FD184B194A87
S214038D401860136F23F0070343F003031367FFF75B
S214038D5003FD01F0F6FC124B134D1B68134EC01AAD
S214038D602B78134F56F8232046F82300111A3A6837
S214038D701048521A0A213A600932B2FBF1F2013363
S214038D80DBB20260B3FBF1F201FB12332B7000235C
S214038D902370F8BD185B0020155B002000C0005050
S214038DA0B03C002000800050145B0020883C00206C
S214038DB0843C0020803C002008B5F8F791F90D4A62
S214038DC00D49136F096823F007030B4313670B4919
S214038DD0D2F82031096823F007030B43C2F8203189
S214038DE0074B1B7813B10122064B9A62BDE8084075
S214038DF0FFF7B2BC00800050B83C0020C03C002007
S214038E00185B002000E00050014B1878704700BF45
S214038E10185B0020054B187818B1054B186800EB53
S214038E20D000044B1B681844704700BF185B002033
S214038E30803C0020B43C002008B50D4B1A7892B154
S214038E4000221A700B4A136F23F0070343F0010343
S214038E501367D2F8203123F0070343F00403C2F864
S214038E602031FFF779FC0122034B5A6708BD00BF88
S214038E70165B00200080005000E000500D490B6890
S214038E80A0B10022A3B1834203D1836822B90B6049
S214038E9003E01A469B68F5E7936083680BB90020E6
S214038EA070475A6941690A445A61F8E722207047B5
S214038EB002207047CC3C002010B501F05EFC0A4C43
S214038EC00A4B19682368C31A09B9206010BD002B22
S214038ED0FBD04A699A423ABF9B1A0022D21A4A61C9
S214038EE028BF00238968EFE7C83C0020CC3C00205D
S214038EF038B5154D2B682BB35B69B3B1134A022003
S214038F0014681C4400F088FA204600F047FA002252
S214038F100F492B680A70012A05D823B1D888800721
S214038F200AD501230B70002038BD022000F074FA26
S214038F30022000F093FAEAE79B68002BF3D0586907
S214038F400244E8E72220EFE7CC3C0020C83C0020A0
S214038F501A5B0020C38870B504460D463BB9FFF77D
S214038F6063FE8542064602D2F9F735FA35460E4ABF
S214038F70656113689BB91460A3600FE02D1A9868A7
S214038F8019466561034618B15869A842F6D941B136
S214038F908C60A36013B15A69521B5A6170BD0021DD
S214038FA0F2E71460F5E700BFCC3C002070B5164628
S214038FB09DF81420C0E903360271049ABDF81830F0
S214038FC00260002204460D468260C38006BB01F0A1
S214038FD0D4FB2844A0613DB9E368656113B120461C
S214038FE02168984796B1354601F051FA0646FFF7D1
S214038FF063FF29462046FFF7ADFF074B1B68A342D6
S21403900001D1FFF775FF304601F03CFA002070BD32
S21403901001F0B3FB3044DDE7CC3C0020F8B5054651
S214039020D0B101F034FA0646FFF746FF0B4B28464D
S2140390301F68FFF723FF044620B1304601F022FAEB
S2140390402046F8BDAF42F8D1FFF752FF2228F4D1ED
S214039050022000F0EDF9F0E72224F1E7CC3C0020F3
S21403906038B50C460546A8B1A1B100230B7001F034
S2140390701BFA0121084B1B6833B901F010FA0020D4
S21403908038BD9D4204D121702278002AF9D0F4E736
S2140390909B68F1E72220F3E7CC3C0020F8B50646B0
S2140390A00F4601F001FA00250446124B1B6823B94C
S2140390B0204601F0F4F91B2011E05A691544DA88BA
S2140390C0B2420DD101F059FB0B4E3368C01AA842C9
S2140390D00AD3002320463B6001F0E1F90020F8BDE7
S2140390E0FF2EEFD09B68E2E701F047FB33682B4483
S2140390F01B1AEFE7CC3C0020C83C002070B501F0FB
S214039100D3F9064601F039FB084B044601201D68D7
S21403911001F023FB18B101F030FB0446013530465D
S21403912001F0BDF92046294670BD00BFD43C00209F
S214039130014B1868704700BFD03C0020F8B50C4BB5
S21403914005461B680E4683420FD3002440F2E730E1
S2140391502146084B4FF47A721F680023E5FB07018C
S214039160E1F7AEFE30602046F8BD2120FCE700BFE5
S214039170C43C0020D03C00200F4B10B51A689AB1AF
S2140391804FF47A71531E1342A0FB01010ED1B2FABB
S21403919082F2C2F11F04531CD243E04001FA03F3E8
S2140391A0184321FA02F20243104610BD0023E1F7EA
S2140391B087FE0246F8E700BFD03C002038B5164BC2
S2140391C014468342154B8B4123D3154B1A6802B3BF
S2140391D04FF47A75A0FB050305FB0131531E1342BA
S2140391E011D1B2FA82F3C3F11F055A1CDB4301FA0D
S2140391F002F2E84021FA03F310431843E940C4E9B6
S2140392000001002038BD0023E1F75AFEC4E900013F
S214039210F7E72120F6E700BFEFA7C64B37894100E3
S214039220D03C002010B501F03FF9034B1C7801F049
S21403923036F9E4B2204610BD195B002008B5084B8A
S2140392401B7803F0FF004BB101F07BFA054B1B685C
S2140392509B69C01A02288CBF0020012008BD00BFEE
S2140392601A5B0020CC3C0020C2072DE9F8430446D5
S21403927007D5474A136801331360FFF71DFEFFF750
S21403928037FEA30740F1818001F00EF94FF0000886
S21403929005464646FFF710FE3E4F3C680CB1636931
S2140392A0A3B100223C4B012E1A7003D118F0020F13
S2140392B018BF1E70FFF71CFE222802D1022000F002
S2140392C0B7F82846BDE8F84301F0E9B823465A69DB
S2140392D03AB91A792179914288BF1C469B68002BBC
S2140392E0F5D1284601F0DBF8D4F81080B8F1000F6A
S2140392F03FD001F042FAA269851AEB17454573F190
S214039300000337DB23691344A36101232269CAB12F
S214039310C3B9A38BB8EB050833B1E28B13449BB2F6
S214039320B3F57A7F1CD2E38301F0BEF805464146C7
S2140393302046FFF70FFEA369226928461344A3615C
S21403934001F0ADF8E36813B1204621689847B4F8F6
S214039350068001F0A9F801360546FFF7ADFD9CE748
S214039360A3F57A73E383A36918F1FF38013BA3617E
S214039370DAE7454601F098F881462046FFF77EFD7A
S214039380484601F08CF80023C0E7BDE8F88300BF29
S214039390D43C0020CC3C0020195B002010B50446CA
S2140393A001F075F84FF0B042936A1907FCD4136ABC
S2140393B0116C5269120704D4CA1A032A01D89942B7
S2140393C00ED1E21A022A98BFDC1CB4F1FF3F38BF65
S2140393D0013C4FF0B04308221C6403F580539A61A6
S2140393E001F050F8054A13783BB14FF0B041CB6B10
S2140393F043F00203CB630023137010BD5B6A0020A7
S21403940007B5044B01A9187901F0E7F8019803B0F2
S2140394105DF804FB684C040000F001038207034A6E
S21403942048BF43F008039361704700BF001000581D
S214039430820700F001030AD50121064A43F0080318
S21403944011704FF0B041CA6B22F00302CA63024A9E
S214039450936170475B6A002000200058830742BF71
S2140394600822014B5A6170470010005873B502ABCF
S214039470164603E90600044600F052FF054620465A
S21403948000F05EFF9DF800208DB1202C33780ED8B7
S214039490012B2ED84FF6FF752D4803EB43132344B9
S2140394A030F81310A94202D0013120F81310294BCB
S2140394B0294E33F8141036F81400814232D34FF68F
S2140394C0FF75A9424FF0010502D0013123F81410AD
S2140394D004F0FD01092927D1998AB68A0A44B242C3
S2140394E0B4BF9A829E8233F81430834227D202B0E6
S2140394F070BD022BDBD14FF6FF704FF6FF75144B92
S21403950033F81410814218BF013104F1210018BF4B
S21403951023F8141033F81010A9421CBF013123F8A6
S2140395201010C4E70025D0E71D2CDCD1598F8E1808
S214039530864203DA01390A445A87D4E75887002D4E
S214039540D5D1204602B0BDE8704001F031B900BF66
S21403955020570020F8570020A457002038B50D46A2
S214039560044600F0A1FF064A13889BB22DB123439D
S2140395701380BDE8384000F092BF23EA0403F7E700
S214039580FE5900200022034B01214FF480701A700D
S214039590FFF7E4BF2B61002008B5054B1868FCF7FE
S2140395A02FFE00F00300C31E5842584108BD00BFFB
S2140395B02454002038B5044601F098F90C4B0546B0
S2140395C01978187981420FD0631E082B0CD8DFE870
S2140395D003F0050D0B0D0B0D0D0D0D0000220146BE
S2140395E0044B1868FCF70AFE284638BD0022F7E746
S2140395F0896A00202454002038B54FF0FF300C460B
S214039600FFF77BF80A4B05461868FFF776F8641BE6
S214039610241A20B210F1630F06DB10F1240F05DACB
S21403962064308000C0B238BD0020FCE7FF20FAE7B4
S2140396302454002008B5134B1B78062B04D040F6A1
S2140396402101114801F025F8104B1B881B0704D491
S21403965040F622010C4801F01CF80D4B2A2019781D
S214039660FFF7A8FF00210820FFF778FF0222094B27
S2140396701A70094B1868E8F73BFCBDE8084001F090
S21403968084B800BF2B610020DD480400FE5900208B
S21403969028610020B86A00202454002010B50E4C20
S2140396A0236823B940F6A3410C4800F0F2FF206874
S2140396B0013001F0CCF800F0070003280AD1246833
S2140396C009220121204600F0E3FB205C031F5842D9
S2140396D0584110BD0020FCE714540020DD48040068
S2140396E038B50C4640B100210420FFF737FF01F0E0
S2140396F04CF8012C1DD038BD244B1B889B07F6D590
S2140397000129234A2FD1117869B30139C9B21170DF
S21403971011B92020FFF722FF00210220FFF71EFFCA
S21403972004221C4B00211C481A7000F05DFD01F05A
S2140397302CF81A4C2068013001F089F800F44060D8
S214039740B0F5006F1FD1246801210422204600F0E3
S2140397509FFB204401F07BF80146BDE83840002219
S214039760202001F03DB800210D4D02201170FFF7B7
S214039770F5FE2B78FF2B04D040F29961094800F0E0
S21403978088FF2C70B3E74FF6FF71E6E7FE5900201B
S2140397902A6100202B61002000680020145400205A
S2140397A0B96A0020DD48040038B5134C0546238803
S2140397B0580709D5FFF7F0FE01460720FFF7FAFE24
S2140397C0FF210120FFF78CFF238899070BD50B4B4E
S2140397D0284619788A1F51425141FFF7EBFE0121B3
S2140397E00020FFF77DFF23881B0703D5BDE838401D
S2140397F0FFF720BF38BD00BFFE5900202B610020B5
S214039800F7B5124CD4E9006586EA020C85EA03072D
S2140398100CEA000C0F405CEA070E15D086EA0C062D
S2140398207D40C4E90065CDE900230B46084902469E
S2140398300868FCF7A7F838B14FF4FD71054803B084
S214039840BDE8F04000F025BF03B0F0BDA81500202A
S21403985024540020DD48040008B50A4B1B88DB06A9
S21403986004D440F64701084800F013FF00211020F7
S214039870FFF774FE002000F06BFBBDE8084000F025
S21403988084BF00BFFE590020DD4804002DE9F04FD9
S2140398905706804614461D4691B005D5FFF77CFE55
S2140398A001460120FFF786FEEE0403D500212D2096
S2140398B0FFF780FEA00224D54046FCF74DFD014687
S2140398C0F8B94020FFF74AFE40460AA9FCF721F9FB
S2140398D0B8B99DF83030022B40F0D980BDF8280087
S2140398E001F0A3F8FF2808D14046FCF710F940B969
S2140398F001214020FFF732FE03E001F09AF800282A
S214039900F2D1A10305D5FFF747FE01460320FFF773
S21403991051FEE20104F0807640F1C080854B1B883F
S2140399209B072DD5844E3068FCF788F840BB834BE5
S214039930834F18703B78FF2B04D040F25761814861
S21403994000F0A7FE4FF0000900210220FFF706FEF5
S21403995087F800907C4F3B78062B07D1012108201F
S214039960FFF7FCFD49462820FFF724FE3B78052B2E
S21403997006D100212B20FFF71DFE3068E8F7B8FA62
S21403998000F003FF220717D56B4F0321386805AA9B
S214039990FCF76EF8064620B940F2C961694800F044
S2140399A078FE9DF81430072B00F0D080FFF7F4FD07
S2140399B001460420FFF7FEFDE10505D5FFF7ECFDA4
S2140399C001460420FFF7F6FD14F4863F05D0FFF7A3
S2140399D0E3FD01460220FFF7EDFDA20113D5FFF7D5
S2140399E0DBFD01460820FFF7E5FD00210420FFF715
S2140399F0B5FD554B1B78012B03D14F4B1868E8F781
S214039A0077FA00F0C2FE14F0084F09D0FFF7C4FD42
S214039A1001460720FFF7CEFDFF210120FFF760FE7A
S214039A20A30009D5FFF7B8FD01460620FFF7C2FDE0
S214039A30FF210120FFF754FEA70705D53D4B1B88E2
S214039A401E0701D5FFF7F6FD6C0603D500210A2095
S214039A50FFF7B0FD280602D50120FCF78EFCE905CA
S214039A6040F1858140460AAA05A9FCF7C5FB9DF887
S214039A701430222B00F06D8100F28281152B40F208
S214039A806A8140F60A112F4800F003FE6FE1032BAC
S214039A907FF437AF0AA800F0C4FF30E705F00207EB
S214039AA056EA07030DD0284B26201978A1F1060E97
S214039AB0DEF1000141EB0E01FFF77CFD012130468C
S214039AC011E004F0805656EA07030FD01E4B2620FB
S214039AD01978A1F1060CDCF1000141EB0C01FFF74C
S214039AE069FD02213846FFF7FBFD4BE704F088418A
S214039AF051EA060309D0144B272019788F1F7942A1
S214039B007941FFF757FD0221D9E705F008030B4318
S214039B1002D02320FFF74EFD680703D5002124203B
S214039B20FFF748FDE9077FF52DAF00212520FFF756
S214039B3041FD27E7FE590020245400202A61002017
S214039B40B96A0020DD4804002B61002031463868DE
S214039B500AAAFBF793FF20B14FF4DA619E4800F0A0
S214039B6098FDBDF81630386802330AA9ADF82C30D4
S214039B70FBF786FF20B140F2DF61974800F089FDCE
S214039B800023009331460423386804AAFBF77AFFC0
S214039B90042804D040F2E4618F4800F07AFDDFF831
S214039BA0589299F80030C3BB0DF1110000F04FFE38
S214039BB000F00700022830D1FFF7EEFC014609202B
S214039BC0FFF7F8FC854B1B78062B23D1844B9DF8B7
S214039BD013201B789A421DD19DF8353023B940F2E5
S214039BE0FA617D4800F055FD0DF1110000F02FFEDF
S214039BF0C0F3001631462920FFF7DCFC00210820BD
S214039C00FFF7ACFC774B1E70FFF748FD10B93868BA
S214039C10E8F76EF900F0B9FDCEE6BDF816000121AF
S214039C20083080B200F068FA039030B9FFF7B4FC4E
S214039C3001460420FFF7BEFCECE700F0E9F905AAAD
S214039C40014606463868FBF725FF99F800A0BAF1E7
S214039C50000F22D106F1010B584600F0F8FD8306EB
S214039C605AD53868FCF778FB0746FFF795FC0537A7
S214039C700146F8B2FFF79EFC584600F0E8FD00F0F8
S214039C8007000328584F2DD001210420FFF766FC58
S214039C904FF0FF30FBF71DFF386000225349BDF835
S214039CA016300978F718F1549DF83630BB709DF8D6
S214039CB03730FB700A9B190E3971190C7971FB71D9
S214039CC0190A99F80030B97123B9737892B343F03F
S214039CD020037370002000F069F97870039800F091
S214039CE071FA97E701210922304600F0D1F8305C7B
S214039CF001210428C9D1FFF731FC4FF0FF30FBF7F1
S214039D00E8FE3B4B38601B885806C6D551464020B4
S214039D10FFF724FC0122C1E7FFF73EFC01460920BA
S214039D20FFF748FC2D4B1B78012BB6D13868E8F7B4
S214039D30DFF8B2E723F02003CBE701227E33DBB262
S214039D4002FA03F313F00A1F31D113F0011F3FF495
S214039D5098AE27202CE0012202FA03F3254A1A4084
S214039D602ABB13F0041FF4D1DA077FF58AAEAB05DE
S214039D702FD50121802011B0BDE8F04FFFF7EEBBD1
S214039D80652B1AD8622B12D8452B0CD8422B0ED82B
S214039D90352B06D8322B0AD8252B08D9322BD8D008
S214039DA06FE6422BFBE7552B05D8522BF7D9262017
S214039DB0FFF7FAFCDBE7622BF1E7952B3FF661AE84
S214039DC0812BBAD8722BC4D0733B022B3FF659AE05
S214039DD0EDE711B0BDE8F08FDD4804002B610020ED
S214039DE027610020B86A002010540020BA6A0020B9
S214039DF0FE5900203A0038002E610020024B1878E6
S214039E00B0FA80F0400970472B61002008B5064B76
S214039E104FF0FF311868FCF715FA0028B8BF033077
S214039E2040F3870008BD00BF2454002008B5074B45
S214039E301868FBF73CFD30B1054BB3FBF0F083B27B
S214039E400BB1184608BD0120FCE700BF24540020D0
S214039E5040420F0038B510200C460121FFF77EFB69
S214039E60064B1D68FFF7E2FF012200FB04F1044BDB
S214039E702846FCF7CCF9002038BD00BF2454002048
S214039E8059980300014800F004BC00BFF7480400DB
S214039E90032A70B5144602D82C4B985C70BD81F02B
S214039EA0010519B90D2A07D1FF20F7E70D2A03D1BB
S214039EB000780538C0B2F1E7084400F0C8FCC5F1E5
S214039EC0040110F440660246C9B209D1042C0846C0
S214039ED0E4D0052C16D112F0400F18BF0846DDE774
S214039EE0C5F10603042CD8B2D8D0B6F5006F03D15B
S214039EF0C5F10805E8B2ECE7B6F5406FE9D1C5F160
S214039F000E05F7E712F4404107D1062CC6D0072CFE
S214039F10C4D0082C13D10130CCE755065CBF831C94
S214039F20D8B2062CBAD0B1F5004F02D1831CD8B2F2
S214039F30EDE7B1F5404FEAD100F10803F7E7130761
S214039F4044BF0530C0B20C2CA8D9ADE7C8940400B2
S214039F50AC2370B5094C054603FB00435E6D26B97A
S214039F6040F2FD31064800F094FBAC2303FB0544A6
S214039F70002363653346BDE8704018472854002025
S214039F803449040010B40C461146AC22064B02FBBF
S214039F900033586D20B95C655DF8044BFFF75ABF74
S214039FA002205DF8044B704728540020AC22034B74
S214039FB002FB003393F8A800704700BF2854002024
S214039FC028B1034B1B68C01A4010013080B270479B
S214039FD0E854002030B1044B00F100401B68013800
S214039FE003EB4000704700BFE8540020064B1B6895
S214039FF0834206D8054B1B68834294BF002001208A
S21403A00070470020704700BFE8540020E454002047
S21403A01010B5044608B9002010BD00F075FC20B941
S21403A02040F2CD41074800F034FB2046FFF7D2FF4D
S21403A0300028F0D00388DB0B14BFD0F80A000830E2
S21403A040EAE700BF0B49040010B508B9002010BDAD
S21403A050FFF7C0FF044600F04EFC20B94FF49D61A5
S21403A060064800F016FB002CF0D02388DB0B0ABF53
S21403A07060882089C0F30C00E9E700BF0B490400A1
S21403A08038B5FFF7A7FF0D46044650B100F033FC82
S21403A09020B940F24151034800F0FBFA023534F888
S21403A0A0150038BD0B49040070B5FFF793FF0C4647
S21403A0B016460546B0B100F01EFC20B940F24D51DD
S21403A0C00C4800F0E6FA3046FFF784FF00F013FC76
S21403A0D020B940F24E51074800F0DBFA023425F867
S21403A0E0146070BD40F25251BDE87040014800F064
S21403A0F0D0BA00BF0B4904002DE9F843074688464B
S21403A10000F069FB20B940F28E512A4800F0C1FAEC
S21403A110FC1CA408284B64000434B7F5005F1E68D3
S21403A120A4B204D340F29551224800F0B2FA00F0EC
S21403A130BBF9224981460B687BB9214B1D68761B08
S21403A140C6F34F06B44227D90025484600F0A7F9C0
S21403A1502846BDE8F843FFF733BFB8F1000F11D028
S21403A160174A15685A1BC2F34F029442ECD8144898
S21403A170620005EB44040460B8F1000F0FD11344EA
S21403A1800B600CE0F61AC6F34F0676B940F2A651FA
S21403A190084800F07EFAD7E705EB44041C6000236A
S21403A1A06F80AB80EB802B80CFE7B442CCD8044AD9
S21403A1B01568DCE70B490400EC540020D454002057
S21403A1C0E454002038B5054600F06EF904462946E7
S21403A1D00448002200F0A5FB2046BDE8384000F006
S21403A1E05EB900BF045A002082684B4B2DE9F0414C
S21403A1F09A4204460E46056815D121B140F2131162
S21403A200464800F046FA00F04FF923691BB92B685D
S21403A2102BB924612C60BDE8F04100F040B91A69FF
S21403A22022611C61F6E700F02DFA8046FEF76AFA13
S21403A23020B14FF49571394800F02BFA6FF00043C4
S21403A2409E4221694BD22B7B08EB0602002B4DD096
S21403A250AB6893424AD1531C002949D0616999429D
S21403A26042D01EB9521AB2F1004F3DD96361236939
S21403A2706E689C4203D19D21284800F00AFA2F46B7
S21403A2800023B4420BD0002B41D172696169891A4D
S21403A290B1F1004F32D83269374694422CD1226945
S21403A2A0BD420CBF6A603A617BB92669B44203D1EA
S21403A2B0B8211A4800F0EDF93B46012E05D0626935
S21403A2C07169521AB2F1004F23D99D420BBF6B68D6
S21403A2D01A69236122610CBF6C601C6104E043446D
S21403A2E031B162699342C1D1BDE8F0811346B3E749
S21403A2F06A6822616C60B9E71646C6E7A8EB0202F5
S21403A300B2F1004FC7D93B4637463669B9E71F4611
S21403A310F9E733463669D0E7C93902001F49040016
S21403A3200823064A12F8011B814205D0013B13F0AD
S21403A330FF03F7D11846704701207047799504004C
S21403A3400823064A12F8011B814205D0013B13F08D
S21403A350FF03F7D118467047012070477195040034
S21403A36010B5082207490446E1F762FCB0FA80F00C
S21403A3704FF6FF732289400940009A4208BF40F017
S21403A380010010BD8A95040030B504460D4685B01D
S21403A39002B9084A1068516801AB03C301AB03CB8B
S21403A3A020602046ADF80C501B886160238105B001
S21403A3B030BD00BFDFD10300002270B50A4B1C7806
S21403A3C00A4BD5B2AC4202D800200C7008E01E88B7
S21403A3D00132864205D30D701B881B1A584258411A
S21403A3E070BD1233EDE700BFA8600020A45900201B
S21403A3F010B5164B187860B1154C2368CBB14FF4E3
S21403A400707200201349FFF7BDFD2368013B2360EC
S21403A41010BDFFF7FBFC1049104A91F90040136882
S21403A42084420B4C03F1010313602368B8BF087022
S21403A43053B90B4800F09DFA0028E9D1BDE8104057
S21403A44001460748FFF7D0BE0822DAE77B61002003
S21403A45060550020F1A303007661002058550020C4
S21403A460CC690020054B1B682BB9054B18680038D0
S21403A47018BF012070470120704700BF50550020C9
S21403A4804C55002010B962B6BFF36F8F7047EFF3D9
S21403A490108072B67047302383F31188704780F3B9
S21403A4A01188BFF36F8F7047EFF31180302383F368
S21403A4B011887047002070474FF4004070474FF4F0
S21403A4C07A7070470122417803788A4030214B43E3
S21403A4D041F2100103F1A04303F570335A5070475D
S21403A4E0B0F5802F24D010D8B0F5003F22D006D880
S21403A4F028B3B0F5803F14BF012048207047B0F55D
S21403A500403F14BF01202C207047B0F5302F13D0E6
S21403A51008D8B0F5E02F11D0B0F5202F14BF0120D6
S21403A52010207047B0F57F0F14BF01200620704738
S21403A5304B2070472A207047112070472120704710
S21403A54008B570B100F022F84FF098435A6CD20267
S21403A550FCD5586D10F4702004D0BDE80840FFF712
S21403A560BFBF212008BD08B528B128220021E1F786
S21403A57013F8002008BD2120FCE7036A042B9FBFC5
S21403A58000EB83020133D16003627047036A052B35
S21403A59014D84FF09842116CC902FCD504339B00C3
S21403A5A013650168103B11604168116050F8081F7D
S21403A5B011604FF098420344984200D1704750F818
S21403A5C0041F1160F8E7836813B9816070475B68FE
S21403A5D05A68012AFBD15960704709B100F008B8E0
S21403A5E022207047012100F046B8002100F043B84E
S21403A5F070B506460D46FFF757FF04461D2E37D89F
S21403A600DFE806F00F18361C1E20362224363636B0
S21403A6102628362A2C2E3036363636343636363616
S21403A6203632FEF77FF8002628602046FFF737FF0E
S21403A630304670BD0120CFF79BFCF4E70320FAE712
S21403A6400420F8E70C20F6E70220F4E70620F2E7FA
S21403A6500720F0E70820EEE70520ECE70920EAE705
S21403A6600A20E8E70D20E6E71020E4E70B20E2E700
S21403A67000202126D8E70020704708B5FEF7D6F855
S21403A68080B208BD08B5FEF7D1F808BD704742DEB4
S21403A690704738B504460D4600F008F8FFF7FBFE92
S21403A6A029462046BDE83840FFF7F1BF704710B98A
S21403A6B062B6BFF36F8F7047012070472DE9FF41E5
S21403A6C00D4616461F460446A8B14FF00008C0F8CC
S21403A6D01C80FEF7A3FCBDF82C30424602939DF87F
S21403A6E028302946CDE9007320463346FEF75EFC44
S21403A6F004B0BDE8F0812220FAE7F0B51F46002338
S21403A70087B00D46164604468DF81730A8B1C361C8
S21403A7100DF11701FEF7A4FC9DF817207AB9BDF8D2
S21403A7203430294602939DF830302046CDE9007335
S21403A7303346FEF73BFC07B0F0BD2220FBE70320C1
S21403A740F9E738B5FFF7B0FE054600F016F80446FD
S21403A7502846FFF7A4FE204638BD4FF0B043012835
S21403A7605B6904D0022805D1C3F3C000704703F029
S21403A770010070470020704770474FF0B0439A6A55
S21403A7801207FCD4186A7047704708B5FFF7FCFF3A
S21403A79000F01DF808BD10B5FFF779FE0121044649
S21403A7A00846FEF7DFF82046BDE81040FFF76ABE0E
S21403A7B010B5044600F012F82046FAF7F8FF2046D4
S21403A7C0F8F72DF9BDE81040F9F7F0BC704708B567
S21403A7D0FFF7FCFF08BD0120704770470020704755
S21403A7E030B589B00446ADF806108DF81020FFF793
S21403A7F097FD05462046FFF7A3FD03469DB1BDF82A
S21403A8000600ABB900F0BAF8FF2808BF00200DF128
S21403A8100F038DF80F001A46204604990593FEF79A
S21403A82025FE09B030BD0028F5D00DF10603F2E78A
S21403A83000F0A4F8FF2808BF0020BDF806308DF806
S21403A8400F00ADF81A308DF8180006ABE3E7008862
S21403A85070470170090A4170704701207047012054
S21403A860704738B5DFF7D8FD0446D4F707FE051E54
S21403A87018BF2546D4F7D4FE041E18BF2C46FFF790
S21403A880ECFF002818BF204638BD38B5FEF7BAF9E6
S21403A8900446F7F7C4FA04281ED002284FF0000532
S21403A8A008BF0124F8F763F9042817D0022808BF65
S21403A8B00124F7F7F3FE042812D0022808BF012468
S21403A8C0FFF7CDFF04280DD0022808BF0124002D72
S21403A8D018BF0024204638BD0125E3E70125E8E735
S21403A8E00125EDE70024F5E7FF20704708B5FFF7DD
S21403A8F0FBFF002008BD08B520B1FFF777FB00F08B
S21403A900010008BD0120FAE708B5FFF763FBBDE8C1
S21403A9100840FFF7F0BF008810B1C9B2FFF7B0BB1D
S21403A92070472DE9F041B0F8008006460C46D5B2D4
S21403A930B8F1000F11D029464046FFF7A1FB224687
S21403A940074629464046FFF7AFFB3A4629462046C8
S21403A950FFF7AAFB3480BDE8F0810F46F5E7034610
S21403A9601B8808468B4202D00021FFF789BB0020D4
S21403A97070470069003818BF0120704700207047F1
S21403A980F8B506460D46FFF7EBFC0328044621D030
S21403A9902846FFF7E5FC032807461BD010F0020302
S21403A9A018D1A0070DD5F90716D401233C43E207B7
S21403A9B004D431892A89914218BF002303F0010089
S21403A9C0F8BD082229463046E1F732F9B0FA80F39B
S21403A9D05B09EBE70020F3E71846F1E770B50D4691
S21403A9E000210646FFF797FF044630B1FFF710FB3A
S21403A9F001462846FFF7C4FF08B1204670BD21462E
S21403AA003046FFF7ACFFEFE707B50DF10701FFF799
S21403AA10D3FC20B19DF8070003B05DF804FBFF20CC
S21403AA20FAE700207047FF207047FF207047FF209B
S21403AA3070470020704700200021704700207047B1
S21403AA402DE9F84307460846154688461C469DF8F2
S21403AA502090FFF7DDFA4619A4B19EB14046FFF7F2
S21403AA60F3FA254485420FDC2246B9F1000F06D1DE
S21403AA7031463846E0F7E2FD0020BDE8F883394664
S21403AA803046F7E72120F8E71D20F6E70000000030
S21403AA9000000000000000000000000000000000AE
S21403AAA0F8B500BFF8BC08BC9E467047F8B500BFB3
S21403AAB0F8BC08BC9E4670475FF800F0AD62002005
S21403AAC05FF800F049630020446576696365207487
S21403AAD0797065206368616E676520646574656375
S21403AAE07465643A202564202D3E2025640D0A00F3
S21403AAF050726573732064657465637465640D0AC8
S21403AB00004D756C74692070726573732064657488
S21403AB1065637465643A2025640D0A0052656C65A6
S21403AB206173652064657465637465640D0A004C1F
S21403AB306F6E6720707265737320646574656374E3
S21403AB4065640D0A0072656C61795F737461727473
S21403AB505F6C61746368696E675F70756C73653A82
S21403AB6020616E6F746865722070756C73652069FA
S21403AB7073206163746976650D0A0072656C61798A
S21403AB805F6F6E0D0A0072656C61795F6F66660DA6
S21403AB900A0072656C61795F746F67676C650D0A8E
S21403ABA00057726974696E6720636F6E6669672003
S21403ABB0746F206E763A2025730D0A0053697A6502
S21403ABC03A2025640D0A004661696C656420746F3B
S21403ABD0207772697465204445564943455F434F61
S21403ABE04E4649475F4441544120746F204E562CCD
S21403ABF0207374617475733A2025642E2028627955
S21403AC007465733A202564290D0A007375636365BA
S21403AC107373210D0A004661696C656420746F20A6
S21403AC2072656164204E565F4954454D5F444556F0
S21403AC304943455F434F4E4649472C207573696E1B
S21403AC40672064656661756C7420636F6E666967FA
S21403AC5020696E73746561642C20737461747573F4
S21403AC603A2025642E202862797465733A20256479
S21403AC70290D0A005573696E6720636F6E666967F0
S21403AC803A2025642063686172732066726F6D0DC7
S21403AC900A25730D0A00703168347A7576683B4767
S21403ACA069726965722D342D67616E673B53413057
S21403ACB0753B5243303B4943323B534133753B521A
S21403ACC044313B4941363B534134753B5242303B5A
S21403ACD04941353B534231753B5243313B4944303E
S21403ACE03B4D3B004E6574776F726B2073746174D3
S21403ACF07573206368616E67656420746F202564CE
S21403AD000D0A004D616E7566616374757265722017
S21403AD10746F6F206269670D0A004D6F64656C205F
S21403AD20746F6F206269670D0A00496E6974696102
S21403AD306C697A696E67205A696762656520776908
S21403AD4074682025642073776974636865732C20A0
S21403AD5025642072656C6179732C20256420636FEB
S21403AD607665722073776974636865732C2025642F
S21403AD7020636F766572730D0A00436F6E666967AC
S21403AD80207061727365642073756363657373669D
S21403AD90756C6C790D0A0072656164207665727352
S21403ADA0696F6E20666F726D206E6577206C6F63B9
S21403ADB06174696F6E0D0A004661696C6564207480
S21403ADC06F207772697465206C6173745365656E62
S21403ADD056657273696F6E20746F204E562C2073FF
S21403ADE0743A2025640D0A004F6C642076657273EE
S21403ADF0696F6E3A2025640D0A0043757272656E9C
S21403AE00742076657273696F6E3A2025640D0A00A6
S21403AE10524553455420414C4C210D0A0068616C41
S21403AE205F6770696F5F63616C6C6261636B3A2026
S21403AE3065787469206C696E6520256C642073746C
S21403AE406174757320256C750D0A0068616C5F6705
S21403AE5070696F5F63616C6C6261636B3A206E6FDF
S21403AE6020667265652045585449206C696E657383
S21403AE700D0A002F686F6D652F72756E6E65722FE3
S21403AE80776F726B2F747579612D7A696762656562
S21403AE902D7377697463682F747579612D7A696782
S21403AEA06265652D7377697463682F73696C616275
S21403AEB0735F746F6F6C732F73696D706C696369FE
S21403AEC074795F73646B2F2E2E2F2E2E2F7372635F
S21403AED02F73696C6162732F68616C2F7A6967627E
S21403AEE065652E630044726F7070696E67206F6CC1
S21403AEF064204F544120696D6167652C2063757229
S21403AF0072656E74206F66667365743A20256C7579
S21403AF100A00556E6B6E6F776E20636F76657220D0
S21403AF20636F6D6D616E643A2025640D0A00556E7D
S21403AF306B6E6F776E20636D642025640D0A004286
S21403AF407574746F6E2070726573732064657465B0
S21403AF50637465642C20627574206E6F206275744A
S21403AF60746F6E20697320707265737365640D0A5F
S21403AF7000427574746F6E206C6F6E672070726516
S21403AF8073732064657465637465642C20627574DA
S21403AF90206E6F20627574746F6E206973206C6FF9
S21403AFA06E6720707265737365640D0A004E6F20BA
S21403AFB0636F7665722073776974636820636F6E58
S21403AFC066696720696E204E562C207573696E6716
S21403AFD02064656661756C74730D0A00417474723F
S21403AFE06962757465206368616E6765642C2065A5
S21403AFF0703A2025642C20636C75737465723A204E
S21403B00025642C20617474723A2025640D0A00505E
S21403B0106F6C6C20636F6E74726F6C3A2073656E20
S21403B02064696E6720636865636B2D696E0D0A003D
S21403B0305A434C2061637469766974792C20656E73
S21403B040746572696E67206661737420706F6C6CCA
S21403B0500D0A00506F6C6C20636F6E74726F6C3ADF
S21403B06020636865636B2D696E20726573706F6EFF
S21403B07073652C20666173743D25642C2074696D9A
S21403B080656F75743D25640D0A00506F6C6C206304
S21403B0906F6E74726F6C3A206661737420706F6C97
S21403B0A06C2073746F700D0A00506F6C6C20636FA6
S21403B0B06E74726F6C3A20736574206C6F6E6720C3
S21403B0C0706F6C6C20696E74657276616C3D256C6E
S21403B0D0750D0A00506F6C6C20636F6E74726F6C24
S21403B0E03A207365742073686F727420706F6C6C8B
S21403B0F020696E74657276616C3D25640D0A005096
S21403B1006F6C6C20636F6E74726F6C3A2063686545
S21403B110636B2D696E20696E74657276616C207739
S21403B12072697474656E3D256C750D0A00506F6CFC
S21403B1306C20636F6E74726F6C3A20696E76616C06
S21403B140696420636865636B2D696E20696E746538
S21403B1507276616C2C20726576657274696E670D03
S21403B1600A00506F6C6C20636F6E74726F6C3A20BB
S21403B1706661737420706F6C6C2074696D656F758F
S21403B18074207772697474656E3D25640D0A0050E9
S21403B1906F6C6C20636F6E74726F6C3A20666173AB
S21403B1A07420706F6C6C2074696D656F75742C20D9
S21403B1B0737769746368696E6720746F206C6F6E4B
S21403B1C06720706F6C6C0D0A00556E6B6E6F776E32
S21403B1D0204C6576656C4374726C20636F6D6D618D
S21403B1E06E643A2025640D0A00556E6B6E6F776E9B
S21403B1F0204F6E4F666620636F6D6D616E643A20F6
S21403B20025640D0A00496E646578206174207772A0
S21403B21069746520617474723A2025640D0A004EC1
S21403B2206F2073776974636820636F6E666967203F
S21403B230696E204E562C207573696E6720646566AA
S21403B24061756C74730D0A00496E76616C696420CF
S21403B25072656C61795F696E646578202564206920
S21403B2606E204E562C20726573657474696E672063
S21403B270746F2064656661756C740D0A003E200069
S21403B280556E6B6E6F776E206572726F7200496EC5
S21403B29070757420627566666572206973204655FC
S21403B2A04C4C004D6178696D756D206E756D6265E9
S21403B2B072206F6620617267756D656E74732065A4
S21403B2C078636565646564005468652061726775B4
S21403B2D06D656E74206973206E6F7420666F726D71
S21403B2E0617474656420636F72726563746C79004D
S21403B2F0496E636F727265637420617267756D65FC
S21403B3006E74207479706500496E636F727265633C
S21403B31074206E756D626572206F66206172677544
S21403B3206D656E7473004E6F20636F6D6D616E6432
S21403B33020666F756E640075696E743800616464A8
S21403B3406974696F6E616C002A00756E6B6E6F7739
S21403B3506E0077696C6463617264006865786F7009
S21403B3607400737472696E676F70740075696E74B7
S21403B37033326F70740075696E7431366F70740093
S21403B38075696E74386F70740068657800737472CC
S21403B390696E670075696E7431360075696E74334D
S21403B3A032002E2E2E200068656C70000A25730A64
S21403B3B0257325730025732008002F686F6D652F8E
S21403B3C072756E6E65722F776F726B2F74757961F7
S21403B3D02D7A69676265652D7377697463682F7460
S21403B3E07579612D7A69676265652D73776974630C
S21403B3F0682F73696C6162735F746F6F6C732F73FE
S21403B400696D706C69636974795F73646B2F706CB4
S21403B4106174666F726D2F736572766963652F6CE0
S21403B42065676163795F68616C2F7372632F62610E
S21403B43073652D7265706C6163656D656E742E63DE
S21403B440002F686F6D652F72756E6E65722F776F3E
S21403B450726B2F747579612D7A69676265652D73D2
S21403B46077697463682F747579612D7A6967626585
S21403B470652D7377697463682F73696C6162735F94
S21403B480746F6F6C732F73696D706C69636974790D
S21403B4905F73646B2F706C6174666F726D2F736568
S21403B4A072766963652F746F6B656E5F6D616E612F
S21403B4B06765722F6C65676163792F7372632F7389
S21403B4C06C5F746F6B656E5F6D616E616765722E20
S21403B4D063002F686F6D652F72756E6E65722F77BA
S21403B4E06F726B2F747579612D7A69676265652D46
S21403B4F07377697463682F747579612D7A696762E7
S21403B50065652D7377697463682F73696C616273FD
S21403B5105F746F6F6C732F73696D706C6963697496
S21403B520795F73646B2F706C6174666F726D2F73C3
S21403B5306572766963652F746F6B656E5F6D616E9A
S21403B540616765722F6C65676163792F7372632F0A
S21403B550736C5F746F6B656E5F6D616E756661634A
S21403B560747572696E672E630043757272656E74C6
S21403B57020436F6E6669673A2025307800536574FA
S21403B58020434341206D6F646520746F2025643A21
S21403B5902025307800656E61626C656400646973AB
S21403B5A061626C6564006F757428636C69656E749C
S21403B5B02900696E202873657276657229004D46E8
S21403B5C04720537472696E673A2025730041707082
S21403B5D04275696C646572204D464720436F646507
S21403B5E03A20307825303458006E6F6465205B004F
S21403B5F04164646974696F6E616C20696E74657208
S21403B600666163657300202025643A2000706167D5
S21403B61065205B25645D206368616E205B25645D41
S21403B62020707772205B25645D006E6F7420616303
S21403B63074697665006572726F72203078253038CB
S21403B640580070616E4944205B3078253034585D6D
S21403B650206E6F64654944205B3078253034585D2E
S21403B66020007870616E205B307800706172656EC2
S21403B670744944205B3078253034585D20706172FD
S21403B680656E7452737369205B25645D006E6F6428
S21403B6906554797065205B005365637572697479C8
S21403B6A0206C6576656C205B253032585D006E65D0
S21403B6B074776F726B207374617465205B25303208
S21403B6C0585D2000427566666572206279746573FC
S21403B6D03A202564202F20256400457020636E746D
S21403B6E03A202564006570202564205B656E6470CF
S21403B6F06F696E742025732C2064657669636520F4
S21403B70025735D20006E776B205B25645D20707269
S21403B7106F66696C65205B3078253034585D20642D
S21403B72065764964205B3078253034585D2076652D
S21403B73072205B3078253032585D0020202020258B
S21403B7407320636C75737465723A203078253034D1
S21403B7505820004E776B20636E743A202564006E83
S21403B760776B202564205B25735D005072696D61DD
S21403B7707279202870726F290020206E6F646554DA
S21403B780797065205B3078253032585D0020207351
S21403B7906563757269747950726F66696C65205B50
S21403B7A03078253032585D0045502025643A2025F0
S21403B7B07320004572726F723A2020556E6B6E6F5F
S21403B7C0776E20656E64706F696E742E00456E61C9
S21403B7D0626C65206576656E7420646562756720A5
S21403B7E0696E666F20696E20436F726520434C490D
S21403B7F020636F6D706F6E656E74006F6E6C79206C
S21403B800636F6F7264696E61746F72732063616EC7
S21403B81020666F726D0A006A6F696E203078253075
S21403B82038580A006C6561766500257320307825E4
S21403B8303032580A0072656A6F696E0072656A6F05
S21403B840696E4469666644657669636554797065AE
S21403B850006578742E2050414E2049443A20004E0D
S21403B860574B206F70656E3A20257520736563000D
S21403B8704E574B20636C6F7365640066696E642075
S21403B8806A6F696E61626C653A203078253032588B
S21403B8900066696E6420756E757365643A20307849
S21403B8A025303258004368616E67696E6720746F8F
S21403B8B0206368616E6E656C2025643A20307825B7
S21403B8C030325800696E76616C6964206E657477F1
S21403B8D06F726B20696E6465780053686F727420AC
S21403B8E049443A203078253034582C20455549367B
S21403B8F0343A20002C2050616E2049443A20307898
S21403B900253034580053746172746564206D756C09
S21403B91074692D70687920696E74657266616365F3
S21403B920004661696C656420746F20257320257357
S21403B93020307825303258005465726D696E617414
S21403B940656420257320307825303258004B6565B2
S21403B9507020616C69766520737570706F727420E1
S21403B960656E61626C65642E006661696C65642051
S21403B970746F20736574206B65657020616C6976DF
S21403B98065206D6F64652E007375636365737366F8
S21403B990756C6C79207365742074686520636869B8
S21403B9A06C642074696D656F7574206F7074696F4D
S21403B9B06E206D61736B2E006661696C656420741E
S21403B9C06F2073657420746865206368696C6420EF
S21403B9D074696D656F7574206F7074696F6E206D12
S21403B9E061736B2E00646973636F766572004D61D5
S21403B9F0746368202573792066726F6D203078250E
S21403BA003034582C206570202564004E574B204157
S21403BA1064647265737320726573706F6E73653AD0
S21403BA202030782530345800494545452041646424
S21403BA307265737320726573706F6E73653A200058
S21403BA40536572766963652025737920646F6E6526
S21403BA502E00232020747970652020206E776B20BB
S21403BA60206C6F6320202072656D202020636C7528
S21403BA70732020206E6F6465202020657569002082
S21403BA80202564202020203078253034582020308C
S21403BA9078253034582020307825303458203078B4
S21403BAA0253034582000736C5F7A69676265655F7A
S21403BAB06765745F62696E64696E67204572726F4C
S21403BAC0723A203078253038580A002564206F668D
S21403BAD02025642062696E64696E677320757365DA
S21403BAE06400656E61626C6564207072696E7400D2
S21403BAF064697361626C6564207072696E74006158
S21403BB006464206C696E6B206B6579004552523A0B
S21403BB102043616C63756C617465642043524320F3
S21403BB20646F6573206E6F74206D6174636800457F
S21403BB3052523A20496E7374616C6C20436F64658D
S21403BB40206D75737420626520382C2031302C20CC
S21403BB5031342C206F72203138206279746573205B
S21403BB60696E206C656E677468004552523A2041D0
S21403BB7045532D4D4D4F2068617368206661696C8F
S21403BB8065643A2030782530325800536574206A4D
S21403BB906F696E696E67206C696E6B206B657900E2
S21403BBA07365742062696E642025643A20307825B4
S21403BBB030327800454D50545900554E49434100A4
S21403BBC04D324F4E45004D554C5449003F202020E2
S21403BBD02000496E646578204945454520416464E4
S21403BBE0726573732020202020202020204E574B80
S21403BBF0496E6465782020496E2046432020202025
S21403BC002054544C28732920466C6167202020203A
S21403BC104B6579202020200025642020202020004A
S21403BC2020202564202020202020200020202530CE
S21403BC3038582020002030782530345820200049FA
S21403BC406E64657820494545452041646472657392
S21403BC5073202020202020202020496E20464320C9
S21403BC602020202054797065202041757468202098
S21403BC704B6579002D2020202020002563202020DE
S21403BC80202025632020202020006965730057416B
S21403BC90524E494E473A202052454144494E47208A
S21403BCA04F46204B45592056414C55455320444951
S21403BCB05341424C4544204259204D464720544F59
S21403BCC04B454E004E574B204B6579002573206F2E
S21403BCD075742046433A2025303858002573207360
S21403BCE06571206E756D3A20307825303258002500
S21403BCF073206F75742046433A20253038780054F5
S21403BD004320257320002573205461626C6500254B
S21403BD10642F256420656E74726965732075736578
S21403BD20642E005472616E7369656E74204B657978
S21403BD3000256420656E7472257320636F6E7375B9
S21403BD406D696E67202564207061636B657420627D
S21403BD50756666657225732E0057494C4C00574925
S21403BD604C4C204E4F540054727573742043656ECA
S21403BD7074657220257320616C6C6F7720747275FE
S21403BD8073742063656E7465722072656A6F696E7C
S21403BD9073207573696E672077656C6C2D6B6E6F99
S21403BDA0776E206B65792E005365742074696D6514
S21403BDB06F757420666F72205472757374204365B2
S21403BDC06E7465722072656A6F696E732075736927
S21403BDD06E672077656C6C2D6B6E6F776E206C6963
S21403BDE06E6B206B657920746F2025642073656302
S21403BDF06F6E64732E004552524F523A20002573DD
S21403BE00737461636B206D75737420626520646F51
S21403BE10776E2E0052656164696E6720416C6C6FA5
S21403BE207765640048617368696E67206F6E6C7926
S21403BE3000736C5F7A69676265655F6B65795F73CC
S21403BE40657474696E67735F743A2030782530348E
S21403BE50580020205065726D697373696F6E733A6C
S21403BE60202573004572726F723A204661696C65CD
S21403BE706420746F2067657420636F6E6669672C31
S21403BE80207374617475733A2030782530385800FF
S21403BE904661696C65643A20307825303858004D21
S21403BEA073673A20636C7573203078253034582CCA
S21403BEB020636D64203078253032582C206C656EF4
S21403BEC0202564006275666665723A2000454D4219
S21403BED045525F00257353454355524954595F4CA9
S21403BEE04556454C3A202530325800257365726115
S21403BEF07365206B65792025643A203078253038C1
S21403BF005800636D64206E6F74206275696C7400EC
S21403BF1073726320657020253032782C20636C752D
S21403BF207320253034780073656E64696E672074F9
S21403BF306F206D756C7469636173742062696E64D7
S21403BF400025733A2065703A2025642C20636C3AEA
S21403BF50203078253034582C20617474723A20309F
S21403BF607825303458002C207376723A20256300E7
S21403BF7025733A20726561643A203078253032782A
S21403BF80002C207376723A2025632C206474797013
S21403BF90653A2030782530325800417267756D65F2
S21403BFA06E7420617420696E6465783A2025642077
S21403BFB06973206F7574206F662072616E67650003
S21403BFC0436F6D6D616E6420616C72656164792088
S21403BFD06275696C742E202043616E6E6F742073D5
S21403BFE06574204D464720737065636966696320F0
S21403BFF0636F646520666F7220636F6D6D616E6438
S21403C0002E004D464720436F6465205365742066B3
S21403C0106F72206E65787420636F6D6D616E643A1F
S21403C0202030782530345800557365204E65787473
S21403C0302053657175656E63652053657420666F5E
S21403C04072206E65787420636F6D6D616E643A203E
S21403C0503078253032580044697361626C65204439
S21403C060656661756C7420526573706F6E736520B8
S21403C07053657420666F72206E65787420636F6DE7
S21403C0806D616E643A20307825303258004552523E
S21403C0903A2072656164696E6720617474726962BE
S21403C0A07574652025303278004552523A20617403
S21403C0B0747269627574652073697A6520256420D5
S21403C0C0746F6F206C6172676520666F722062758D
S21403C0D066666572004572726F723A206174747296
S21403C0E069627574652049442030782530345820B9
S21403C0F07265706F727461626C65206368616E67E7
S21403C100652069732073697A65202564422C206252
S21403C11075742025644220656E74657265640A0032
S21403C1206E6F20636D64004572726F723A20434CE3
S21403C130492053656E64206661696C65642C2073C0
S21403C14074617475733A2030782530385800457218
S21403C150726F723A202045554936342061726775EE
S21403C1606D656E7420697320656D70747920616ED9
S21403C17064206C6F6F6B7570206279206E6F6465D8
S21403C180204944206661696C65642E0047726F75AA
S21403C1907000556E696361737400556E62696E64F0
S21403C1A02025732025733078253032580052657168
S21403C1B0756573743A20005A444F2073696D706C2A
S21403C1C065206465736320726571202530327800BC
S21403C1D05A444F206E6F64652064657363207265EE
S21403C1E0712025303278005A444F206D617463689D
S21403C1F020646573632072657120253032580055BC
S21403C20073696E67206D79206C6F63616C2045558A
S21403C21049363420666F7220646573742045554929
S21403C220363420696E2062696E64696E67005A440C
S21403C2304F2062696E642072657120253032780063
S21403C240636C7573746572206C696D6974207265AE
S21403C250616368656400696E76616C696420706109
S21403C26067653A202564206F72206368616E6E6589
S21403C2706C3A202564004368616E676520636861D5
S21403C2806E6E656C207374617475733A203078250E
S21403C290303278006475726174696F6E206D7573E1
S21403C2A07420626520696E2072616E676520302097
S21403C2B02D203500636F756E74206D757374206260
S21403C2C06520696E2072616E67652031202D2038E7
S21403C2D0007363616E207374617475732030782500
S21403C2E0303258006E6574776F726B2075706461B8
S21403C2F07465207365742073746174757320307865
S21403C30025303258004163746976652045502072A3
S21403C310657175657374207374617475733A203030
S21403C3207825303258004C5149205461626C6520A0
S21403C330726571756573743A20307825303258000B
S21403C34042696E64696E67205461626C652072652B
S21403C35071756573743A20307825303258004C6511
S21403C36061766520257330782530325800506F7714
S21403C37065722044657363726970746F72202573E7
S21403C380307825303258005573696E67206D7920F2
S21403C3906C6F63616C20455549363420666F722096
S21403C3A06465737420455549363420696E20756E6E
S21403C3B062696E64696E6700526F757465205461B6
S21403C3C0626C65202573307825303258002F686FED
S21403C3D06D652F72756E6E65722F776F726B2F7425
S21403C3E07579612D7A69676265652D7377697463FC
S21403C3F0682F747579612D7A69676265652D737721
S21403C400697463682F73696C6162735F746F6F6CB2
S21403C410732F73696D706C69636974795F73646B8A
S21403C4202F70726F746F636F6C2F7A6967626565BE
S21403C4302F6170702F6672616D65776F726B2F63F5
S21403C4406F6D6D6F6E2F736C5F7A69676265655F7C
S21403C45073797374656D5F636F6D6D6F6E2E6300B6
S21403C460457874656E6465642052657365742069E7
S21403C4706E666F3A20307825303458202825732985
S21403C480002F686F6D652F72756E6E65722F776FEE
S21403C490726B2F747579612D7A69676265652D7382
S21403C4A077697463682F747579612D7A6967626535
S21403C4B0652D7377697463682F73696C6162735F44
S21403C4C0746F6F6C732F73696D706C6963697479BD
S21403C4D05F73646B2F70726F746F636F6C2F7A6900
S21403C4E0676265652F6170702F6672616D65776F21
S21403C4F0726B2F636F6D6D6F6E2F7A6967626565FA
S21403C5005F6170705F6672616D65776F726B5F7384
S21403C5106C6565702E630053746179206177616B77
S21403C52065207768656E206E6F74206A6F696E6526
S21403C530643A20257300466F7263656420737461E2
S21403C54079206177616B653A202020202020202007
S21403C5502020257300466F7263696E6720646576D4
S21403C56069636520746F2073746179206177616BEA
S21403C5706500416C6C6F77696E67206465766963E6
S21403C5806520746F20676F20746F20736C65657009
S21403C590002F686F6D652F72756E6E65722F776FDD
S21403C5A0726B2F747579612D7A69676265652D7371
S21403C5B077697463682F747579612D7A6967626524
S21403C5C0652D7377697463682F73696C6162735F33
S21403C5D0746F6F6C732F73696D706C6963697479AC
S21403C5E05F73646B2F70726F746F636F6C2F7A69EF
S21403C5F0676265652F6170702F6672616D65776F10
S21403C600726B2F636F6D6D6F6E2F7A6967626565E8
S21403C6105F737461636B5F736C6565702E63005242
S21403C620583A205265736574546F466163746F722B
S21403C6307944656661756C747343616C6C6261639F
S21403C6406B00657A737020636F756E746572732002
S21403C6506661696C656420257500657A737020527F
S21403C66065736574205468726573686F6C642065BF
S21403C67072726F7220257500657A73702053657425
S21403C680205468726573686F6C64206572726F728B
S21403C690202575002575292025733A202575005316
S21403C6A0657474696E67205468726573686F6C642A
S21403C6B020636F6D6D616E64003F3F3F004D6163A5
S21403C6C0205278204263617374004D61632054786E
S21403C6D0204263617374004D616320527820556372
S21403C6E0617374004D6163205478205563617374DD
S21403C6F0004D61632054782055636173742052653E
S21403C700747279004D6163205478205563617374A5
S21403C710204661696C004150532052782042636181
S21403C720737400415053205478204263617374003D
S21403C730415053205278205563617374004150531F
S21403C740205478205563617374205375636365734F
S21403C75073004150532054782055636173742052FC
S21403C7606574727900415053205478205563617381
S21403C77074204661696C00526F7574652044697352
S21403C7806320496E69746961746564004E65696700
S21403C79068626F72204164646564004E6569676809
S21403C7A0626F722052656D6F766564004E656967C9
S21403C7B068626F72205374616C65004A6F696E20FD
S21403C7C0496E6469636174696F6E004368696C647B
S21403C7D0204D6F76656400415348204F7665726638
S21403C7E06C6F7700415348204672616D6520457231
S21403C7F0726F7200415348204F76657272756E20D1
S21403C8004572726F72004E574B204643204661694D
S21403C8106C75726500415053204643204661696C2F
S21403C8207572650041534820584F66660041505361
S21403C83020556E617574686F72697A6564204B65FE
S21403C84079004E574B2044656372797074204661B5
S21403C850696C757265730041505320446563727941
S21403C8607074204661696C75726573005061636B02
S21403C87065742042756666657220416C6C6F6361F1
S21403C8807465204661696C757265730052656C61E8
S21403C8907965642055636173740050687920746FFA
S21403C8A0204D4143207175657565206C696D69740B
S21403C8B02072656163686564005061636B6574200C
S21403C8C056616C69646174652064726F7020636F6F
S21403C8D0756E74004E574B207265747279206F76AE
S21403C8E06572666C6F7700434341204661696C75D9
S21403C8F07265730042726F6164636173742074615E
S21403C900626C652066756C6C00505441204C6F2039
S21403C9105072692052657100505441204869205076
S21403C92072692052657100505441204C6F2050723A
S21403C930692044656E696564005054412048692047
S21403C9405072692044656E69656400505441204CFA
S21403C9506F205072692054782041627274005054DC
S21403C96041204869205072692054782041627274CD
S21403C970004164647265737320436F6E666C69630B
S21403C980742053656E740043534C205278207363AF
S21403C990686564756C65206661696C6564000D0086
S21403C9A04465627567207072696E742067726F756E
S21403C9B0702025730A0057726F6E6720706172616C
S21403C9C06D657465720A005363686564756C6520EB
S21403C9D06D6F7665206E776B0025732025643A208D
S21403C9E02564004D6178206D6F7665206C696D69EE
S21403C9F0742072656163686564206E776B202564B6
S21403CA003A20256400456E64204465766963652094
S21403CA10506F6C6C20496E666F726D6174696F6ED1
S21403CA2000454D4245525F454E445F444556494393
S21403CA30455F54494D454F55543A20202020202029
S21403CA4020256400506F6C6C20636F6D706C65748A
S21403CA5065642063616C6C6261636B3A20257300C6
S21403CA60202043757272656E7420506F6C6C20497B
S21403CA706E74657276616C20287173293A202020C3
S21403CA80256C640020204C6F6E6720506F6C6C2002
S21403CA90496E74657276616C20287173293A20207A
S21403CAA020202020256C6400202053686F72742099
S21403CAB0506F6C6C20496E74657276616C202871B9
S21403CAC073293A2020202020256C640020205761FB
S21403CAD06B652054696D656F757420287173293AE8
S21403CAE0202020202020202020202020256C6400C9
S21403CAF0202057616B652054696D656F75742042FD
S21403CB0069746D61736B3A2020202020202020203A
S21403CB1030782530385800202043757272656E745D
S21403CB2020417070205461736B733A2020202020BC
S21403CB302020202020202030782530385800202040
S21403CB4043757272656E7420506F6C6C20436F6E03
S21403CB5074726F6C20202020202020202020257334
S21403CB6000202044656661756C7420506F6C6C20E1
S21403CB70436F6E74726F6C202020202020202020AC
S21403CB8020257300466F7263696E67206465766955
S21403CB90636520746F2073686F727420706F6C6C9B
S21403CBA000416C6C6F77696E6720646576696365B0
S21403CBB020746F206C6F6E6720706F6C6C00534C24
S21403CBC05F5A49474245455F41465F4C4F4E475F74
S21403CBD0504F4C4C00534C5F5A49474245455F41C2
S21403CBE0465F53484F52545F504F4C4C00706F6C27
S21403CBF06C206E776B2025643A20307825303258C7
S21403CC000046696E6420616E642042696E64204942
S21403CC106E69746961746F723A20436F6D706C65E8
S21403CC2074653A2030782530325800537461727434
S21403CC30207461726765740046696E6420616E6471
S21403CC402042696E64205461726765740025733AE6
S21403CC502025733A203078253032580046726167B3
S21403CC606D656E746174696F6E2052582077696EB5
S21403CC70646F772073697A652073657420746F20F8
S21403CC802564002F686F6D652F72756E6E65722F43
S21403CC90776F726B2F747579612D7A696762656534
S21403CCA02D7377697463682F747579612D7A696754
S21403CCB06265652D7377697463682F73696C616247
S21403CCC0735F746F6F6C732F73696D706C696369D0
S21403CCD074795F73646B2F70726F746F636F6C2FEE
S21403CCE07A69676265652F6170702F6672616D651C
S21403CCF0776F726B2F706C7567696E2F66726167DC
S21403CD006D656E746174696F6E2F667261676D65AB
S21403CD106E746174696F6E2E630052583A204164D4
S21403CD206447726F7570526573706F6E73652030EB
S21403CD3078253032582C2030782530345800525815
S21403CD403A205669657747726F7570526573706FD0
S21403CD506E7365203078253032582C203078253095
S21403CD6034582C20220052583A2047657447726F75
S21403CD7075704D656D626572736869705265737020
S21403CD806F6E7365203078253032582C2030782526
S21403CD903032582C00205B3078253034585D0052F2
S21403CDA0583A2052656D6F766547726F7570526597
S21403CDB073706F6E7365203078253032582C2030B0
S21403CDC078253034580065705B253032585D20690D
S21403CDD0645B253034585D00436C656172696E6729
S21403CDE020616C6C2067726F7570732E004552520B
S21403CDF03A204661696C656420746F2063726561CE
S21403CE0074652062696E64696E6720283078253001
S21403CE10325829004552523A2042696E64696E6759
S21403CE20207461626C652069732066756C6C0045BE
S21403CE3052523A2077726974696E67206E616D6527
S21403CE4020737570706F72742025303258005258F4
S21403CE503A2041646447726F757020307825303409
S21403CE60582C20220075760052583A20566965776A
S21403CE7047726F7570203078253034580075767396
S21403CE8000766965775F67726F75700047726F75B6
S21403CE9070733A206661696C656420746F207365ED
S21403CEA06E6420257320726573706F6E73653A2007
S21403CEB0307825303258006765745F67726F757017
S21403CEC05F6D656D626572736869702072657370F5
S21403CED06F6E73650064656661756C745F72657307
S21403CEE0706F6E73650052583A2047657447726FC9
S21403CEF075704D656D62657273686970203078254C
S21403CF003032582C007575620047726F7570733A2D
S21403CF10206661696C656420746F2073656E642097
S21403CF2025733A203078253032580052583A20522A
S21403CF30656D6F766547726F75702030782530346F
S21403CF4058004552523A204661696C656420746FF6
S21403CF502064656C6574652062696E64696E67201B
S21403CF6028307825303258290072656D6F76655FF4
S21403CF7067726F75700052583A2052656D6F76650A
S21403CF80416C6C47726F7570730052583A20416457
S21403CF906447726F757049664964656E746966792D
S21403CFA0696E67203078253034582C20220061645F
S21403CFB064004368616E6E656C206E6F74207661E4
S21403CFC06C69643A202564005072696D6172790059
S21403CFD02573206D61736B206E6F77203078253054
S21403CFE03858005365636F6E64617279004D6173E0
S21403CFF06B206E6F742076616C69643A202564003A
S21403D0007072696D617279007365636F6E646172C5
S21403D010790025733A20536574202573206D617358
S21403D0206B20746F20307825303858005374617441
S21403D03075730025733A2025733A004368616E6E54
S21403D040656C206D61736B3A0020202020283129FF
S21403D05020307825303858205B00202020202832C6
S21403D0602920307825303858205B00537461746566
S21403D0703A20307825303258202825732900437506
S21403D0807272656E74206368616E6E656C3A2025F5
S21403D0906400546F74616C20626561636F6E733AEB
S21403D0A0202564004A6F696E20617474656D707420
S21403D0B0733A202564004E6574776F726B20737421
S21403D0C06174653A203078253032580053746F7097
S21403D0D00025732053746F702E2020436C65616E99
S21403D0E0696E672075702E0042726F6164636173A8
S21403D0F074696E67207065726D6974206A6F696EF5
S21403D1000054727573742063656E746572206C695F
S21403D1106E6B206B6579207570646174652073741B
S21403D120617475730025733A205741524E494E4732
S21403D1303A20736C5F7A69676265655F7365745FCF
S21403D140696E697469616C5F736563757269747916
S21403D1505F7374617465206661696C65642E204331
S21403D1606F6E74696E75696E6720776974686F751C
S21403D1707420696E7374616C6C20636F64652E0033
S21403D1804572726F723A20696E7374616C6C2063B9
S21403D1906F6465207365747570206661696C656479
S21403D1A02E20497320616E20696E7374616C6C2047
S21403D1B0636F646520666C6173686564206F6E7464
S21403D1C06F20746865206465766963653F00D0D117
S21403D1D0D2D3D4D5D6D7D8D9DADBDCDDDEDF00FF71
S21403D1E0FFFFFFFFFFFFFF005A6967426565416C5B
S21403D1F06C69616E636530390025733A2069737311
S21403D20075696E67207363616E206F6E20257320C9
S21403D2106368616E6E656C7320286D61736B203076
S21403D22078253038582900257320697320616C727D
S21403D2306561647920696E2070726F6772657373B7
S21403D240005374617274004578616D696E696E6728
S21403D25020626561636F6E206F6E206368616E6E19
S21403D260656C20256420776974682070616E496454
S21403D270203078253034580054686973206265611D
S21403D280636F6E206973206E6F74207061727420F2
S21403D2906F66207468652063757272656E742063AA
S21403D2A068616E6E656C206D61736B20283078251F
S21403D2B0303858292E2047657474696E67206E656A
S21403D2C0787420626561636F6E2077686F7365207C
S21403D2D06368616E6E656C206269746D61736B2042
S21403D2E06973207365742E004572726F723A202537
S21403D2F07320636F756C64206E6F7420617474653D
S21403D3006D7074206A6F696E3A2030782530325813
S21403D310004E6F20626561636F6E73206C65667482
S21403D320206F6E2063757272656E74206D61736B09
S21403D3302E204D6F76696E6720746F206E65787445
S21403D340207374617465002573206A6F696E696E55
S21403D3506720307825303458206F6E206368616EFE
S21403D3606E656C2025640025732053746174653ADA
S21403D370202573004572726F723A20257320636FFF
S21403D380756C64206E6F7420736574757020736596
S21403D3906375726974793A203078253032580045BF
S21403D3A072726F723A205363616E20636F6D706C96
S21403D3B06574652068616E646C6572207265747549
S21403D3C0726E6564203078253032580025732073DA
S21403D3D063616E20636F6D706C6574652E204265A5
S21403D3E061636F6E732068656172643A202564001A
S21403D3F0257320737461636B207374617475732073
S21403D400307825303258002573206E6574776F7236
S21403D4106B206A6F696E65642E00257320747279BB
S21403D420696E67206E657874206E6574776F726BAD
S21403D4302E004E6F6E65005363616E205072696DE9
S21403D440617279204368616E6E656C7320616E64E9
S21403D4502075736520436F6E666967757265642011
S21403D4604B6579005363616E205072696D61727902
S21403D470204368616E6E656C7320616E64207573FD
S21403D4806520496E7374616C6C20436F646500534A
S21403D49063616E205072696D617279204368616EB4
S21403D4A06E656C7320616E64205573652043656EEC
S21403D4B07472616C697A6564204B657900536361A5
S21403D4C06E205072696D617279204368616E6E6575
S21403D4D06C7320616E64205573652044697374729F
S21403D4E0696275746564204B6579005363616E20C9
S21403D4F05365636F6E64617279204368616E6E650F
S21403D5006C7320616E642075736520436F6E666965
S21403D5106775726564204B6579005363616E2053AB
S21403D52065636F6E64617279204368616E6E656CC5
S21403D5307320616E642075736520496E7374616C25
S21403D5406C20436F6465005363616E205365636F9D
S21403D5506E64617279204368616E6E656C732061D8
S21403D5606E64205573652043656E7472616C697AC8
S21403D5706564204B6579005363616E205365636F62
S21403D5806E64617279204368616E6E656C732061A8
S21403D5906E6420557365204469737472696275748A
S21403D5A06564204B6579005363616E205072696D24
S21403D5B0617279204368616E6E656C7320616E6478
S21403D5C02055736520416C6C204B65797320286960
S21403D5D06E7374616C6C20636F64652C2063656E78
S21403D5E07472616C697A65642C20646973747269F9
S21403D5F0627574656429005363616E205365636FB7
S21403D6006E64617279204368616E6E656C73206127
S21403D6106E642055736520416C6C204B65797320CE
S21403D62028696E7374616C6C20636F64652C206369
S21403D630656E7472616C697A65642C2064697374B0
S21403D6407269627574656429004F6E2F4F66662093
S21403D6507365742076616C75653A202530325820E0
S21403D66025303258004552523A2072656164696E1D
S21403D67067206F6E2F6F66662025303258004F6E18
S21403D6802F6F666620616C726561647920736574BA
S21403D69020746F206E65772076616C756500546F15
S21403D6A067676C65206F6E2F6F66662066726F6D98
S21403D6B0202530325820746F2025303258004552CA
S21403D6C0523A2077726974696E67206F6E2F6F66A1
S21403D6D066202530325800496E7374616C6C65643D
S21403D6E02054797065202842617365293A202030DA
S21403D6F07825303258004361706162696C697469D9
S21403D70065733A20202020202020202020203078F7
S21403D7102530345800426F6F746C6F6164657220F5
S21403D72056657273696F6E3A202020202030782564
S21403D7303034580053656375726520426F6F746C9E
S21403D7406F61646572204B65793A20202020202083
S21403D75000426F6F746C6F6164696E6720666169FF
S21403D7606C65642100446F776E6C6F61642066613C
S21403D770696C65642E0044656C6574696E67206623
S21403D78061696C656420646F776E6C6F61642C20CE
S21403D7907374617475733A203078253032580049B3
S21403D7A06D61676520646F6573206E6F7420636FA9
S21403D7B06E7461696E20616E205570677261646570
S21403D7C020496D61676520546167202830782530CD
S21403D7D03458292E20536B697070696E67207570F4
S21403D7E067726164652E00457865637574696E6754
S21403D7F020626F6F746C6F61642063616C6C62612E
S21403D800636B2E005374617274696E672045424CD5
S21403D81020766572696669636174696F6E00454256
S21403D8204C206661696C6564207665726966696317
S21403D8306174696F6E2E0045424C20706173736588
S21403D8406420766572696669636174696F6E2E001B
S21403D8502573696E67204F544120636C69656E7447
S21403D860207374617465206D616368696E65007307
S21403D870746F7070004572726F723A204E6F206933
S21403D8806D61676520617420696E64657820256420
S21403D890004E6F7420737570706F727465642E001B
S21403D8A0436C69656E7420696D6167652071756583
S21403D8B0727920696E666F004D616E756620494405
S21403D8C03A2020202020202020203078253034586D
S21403D8D000496D61676520547970652049443A2094
S21403D8E02020203078253034580043757272656ED8
S21403D8F0742056657273696F6E3A2020307825302F
S21403D9003858004861726477617265205665727391
S21403D910696F6E3A20004E41005175657279204456
S21403D920656C6179206D733A20202020202020200A
S21403D93020202020256C640053657276657220448F
S21403D9406973636F766572792044656C6179206DBF
S21403D950733A20256C6400446F776E6C6F616420A5
S21403D96044656C6179206D733A20202020202020A6
S21403D9702020256C640052756E20557067726164B2
S21403D980652044656C6179206D733A202020202041
S21403D99020256C64005665726966792044656C615F
S21403D9A079206D733A20202020202020202020205C
S21403D9B0256C6400446F776E6C6F616420457272E9
S21403D9C06F72205468726573686F6C643A20202502
S21403D9D064005570677261646520576169742054EA
S21403D9E068726573686F6C643A2020202025640093
S21403D9F04F544120446F776E6772616465733A20B3
S21403DA0044697361626C6564004F544120446F77C8
S21403DA106E6772616465733A20456E61626C656415
S21403DA2000426F6F746C6F61642073746174653A3F
S21403DA3020257300496E76616C6964204550202565
S21403DA4064207768656E20747279696E6720746FD8
S21403DA502073656E64204F5441206D657373616750
S21403DA60652E0053656E64696E6720557067726134
S21403DA70646520456E6420726571756573742E0047
S21403DA8025733A20696E76616C696420636D644918
S21403DA906420307825303258004572726F723A200F
S21403DAA0204661696C656420746F2073656E64201C
S21403DAB04F544120636F6D6D616E6420307825305E
S21403DAC032582C207374617475733A20307825307D
S21403DAD032580053657276657220756E6B6E6F777B
S21403DAE06E2C2066616C6C696E67206261636B20C6
S21403DAF0746F20646973636F766572792E004D6167
S21403DB0078696D756D207175657279206572726FAF
S21403DB1072732068697420282564292C2073746125
S21403DB207274696E672073656172636820666F72CC
S21403DB30206E6577204F5441207365727665722E8A
S21403DB400A004170706C79696E6720757067726140
S21403DB5064650025733A20696E76616C6964206F8C
S21403DB6066667365742063757272656E7454696D48
S21403DB70652830782530385829203E20757067721E
S21403DB8061646554696D65283078253038582900F6
S21403DB904F544120436C75737465723A20776169FC
S21403DBA07420666F722025642073005258656420C3
S21403DBB074696D654F757420307825303858207336
S21403DBC02C204D41582074696D654F75742030784C
S21403DBD0253038582073004D6178696D756D207552
S21403DBE070677261646520726571756573747320FE
S21403DBF06D616465202825642920776974686F75CC
S21403DC007420726573706F6E73652066726F6D2015
S21403DC107365727665722E00557067726164696EFD
S21403DC206720616E79776179004F5441205365729E
S21403DC307669636520646973636F766572792070AD
S21403DC40726576656E746564202D20616E6F7468E8
S21403DC50657220697320616C726561647920696EF0
S21403DC602070726F6772657373004661696C6564D2
S21403DC7020746F20696E69746961746520736572B8
S21403DC807669636520646973636F766572792E00BF
S21403DC904F54412053657276696365204469736304
S21403DCA06F7665727920696E2070726F677265731E
S21403DCB07300436C69656E74207665726966696382
S21403DCC06174696F6E206661696C65642E005369C2
S21403DCD0676E617475726500437573746F6D00705B
S21403DCE06173736564004641494C4544004E6F209A
S21403DCF07369676E617475726520766572696669A5
S21403DD00636174696F6E20737570706F72742C2004
S21403DD10617373756D696E6720696D6167652069E8
S21403DD2073206F6B61792E002573207665726966A2
S21403DD3069636174696F6E2025733A2030782530E5
S21403DD403258004D6178696D756D206E756D62652C
S21403DD5072206F6620646F776E6C6F6164206572E5
S21403DD60726F727320726561636820282564292C9C
S21403DD702061626F7274696E672E004F54412043B0
S21403DD806C75737465723A2073657474696E672074
S21403DD90494545452061646472657373206F662048
S21403DDA04F544120636C75737465720050617274CE
S21403DDB069616C2066696C6520646F776E6C6F6151
S21403DDC06420666F756E642C20636F6E74696E755F
S21403DDD0696E672066726F6D206F66667365742062
S21403DDE030782530385800466F756E642066756C3B
S21403DDF06C7920646F776E6C6F6164656420666906
S21403DE006C6520696E2073746F726167652028766F
S21403DE10657273696F6E20307825303858292E0066
S21403DE20466F756E642066696C6520696E20737430
S21403DE306F726167652077697468206469666665D2
S21403DE4072656E742076657273696F6E20283078FB
S21403DE502530385829207468616E206375727265A0
S21403DE606E742076657273696F6E2028307825305D
S21403DE703858290046696C6520696E2073746F7282
S21403DE806167652069732073616D65206173206324
S21403DE90757272656E742072756E6E696E67207623
S21403DEA0657273696F6E20283078253038582900DC
S21403DEB04E6F20696D61676520666F756E642069B5
S21403DEC06E2073746F726167652E004F5441205342
S21403DED065727669636520446973636F76657279E4
S21403DEE020756E626C6F636B65640049676E6F7254
S21403DEF0696E67207365727665722066726F6D2031
S21403DF006C6F6F706261636B2061646472657373B8
S21403DF100049676E6F72696E672030782530345813
S21403DF20204F54412073657276657220696E2073A4
S21403DF306561726368206F6620544300536574748A
S21403DF40696E67204F54412053657276657220745C
S21403DF506F203078253034580044656C6179696EDB
S21403DF6067202564207365636F6E6473206265663D
S21403DF706F7265207374617274696E67204F5441C3
S21403DF8020636C69656E740054696D656F757420E3
S21403DF9077616974696E6720666F72206D65737347
S21403DFA06167652E00426164204F544120636F6DA4
S21403DFB06D616E643A20307825303258004F5441F4
S21403DFC020636F6D6D616E64203078253032582083
S21403DFD0746F6F2073686F727420286C656E2025CB
S21403DFE064203C206D696E20256429004F5441202F
S21403DFF0636F6D6D616E642066726F6D20756E72F1
S21403E00065636F676E697A65642073657276657299
S21403E010203078253034582E20204D79204F544117
S21403E020207365727665723A20307825303458004E
S21403E030496D616765204E6F7469667900476F7432
S21403E04020756E65787065637465642025732E206D
S21403E05020537461727420646973636F7665727992
S21403E0602E0064656661756C74004F54413A2066F1
S21403E07061696C656420746F2073656E6420257314
S21403E08020726573706F6E73653A20307825303270
S21403E0905800496D616765206E6F7469667900473D
S21403E0A06F7420756E657870656374656420257378
S21403E0B02E202049676E6F7265642E004F54413AD6
S21403E0C02044656661756C7420726573706F6E7339
S21403E0D06520666F7220496D616765206E6F74698F
S21403E0E066792C207374617475732030782530320A
S21403E0F05800496D616765206E6F746966792063A1
S21403E1006F6D6D616E6400257320756E6963617350
S21403E110742C207175657279696E6700496E766135
S21403E1206C6964002573202573207061796C6F61B8
S21403E1306420747970652030782530325800257352
S21403E1402025733A206F7574206F662072616E67A0
S21403E15065206A697474657220256400257320251A
S21403E160733A207061796C6F6164206C656E6774B6
S21403E1706820646F65736E2774206D61746368200E
S21403E180747970652030782530325820282564202D
S21403E1903C2025642900257320257320647565209B
S21403E1A0746F206E6F6E2D6D61746368696E672081
S21403E1B06D616E756661637475726572204944009D
S21403E1C025732025732064756520746F206E6F6E2B
S21403E1D02D6D61746368696E6720696D616765207C
S21403E1E0747970652049440025732025732064756F
S21403E1F06520746F206D61746368696E6720666955
S21403E200726D776172652076657273696F6E00252D
S21403E210732025732C2052782764204A697474650A
S21403E220722028307825303258292C205069636BA9
S21403E2306564204A69747465722028307825303204
S21403E2405829005175657279206E65787420696D5A
S21403E25061676520726573706F6E73650025732042
S21403E26072657475726E6564203078253032582E68
S21403E27020204E6F206E657720696D616765207478
S21403E2806F20646F776E6C6F61642E002573207445
S21403E2906F6F2073686F727420282564203C2025D6
S21403E2A064290025733A204E657720696D6167659A
S21403E2B020697320617661696C61626C6520666FA4
S21403E2C07220646F776E6C6F61642E00257320690D
S21403E2D073206E6F74207573696E67206D7920697D
S21403E2E06D61676520696E666F2E004552524F5208
S21403E2F03A204E65787420496D61676520697320FE
S21403E300746F6F2062696720746F2073746F726511
S21403E3102028307825303858203E2030782530386D
S21403E32058290025732072657475726E65642073B0
S21403E330616D652046696C6556657273696F6E20FC
S21403E34061732063757272656E746C7920696E737F
S21403E35074616C6C65642E004F544120446F776E75
S21403E3606772616465732044697361626C65643ABD
S21403E3702046696C6556657273696F6E20626568C0
S21403E380696E642063757272656E7420696E737449
S21403E390616C6C6174696F6E005374617274696E3C
S21403E3A06720646F776E6C6F61642C20566572739A
S21403E3B0696F6E20307825303858004572726F7258
S21403E3C03A204661696C656420746F2064656C65E9
S21403E3D0746520696D6167652E004572726F723AC7
S21403E3E0204661696C656420746F2065726173658D
S21403E3F0206F6C642074656D7020646174612E00F8
S21403E400496D61676520626C6F636B20726573701C
S21403E4106F6E7365004F54413A20496D61676542DC
S21403E4206C6F636B5265706F6E736520636F6E748B
S21403E43061696E7320696E76616C6964206F722001
S21403E440696E636F6D706C657465206461746100DA
S21403E4505570646174696E67204D696E20426C6FF7
S21403E460636B205265717565737420506572696FAE
S21403E4706420746F202564206D7300446F776E6C80
S21403E4806F61642064656C617920627920736572BC
S21403E490766572202564206D7300446F776E6C6F0B
S21403E4A061642061626F72746564206279207365AB
S21403E4B0727665722E0053657276657220646F6598
S21403E4C0736E277420737570706F72742070616733
S21403E4D06520726571756573742C206F6E6C792078
S21403E4E07573696E6720626C6F636B2072657175F6
S21403E4F06573742E00536572766572207265747543
S21403E500726E65642027756E737570706F727465AE
S21403E5106420636C757374657220636F6D6D616ED2
S21403E52064272E00556E6B6E6F776E2025732073EF
S21403E530746174757320636F646520307825303298
S21403E54058002573206861732064617461207369C1
S21403E5507A65202825642920736D616C6C657220AA
S21403E5607468616E2061637475616C207061636B9F
S21403E57065742073697A6520282564292E0025731F
S21403E580206572726F723A204578706563746564AD
S21403E590206F6666736574203078253038582C20D3
S21403E5A062757420676F74203078253038582E20B3
S21403E5B02049676E6F72696E6700257320696E6601
S21403E5C06F20646964206E6F74206D6174636820C5
S21403E5D06D7920657870656374656420696E666F0F
S21403E5E02E202044726F7070696E672E0046616934
S21403E5F06C656420746F20777269746520746F206D
S21403E60073746F726167652064657669636521005C
S21403E610446F776E6C6F61640055706772616465F2
S21403E62020656E6420726573706F6E736500536544
S21403E630727665722061626F7274656420757067A6
S21403E640726164652C207374617475733A20307834
S21403E65025303258004572726F723A20257320684F
S21403E660616420696E76616C69642025733A2000C4
S21403E67066696C652076657273696F6E00416464C3
S21403E680696E67202564206D732E2064656C61793E
S21403E69020666F7220696D6D6564696174652075A7
S21403E6A07067726164652E00436F756E74646F776E
S21403E6B06E20746F20757067726164653A202564F6
S21403E6C0206D73002053746174653A2020202573EF
S21403E6D0002057616974696E6720666F72207265E1
S21403E6E073706F6E73653A20257300204E657874D9
S21403E6F0204576656E742054696D65723A202564EC
S21403E700206D73002043757272656E7420446F77B4
S21403E7106E6C6F6164204F66667365743A2030785A
S21403E72025303858202825642525290025733A20C6
S21403E7306661696C65642070617273696E67204FE9
S21403E740544120636D6420307825303258004F548E
S21403E750412044656661756C7420726573706F6ED4
S21403E760736520746F20636F6D6D616E642049441A
S21403E770203078253032582C2073746174757320DA
S21403E78030782530325800496D61676520626C6FBA
S21403E790636B20726571756573742074657374207A
S21403E7A06F6E6C7920776F726B73207768656E2057
S21403E7B0737461746520697320424F4F544C4F4104
S21403E7C0445F53544154455F4E4F4E450052616E6D
S21403E7D0646F6D2044656C6179206265666F72654F
S21403E7E020737461727400446973636F766572692B
S21403E7F06E67204F544120536572766572004765F5
S21403E80074204F54412053657276657220455549EE
S21403E810004F627461696E206C696E6B206B65795C
S21403E820005175657279696E67204E657874204964
S21403E8306D61676500446F776E6C6F6164696E67C0
S21403E84020496D61676500566572696679696E670A
S21403E85020496D6167650057616974696E67206654
S21403E8606F722055706772616465206D657373619E
S21403E870676500436F756E74646F776E20746F20E0
S21403E880557067726164650057616974696E6720C5
S21403E890746F207570677261646520766961206F96
S21403E8A075742D6F662D62616E64206D6563686195
S21403E8B06E69736D0025733A202564252520636FE2
S21403E8C06D706C65746500496D616765202564002D
S21403E8D020204552524F523A20436F756C64206E87
S21403E8E06F74206765742066756C6C206865616458
S21403E8F06572210020204865616465722056657242
S21403E90073696F6E3A2030782530345800202048DB
S21403E9106561646572204C656E6774683A202025CD
S21403E920642062797465730020204669656C6420F0
S21403E930436F6E74726F6C3A2020307825303458EB
S21403E9400020204D616E75662049443A2020202021
S21403E950202020307825303458002020496D616708
S21403E9606520547970653A202020202030782530A1
S21403E970345800202056657273696F6E3A20202043
S21403E98020202020203078253038580020205A694F
S21403E990676265652056657273696F6E3A203078D4
S21403E9A0253034580020204865616465722053740E
S21403E9B072696E673A20202573002020496D6167CF
S21403E9C0652053697A653A2020202020256C642030
S21403E9D06279746573002020536563757269747970
S21403E9E020437265643A2020307825303258002060
S21403E9F0205570677261646520446573743A2020FD
S21403EA00200020204D696E2E204857205665723A06
S21403EA10202020203078253034580020204D61787F
S21403EA202E204857205665723A202020203078251D
S21403EA30303458002020546F74616C20546167731F
S21403EA403A20256400202020205461673A2030783D
S21403EA5025303458002020202020204C656E677413
S21403EA60683A20256C64004572726F723A20436FD1
S21403EA70756C64206E6F74206F627461696E2074A7
S21403EA80616720696E666F2066726F6D20696D61BF
S21403EA9067652E000A256420696D616765732069C2
S21403EAA06E204F54412073746F726167652E004960
S21403EAB06D6167652064656C65746525732E004516
S21403EAC072726F723A2020436F756C64206E6F7497
S21403EAD0207265616420626C6F636B3A2030782520
S21403EAE03032582E0A005374617274696E6720655B
S21403EAF0726173652066726F6D206F6666736574E8
S21403EB002030782530385820746F203078253038F8
S21403EB105800436F756C64206E6F74207374617253
S21403EB2074204552415345212028307825303258E9
S21403EB302900454550524F4D204572617365206349
S21403EB406F6D706C657465002F686F6D652F7275D9
S21403EB506E6E65722F776F726B2F747579612D7A6F
S21403EB6069676265652D7377697463682F74757951
S21403EB70612D7A69676265652D7377697463682F9B
S21403EB8073696C6162735F746F6F6C732F73696DF7
S21403EB90706C69636974795F73646B2F70726F74DA
S21403EBA06F636F6C2F7A69676265652F6170702F6C
S21403EBB06672616D65776F726B2F706C7567696EC1
S21403EBC02F6F74612D73746F726167652D73696D32
S21403EBD0706C652D656570726F6D2F6F74612D7324
S21403EBE0746F726167652D656570726F6D2D7061E8
S21403EBF067652D65726173652E63002F686F6D659B
S21403EC002F72756E6E65722F776F726B2F747579B0
S21403EC10612D7A69676265652D7377697463682FFA
S21403EC20747579612D7A69676265652D7377697482
S21403EC3063682F73696C6162735F746F6F6C732F95
S21403EC4073696D706C69636974795F73646B2F7035
S21403EC50726F746F636F6C2F7A69676265652F6175
S21403EC6070702F6672616D65776F726B2F706C753F
S21403EC7067696E2F6F74612D73746F726167652D8C
S21403EC8073696D706C652D656570726F6D2F6F742B
S21403EC90612D73746F726167652D656570726F6D34
S21403ECA02E63004F54412053696D706C6520537476
S21403ECB06F7261676520454550524F4D20776172EC
S21403ECC06E696E673A20636F756C64206E6F74208E
S21403ECD067657420736C6F7420696E666F20666F49
S21403ECE07220736C6F7420256420286572726F72AD
S21403ECF020307825303258292E2044656661756C9D
S21403ED0074696E6720746F207370656369666965DE
S21403ED10642061646472657373206F6666736574DA
S21403ED20730053746F726167652044726976657207
S21403ED303A202020202020202020202020204F544E
S21403ED40412053696D706C652053746F72616765FB
S21403ED5020454550524F4D20506C7567696E0052E2
S21403ED60656164204D6F64696679205772697465BE
S21403ED7020537570706F72743A20206E6F00534F75
S21403ED804320426F6F746C6F6164696E67205375BE
S21403ED9070706F72743A2020202079657300426F7A
S21403EDA06F746C6F616465722053746F726167650C
S21403EDB020537570706F72743A20557365206669B8
S21403EDC072737420736C6F7400536C6F7420746F5B
S21403EDD0207573653A202020202020202020202024
S21403EDE0202020202025640043757272656E7420EF
S21403EDF0446F776E6C6F6164204F66667365743A12
S21403EE00202020203078253038580045424C2053A7
S21403EE1074617274204F66667365743A20202020EE
S21403EE2020202020202020307825303858004545E3
S21403EE3050524F4D2053746172743A202020202084
S21403EE4020202020202020202020307825303858ED
S21403EE5000454550524F4D20456E643A20202020F1
S21403EE60202020202020202020202020203078252D
S21403EE7030385800496D61676520496E666F2053C8
S21403EE80746172743A202020202020202020202025
S21403EE9030782530385800536176652052617465A2
S21403EEA020286279746573292020202020202020C2
S21403EEB0202020307825303858004F6666736574F6
S21403EEC0206F6620646F776E6C6F6164206F666672
S21403EED0736574202020307825303858004F6666D6
S21403EEE0736574206F662045424C206F66667365B3
S21403EEF0743A2020202020202030782530385800EF
S21403EF004F6666736574206F6620696D616765205A
S21403EF1073746172743A20202020202030782530C4
S21403EF20385800736C5F7A69676265655F61665F10
S21403EF306F74615F73746F726167655F647269761D
S21403EF4065725F726561645F636228292066616922
S21403EF506C65642100426164206D61676963206E9D
S21403EF60756D62657220696E2066696C653A20303D
S21403EF70782530325820307825303258203078259E
S21403EF80303258203078253032580042616420767B
S21403EF90657273696F6E20696E2066696C652030D2
S21403EFA07825303458004572726F723A2072656164
S21403EFB064416E6456616C696461746553746F7200
S21403EFC06564496D616765282920747269656420E4
S21403EFD0746F2072656164206D6F7265206461745E
S21403EFE061207468616E20697420636F756C642099
S21403EFF0686F6C642E00736C5F7A69676265655F21
S21403F00061665F6F74615F73746F726167655F6477
S21403F01072697665725F726561645F636228292030
S21403F0204641494C454421004C617374206F666623
S21403F03073657420646F776E6C6F616465643A20E1
S21403F0403078253038580053746F72616765204DE9
S21403F0506F64756C653A204F54412053696D706C2C
S21403F060652053746F7261676520506C7567696EAF
S21403F07000496D616765732053746F7265643A2047
S21403F080202564206F6620310A00253032583A0066
S21403F0906570202530325820636C75732025303414
S21403F0A05820617474722025303458207376722089
S21403F0B0256300206D666720253032580020726570
S21403F0C0706F7274206D696E2025303458206D6120
S21403F0D0782025303458207270742D636867202595
S21403F0E03038580020726563656976652066726FEE
S21403F0F06D20253034582065702025303258207412
S21403F100696D656F7574202530345800636C6561CE
S21403F110720072656D6F766500636C656172696E09
S21403F12067206C617374207265706F7274207469E3
S21403F1306D65206F6620616C6C2061747472696201
S21403F140757465730074657374696E672074696D8E
S21403F150696E67206F6620766172696F75732072B9
S21403F16065706F7274696E67206F7065726174691B
S21403F1706F6E73002D2D2D2D2D2D2D2D2D2D2D2D1B
S21403F1802D2D2D2D2D2D2D2D2D2D2D2D2D2D2D2DA7
S21403F1902D2D2D2D2D2D2D2D2D2D2D2D2D2D2D2D97
S21403F1A02D2D2D002D2D7461626C652072656164B2
S21403F1B073202D2066756C6C207461626C652D2D32
S21403F1C000726573756C74203D202564206D730092
S21403F1D02D2D696E6974202F207363686564756CC2
S21403F1E065207469636B2D2D2D002D2D6C6F616466
S21403F1F020636F6E66696775726174696F6E2064EB
S21403F200656661756C74732D2D002F686F6D652FA1
S21403F21072756E6E65722F776F726B2F7475796168
S21403F2202D7A69676265652D7377697463682F74D1
S21403F2307579612D7A69676265652D73776974637D
S21403F240682F73696C6162735F746F6F6C732F736F
S21403F250696D706C69636974795F73646B2F707220
S21403F2606F746F636F6C2F7A69676265652F617061
S21403F270702F6672616D65776F726B2F706C756732
S21403F280696E2F7265706F7274696E672F72657020
S21403F2906F7274696E672E6300524541445F525025
S21403F2A0545F43464700726561645F7265706F72B0
S21403F2B074696E675F636F6E66696775726174699A
S21403F2C06F6E005265706F7274696E673A2066617E
S21403F2D0696C656420746F2073656E6420257320E3
S21403F2E0726573706F6E73653A20307825303258C6
S21403F2F0004552523A2072656164696E6720636CFA
S21403F30075737465722030782530345820617474B0
S21403F310726962757465203078253034583A203027
S21403F3207825303258004552523A207265706F7213
S21403F33074696E67206F66204C4F4E472073747255
S21403F340696E672061747472696275746520747976
S21403F3507065206E6F7420737570706F7274656459
S21403F3603A20636C75737465722030782530345890
S21403F3702061747472696275746520307825303440
S21403F38058005265706F7274696E6720456E7472AA
S21403F390792046756C6C202D206372656174696EE6
S21403F3A067206E6577207265706F727400434647F8
S21403F3B05F52505400202D20646972656374696F30
S21403F3C06E3A253032582C20617474723A253034E4
S21403F3D05800202020747970653A253032582C2046
S21403F3E06D696E3A253034582C206D61783A253095
S21403F3F03458002020206368616E67653A00202039
S21403F4002074696D656F75743A2530345800636FE0
S21403F4106E6669677572655F7265706F7274696E22
S21403F42067002054434C4B207570646174652061FB
S21403F4306C726561647920696E2070726F6772659D
S21403F4407373004D616E75616C2054434C4B20758D
S21403F4507064617465206661696C65642E2573004B
S21403F4605374617274696E67207570646174652085
S21403F47074727573742063656E746572206C696E3E
S21403F4806B206B65792070726F63657373005570BC
S21403F49064617465205443204C696E6B204B657918
S21403F4A000204E6577206B65792065737461626C06
S21403F4B069736865643A00204572726F723A005049
S21403F4C06172746E65723A20005A434C20676C6F03
S21403F4D062616C20636C757374657220636F6D6D07
S21403F4E0616E647300646972656374696F6E006449
S21403F4F06973632D636F6D2D67656E00646973634F
S21403F5002D636F6D2D726563006578706563742D6A
S21403F5107265706F72742D66726F6D2D6D650075F2
S21403F5207772697465006E777269746500726570C8
S21403F5306F72742D726561640073656E642D6D65FC
S21403F5402D612D7265706F72740043726561746508
S21403F55073206120676C6F62616C20646973636FEC
S21403F56076657220636F6D6D616E6420666F7220C0
S21403F570746865206173736F63696174656420766C
S21403F580616C7565732E00636C757374657249647C
S21403F5901F61747472696275746549641F6D61785E
S21403F5A04E756D626572546F5265706F72741F008C
S21403F5B043726561746573206120676C6F62616C6A
S21403F5C02073656E64206D652061207265706F72AE
S21403F5D07420636F6D6D616E6420666F722074684D
S21403F5E065206173736F6369617465642076616C0B
S21403F5F07565732E00636C757374657249641F6159
S21403F600747472696275746549641F6461746154C5
S21403F6107970651F6D696E5265706F727454696D8B
S21403F620651F6D61785265706F727454696D651FDE
S21403F6307265706F727461626C654368616E67654C
S21403F6401F0043726561746573206120676C6F6287
S21403F650616C2072656164207265706F7274696E86
S21403F6606720636F6D6D616E6420666F72207468C9
S21403F67065206173736F63696174656420636C7579
S21403F680737465722C206174747269627574652074
S21403F690616E64207365727665722F636C69656E3E
S21403F6A07420646972656374696F6E2E00636C758B
S21403F6B07374657249641F617474726962757465E4
S21403F6C049641F646972656374696F6E1F00476CD3
S21403F6D06F62616C207265706F7274696E67206307
S21403F6E06F6D6D616E6400656E64706F696E741F16
S21403F6F0636C757374657249641F617474726962AE
S21403F70075746549641F6D61736B1F004372656191
S21403F710746573206120676C6F62616C207265612B
S21403F7206420636F6D6D616E64206D6573736167CE
S21403F7306520746F20726561642066726F6D207435
S21403F740686520636C757374657220616E642061EE
S21403F750747472696275746520737065636966692B
S21403F76065642E00636C757374657249641F6174F7
S21403F7707472696275746549641F004372656174C7
S21403F7806573206120676C6F62616C2077726974A1
S21403F7906520636F6D6D616E64206D65737361675D
S21403F7A06520746F20777269746520746F2074689F
S21403F7B06520636C757374657220616E6420617472
S21403F7C074726962757465207370656369666965CA
S21403F7D06400636C757374657249641F6174747234
S21403F7E0696275746549641F747970651F64617412
S21403F7F0611F0043726561746520612065787065DA
S21403F80063742D7265706F72742D66726F6D2D6DD5
S21403F81065206D6573736167652077697468206119
S21403F82073736F6369617465642076616C75657361
S21403F8302E00636C757374657249641F6174747209
S21403F840696275746549641F74696D656F75741FA5
S21403F85000437265617465206120446973636F7643
S21403F860657220436F6D6D616E64732047656E65C8
S21403F870726174656420636F6D6D616E6420776971
S21403F8807468206173736F6369617465642076615D
S21403F8906C7565732E00636C757374657249641FAB
S21403F8A07374617274436F6D6D616E6449641F6D2A
S21403F8B06178436F6D6D616E6449641F00536574B0
S21403F8C0732074686520646972656374696F6E205B
S21403F8D0666F7220676C6F62616C20636F6D6D611B
S21403F8E06E64732C2065697468657220636C696541
S21403F8F06E7420746F20736572766572206F722043
S21403F90073657276657220746F20636C69656E74B6
S21403F9102E0053657473206120666C616720736FD5
S21403F920207468617420746865206170706C696304
S21403F9306174696F6E206672616D65776F726B2096
S21403F94057494C4C204E4F5420726573706F6E644B
S21403F95020746F20746865206E657874205A434C53
S21403F960206D657373616765207468617420636FC7
S21403F9706D657320696E206F7665722074686520E6
S21403F9806169722E0053657473206120666C61672B
S21403F99020736F20746861742074686520617070CA
S21403F9A06C69636174696F6E206672616D65776FEB
S21403F9B0726B2057494C4C20726573706F6E6420CF
S21403F9C0746F20746865206E657874205A434C20E3
S21403F9D06D657373616765207468617420636F6D0A
S21403F9E0657320696E206F76657220746865206182
S21403F9F069722E00536574732074686520446973B6
S21403FA0061626C652044656661756C74205265732B
S21403FA10706F6E7365204672616D6520436F6E74FA
S21403FA20726F6C2062697420746F2075736520662C
S21403FA306F7220746865206E65787420636F6D6DD1
S21403FA40616E642069662074686520636F6D6D61FE
S21403FA506E64206973206E6F7420616C72656164D6
S21403FA6079206275696C742E0064697361626C65D3
S21403FA7044656661756C74526573706F6E73651F4B
S21403FA8000536574732074686520666C6167207420
S21403FA906F207573652074686520696E6372656D83
S21403FAA0656E7465642073657175656E6365206E37
S21403FAB0756D6265722066726F6D20746865206668
S21403FAC072616D65776F726B20666F7220746865FE
S21403FAD0206E6578742072617720636F6D6D616E3A
S21403FAE0642E007573654E65787453657175656E1F
S21403FAF063651F00436C6920636F6D6D616E6420E0
S21403FB00746F2063616C6C20736C5F7A69676265DF
S21403FB10655F61665F7365745F74696D652066759E
S21403FB206E6374696F6E20646F63756D656E74655E
S21403FB306420696E2061662E680075746354696D6F
S21403FB40651F0053657473207468652074776F208F
S21403FB5062797465206D616E75666163747572652E
S21403FB6072207370656369666963206964656E7481
S21403FB70696669657220746F2075736520666F7297
S21403FB8020746865206E65787420636F6D6D616E92
S21403FB90642069662074686520636F6D6D616E64AA
S21403FBA0206973206E6F7420616C726561647920BE
S21403FBB06275696C742E006D66675370656369665B
S21403FBC0696349641F006E6F742000534C5F53547F
S21403FBD0415455535F4E4554574F524B5F55502033
S21403FBE03078253034580054727573742043656E2C
S21403FBF074657220455549206861732025736368D0
S21403FC00616E6765642E00534C5F535441545553DD
S21403FC105F4E4554574F524B5F444F574E00534C1D
S21403FC205F5354415455535F4E4F545F4A4F494EAA
S21403FC30454400534C5F5354415455535F5A494708
S21403FC404245455F4E4554574F524B5F4F50454EC6
S21403FC5045443A2025642073656300534C5F535430
S21403FC60415455535F5A49474245455F4E4554579D
S21403FC704F524B5F434C4F5345440025733A202560
S21403FC80730064697374726962757465640063658E
S21403FC906E7472616C697A656400466F726D0025D6
S21403FCA073696E67206F6E2063682025642C20704E
S21403FCB0616E496420307825303458004572726F7F
S21403FCC0723A2044657669636520646F6573206EB7
S21403FCD06F7420737570706F7274202573206E6551
S21403FCE074776F726B20666F726D6174696F6E00E6
S21403FCF04A6F696E00496E76616C6964205365636A
S21403FD0075726974792050726F66696C653A203033
S21403FD10782530325800704A6F696E20666F7220FD
S21403FD202564207365633A20307825303258004CBA
S21403FD30696D6974696E67206475726174696F6E44
S21403FD40206F66207065726D6974206A6F696E2015
S21403FD5066726F6D20666F7265766572202832351F
S21403FD60352920746F203235340052583A205A44CD
S21403FD704F2C20636F6D6D616E64203078253034B0
S21403FD80582C207374617475733A2030782530329A
S21403FD90580053696D706C650052583A20257320DD
S21403FDA0446573632052657370004D617463680025
S21403FDB02C204D6174636865733A2025640044659E
S21403FDC07669636520416E6E6F756E63653A2030A3
S21403FDD078253034580052583A2049454545204145
S21403FDE064647265737320526573706F6E73650017
S21403FDF052583A204163746976652045502052650F
S21403FE0073706F6E73652C20436F756E743A20257E
S21403FE1064004E6F6465002C204D617463686573DF
S21403FE203A2030782530345800737461636B20763B
S21403FE3065722E205B25642E25642E2564002025FE
S21403FE4073206275696C642025645D005A444F0014
S21403FE50534500484100436C757374657200476CE4
S21403FE606F62616C002573747820307825303858BB
S21403FE702C200050726F66696C653A202573202823
S21403FE80307825303458292C20436C75737465728A
S21403FE903A203078253034582C2025642062797433
S21403FEA065732C00205A434C20257320436D642031
S21403FEB049443A202564005072652D52656C65618D
S21403FEC0736500416C706861203100416C70686135
S21403FED0203200416C7068612033004265746120F3
S21403FEE0310042657461203200426574612033003C
S21403FEF0474100526573657420696E666F3A203019
S21403FF00782530325820282573290064656C65747B
S21403FF10652062696E64696E673A20253032582020
S21403FF2025303258000102030405060708090A0BA8
S21403FF300C0001010101010101010101010100574A
S21403FF4052495445204552523A2000257365702085
S21403FF502530325820636C75732025303458206161
S21403FF607474722025303458206E6F742073757045
S21403FF70706F72746564002573696E76616C69646C
S21403FF8020646174612074797065002573617474EC
S21403FF9072206E6F74207772697461626C650057A5
S21403FFA0524954453A206E6F2077726974652C2047
S21403FFB06A757374206120746573740052454144F6
S21403FFC03A206174747269627574652073697A6520
S21403FFD020746F6F206C6172676520666F72206392
S21403FFE0616C6C657200636C6E740073727672007B
S21403FFF0525700524F00202052414D2020002074BB
S2140400006F6B656E200065787465726E2000454ED1
S21404001044504F494E54202530325800636C757353
S214040020202F2073696465202F2061747472202F3A
S214040030206D666720202F74797065286C656E299C
S2140400402F207277202F2073746F72616765202FBC
S2140400502064617461202872617729002530345841
S214040060202F202573202F2025303458202F2000C1
S214040070202F202530325820282530325829202F8A
S214040080202573202F202573202F2000556E73758E
S21404009070706F72746564004F5441205245414439
S2140400A03A2065703A25303258206369643A253020
S2140400B034582061747469643A25303458206D735A
S2140400C06B3A25303258206D66636F64653A253086
S2140400D0345800524541443A20636C7573202530E9
S2140400E034582C206174747220253034582066618C
S2140400F0696C6564202530325800524541443A20E4
S214040100636C757320253034582C20617474722007
S214040110253034582C20646174614C656E3A202571
S2140401203032582C204F4B0028256329253032586E
S214040130253032582530325825303258253032583A
S21404014025303258253032582530325800646973C9
S21404015061626C65002573642C2064726F7070692C
S2140401606E672065702030782530325820636C75B1
S214040170732030782530345820636D642030782519
S2140401803032580047656E65726174656400526566
S21404019063656976656400446973636F7665722087
S2140401A0436F6D6D616E647320726573706F6E73EA
S2140401B0652028636F6D706C6574653A2025632925
S2140401C02C202573204944733A2000307825303299
S2140401D05820005F45585400524541445F415454EA
S2140401E0520057524954453A20636C7573202530A3
S2140401F034582061747472202530345820004641E7
S214040200494C20253032580057524954453A2074F8
S2140402106F6F2073686F727400444953435F415490
S214040220545200257325733A20636C757320253069
S21404023034580053766320446973633A2000257368
S21404024057616974696E6720256420736563206648
S2140402506F7220646973636F7665727920746F2099
S214040260636F6D706C6574650053746174652063A8
S2140402706F72726573706F6E64696E6720746F2038
S214040280746865207468652072657175657374207A
S2140402906E6F7420666F756E640A002573636F6DE7
S2140402A0706C6574652E0A002573536572766963EF
S2140402B06520446973636F7665727920537461743C
S2140402C065206C696D697473207265616368656422
S2140402D00A002573496C6C6567616C2062726F61F5
S2140402E0646361737420616464726573732C207232
S2140402F0656D617070696E6720746F2076616C69D5
S21404030064206F6E652E0025734661696C656420F3
S214040310746F2073656E64206D617463682064690D
S21404032073636F766572793A2030782530325800D8
S21404033025735374617274696E6720646973636F9E
S2140403407665727920666F7220636C757374657255
S214040350203078253034580025734661696C65640E
S21404036020746F2073656E642073696D706C6520ED
S21404037064657363726970746F72207265717565F3
S21404038073743A20307825303258002573466169F4
S2140403906C656420746F2073656E6420494545451A
S2140403A02061646472657373207265717565737415
S2140403B03A203078253032580025734661696C65DA
S2140403C06420746F2073656E64204E574B206164FE
S2140403D0647265737320726571756573743A203040
S2140403E07825303258004572726F723A2025732091
S2140403F06261642073696D706C65206465736372F2
S2140404006970746F72206C656E6774682E0025734D
S2140404104D65737361676520746F6F2073686F72C0
S214040420740025734D65737361676520746F6F2060
S21404043073686F727420666F72206E756D2E2065F9
S2140404406E64706F696E74730025734D61746368AF
S214040450257320666F756E642066726F6D20307823
S214040460253034582E004572726F723A2025732058
S214040470696E76616C6964206C656E6774682028A2
S214040480256420213D2025642920666F722041635F
S2140404907469766520456E64706F696E7420726543
S2140404A073706F6E7365002573676F742061637471
S2140404B069766520455020726573706F6E736500AB
S2140404C05554432074696D653A2025642F25642F9E
S2140404D025642025643A25643A2564202825303886
S2140404E058290028556E6B6E6F776E20636C757393
S2140404F02E205B3078253034585D29000D0A5425AB
S2140405003038583A005258206C656E2025642C20EA
S214040510657020253032582C20636C757320307833
S214040520253034582000206D666749642025303411
S2140405305800204643202530325820736571202504
S21404054030325820636D642025303258207061792B
S2140405506C6F61645B004261736963004F76657219
S214040560207468652041697220426F6F746C6F61F5
S21404057064696E67002573525820706B7420746F1C
S2140405806F2073686F72743A202564203C202564BB
S214040590002573525820706B74206D616C666F7200
S2140405A06D65643A202564203C202564002020489C
S2140405B061766520526F7574657220537570706F1E
S2140405C07274002020456E64204465766963652055
S2140405D04F6E6C79002020456E61626C6564002065
S2140405E02044697361626C6564004572726F7220A0
S2140405F072657472696576696E6720696E666F20C7
S214040600666F72206C696272617279204944202593
S21404061064002573206C6962726172792573207098
S214040620726573656E74005A6967626565205072F8
S2140406306F0042696E64696E67005365637572691C
S214040640747920436F7265005365637572697479B3
S214040650204C696E6B204B6579730043424B4520F2
S2140406603136334B310043424B45204453412053EB
S21404067069676E004543430043424B45204453415B
S21404068020566572696679005061636B65742056FE
S214040690616C6964617465005A4C4C0043424B4576
S2140406A0203238334B3100454343203238334B3104
S2140406B00043424B4520636F7265004E4350004D25
S2140406C0756C7469206E6574776F726B00456E681E
S2140406D0616E63656420426561636F6E2052657166
S2140406E00043424B45203238334B3120445341209B
S2140406F0566572696679004D756C74692D50414E65
S214040700002F686F6D652F72756E6E65722F776F2A
S214040710726B2F747579612D7A69676265652D73BE
S21404072077697463682F747579612D7A6967626571
S214040730652D7377697463682F73696C6162735F80
S214040740746F6F6C732F73696D706C6963697479F9
S2140407505F73646B2F70726F746F636F6C2F7A693C
S214040760676265652F737461636B2F636F6E66696A
S214040770672F736C5F7A69676265655F636F6E6621
S214040780696775726174696F6E2E63002F686F6D8A
S214040790652F72756E6E65722F776F726B2F747518
S2140407A079612D7A69676265652D73776974636804
S2140407B02F747579612D7A69676265652D7377691B
S2140407C07463682F73696C6162735F746F6F6C73A4
S2140407D02F73696D706C69636974795F73646B2FCA
S2140407E070726F746F636F6C2F7A69676265652FBA
S2140407F0737461636B2F6672616D65776F726B2FAE
S2140408006165732D6563622E63002F686F6D652FB7
S21404081072756E6E65722F776F726B2F7475796151
S2140408202D7A69676265652D7377697463682F74BA
S2140408307579612D7A69676265652D737769746366
S214040840682F73696C6162735F746F6F6C732F7358
S214040850696D706C69636974795F73646B2F707209
S2140408606F746F636F6C2F7A69676265652F737434
S21404087061636B2F73656375726974792F7A696720
S2140408806265652D73656375726974792D6D616E25
S214040890616765722D6E6F2D7661756C742E6300BC
S2140408A04572726F723A20204661696C65642074E2
S2140408B06F20726561642066726F6D2045455052E4
S2140408C04F4D2061742030782534582C2073746181
S2140408D07475733A20256400454550524F4D20499F
S2140408E06E697469616C697A65643A2025630045AB
S2140408F04550524F4D20427573793A202563005077
S21404090061727469616C20576F72642053746F72DD
S21404091061676520436F756E743A202564004164F0
S21404092064726573733A2030782534582C205061ED
S214040930727469616C20576F72643A203078255857
S21404094000636F6E6669726D656400617373756DBE
S2140409506564000A454550524F4D20496E666F0047
S2140409604E6F7420617661696C61626C6520286FD5
S2140409706C64657220626F6F746C6F616465722953
S2140409800050617274204465736372697074696F91
S2140409906E3A20202020202020202020257300438B
S2140409A061706162696C69746965733A20202020FD
S2140409B02020202020202020202030782532580097
S2140409C0506167652045726173652074696D6520A2
S2140409D02873293A202020202020256400506172A4
S2140409E0742045726173652074696D6520287329C7
S2140409F03A2020202020202564005061727420456F
S214040A00726173652074696D6520286D73293A20B8
S214040A102020202020256400506167652073697AB1
S214040A206520286279746573293A202020202020C6
S214040A30202020256C00506172742073697A65202A
S214040A40286279746573293A2020202020202020EB
S214040A5020256C00576F72642073697A65202862BB
S214040A6079746573293A2020202020202020202510
S214040A7064202825702900454550524F4D20696E44
S214040A8069743A2030782558002F686F6D652F7288
S214040A90756E6E65722F776F726B2F747579612D14
S214040AA07A69676265652D7377697463682F7475F0
S214040AB079612D7A69676265652D737769746368F1
S214040AC02F73696C6162735F746F6F6C732F7369D5
S214040AD06D706C69636974795F73646B2F75746980
S214040AE06C2F706C7567696E2F706C7567696E2DE8
S214040AF0636F6D6D6F6E2F656570726F6D2F6565B4
S214040B0070726F6D2E6300556E61626C6520746F33
S214040B1020626F6F7420696D61676520617420734D
S214040B206C6F7420256C640A00536C6F74204D61DE
S214040B306E61676572206661696C656420746F20F7
S214040B40657261736520736C6F740A004D6178205A
S214040B5072656164206C696D6974207365742074B1
S214040B606F2025642062797465730A004164647298
S214040B7065737320202020202020202020446174C8
S214040B80610A00307825346C78202020202020202C
S214040B90307825780A004661696C656420746F2095
S214040BA0726561642066726F6D20666C6173680A94
S214040BB000536C6F7420256C640A202041646472B0
S214040BC065737320202020203A20307825346C5812
S214040BD00A20204C656E6774682020202020203A66
S214040BE020307825346C582028256C64206279746B
S214040BF06573290A0020205479706520202020205F
S214040C002020203A20004E6F2047424C2070726508
S214040C1073656E740A005A69674265650A0054680B
S214040C20726561640A00436F6E6E6563740A0042FF
S214040C306C7565746F6F74680A00426C7565746FC2
S214040C406F7468206170706C69636174696F6E0A92
S214040C50004D43550A004F74686572202830782585
S214040C606C58290A00202056657273696F6E20201E
S214040C702020203A203078256C580A002020436132
S214040C80706162696C69746965733A2030782534DA
S214040C906C580A00202050726F64756374204944AF
S214040CA020203A2000307825582000536C6F74209A
S214040CB04D616E616765723A206661696C65642091
S214040CC0746F20696E697469616C697A6520626FF5
S214040CD06F746C6F6164657220286572726F72201F
S214040CE03078253478290A0056657273696F6E2049
S214040CF0202020203A2025640A00506172742020A7
S214040D002020202020203A2025730A0043617061A9
S214040D1062696C69746965733A20307825780A00CC
S214040D20506172742073697A652020203A20256405
S214040D3020420A00506167652073697A6520202086
S214040D403A20256420420A00576F72642073697A39
S214040D50652020203A20256420420A00536C6F74D4
S214040D6073202020202020203A2025640A00466193
S214040D70696C656420746F20726561642066726FA6
S214040D806D2073746F7261676520666C617368208A
S214040D90286572726F72202564290A00496E76618E
S214040DA06C696420736C6F7420256420286D6178E8
S214040DB020736C6F74202564290A004661696C658B
S214040DC06420746F2067657420696E666F20666F92
S214040DD07220736C6F742025640A00536C6F742041
S214040DE04D616E616765723A20736C6F742077721A
S214040DF0697465206661696C7572652E2041646449
S214040E0072657373206F666673657420282564297B
S214040E10202B207772697465206C656E6774682071
S214040E202825642920677265617465722074686178
S214040E306E20746F74616C20736C6F74206C656EB6
S214040E4067746820282564290A00536C6F74204D43
S214040E50616E61676572207761726E696E673A20AB
S214040E60736C6F74202564206C656E677468202824
S214040E70256429206E6F7420616C69676E65642032
S214040E80746F20706167652073697A65202825640D
S214040E90292E2054686520656E7469726520736C0B
S214040EA06F742077696C6C206E6F742062652065A1
S214040EB072617365642E0A00536C6F74204D616E04
S214040EC0616765723A206661696C656420746F2098
S214040ED06572617365202564206279746573206980
S214040EE06E20736C6F7420256420617420616464C2
S214040EF07265737320307825347820286572726F93
S214040F00722030782578290A00457261736564205A
S214040F10256420627974657320696E20736C6F741F
S214040F202025640A004661696C656420746F20732A
S214040F30657420736C6F7420746F20626F6F7420F6
S214040F40286572726F72203078253478290A004634
S214040F5061696C656420746F20736574206C6973B2
S214040F6074206F6620736C6F747320746F20626FC6
S214040F706F7420286572726F722030782534782951
S214040F800A004661696C656420746F206765742086
S214040F906E6577206C697374206F6620736C6F744B
S214040FA07320746F20626F6F7420286572726F727C
S214040FB0203078253478290A00426567696E6E69A0
S214040FC06E6720696D616765207665726966696318
S214040FD06174696F6E2E2E2E002E6661696C6564D0
S214040FE02120284572726F72203078253478290AB9
S214040FF0002E7061737365642120426F6F74696E8E
S2140410006720736C6F742025640A00666E692B0073
S214041010666E69006E616E00666E692D006C6962AC
S21404102073006273656E6400726573657400726142
S214041030770073656E645F6D756C74696361737451
S2140410400073656E642D7573696E672D6D756C74AB
S21404105069636173742D62696E64696E670074698E
S2140410606D6573796E63006765742D7074692D728F
S2140410706164696F2D636F6E66696700636F6E6681
S21404108069672D6363612D6D6F6465006576656EB3
S2140410907473007365637572697479007A6967623C
S2140410A065655F7072696E7400706C7567696E0052
S2140410B06E6574006B657973006F7074696F6E008B
S2140410C0706C7567006368616E67656B657900634D
S2140410D068616E67656B007A646F007072696E741F
S2140410E02072656C6174656420636F6D6D616E64F7
S2140410F0732E0061747472005A646F2072656C619A
S21404110074656420636F6D6D616E64732E00726F18
S21404111075746500706F776572006D676D742D6CFD
S2140411207169006D676D742D62696E64006E6F641C
S214041130650073696D706C65006965656500756E3C
S21404114062696E64006E776B2D757064006F7574DB
S2140411502D636C2D6C69737400696E2D636C2D6C35
S214041160697374005A646F20696E2D636C2D6C6904
S21404117073742072656C6174656420636F6D6D6151
S2140411806E64732E005A646F206F75742D636C2D15
S2140411906C6973742072656C6174656420636F6D2A
S2140411A06D616E64732E005A646F206E776B2D75B6
S2140411B070642072656C6174656420636F6D6D6124
S2140411C06E64732E007363616E2D6368616E2D6D9D
S2140411D061736B007363616E006368616E506700D1
S2140411E06368616E005A646F20756E62696E64206F
S2140411F072656C6174656420636F6D6D616E647393
S2140412002E00756E6963617374006368616E67654A
S2140412106B65792072656C6174656420636F6D6DAF
S214041220616E64732E006C696E6B004F7074696F28
S2140412306E2072656C6174656420636F6D6D616E9B
S21404124064732E00726567697374657200646973EB
S2140412506300696E7374616C6C2D636F6465006201
S214041260696E64696E672D7461626C65007072697C
S2140412706E742D72782D6D7367730061707372656A
S2140412807472790041505320726574727920666CCA
S214041290616720666F72636520636F6D6D616E644F
S2140412A07300456E61626C65732F44697361626C8A
S2140412B06573207072696E74696E67206F6620525B
S2140412C078206D657373616765732E00656E616261
S2140412D06C650042696E64696E67207461626C6551
S2140412E02072656C6174656420636F6D6D616E64F5
S2140412F0732E005365637572697479206B65797310
S2140413002072656C6174656420636F6D6D616E64D4
S214041310732E0064656C657465004E6574776F7231
S2140413206B2072656C6174656420636F6D6D616EAD
S21404133064732E00666F726D0072656A6F696E2D37
S214041340646966662D6465766963652D747970656F
S2140413500065787470616E69640069736F70656E99
S2140413600062726F61642D706A6F696E00636861F3
S2140413706E67652D6368616E6E656C00696E697470
S214041380006368616E67652D6B6565702D616C69B9
S21404139076652D6D6F64650074696D656F75742D63
S2140413A06F7074696F6E2D6D61736B006D756C7400
S2140413B0692D7068792D7374617274006D756C7420
S2140413C0692D7068792D73746F700066696E640099
S2140413D06E6574776F726B2066696E6420636F6DDA
S2140413E06D616E64732E006A6F696E61626C65006F
S2140413F0756E7573656400736C6F742D6D616E61C4
S21404140067657200636F756E7465727300656E64EB
S2140414102D6465766963652D737570706F727400DC
S21404142066696E642D616E642D62696E6400667210
S21404143061676D656E746174696F6E0067726F754F
S21404144070732D736572766572006E6574776F724D
S2140414506B2D7374656572696E67006F74612D62B7
S2140414606F6F746C6F6164006F74612D636C696573
S2140414706E74006F74612D73746F726167652D638B
S2140414806F6D6D6F6E006F74612D73746F7261672C
S214041490652D656570726F6D0069646C652D736C7F
S2140414A0656570007570646174652D74632D6C6970
S2140414B06E6B2D6B6579007570646174652D74634D
S2140414C02D6C696E6B2D6B65792072656C61746525
S2140414D06420636F6D6D616E64730074696D65720C
S2140414E0006E6F7700436F6D6D616E647320746F6A
S2140414F020636F6E74726F6C2069646C696E672FFC
S214041500736C656570696E67206F66207468652005
S21404151064657669636500666F7263652D617761DD
S2140415206B65006177616B652D7768656E2D6E6FF0
S214041530742D6A6F696E6564007265706F72746983
S2140415406E672072656C6174656420636F6D6D618F
S2140415506E64732E00636C6561722D6C6173742DFA
S2140415607265706F72742D74696D6500746573743A
S2140415702D74696D696E67006F74612D73746F7274
S2140415806167652D656570726F6D2072656C617438
S214041590656420636F6D6D616E64732E0077697089
S2140415A065006F74612D73746F726167652D636F68
S2140415B06D6D6F6E2072656C6174656420636F6D0B
S2140415C06D616E6473007072696E74496D616765EF
S2140415D0730072656C6F61640073746F7261676523
S2140415E02D696E666F00646174612D7072696E7425
S2140415F0006F74612D636C69656E742072656C612E
S21404160074656420636F6D6D616E64732E00766519
S2140416107269667900626C6F636B2D74657374000F
S214041620706167652D726571756573740075706792
S214041630726164652D72657175657374006469738F
S21404164061626C652D646F776E67726164657300A2
S214041650656E61626C652D646F776E677261646532
S21404166073006F74612D626F6F746C6F61642072A7
S214041670656C6174656420636F6D6D616E64730080
S2140416806E6574776F726B2D7374656572696E67B9
S2140416902072656C6174656420636F6D6D616E6441
S2140416A0732E007072652D636F6E6669677572655A
S2140416B0642D6B65792D736574006D61736B207290
S2140416C0656C6174656420636F6D6D616E642E0075
S2140416D073756274726163740067726F7570732DCC
S2140416E07365727665722072656C617465642063D6
S2140416F06F6D6D616E64732E00667261676D656EE4
S214041700746174696F6E2072656C617465642063BD
S2140417106F6D6D616E64732E007365742D72782D13
S21404172077696E646F772D73697A65006172746980
S21404173066696369616C2D626C6F636B2D64726F8E
S214041740700046696E6420616E642062696E64206F
S21404175072656C6174656420636F6D6D616E64732D
S2140417602E00696E69746961746F7200656E642D0B
S2140417706465766963652D737570706F7274207214
S214041780656C6174656420636F6D6D616E64732E41
S21404179000706F6C6C2D636F6D706C657465642D72
S2140417A063616C6C6261636B00666F7263652D7354
S2140417B0686F72742D706F6C6C00656E61626C6518
S2140417C05F7479706500737461636B006170700098
S2140417D07A636C006C65676163795F61665F6465F4
S2140417E062756700636F756E746572732072656CDC
S2140417F06174656420636F6D6D616E64732E007032
S21404180072696E742D636F756E7465722D7479705B
S214041810650073696D706C652D7072696E74007006
S21404182072696E742D7468726573686F6C64730085
S2140418307365742D7468726573686F6C6400726582
S2140418407365742D7468726573686F6C6473007363
S214041850656E642D72657175657374007365637562
S214041860726974792072656C6174656420636F6D47
S2140418706D616E6473007365742D616C6C6F772D87
S21404188074727573742D63656E7465722D72656AF1
S2140418906F696E2D7573696E672D77656C6C2D6B2D
S2140418A06E6F776E2D6B6579007365742D616C6C45
S2140418B06F772D74727573742D63656E7465722DEF
S2140418C072656A6F696E2D7573696E672D77656CC0
S2140418D06C2D6B6E6F776E2D6B65792D74696D65E7
S2140418E06F7574007365742D6B65792D72657175EB
S2140418F06573742D706F6C696379006D66672D74FB
S2140419006F6B656E006170730053656375726974FE
S21404191079206170732072656C6174656420636FEE
S2140419206D6D616E64732E004765742F7365742045
S2140419304D464720746F6B656E2E00656E64706F3F
S214041940696E742072656C6174656420636F6D6D76
S214041950616E64732E00656570726F6D20757469B0
S2140419606C6974792072656C6174656420636F6D4C
S2140419706D616E647300536C6F74204D616E6167A5
S21404198065722072656C6174656420636F6D6D6149
S2140419906E647300626F6F742D736C6F740065727F
S2140419A06173652D736C6F74006578742D666C6155
S2140419B073682D696E666F00736C6F74732D696E31
S2140419C0666F005072696E74732074696D652E00BC
S2140419D05072696E7473206174747269627574658A
S2140419E02E00436C6561727320746865205A444FF8
S2140419F0206C697374206F6620636C69656E74204E
S214041A0028696E2920636C7573746572732E0041A1
S214041A1064647320636C75737465727320746F20CA
S214041A20746865206B6E6F776E20636C69656E7480
S214041A302028696E2920636C757374657273206F31
S214041A406E2074686973206465766963652E004346
S214041A506C6561727320746865205A444F206C6903
S214041A607374206F6620636C69656E7420286F75C6
S214041A70742920636C7573746572732E00416464F4
S214041A807320636C75737465727320746F20746846
S214041A9065206B6E6F776E20636C69656E742028A4
S214041AA06F75742920636C757374657273206F6E1A
S214041AB02074686973206465766963652E005365CF
S214041AC06E647320616E207570646174652063684B
S214041AD0616E6E656C20726571756573742E006335
S214041AE068616E6E656C1F0053656E647320616E6C
S214041AF020757064617465206368616E6E656C2021
S214041B0070616765207265712E2054686520737451
S214041B1061636B2073656E6473206E776B20656EED
S214041B2068616E63656420757064617465207265AF
S214041B307120666F72206E6F6E2D7A65726F2070DC
S214041B406167652E006368616E6E656C1F70616701
S214041B50651F00506572666F726D7320616E206536
S214041B606E65726779207363616E2E0074617267A6
S214041B7065744E6F646549641F7363616E44757261
S214041B806174696F6E1F7363616E436F756E741F45
S214041B900042726F616463617374732074686520B5
S214041BA04944206F6620746865206E6577206E65EC
S214041BB074776F726B206D616E6167657220616EFB
S214041BC06420616374697665206368616E6E656C13
S214041BD0732E006E776B4D676549641F6368616E8C
S214041BE06E656C4D61736B1F00506572666F726D27
S214041BF07320616E20656E65726779207363616E0B
S214041C00206F6E20676976656E206368616E6E6508
S214041C106C206D61736B2E007461726765744E6F11
S214041C20646549641F7363616E4475726174696F99
S214041C306E1F7363616E436F756E741F6368616EA7
S214041C406E656C4D61736B1F0053656E6473206123
S214041C50206E6574776F726B20616464726573734B
S214041C60207265717565737420666F72207468657A
S214041C7020676976656E204945454520616464722F
S214041C806573732E00696565651F00526571756519
S214041C9073747320616E20494545452061646472FF
S214041CA0657373206261736564206F6E20612067BC
S214041CB06976656E206E6F64652049442E006E6FEB
S214041CC0646549641F0053656E64732061207369FC
S214041CD06D706C652064657363726970746F7220CE
S214041CE07265717565737420666F722074686520FA
S214041CF073686F7274206164647265737320616EB6
S214041D006420656E64706F696E74207370656369B1
S214041D10666965642E00646573741F746172676512
S214041D2074456E64706F696E741F0053656E6473D9
S214041D302061206D617463684465736372697074AE
S214041D406F72735265717565737420746F2074684E
S214041D506520676976656E2064657374696E617460
S214041D60696F6E2077697468207468652067697681
S214041D70656E2070726F66696C652E006E6F6465A2
S214041D8049641F70726F66696C651F0053656E64E4
S214041D90732061206E6F6465206465736372697076
S214041DA0746F72207265717565737420746F206128
S214041DB020676976656E2074617267657420646551
S214041DC0766963652E007461726765741F005365D7
S214041DD06E64732061205A444F2042696E64206307
S214041DE06F6D6D616E6420746F2061206465766922
S214041DF063652073706563696669656420696E202F
S214041E0074686520636F6D6D616E642061726775BA
S214041E106D656E74732E0044657374696E617469BF
S214041E206F6E1F536F7572636520656E64706F699D
S214041E306E741F44657374696E6174696F6E206591
S214041E406E64706F696E741F636C75737465724923
S214041E50441F72656D6F746545554936341F646555
S214041E60737445554936341F0053656E6473206198
S214041E706E2061637469766520656E64706F696E42
S214041E8074207265717565737420746F2074686548
S214041E90206465766963652077697468207468656C
S214041EA020676976656E2073686F72742049442EC5
S214041EB00053656E647320616E20756E62696E648D
S214041EC0207265717565737420666F722061207563
S214041ED06E69636173742062696E64696E672074E8
S214041EE06F20746865207461726765742064657613
S214041EF06963652E007461726765741F736F75720B
S214041F0063652065756936341F736F757263652063
S214041F10656E64706F696E741F636C757374657236
S214041F2049441F64657374696E6174696F6E4555C0
S214041F304936341F64657374696E6174696F6E2004
S214041F40656E64706F696E741F0053656E647320EB
S214041F50616E20756E62696E642072657175657354
S214041F607420666F722061206D756C74696361738A
S214041F70742062696E64696E6720746F2074686585
S214041F8020746172676574206465766963652E00E3
S214041F907461726765741F736F7572636520657507
S214041FA06936341F736F7572636520656E64706F6F
S214041FB0696E741F636C757374657249441F677227
S214041FC06F7570416464726573731F0053656E6445
S214041FD0732061205A444F204D616E6167656D65BC
S214041FE06E74204C6561766520636F6D6D616E64FA
S214041FF020746F2074686520746172676574206449
S21404200065766963652E007461726765741F726510
S2140420106D6F76654368696C6472656E1F72656A77
S2140420206F696E1F0053656E64732061205A444FB7
S214042030204D474D542D42696E64202842696E64D3
S214042040696E67205461626C6529205265717565F6
S214042050737420746F207468652074617267657485
S214042060206465766963652E007461726765741F03
S2140420707374617274496E6465781F0053656E6488
S214042080732061205A444F204D474D542D4C5149DE
S21404209020284C5149205461626C65292052657190
S2140420A07565737420746F20746865207461726734
S2140420B06574206465766963652E0053656E647383
S2140420C02061205A444F20506F7765722044657310
S2140420D063726970746F72205265717565737420CB
S2140420E0746F207468652074617267657420646513
S2140420F0766963652E0053656E64732061205A44C6
S2140421004F20726F757465207265717565737420DF
S214042110636F6D6D616E6420746F207468652074DF
S21404212061726765742E007461726765741F696EE8
S2140421306465781F00696E6465781F657569363452
S2140421401F696E7374616C6C436F64651F00696EFF
S2140421506465781F65756936341F6B65791F00548E
S21404216043206C696E6B206B6579207265717565AA
S214042170737420706F6C6963791F417070206C698A
S2140421806E6B206B6579207265717565737420704B
S2140421906F6C6963791F00426F6F6C3A20616C6CD8
S2140421A06F772074727573742063656E746572201D
S2140421B072656A6F696E207573696E672077656CE1
S2140421C06C2D6B6E6F776E206B65791F0070726F67
S2140421D066696C6549641F636C75737465724964DB
S2140421E01F0074617267657449641F00456E6162FE
S2140421F06C6573207072696E74696E67206F6620F2
S2140422005278206D657373616765732E0053657429
S21404221073207468652062696E64696E67207461F1
S214042220626C6500696E6465781F636C75737465AB
S214042230721F6C6F63616C45701F72656D6F746599
S21404224045701F65756936341F00436C656172738B
S214042250207468652062696E64696E6720746162C2
S2140422606C652E005072696E747320746865206203
S214042270696E64696E67207461626C6520746F2091
S21404228074686520636F6D6D616E64206C696E653D
S2140422902E00436C6561727320616C6C20736563F9
S2140422A07572697479206B6579732E0044656C6564
S2140422B0746520746865207370656369666965640F
S2140422C0206C696E6B206B657920696E6465782E68
S2140422D0005072696E747320616C6C20736563754C
S2140422E072697479206B6579732E005465726D6912
S2140422F06E6174657320746865206D756C74692DE1
S21404230050485920696E746572666163650055733A
S214042310656420746F207374617274206D756C74B8
S214042320692D50485920696E74657266616365202C
S2140423306F74686572207468616E206E6174697665
S2140423406520616E6420666F726D20746865206E09
S2140423506574776F726B2E2054686520737461639E
S2140423606B20757365732073616D652050616E49CB
S21404237064206173206E6174697665207261646995
S2140423806F206E6574776F726B2E00706167651FC1
S2140423906368616E6E656C1F706F7765721F6F7011
S2140423A074696F6E734D61736B20284269742030B4
S2140423B0203D20526F757465727320616C6C6F7764
S2140423C065642C204269742031203D2042726F617E
S2140423D0646361737420616C6C6F776564291F0095
S2140423E0417474656D70747320746F206368616ED5
S2140423F0676520746865206368696C642074696D19
S214042400656F7574206F7074696F6E206D61736B81
S21404241020746F2066696C746572206F75742075FD
S2140424206E646573697261626C652076616C75654D
S214042430732028652E672E206E6F206D6F726520C0
S2140424407468616E20332064617973292E00746980
S2140424506D656F7574206F7074696F6E206D61732F
S2140424606B1F0053776974636865732062657477BD
S21404247065656E20646966666572656E74206B6554
S214042480657020616C697665206D6F646573207372
S2140424907570706F72746564206279206120726F43
S2140424A0757465722E004B65657020616C6976657F
S2140424B0206D6F64651F005072696E7473207468B3
S2140424C0652063757272656E74204E6F646520496C
S2140424D0442C2045554936342C20616E64205061C6
S2140424E06E2049442E00496E697469616C697A6588
S2140424F0732061206E6574776F726B3B2074686915
S214042500732069732061207465737420636F6D6D26
S214042510616E64207573656420666F722074632D23
S214042520737761702D6F75742074657374696E6744
S2140425302E005365747320746865206E6574776F17
S214042540726B20696E6465782075736564206279A1
S21404255020616C6C2066757475726520434C492046
S214042560636F6D6D616E64732E20204265666F72B4
S2140425706520657865637574696E67206120434CD1
S2140425804920636F6D6D616E642C207468652066E7
S21404259072616D65776F726B2073776974636865B3
S2140425A07320746F2074686973206E6574776F7215
S2140425B06B2E202041667465722074686520636FF4
S2140425C06D6D616E642066696E69736865732065F7
S2140425D07865637574696E672C2074686520667206
S2140425E0616D65776F726B20737769746368657362
S2140425F0206261636B20746F207468652070726556
S21404260076696F7573206E6574776F726B2E2020F3
S21404261054686520434C4920757365732074686557
S2140426202073616D65206E6574776F726B20696EBA
S21404263064657820756E74696C20746865206465BA
S2140426407669636520726573657473206F7220699A
S21404265074206973206368616E67656420746872A9
S2140426606F756768207468697320636F6D6D616E3B
S214042670642E00417474656D70747320746F2063E7
S21404268068616E676520646576696365206F766544
S2140426907220746F206120646966666572656E7464
S2140426A0206368616E6E656C20676976656E206966
S2140426B06E20746865206368616E6E656C20617256
S2140426C067756D656E742E00546865206368616E68
S2140426D06E656C20746F206368616E676520746F26
S2140426E01F0066696E64556E7573656450616E4945
S2140426F0640066696E644A6F696E61626C654E65F5
S21404270074776F726B005065726D697473206A6FAC
S214042710696E696E67206F6E20746865206E6574D6
S214042720776F726B20666F72206120676976656EBC
S214042730206E756D626572206F66207365636F6EBA
S214042740647320414E442062726F616463617374E3
S214042750732061205A444F204D676D742050657273
S2140427606D6974204A6F696E696E6720726571754B
S21404277065737420746F20616C6C20726F75746559
S21404278072732E00412073696E676C6520627974DB
S2140427906520696E6469636174696E6720686F7723
S2140427A0206C6F6E6720746865206465766963655F
S2140427B02073686F756C6420686176652070657236
S2140427C06D6974206A6F696E696E67207475726EBF
S2140427D06564206F6E20666F722E20412076616CD1
S2140427E07565206F662030786666207475726E7321
S2140427F0206F6E207065726D6974206A6F696E2032
S214042800696E646566696E6974656C792E1F00432B
S2140428106865636B73206E6574776F726B20706A7D
S2140428206F696E207374617475732E0057726974C1
S21404283065732074686520657874656E64656420C5
S21404284070616E20494420666F7220746865206447
S21404285065766963652E0065787470616E69641FB9
S2140428600052656A6F696E7320616E2065786973BD
S21404287074696E67206E6574776F726B20696E205C
S2140428806120736563757265206F7220696E736567
S21404289063757265206D616E6E6572207769746803
S2140428A0206120646966666572656E742064657668
S2140428B069636520747970652E00426F6F6C65617C
S2140428C06E206E6574776F726B206B657920617607
S2140428D061696C6162696C6974791F4368616E6EC4
S2140428E0656C206D61736B1F416E20656E756D653A
S2140428F0726174696F6E20696E6469636174696E6F
S21404290067207468652064657669636520747970E9
S2140429106520746F2072656A6F696E2061732E5429
S214042920686520737461636B206F6E6C79206163D5
S214042930636570747320534C5F5A49474245455F3C
S214042940454E445F44455649434520616E642053D2
S2140429504C5F5A49474245455F534C454550595F7D
S214042960454E445F4445564943452E1F0052654A2A
S2140429706F696E732061206E6574776F726B2E00BC
S214042980426F6F6C65616E206E6574776F726B2034
S2140429906B657920617661696C6162696C697479CA
S2140429A01F4368616E6E656C206D61736B1F004C0F
S2140429B065617665732061206E6574776F726B2E21
S2140429C0005475726E73207065726D6974206A6F38
S2140429D0696E696E67206F6E20666F722074686514
S2140429E020616D6F756E74206F662074696D652046
S2140429F0696E646963617465642E00412073696E50
S214042A00676C65206279746520696E6469636174B5
S214042A10696E6720686F77206C6F6E6720746865D0
S214042A20206465766963652073686F756C642068D6
S214042A30617665207065726D6974206A6F696E6967
S214042A406E67207475726E206F6E20666F722E200D
S214042A50412076616C7565206F6620307866662046
S214042A607475726E73207065726D6974206A6F690E
S214042A706E20696E646566696E6974656C792E1F6E
S214042A80004A6F696E732061206E6574776F726B8F
S214042A90206F6E206120676976656E206368616EBC
S214042AA06E656C2C2077697468206120676976658A
S214042AB06E20545820506F77657220616E642050E3
S214042AC0414E2049442E00546865206368616E6E4A
S214042AD0656C206F6E20776869636820746F206A5F
S214042AE06F696E20746865206E6574776F726B1FED
S214042AF04F6E652D62797465207369676E65642010
S214042B0076616C756520696E6469636174696E6765
S214042B102074686520545820506F77657220746856
S214042B2061742074686520726164696F2073686FCD
S214042B30756C642062652073657420746F1F546816
S214042B40652050414E204944206F6E2077686963A3
S214042B506820746F206A6F696E20746865206E65DD
S214042B6074776F726B1F00466F726D732061206EF0
S214042B706574776F726B206F6E2061206769766567
S214042B806E206368616E6E656C2C207769746820AD
S214042B906120676976656E20545820506F77657299
S214042BA020616E642050414E2049442E00546865CE
S214042BB0206368616E6E656C206F6E20776869634B
S214042BC06820746F20666F726D20746865206E6569
S214042BD074776F726B1F4F6E652D62797465207300
S214042BE069676E65642076616C756520696E6469D4
S214042BF0636174696E672074686520545820506F4A
S214042C0077657220746861742074686520726164E4
S214042C10696F2073686F756C6420626520736574D1
S214042C2020746F1F5468652050414E204944206F1D
S214042C306E20776869636820746F20666F726D20F3
S214042C40746865206E6574776F726B1F00546869CC
S214042C507320696E697469617465732061205443D6
S214042C604C4B207570646174652070726F63656484
S214042C707572652E0053706563696679207468659D
S214042C8020616D6F756E74206F662074696D6520A3
S214042C90746F2077616974206166746572206F6E44
S214042CA0652054434C4B20757064617465206F70C6
S214042CB065726174696F6E20636F6D706C657465A0
S214042CC073206265666F726520626567696E6E69F9
S214042CD06E672061206E65772054434C4B207570D8
S214042CE064617465206F7065726174696F6E2E001E
S214042CF054686520616D6F756E74206F6620746904
S214042D006D65206265747765656E2073756273659C
S214042D107175656E742074727573742063656E7451
S214042D206572206C696E6B206B65792075706461C2
S214042D3074657320696E206D696C6C697365636F66
S214042D406E64731F00536574206F7220636C656134
S214042D50722073746179206177616B65207768658A
S214042D606E206E6F74206A6F696E656400536574B6
S214042D70206F7220636C65617220666F72636520D3
S214042D806177616B6500446973706C61792074685F
S214042D906520736C65657020737461747573004682
S214042DA04F522054455354494E4720505552504F85
S214042DB0534553202D206761746865722074696DCD
S214042DC0696E67206D65747269637320666F72201E
S214042DD07265706F7274696E67207461626C6520C8
S214042DE06F7065726174696F6E732E00436C6561F3
S214042DF0727320746865206C617374207265706FDA
S214042E0072742074696D65206F66206174747269CB
S214042E1062757465732E00416464732061206E6568
S214042E207720656E74727920746F207468652072DA
S214042E3065706F7274207461626C652E00546865E8
S214042E40206C6F63616C20656E64706F696E7420AD
S214042E5066726F6D207768696368207468652061A0
S214042E607474726962757465206973207265706F14
S214042E70727465641F54686520636C757374657238
S214042E802077686572652074686520617474726959
S214042E9062757465206973206C6F63617465641F62
S214042EA0546865204944206F662074686520617400
S214042EB074726962757465206265696E67207265EE
S214042EC0706F727465641F3020666F7220636C695D
S214042ED0656E742D736964652061747472696275B5
S214042EE0746573206F72203120666F72207365726A
S214042EF07665722D7369646520617474726962758F
S214042F007465731F546865206D696E696D756D20F0
S214042F107265706F7274696E6720696E7465727616
S214042F20616C2C206D6561737572656420696E2012
S214042F307365636F6E64732E1F546865206D6178C5
S214042F40696D756D207265706F7274696E6720693D
S214042F506E74657276616C2C206D6561737572652E
S214042F606420696E207365636F6E64732E1F5468E5
S214042F7065206D696E696D756D206368616E676541
S214042F8020746F2074686520617474726962757445
S214042F906520746861742077696C6C20726573753B
S214042FA06C7420696E2061207265706F7274206282
S214042FB065696E672073656E742E1F0052656D6FAB
S214042FC076657320616E20656E7472792066726F02
S214042FD06D20746865207265706F72742074616207
S214042FE06C652E0054686520696E646578206F668B
S214042FF020746865207265706F727420746F206226
S214043000652072656D6F7665641F00436C6561723A
S2140430107320616C6C20656E7472696573206672C9
S2140430206F6D20746865207265706F7274207461A9
S214043030626C652E005072696E7473207468652025
S2140430407265706F7274207461626C652E005769C5
S21404305070657320616C6C206461746120696E20F5
S2140430607468652073746F72616765206465766939
S21404307063652E005072696E74732061726269749F
S21404308072617279206279746573206F6620746841
S21404309065204F544120696D616765206F6E20641A
S2140430A069736B2E0054686520696E646578206FBA
S2140430B0662074686520696D61676520746F20708A
S2140430C072696E742069747320646174611F546835
S2140430D065206F666673657420696E746F20746805
S2140430E065204F544120696D61676520746861747A
S2140430F02077696C6C206265207072696E746564F2
S2140431001F005072696E747320696E666F726D610B
S21404311074696F6E2061626F7574207468652073BD
S214043120746F72616765206465766963652E005204
S214043130656C6F6164207468652073746F72616770
S21404314065206465766963652E0044656C65746500
S214043150732074686520696D6167652061742074E6
S21404316068652073706563696669656420696E6462
S21404317065782E0054686520696E646578206174ED
S21404318020776869636820746F20626567696E20BB
S21404319064656C6574696E672074686520696D6122
S2140431A067651F005072696E7473207468652069C1
S2140431B06D616765732E00456E61626C6573204FA2
S2140431C0544120646F776E6772616465732E0044A1
S2140431D0697361626C6573204F544120646F776E27
S2140431E06772616465732E0053656E647320616E46
S2140431F02055706772616465456E645265717565C5
S214043200737420746F20616E204F5441207365726E
S2140432107665722E0043616E206265207573656460
S21404322020746F2064796E616D6963616C6C7920BB
S2140432307475726E206F66662073656E64696E6759
S2140432402070616765207265717565737473206F8D
S2140432506E2074686520636C69656E742073696497
S214043260652C2069662074686520736572766572BD
S21404327020646F65736E277420737570706F727434
S214043280207468697320666561747572652E0042E1
S2140432906F6F6C65616E2076616C756520747572EF
S2140432A06E696E67206F6E20283129206F72206F3A
S2140432B0666620283029207468652070616765205A
S2140432C07265717565737420666C61671F0053655B
S2140432D06E647320616E20696D61676520626C6F31
S2140432E0636B207265717565737420666F722061F6
S2140432F02066696C652074686520736572766572ED
S2140433002073686F756C64206E6F742068617665D0
S2140433102E202054657374206861726E6573732062
S2140433206F6E6C79202874657374206361736520EE
S214043330392E352E36202D204D697373696E67201D
S21404334046696C6529005072696E747320696E66EE
S2140433506F726D6174696F6E206F6E20746865207D
S21404336063757272656E74207374617465206F661B
S21404337020746865204F544120636C69656E742020
S214043380646F776E6C6F61642E0053746F70732075
S214043390746865204F5441207374617465206D61B0
S2140433A06368696E652E0053746172747320746862
S2140433B065204F544120636C69656E742073746194
S2140433C07465206D616368696E652E205468652097
S2140433D07374617465206D616368696E65206469E1
S2140433E073636F7665727320746865204F5441204A
S2140433F07365727665722C207175657269657320C3
S214043400666F72206E657720696D616765732C2020
S214043410646F776E6C6F6164732074686520696D81
S2140434206167657320616E642077616974732066D2
S2140434306F72207468652073657276657220636F98
S2140434406D6D616E6420746F20757067726164655B
S2140434502E005072696E747320746865206D616EF8
S2140434607566616374757265722049442C20496DD3
S21404347061676520547970652049442C20616E6428
S2140434802056657273696F6E20696E666F726D6121
S21404349074696F6E20746861742061726520757338
S2140434A06564207768656E20612071756572792081
S2140434B06E65787420696D6167652069732073652D
S2140434C06E7420746F2074686520736572766572F6
S2140434D02062792074686520636C69656E742E00BA
S2140434E0506572666F726D73207369676E6174756A
S2140434F0726520766572696669636174696F6E20A9
S2140435006F6E2074686520696D616765206174203C
S2140435107468652073706563696669656420696E9E
S2140435206465782E0054686520696E646578206149
S2140435307420776869636820746F20626567696EB3
S21404354020766572696669636174696F6E206F665A
S2140435502074686520696D6167651F00426F6F742B
S2140435606C6F6164732074686520696D616765209B
S2140435706174207468652073706563696669656440
S21404358020696E6465782062792063616C6C696E6C
S2140435906720746865204F544120626F6F746C6FA7
S2140435A061642063616C6C6261636B2E00546865B1
S2140435B020696E6465782061742077686963682082
S2140435C0746F20626567696E20626F6F746C6F61DA
S2140435D064696E672074686520696D6167651F009D
S2140435E05072696E747320696E666F2061626F75BF
S2140435F0742074686520696E7374616C6C656420ED
S214043600626F6F746C6F616465722E0053756274BA
S21404361072616374732061206368616E6E656C20EA
S21404362066726F6D206569746865722074686520BB
S2140436307072696D617279206F72207365636F6E44
S21404364064617279206368616E6E656C206D617367
S2140436506B206F6620746865206E6574776F726B76
S2140436602D7374656572696E6720636F6D706F6E17
S214043670656E742E00546865206368616E6E656CB2
S214043680206D61736B20746F20737562747261634E
S2140436907420746865206368616E6E656C2066725B
S2140436A06F6D1F546865206368616E6E656C207468
S2140436B06F20737562747261637420746865206D1C
S2140436C061736B2066726F6D1F00416464732061C2
S2140436D0206368616E6E656C20746F20656974681B
S2140436E0657220746865207072696D617279206FE6
S2140436F072207365636F6E64617279206368616EAD
S2140437006E656C206D61736B206F6620746865202F
S2140437106E6574776F726B2D7374656572696E6708
S21404372020636F6D706F6E656E742E00546865202E
S2140437306368616E6E656C206D61736B20746F20B8
S2140437406164642061206368616E6E656C20746FCA
S2140437501F546865206368616E6E656C20746F2004
S21404376061646420746F20746865206D61736B1FD8
S214043770005365747320656974686572207468659F
S214043780207072696D617279206F72207365636F41
S2140437906E64617279206368616E6E656C206D611B
S2140437A0736B2E00546865206368616E6E656C20CA
S2140437B06D61736B20746F207375627472616374C9
S2140437C020746865206368616E6E656C2066726F2F
S2140437D06D1F5468652076616C756520746F207360
S2140437E0657420746865206368616E6E656C206D10
S2140437F061736B20746F2E1F005365747320746896
S21404380065207072652D636F6E6669677572656490
S214043810206B657920736F20746861742074686502
S214043820206A6F696E696E672064657669636520D1
S21404383063616E20656E74657220746865206E65BB
S21404384074776F726B2E00536574732074686520EA
S214043850707265636F6E66696775726564206B6502
S214043860791F0053746F707320746865206E6574D6
S214043870776F726B207374656572696E67207072F9
S2140438806F636573732E0053746172747320746867
S21404389065206E6574776F726B20737465657269E4
S2140438A06E672070726F636573732E0041206D61BE
S2140438B0736B206F66206F7074696F6E7320666F0B
S2140438C07220696E6469636174696E6720737065DB
S2140438D06369666963206265686176696F722077DA
S2140438E0697468696E20746865206E6574776F7293
S2140438F06B2D7374656572696E672070726F63658D
S21404390073732E1F00446973706C61797320746836
S214043910652063757272656E742073746174757352
S214043920206F6620746865206E6574776F726B20EE
S2140439307374656572696E672070726F63657373FE
S2140439402E00436C65617273207468652067726F1D
S214043950757073207461626C65206F6E2065766581
S214043960727920656E64706F696E74005072696E49
S214043970747320696E666F726D6174696F6E206110
S214043980626F75742074686520636F6E74656E74F8
S21404399073206F66207468652067726F7570732075
S2140439A07461626C652E004172746966696369614C
S2140439B06C6C792064726F70732074686520626C16
S2140439C06F636B206E756D62657220646566696EE2
S2140439D06564206279207468652070617373656419
S2140439E020617267756D656E74206F6E6C79206FDA
S2140439F06E63652C20616E64207468656E20616C4D
S214043A006C6F77732069742075706F6E20612072F6
S214043A10657472792E0054686520626C6F636B203F
S214043A206E756D62657220746F2061727469666962
S214043A306369616C6C792064726F7020746F2066A1
S214043A406F7263652061207265747279202D20730D
S214043A50657420746F203078464620746F2064693D
S214043A607361626C651F0053657473207468652007
S214043A70726563656976652077696E646F7720730F
S214043A80697A652E2020427920646566696E6974B9
S214043A90696F6E20696E2074686520536D61727458
S214043AA020456E657267792070726F66696C652052
S214043AB06974206D75737420626520736574207450
S214043AC06F203120627574207468697320616C6C91
S214043AD06F777320697420746F2062652063686151
S214043AE06E6765642E00546865206D6178206E7577
S214043AF06D626572206F662074686520626C6F6301
S214043B006B73207265636569766564206265666FAB
S214043B10726520616E204150532061636B20697387
S214043B202067656E6572617465641F004D616B6520
S214043B30732074686973206E6F6465207374617291
S214043B4074206964656E74696679696E672061734A
S214043B5020612074617267657420666F72206269E2
S214043B606E64696E67207769746820616E20696E7A
S214043B7069746961746F72206E6F64652E00546890
S214043B806520656E64706F696E74206F6E2077684A
S214043B9069636820746F20626567696E207468655F
S214043BA02046696E64696E6720616E642042696EA1
S214043BB064696E67207461726765742070726F63DF
S214043BC06573731F004D616B657320746869732099
S214043BD06E6F6465207374617274207468652069FE
S214043BE06E69746961746F722070617274206F6696
S214043BF0207468652066696E64696E6720616E6409
S214043C002062696E64696E672070726F6365737391
S214043C102E0054686520656E64706F696E74206F3C
S214043C206E20776869636820746F20626567696EC2
S214043C30207468652046696E64696E6720616E64E8
S214043C402042696E64696E6720696E69746961747E
S214043C506F722070726F636573731F00536574739D
S214043C6020776865746865722074686520434C49DB
S214043C7020666F7263657320746865206465766970
S214043C80636520746F2073686F727420706F6C6C39
S214043C902E005468652076616C756520696E6469CB
S214043CA0636174696E6720776865746865722074EA
S214043CB06865206465766963652073686F756C64EF
S214043CC02073686F727420706F6C6C1F0053657479
S214043CD07320776865746865722074686520646507
S214043CE0766963657320706F6C6C20636F6D706C9F
S214043CF0657465642063616C6C6261636B206675D1
S214043D006E6374696F6E20697320656E61626C659C
S214043D10642E005468652076616C756520696E644F
S214043D2069636174696E6720776865746865722074
S214043D30746865206465766963657320706F6C6C5F
S214043D4020636F6D706C657465642063616C6C626F
S214043D5061636B2066756E6374696F6E2069732089
S214043D60656E61626C65641F00446973706C61798A
S214043D70732074686520737461747573206F66208D
S214043D8074686520456E64204465766963657320AF
S214043D90706F6C6C696E672E00456E61626C652F81
S214043DA064697361626C6520646562756720606C23
S214043DB0656761637920617070206672616D6577EE
S214043DC06F726B20646562756760207072696E74CA
S214043DD020747970652E00456E61626C652F646987
S214043DE07361626C651F00456E61626C652F646961
S214043DF07361626C6520646562756720607A636CC3
S214043E0060207072696E7420747970652E00456E39
S214043E1061626C652F64697361626C6520646562B7
S214043E207567206061707060207072696E742074AB
S214043E307970652E00456E61626C652F64697361E6
S214043E40626C652064656275672060636F72656086
S214043E50207072696E7420747970652E00456E61E8
S214043E60626C652F64697361626C65206465627553
S214043E70672060737461636B60207072696E74206F
S214043E80747970652E0053656E64732061207265C4
S214043E90717565737420666F72204F544120636F8A
S214043EA0756E746572732E00526573657473206143
S214043EB06C6C207468726573686F6C6473207661CA
S214043EC06C75657320746F203078464646462E001F
S214043ED0536574732061207468726573686F6C64CC
S214043EE02076616C756520666F7220612070617241
S214043EF0746963756C61722074797065206F6620CE
S214043F00636F756E7465722E0054797065206F66E3
S214043F1020636F756E7465721F5468726573686F7C
S214043F206C642056616C75651F005072696E7473FC
S214043F3020746865207468726573686F6C64732097
S214043F406F6620616C6C2074686520636F756E7490
S214043F506572732E00436C6561727320616C6C200D
S214043F60636F756E7465722076616C7565732E006A
S214043F705072696E747320616C6C20636F756E7416
S214043F8065722076616C7565732E005072696E7466
S214043F9073207468652076616C7565206F6620747E
S214043FA068697320706172746963756C61722063EA
S214043FB06F756E7465722E0054686520636F756E37
S214043FC0746572207479706520746F207072696EDF
S214043FD0741F005072696E747320616C6C20636F7A
S214043FE0756E7465722076616C75657320616E6497
S214043FF020636C65617273207468656D2E0053656A
S21404400074204D464720746F6B656E2C2043414EDA
S2140440104E4F5420424520554E5345542042592075
S214044020434C492E005072696E74204D46472074E6
S2140440306F6B656E2E005072696E742061637469CE
S2140440407665206576656E74732E004469736162C6
S2140440506C652074686520656E64706F696E742084
S214044060666F72205A434C206D657373616765737F
S2140440702E00456E64706F696E7420696E64657890
S2140440801F00456E61626C65732074686520656EFA
S21404409064706F696E7420666F72205A434C206D8C
S2140440A0657373616765732E005072696E7420734E
S2140440B07461747573206F6620656E64706F696EC4
S2140440C074732E0053686F77732074686520766562
S2140440D07273696F6E206F662074686520736F66EE
S2140440E074776172652E0053657420746865206366
S2140440F06F6E66696775726564203830322E3135A6
S2140441002E3420434341206D6F646520696E20740D
S214044110686520726164696F2E2053656520646F3C
S21404412063756D656E746174696F6E207265676120
S2140441307264696E67205241494C5F49454545386B
S21404414030323135345F4363614D6F64655F742E7E
S2140441500041205241494C5F49454545383032318B
S21404416035345F4363614D6F64655F742076616CBC
S21404417075651F0052657475726E7320505449201D
S214044180726164696F20636F6E66696720696E6624
S2140441906F726D6174696F6E20746F2064657465E8
S2140441A0726D696E6520746865205048592074796C
S2140441B07065206265696E67207573656420627930
S2140441C0205241494C2E2072657475726E207661B9
S2140441D06C756520697320656E756D205241494C77
S2140441E05F494545453830323135345F507469523D
S2140441F06164696F436F6E6669675F7420652E67D6
S21404420020205241494C5F494545453830323135C6
S214044210345F5054495F524144494F5F434F4E46C2
S21404422049475F32503447485A203D203078303072
S21404423055205241494C5F49454545383032313561
S214044240345F5054495F524144494F5F434F4E4692
S21404425049475F32503447485A5F414E54444956A2
S214044260203D203078303155205241494C5F494535
S21404427045453830323135345F5054495F524144F5
S214044280494F5F434F4E4649475F32503447485A7A
S2140442905F434F4558203D203078303255205241F8
S2140442A0494C5F494545453830323135345F5054C2
S2140442B0495F524144494F5F434F4E4649475F3238
S2140442C0503447485A5F414E544449565F434F451D
S2140442D058203D2030783033550053656E64732083
S2140442E0612072656164206174747220666F722046
S2140442F07468652074696D65206F6620746865202F
S2140443006465766963652073706563696669656468
S2140443102E2049742073657473206120666C61676F
S21404432020736F207768656E2069742067657473E0
S2140443302074686520726573706F6E736520697487
S21404434020777269746573207468652074696D6576
S21404435020746F20697473206F776E2074696D659E
S21404436020617474722E0049641F737263456E6410
S214044370706F696E741F64657374456E64706F69DC
S2140443806E741F005768656E2073656E64696E6789
S214044390207573696E6720612062696E64696E6752
S2140443A02C20737065636966696573207768657425
S2140443B06865722061206D756C746963617374201E
S2140443C062696E64696E672073686F756C642062D8
S2140443D06520757365642E007573654D756C746918
S2140443E06361737442696E64696E671F0053656E19
S2140443F064732061207072652D62756666657265E9
S21404440064206D756C746963617374206D65737371
S21404441061676520746F206120676976656E206722
S214044420726F75702049442066726F6D2061206734
S2140444306976656E20656E64706F696E742E0067AB
S214044440726F757049641F7372632D656E64706F46
S214044450696E741F00437265617465732061206D14
S2140444606573736167652062792073706563696636
S21404447079696E6720746865207261772062797442
S21404448065732E20557365207468652073656E64A5
S21404449020636F6D6D616E6420746F2073656E6447
S2140444A020746865206D657373616765206F6E633D
S2140444B06520697420686173206265656E20637286
S2140444C065617465642E2045783A207261772030E1
S2140444D07830303046207B30302030412030302059
S2140444E031312032322033332034342035357D20A8
S2140444F073656E64732061206D65737361676520F0
S214044500746F20636C75737465722031352028309F
S214044510783030304629206F66206C656E67746884
S214044520203820776869636820696E636C756465F3
S2140445307320746865205A434C206865616465720C
S2140445402E00436C757374657249641F446174610C
S2140445501F0052657365747320746865206E6F64FB
S214044560652E005772697465732061206D657373D8
S2140445706167652E00456E64706F696E741F436CC8
S21404458075737465722049441F4174747269627548
S21404459074652049441F4D61736B1F446174612028
S2140445A0747970651F4461746120627974651F00B4
S2140445B052656164732061206D6573736167652E4F
S2140445C000456E64706F696E741F436C7573746512
S2140445D0722049441F417474726962757465204977
S2140445E0441F31206966207365727665722064699B
S2140445F072656374696F6E2C203020696620636C64
S21404460069656E7420646972656374696F6E1F00F1
S21404461053656E64732061206D6573736167652EE0
S2140446200044657374696E6174696F6E1F536F75A9
S21404463072636520656E64706F696E741F4465737B
S21404464074696E6174696F6E20656E64706F696EEE
S214044650741F00536F7572636520656E64706F69AE
S2140446606E741F004C6973747320776869636820DE
S2140446706F7074696F6E616C206C696272617269C6
S2140446806573206F662074686520737461636B209D
S21404469061726520696D706C656D656E7465642005
S2140446A06F6E2074686973206465766963652E008E
S2140446B05072696E747320696E666F726D61746988
S2140446C06F6E2061626F757420746865206E657401
S2140446D0776F726B2073746174652C20636C7573CA
S2140446E0746572732C20616E6420656E64706F69E5
S2140446F06E74732E006F66667365741F005072695D
S2140447006E747320696E666F726D6174696F6E2065
S214044710666F7220616C6C20617661696C61626C94
S2140447206520736C6F74732E005265616473207217
S214044730617720646174612066726F6D20666C61B7
S21404474073682073746F726167652E0041646472C7
S21404475065737320746F20726561641F4E756D6295
S2140447606572206F6620627974657320746F207298
S2140447706561641F005072696E747320666C6173A1
S214044780682073746F7261676520696E666F726DF8
S2140447906174696F6E2E0045726173657320746868
S2140447A0652073706563696669656420736C6F74ED
S2140447B02049442E0053746F7261676520736C6FD2
S2140447C074206E756D6265721F00426F6F7473207D
S2140447D074686520696D61676520696E2074686514
S2140447E02073706563696669656420736C6F7420F2
S2140447F049442E00434C4920696E7374616E6365A8
S214044800206578616D706C650064756D6D795F699F
S2140448106E7374005A434C20636F6D6D616E6473DF
S21404482000626173696300676C6F62616C006D6639
S214044830672D636F6465007573652D6E6578742DDA
S21404484073657175656E636500782D64656661755C
S2140448506C742D7265737000746573742D72657351
S214044860706F6E73652D6F6E00746573742D72654C
S21404487073706F6E73652D6F6666005A434C2062C4
S2140448806173696320636C757374657220636F6DFE
S2140448906D616E6473007274666400436F6D6D615F
S2140448A06E64207468617420726573657473206125
S2140448B06C6C206174747269627574652076616CC0
S2140448C075657320746F20666163746F72792064F3
S2140448D0656661756C742E005241494C006C6F77A6
S2140448E065722D6D61632D7261696C2D3830322EC0
S2140448F031352E342E63006C69627261696C2E61E8
S21404490000756E636C61696D6564006275666665E4
S214044910722D6D616E6167656D656E742E630065DC
S21404492076656E742D71756575652E63007A696794
S2140449306265652D75707065722D6D61632E6300FA
S2140449406E65696768626F722E63006173736F6366
S214044950696174696F6E2E630031383231730031C9
S2140449603432323100313231003273003132323176
S214044970313200313232313100323831003831319F
S2140449800031383231310031323131313231323264
S2140449903231730031323200313231313232310049
S2140449A03131313100323238006D61632D6D756CF2
S2140449B074692D6E6574776F726B2E63006C656711
S2140449C06163792D7061636B65742D6275666665C7
S2140449D0722E6300000002000000000000000000C9
S2140449E0BA040000000002000000000000000000FE
S2140449F0BA040000000102030E312E312E322D625D
S214044A00646536613162350001000002030301006B
S214044A1006000000000003000000000013B779FA47
S214044A20C925DDB7ADF3CFE0F1B614B80102000036
S214044A3000000000FFFFFFFF01000000010000006F
S214044A40000000000000000000000000000000005D
S214044A50000000000000000000000000000000004D
S214044A60000000000000000000000000033F1F00DC
S214044A70E90D0300E50D0300C30D0300910D0300CB
S214044A80210E0300F30D0300930D03002C00000019
S214044A90020202030000000001020000000801B444
S214044AA0444B04000008015A004B04000008004070
S214044AB0BC4A040000000000000000000000FCFEE9
S214044AC0FFFF000000000000FFFF000000000000E1
S214044AD0FFFF000000000000FFFF000000000000D1
S214044AE040001806F4D200002C00B0023DBE0000C0
S214044AF01700F2000C7C00000C0041009E420000EF
S214044B006400FCFEFFFF000000000000FFFF000042
S214044B10000000005A00F306A554FEFF2100A3017E
S214044B20A1FEFFFF1100A600832700000A00610013
S214044B30DC26000006003B00F820000003001500F9
S214044B40AD130000C800FCFEB4008B087BC0FBFF5E
S214044B504D00E402E756FFFF2C00A20183EBFFFFA3
S214044B601A000301B31A00001100A300552900001F
S214044B700A005E005A28000006003A0021220000BF
S214044B8004001800731600003EFF030080B2030002
S214044B9080B2030080B2030080B2030080B2030038
S214044BA080B2030080B2030080B2030080B2030028
S214044BB080B2030080B2030080B2030080B2030018
S214044BC080B2030080B2030080B2030080B2030008
S214044BD080B2030080B2030080B2030080B20300F8
S214044BE080B2030080B2030080B2030080B20300E8
S214044BF080B2030080B203008EB2030080B20300CA
S214044C00A3B2030080B2030080B20300C8B203005C
S214044C1080B2030080B2030080B2030080B20300B7
S214044C20F0B2030080B2030080B2030080B2030037
S214044C3080B2030008B3030080B2030026B3030067
S214044C400B0000000B000000020000000000202003
S214044C5000000000030000008C8C3C0000000000F4
S214044C6000000000000000000000005812000000D1
S214044C7000000000FFFFFFFFFFFFFFFFFFFFFFFF37
S214044C80554E4B00474F200042544C00474F3200CD
S214044C90474F3300474F3400474F3500474F3600E1
S214044CA0474F3700474F3800474F3900474F4100BA
S214044CB0474F4200474F4300474F4400474F450085
S214044CC0474F46004A4D5000424452005550520049
S214044CD042544D004D534D0046544C00554E4B0027
S214044CE0474F200042544C004241440046544C0076
S214044CF0465243004F54410044534C004241500036
S214044D0055504700544D450046415500545A4600F8
S214044D10554E4B0050494E00454D3400554E4B0001
S214044D2048562000554E4B00455850004C574D00F1
S214044D30554E4B005242540044534C00454D3400EB
S214044D40554E4B0041535400554E4B0056465900A1
S214044D50494E4800554E4B004C434B0058544C00AB
S214044D604F424600554E4B00485244004D454D00B8
S214044D70425553005553470044424700444D4100B2
S214044D8056435400554E4B005550200052502000B8
S214044D904150300041503100415020004450200022
S214044DA044454300804C0400844C0400DC4C04005E
S214044DB0104D04001C4D0400244D0400304D040026
S214044DC0404D0400484D0400544D0400644D040056
S214044DD0844D0400554E4B004649420042544C0054
S214044DE04558540050575200574447002053570024
S214044DF0435253004653480042414400464C540034
S214044E0042524F000104010303060105010501098E
S214044E100600060B0000070B050B00000000000050
S214044E20000000000400E40C0A0001041001000065
S214044E300005000200000300C0500400BC5004003B
S214044E40A8500400A4500400A05004009C50040081
S214044E508A5004007A50040060500400585004003D
S214044E604E5004004C5004003450040031500400EA
S214044E70295004001850040008500400F64F04009B
S214044E80DC4F0400D44F0400C84F0400C44F040091
S214044E90C04F0400B24F0400A74F04008E4F040016
S214044EA0754F0400194F0400184F0400084F0400FF
S214044EB0E04E0400D54E0400D44E0400C04E040058
S214044EC000000000000000000000000000000000D9
S214044ED0000000000F0000000000000000000000BA
S214044EE000000000000000000000000000000000B9
S214044EF000000000000000000000000000000000A9
S214044F000000000000000000010000000000000097
S214044F1000000000000000000F0000000000000079
S214044F200000000000000000000000000000000078
S214044F300000000000000000000000000000000068
S214044F400000000000000000000000000000000058
S214044F500000000000000000000000000000000048
S214044F600000000000000000000000000000000038
S214044F700000000000000000000000000000000028
S214044F800000000000000000000000000000000018
S214044F900000000000000000000000000000000008
S214044FA000000000000000000000000000000000F8
S214044FB000000000000000000000000000000000E8
S214044FC00000000000000000FFFFFFFFFFFFFFFFE0
S214044FD0FFFF0000000000000000000000000000CA
S214044FE000000000000000000000000000000000B8
S214044FF000000000000000000000000000000000A8
S2140450000000000000000000000000000000000097
S2140450100000000000000000000000000000000087
S214045020000000000000000000FFFFFFFFFFFFFF7E
S214045030FF9C0000FF0000000000000000000000CD
S2140450400000000000000000800000000000FFFFD9
S214045050FFFFFFFFFFFFFFFF00000000FFFF000051
S2140450600000000000000000000000000000000037
S21404507000000000000000000000FFFFFF0000002A
S2140450800000000000000000000000000000000017
S2140450900000000000000000000000000000000007
S2140450A000000000000000000000000000000000F7
S2140450B000000000000000000000000000000000E7
S2140450C0FC030101010101010101010101010101CA
S2140450D001000000000000010020000000000001A4
S2140450E00100002002041104040211101A080A0226
S2140450F01801081110111A080A04020D0B19195C7C
S2140451000110280B0114000000000000000000003D
S214045110000000000001010101010100010101017C
S214045120010101000001010100010001010000006D
S2140451300000000000000000000000000001000065
S21404514000000000000000000000000001FF010055
S21404515023E1010075E4010063E2010063E5010058
S21404516062E1010079EB010064EE010024E1010034
S21404517025E1010026E1010027E1010028E1010004
S21404518029E101002AE1010000000100800001007D
S21404519000010100800101000002010080020100FC
S2140451A020E2010000030100000501008005010063
S2140451B0000601002C89010080060100000701009A
S2140451C001E5010002E50100000801008008010075
S2140451D00040010086321010FFFFFFFFFFFFFFFFB5
S2140451E0B4BB0300BABB0300C0BB0300C6BB0300CA
S2140451F0CCBB0300567777777777777777777777A9
S214045200777777775A6967426565416C6C69616E32
S214045210636530395A6967426565416C6C69616ECD
S214045220636530394E574B205374656572696E67F3
S214045230000095969595950507090D000000000059
S214045240000102030406000032D40300CDE7030085
S214045250E7E70300FEE7030011E8030021E8030084
S21404526035E8030047E8030057E8030073E8030043
S21404527088E803000208010D0D0101011201000077
S214045280FFFFFFFFFFFFFFFF00000000000000001D
S2140452900109050100020000000000031EF1EE0BE8
S2140452A0B0520400C9F403003EFF0300FE000000F1
S2140452B0E5F403001054040000000000EFF40300BB
S2140452C00054040000000000FCF40300F053040043
S2140452D00000000009F50300E0530400000000008D
S2140452E027F50300CC530400000000001FF503005C
S2140452F0B85304000000000026F50300A45304007D
S2140453000000000034F5030094530400000000007D
S214045310A6F3030080530400000000002DF50300EC
S214045320705304000000000039F503005C530400C9
S21404533000000000E5B903004C5304000000000020
S214045340000000000000000000000000D725030055
S2140453504AF5030087F50300010100FFDDE90000BC
S214045360B0F50300F5F50300010100010107FF0095
S21404537099E9000042F60300ADF60300010100FFC0
S214045380D9E80000CEF60300E7F6030000010100AA
S214045390FF000000E92503000CF7030064F7030090
S2140453A00101FF00D12503007BF70300D2F70300B9
S2140453B001010207FF000000CB2503007BF7030072
S2140453C0D2F7030001010207FF000000C525030011
S2140453D07BF70300D2F7030001010207FF00000079
S2140453E08DE80000F3F7030032F80300010101FF23
S2140453F02DE8000051F8030096F80300010000FFB2
S214045400E9E7000051F8030096F80300010000FFE6
S21404541071E80000BDF80300C3F6030000FF0000B7
S214045420BF25030012F90300DE230400FF0000007A
S214045430B925030085F90300DE230400FF000000FD
S214045440C9E70000F4F9030069FA030000FF00004E
S214045450A1E7000081FA0300E3FA030000FF00005E
S214045460AB250300F4FA03003AFB030002FF000036
S21404547069E7000043FB0300B7FB030001FF0000DD
S21404548000000000B7FE030011000000C3FE030086
S21404549012000000CBFE030013000000D3FE03003E
S2140454A021000000DBFE030022000000E2FE0300F1
S2140454B023000000E9FE0300AA000000F0FE03003B
S2140454C0FF00000000000000FFFFFFFFFFFFFFFFDC
S2140454D00000000000000000000001080109020AA4
S2140454E0030B040C050D060E070F0810011801190E
S2140454F0021A031B041C051D061E071F0820012193
S2140455000222032304240525062607270828012942
S214045510022A032B042C052D062E072F08300131F2
S214045520023203380239043A08E004E104E204E8EB
S21404553002E902EA04F008F110000000000000008E
S21404554004050000A455040002000F00CC55040016
S21404555002000F00F455040002000F001C5604005D
S21404556002000F004456040002000F006C560400AC
S21404557002000F009456040002000F00BC560400FC
S21404558002000F00E456040002000F000C5704004B
S21404559002000F003457040002000F005C5704009A
S2140455A002000F00000000008457040003000000FF
S2140455B0400000000000000019000000A857040086
S2140455C004000F008000000000000000000000003F
S2140455D084570400030000004000000000000000A0
S2140455E019000000A857040004000F008000000003
S2140455F000000000000000008457040003000000C0
S214045600400000000000000019000000A857040035
S21404561004000F00800000000000000000000000EE
S214045620845704000300000040000000000000004F
S21404563019000000A857040004000F0080000000B2
S214045640000000000000000084570400030000006F
S214045650400000000000000019000000A8570400E5
S21404566004000F008000000000000000000000009E
S21404567084570400030000004000000000000000FF
S21404568019000000A857040004000F008000000062
S214045690000000000000000084570400030000001F
S2140456A0400000000000000019000000A857040095
S2140456B004000F008000000000000000000000004E
S2140456C084570400030000004000000000000000AF
S2140456D019000000A857040004000F008000000012
S2140456E000000000000000008457040003000000CF
S2140456F0400000000000000019000000A857040045
S21404570004000F00800000000000000000000000FD
S214045710845704000300000040000000000000005E
S21404572019000000A857040004000F0080000000C1
S214045730000000000000000084570400030000007E
S214045740400000000000000019000000A8570400F4
S21404575004000F00800000000000000000000000AD
S214045760845704000300000040000000000000000E
S21404577019000000A857040004000F008000000071
S21404578000000000000020012000000008000000C7
S21404579004004221300000001C58040000FF4200B0
S2140457A030000000000000000000F0084000000088
S2140457B03D5804000100230440000000455804003E
S2140457C0060030014000000000000000FDFF21023A
S2140457D04000000001000000190000041900010147
S2140457E01900020419000301190005041900060132
S2140457F01900070404004100450A010006004100A0
S214045800DF2D0300190081003527010019008400EC
S214045810C13101000080000000000000064355531B
S214045820544F4D000000000000000000000000007F
S21404583000000000000000000000000000FFFFFF62
S214045840FFFFFFFFFFFFFFFFFF0004010401040149
S2140458500401040104010401040104010401040117
S2140458600401FFFFFFFFFFFFFFFFFFFFFFFFFFFF38
S214045870FFFFFFFFFFFFFFFFFFFF0001020304051A
S214045880060708090A0B1F1C1F1E1F1E1F1F1E1FAC
S2140458901E1F07021F012F0037013F005701DF02BA
S2140458A0E700FF0200000000000000000000000007
S2140458B000000000000000000000000000000000DF
S2140458C00000000000000000560504001900000057
S2140458D05C050400FFFF000000000000270604002B
S2140458E0320604003EFF03003A060400480604009D
S2140458F03EFF03005B06040066060400740604000C
S21404590078060400880604003AD5030098060400C6
S2140459109C060400A7060400B1060400BB060400A7
S214045920BF060400CD060400E1060400F7060400E2
S21404593000800000000000000000000000000000DE
S214045940FFFFFFFFFF0000000000000099B5010004
S214045950000000000000F03F0000000000002440AB
S21404596000000000000059400000000000408F4086
S214045970000000000088C34000000000006AF840F1
S2140459800000000080842E4100000000D012634115
S2140459900000000084D797410000000065CDCD418B
S2140459A0B3D803000C700400000000001D100400AF
S2140459B0FC6F04000000000022100400EC6F0400DA
S2140459C00000000023100400DC6F04000000000048
S2140459D034F50300C86F04000000000027F5030038
S2140459E0B46F04000000000028100400A46F040034
S2140459F0000000002E100400946F04000000000055
S214045A0032100400846F04000000000041100400FB
S214045A10746F0400000000005E100400646F04004D
S214045A200000000067100400546F0400000000002B
S214045A307C100400446F04000000000075E60300B8
S214045A40346F0400000000008C100400F46E0400A0
S214045A5000000000921404005066040000000000D9
S214045A603F040400106604000000000093100400C5
S214045A7050650400000000009C10040054640400F8
S214045A8000000000A9100400FC5F040000000000F1
S214045A90C5060400D45E040000000000B010040034
S214045AA0D45E040001000000B4100400945E0400F8
S214045AB000000000B9100400585D04000000000057
S214045AC072B30300585D040001000000A91004002E
S214045AD0FC5F040000000000C0100400FC5F04002B
S214045AE001000000C5100400245D0400000000004E
S214045AF0CF100400245D040001000000D710040049
S214045B00545B040000000000EABA0300205B0400B3
S214045B10000000000000000000000000000000007C
S214045B20305B0400DB1004003EFF0300FE000000B0
S214045B30F3100400F8660400000000006715040073
S214045B40E8660400000000000000000000000000FA
S214045B5000000000645B0400F81004003EFF03002D
S214045B60FE0000000E110400786804000000000027
S214045B701411040068680400000000001A110400F0
S214045B80586804000000000023110400486804005C
S214045B900000000024B80300386804000000000079
S214045BA02EB6030000680400000000003CBF03009B
S214045BB0EC670400000000002D110400DC670400FC
S214045BC00000000029BB0300CC67040000000000AE
S214045BD032110400BC670400000000003911040000
S214045BE0AC67040000000000D5C903009C670400ED
S214045BF0000000003E110400F05C040000000000F9
S214045C0045110400985C0400000000004D110400D7
S214045C10645C04000000000059110400305C0400B9
S214045C20000000000000000000000000000000006B
S214045C30405C0400641104003EFF0300FE00000004
S214045C40AECF030018670400000000000CF1030048
S214045C5008670400000000000000000000000000C8
S214045C6000000000745C0400851104003EFF03007D
S214045C70FE000000AECF03003867040000000000FA
S214045C800CF1030028670400000000000000000078
S214045C900000000000000000A85C0400A711040037
S214045CA03EFF0300FE000000C511040088670400E0
S214045CB000000000B6160400786704000000000028
S214045CC0D41104006867040000000000D911040021
S214045CD05867040000000000E01104004867040050
S214045CE000000000000000000000000000000000AB
S214045CF0005D0400E51104003EFF0300FE00000002
S214045D0070CF0300246804000000000002120400A0
S214045D1010680400000000000000000000000000FE
S214045D2000000000345D04000A1204003EFF030075
S214045D30FE00000026120400B868040000000000FC
S214045D40C5060400A8680400000000000000000067
S214045D500000000000000000685D04002B12040030
S214045D603EFF0300FE0000004412040068690400BD
S214045D700000000031CC0300586904000000000055
S214045D804D120400486904000000000026120400B6
S214045D90986804000000000052120400886804009A
S214045DA0000000005F120400545E040000000000BF
S214045DB06D120400205E0400000000007B12040044
S214045DC0E05D040000000000931004005065040029
S214045DD000000000000000000000000000000000BA
S214045DE0F05D0400841204003EFF0300FE00000081
S214045DF06648040038690400000000007748040080
S214045E00286904000000000062E00300186904002A
S214045E100000000000000000000000000000000079
S214045E20305E0400A21204003EFF0300FE000000E1
S214045E30CC12040088690400000000004D01040030
S214045E407869040000000000000000000000000064
S214045E5000000000645E0400D31204003EFF03004A
S214045E60FE000000EABA0300BC690400000000005B
S214045E700CF10300AC69040000000000B616040030
S214045E809869040000000000000000000000000004
S214045E9000000000A45E0400F31204003EFF0300AA
S214045EA0FE000000EABA0300EC69040000000000EB
S214045EB013130400DC690400000000000CF1030066
S214045EC0CC69040000000000000000000000000090
S214045ED000000000E45E04001A1304003EFF030002
S214045EE0FE00000034130400206B040000000000D1
S214045EF0FCD00300106B04000000000067130400CD
S214045F00006B04000000000024B80300F06A0400DC
S214045F100000000035B80300E06A0400000000003A
S214045F2039130400D06A0400000000005113040072
S214045F30C06A0400000000005A130400B06A04009B
S214045F400000000061130400A06A040000000000C2
S214045F506D130400706A040000000000B616040006
S214045F60606A0400000000007C130400506A040009
S214045F700000000021E10300406A04000000000065
S214045F8081130400306A0400000000009813040023
S214045F90206A040000000000AC1304000C6A04002D
S214045FA000000000BC130400FC69040000000000AC
S214045FB0CB130400C85F04000000000000000000CB
S214045FC00000000000000000D85F0400D0130400A6
S214045FD03EFF0300FE000000E7130400906A04007E
S214045FE000000000F0130400806A040000000000B3
S214045FF00000000000000000000000000C60040028
S2140460003EFF03003EFF0300FE000000F7130400FB
S214046010906604000000000004140400D464040025
S214046020000000000D1404001464040000000000C6
S21404603020140400E0630400000000002E14040092
S214046040AC630400000000003C1404007863040001
S214046050000000004A140400E0620400000000008F
S2140460605B140400B8620400000000006814040016
S214046070186204000000000073140400C0610400E9
S214046080000000008614040098610400000000006C
S21404609018F403003461040000000000991404009E
S2140460A0F460040000000000A4140400C0600400AF
S2140460B000000000000000000000000000000000D7
S2140460C0D0600400B71404003EFF0300FE00000086
S2140460D0DB140400406B040000000000E11404001C
S2140460E0306B040000000000000000000000000008
S2140460F00000000004610400E51404003EFF0300F1
S214046100FE0000001ED10300706B040000000000B7
S21404611017150400606B040000000000231504003B
S214046120506B0400000000000000000000000000A7
S2140461300000000044610400391504003EFF03001B
S214046140FE000000EABA0300D46B0400000000005E
S2140461500CF10300C46B04000000000012F10300FD
S214046160B46B040000000000AECF0300A06B040074
S2140461700000000055150400906B040000000000A9
S2140461806C150400806B0400000000000000000092
S2140461900000000000000000A86104007815040058
S2140461A03EFF0300FE0000009D150400E46B04009F
S2140461B000000000000000000000000000000000D6
S2140461C0D0610400A21504003EFF0300FE00000098
S2140461D0C6150400346C0400000000001313040009
S2140461E0246C040000000000D2150400146C0400A3
S2140461F000000000D9150400046C04000000000030
S214046200E6150400F46B0400000000000000000023
S214046210000000000000000028620400F1150400DD
S2140462203EFF0300FE0000005F140400E46C04005C
S214046230000000000E160400D46C040000000000E9
S214046240B3D80300C46C040000000000E1E70300B8
S214046250B46C040000000000C6130400A46C040020
S214046260000000001ED10300946C0400000000002F
S21404627015160400846C04000000000020160400B8
S214046280746C0400000000002D160400646C040006
S214046290000000003D160400546C040000000000DA
S2140462A050160400446C04000000000000000000C7
S2140462B00000000000000000C8620400621604002B
S2140462C03EFF0300FE000000B3D80300F46C040095
S2140462D000000000000000000000000000000000B5
S2140462E0F0620400801604003EFF0300FE00000077
S2140462F01ED10300646D040000000000E1E7030003
S214046300546D040000000000C6130400446D04002D
S21404631000000000A3160400346D04000000000012
S214046320CF110400386304000000000000000000E1
S214046330000000000000000048630400BA160400D1
S2140463403EFF0300FE000000B6160400246D0400A1
S21404635000000000AECF0300146D0400000000002F
S214046360D0160400046D04000000000000000000C5
S214046370000000000000000088630400D916040032
S2140463803EFF0300FE000000EABA0300846D04002A
S214046390000000000CF10300746D0400000000000F
S2140463A0000000000000000000000000BC630400C1
S2140463B0F91604003EFF0300FE000000191704004F
S2140463C0A46D0400000000002C170400946D040063
S2140463D000000000000000000000000000000000B4
S2140463E0F0630400421704003EFF0300FE000000B2
S2140463F062170400C46D04000000000031CC0300E2
S214046400B46D04000000000000000000000000005E
S21404641000000000246404006C1704003EFF030020
S214046420FE0000001ED10300F46D0400000000000E
S21404643091170400E46D040000000000A91704008E
S214046440D46D0400000000000000000000000000FE
S21404645000000000646404003EFF03003EFF0300E7
S214046460FE000000BA1704007C640400000000006C
S2140464700000000000000000000000008C6404001F
S2140464803EFF03003EFF0300FE000000C6170400A4
S214046490446E040000000000B6060400346E0400D7
S2140464A000000000CC170400246E04000000000066
S2140464B0D0170400146E040000000000D417040073
S2140464C0046E04000000000000000000000000004D
S2140464D000000000E4640400E41704003EFF030028
S2140464E0FE000000EABA0300C46E040000000000C8
S2140464F0FF170400B46E0400000000001218040025
S214046500A46E0400000000000CF10300946E040066
S214046510000000001F180400846E04000000000041
S21404652030180400746E0400000000003E180400D6
S214046530646E0400000000004F180400546E04004B
S2140465400000000000000000000000000000000042
S214046550606504005C1804003EFF0300FE000000B3
S21404656076180400E868040000000000A918040077
S214046570D868040000000000E4180400C86804009A
S21404658000000000FB180400DC65040000000000A6
S21404659005190400A86504000000000000000000BF
S2140465A00000000000000000B8650400091904009B
S2140465B03EFF0300FE00000066480400086904006D
S2140465C00000000077480400F8680400000000009B
S2140465D0000000000000000000000000EC6504005D
S2140465E0281904003EFF0300FE00000049CC030007
S2140465F0E46E040000000000B6160400D46E040026
S2140466000000000000000000000000000000000081
S214046610206604003B1904003EFF0300FE00000051
S214046620EABA0300246F040000000000CC12040041
S214046630146F0400000000004D010400046F040001
S2140466400000000000000000000000000000000041
S21404665060660400561904003EFF0300FE000000B6
S214046660E61504003C700400000000001ED1030080
S2140466702C70040000000000B3D803001C70040053
S2140466800000000000000000000000000000000001
S214046690A0660400761904003EFF0300FE00000016
S2140466A0941904008C700400000000009E19040075
S2140466B07C70040000000000A91904006C7004003B
S2140466C00000000034F503005C70040000000000C5
S2140466D0B81904004C70040000000000000000001C
S2140466E000000000000000009D250300C3190400FC
S2140466F03EFF0300FF00000099250300D0190400A4
S2140467003EFF0300FF000000DDEE0000E219040077
S2140467103EFF0300FF00000079EE00000F1A04009D
S214046720D721040001FF0000DDEE00004F1A04002C
S2140467303EFF0300FF00000079EE00007D1A04000F
S214046740D721040001FF000011EF0000BE1A040068
S214046750DF1A040000FF000011EF0000E81A04002E
S214046760451B04000000FF008DEF0000531B0400CF
S2140467706C1B0400010001FFF9EF0000911B0400EC
S214046780D31B04000102FF008DEF0000E91B040088
S214046790181C040001000102FF00000009ED0000BF
S2140467A0491C0400851C040007FF000029ED0000B6
S2140467B08B1C0400BE1C040001FF00003DED00001D
S2140467C0C61C0400161D04000100FF0099ED00001D
S2140467D02B1D04007C1D04000101FF006DED00006C
S2140467E08C1D0400C61D040001FF0000EDED000032
S2140467F0CE1D0400171E0400010000010707FF0059
S21404680029F00000691E0400BE1C040001FF0000FD
S21404681029F10000B11E0400F51E04000107000162
S2140468200700FF00FB2503004A1F0400901F040016
S2140468300107000101FF0000B1F00000CC1F0400B6
S21404684007200400010000FF81F00000252004005A
S214046850692004000100FF0051F000007C200400C1
S214046860692004000100FF00F9F00000BB200400CA
S214046870C61D040001FF000069F10000F6200400B4
S214046880272104000100FF0099DA00003EFF030000
S21404689035210400000707FF3DDA00003EFF030031
S2140468A04E210400000707FF49DF00003EFF0300F7
S2140468B05A21040007FF000049DF00003EFF0300E2
S2140468C05A21040007FF00004D2503003EFF030085
S2140468D05F2104000000FF0025DF00003EFF0300E8
S2140468E048F8030001FF0000EDDE00003EFF030051
S2140468F09721040000FF00001DDA00003EFF03009D
S2140469003EFF0300FF0000001DDA00003EFF030008
S2140469103EFF0300FF000000232503003EFF0300A4
S2140469203EFF0300FF000000232503003EFF030094
S2140469303EFF0300FF000000232503003EFF030084
S2140469403EFF0300FF000000EDD900003EFF0300F9
S214046950CD2104000101FF00D9D900003EFF030049
S214046960E221040001FF00001F2503003EFF030090
S2140469703EFF0300FF000000A1D90000AA12040095
S2140469803EFF0300FF000000A1D90000EC21040034
S2140469903EFF0300FF00000021DB00000D22040080
S2140469A0242204000001000007FF00001B2503004A
S2140469B04A2204003EFF0300FF0000009DD80000AA
S2140469C0642204003EFF0300FF0000009525030038
S2140469D0922204003EFF0300FF0000008725030008
S2140469E0AC2204002E21040000FF00001DE200007B
S2140469F0D12204003EFF0300FF00000071D7000010
S214046A00EB2204003EFF0300FF00000005D7000051
S214046A100E2304008B23040000000310FF00000074
S214046A20E1D70000E02304004E24040001FF000028
S214046A30B5D7000063240400A624040000FF000069
S214046A40C9D60000B72404003EFF0300FF00000080
S214046A5019250300E62404003EFF0300FF0000009F
S214046A60A5D60000322504002E21040000FF0000F5
S214046A7071D6000073260400C826040000FF000038
S214046A8055D60000E22604003EFF0300FF00000087
S214046A9039D60000F22604003EFF0300FF00000083
S214046AA009250300062704008427040000FF0000CD
S214046AB009D600000F2804003EFF0300FF00000074
S214046AC0C5D500002C2804005728040007FF000042
S214046AD085D5000061280400BA280400000500FFDC
S214046AE03DD500006D290400802904000002FF0043
S214046AF019D50000AF2904003EFF0300FF00000084
S214046B0009250300C1290400FB29040000FF000036
S214046B10ADD40000812A0400C72A0400000301FF44
S214046B209DD40000672B0400AD2B0400000301FF76
S214046B30395001004D2C04003EFF0300FF00000006
S214046B40A1310300752C0400F02C040002FF0000A1
S214046B5049F50000452D0400DE23040000FF000074
S214046B6015F500006D2D0400DE23040000FF000070
S214046B70C5F40000862D04003EFF0300FF0000005D
S214046B80454201009F2D04003EFF0300FF00000065
S214046B901D420100EC2D04003EFF0300FF00000030
S214046BA0A9410100172E04003D2E04000001010037
S214046BB0010102FF81410100BC2F0400E42F040000
S214046BC000FF0000614101000B3004003EFF03009B
S214046BD0FF000000A9400100353004003EFF03001A
S214046BE0FF000000733003004E3004003EFF030035
S214046BF0FF0000007935010074300400A53004005D
S214046C000002FF00D52E0300023104003EFF0300FD
S214046C10FF000000D12E03002F3104003EFF0300C6
S214046C20FF0000002D3501004A31040074310400D1
S214046C3000FF0000ED320100A43104003EFF030013
S214046C40FF000000691E0100B73104003EFF030088
S214046C50FF000000511E0100CF3104003EFF030078
S214046C60FF0000004D2E0300E83104003EFF030041
S214046C70FF000000392E0300153204008F32040092
S214046C8000FF0000F9310100CE3204003EFF03008D
S214046C90FF000000E9300100463304003EFF030015
S214046CA0FF0000000D1D01008A3304003EFF0300B0
S214046CB0FF000000F11C0100A73304003EFF0300A0
S214046CC0FF000000691D0100523404003EFF03006B
S214046CD0FF0000005D1D0100E034040025350400BB
S214046CE000FF0000291D01005C350400AD350400DA
S214046CF000FF0000551B0100E03504003EFF0300C2
S214046D00FF000000ED0F01000C3604007536040089
S214046D100000FF00ED0F0100CA3604002C37040003
S214046D200000FF008D10010071370400A437040032
S214046D300002FF00A72D0300F937040047380400BB
S214046D4007FF0000C1110100633804003EFF030082
S214046D50FF000000D50F010087380400AC3804009B
S214046D6000FF0000E1100100053904003EFF0300A7
S214046D70FF000000A5090100423904003EFF03009D
S214046D80FF0000006D0901006C3904003EFF03009B
S214046D90FF0000007F2C0300A7390400163A040005
S214046DA000FF0000C9020100673A0400E63A040046
S214046DB000FF0000712C03002C3B04007E3B040003
S214046DC000FF0000512C0300C53B0400123C0400E5
S214046DD000FF000091FB00005C3C0400923C0400B1
S214046DE003FF0000C9FB0000CD3C0400133D040073
S214046DF003FF000079FA0000693D04003EFF03002B
S214046E00FF000000DD2B0300993D0400D73D04007D
S214046E1000FF0000D72B0300E73D0400D73D040025
S214046E2000FF0000D12B03000E3E0400D73D0400F3
S214046E3000FF0000CB2B0300353E0400D73D0400C2
S214046E4000FF0000C52B03005D3E0400D73D040090
S214046E5000FF0000A12B0300863E04003EFF030053
S214046E60FF000000A72B0300A83E04003EFF03001B
S214046E70FF000000C9F70000D03E0400093F0400EC
S214046E800001FF00F5F700002A3F04003EFF030060
S214046E90FF000000A32B0300553F04003EFF030041
S214046EA0FF000000B1F70000703F04003EFF03003F
S214046EB0FF0000006DF700008B3F0400B83F04009D
S214046EC000FF000055F70000D33F04003EFF030018
S214046ED0FF0000009DDF0000FE3F04003EFF0300AD
S214046EE0FF0000009DDF0000254004003EFF030075
S214046EF0FF0000008DD40000364004003EFF03006F
S214046F00FF00000059D400004B4004007240040007
S214046F1000FF000059D400008240040072400400C0
S214046F2000FF0000F1D30000A94004003EFF030068
S214046F30FF00000001250300C44004003EFF0300D8
S214046F40FF0000004DD00000E7400400514104005B
S214046F5000FF00002DD00000744104003EFF030033
S214046F60FF00000015EC0000DA420400674304004A
S214046F70010000FFF9EA000084430400D84304003B
S214046F8000FF00002DEB0000ED4304003F44040026
S214046F900100FF0099EA000055440400424504003D
S214046FA00107FF0005250300524504003EFF0300C9
S214046FB0FF000000F9E30000634504007545040083
S214046FC0000101000007FF00F1E20000B0450400E4
S214046FD0C145040000010100FF0000002DEB000085
S214046FE01046040021460400010000FF69E2000088
S214046FF0104604005346040000FF0000D982010036
S214047000644604003EFF0300FF00000081D0000039
S214047010B04604003EFF0300FF000000FD510300DD
S2140470203EFF03003EFF0300FF000000A1900100A6
S2140470303EFF03003EFF0300FF00000065900100D2
S2140470403EFF0300F546040002FF0000119801000D
S214047050FD4604003EFF0300FF0000009D9701006C
S214047060294704004C4704000200FF007F52030037
S214047070754704003EFF0300FF00000079970100F7
S21404708097470400B547040002FF0000519701002B
S214047090CA470400B547040002FF000001000000D0
S2140470A0104C00200000000000000000FFFF00005D
S2140470B0812B03000000000003000000FFFF010016
S2140470C05F2C03000000000004000000FFFF010026
S2140470D0ED2C03000000000004000000FFFF000089
S2140470E0712D03000000000006000000FFFF0000F2
S2140470F0E32D03000000000019000000FFFF01005C
S214047100792E0300D0170400346700200000000026
S21404711000000000000000000000000021480400F9
S214047120887104000000000027480400A0520400F0
S214047130000000002E480400705404000000000004
S214047140671504006054040000000000374804007B
S2140471505054040000000000494804004054040051
S21404716000000000584804003054040000000000EA
S21404717069480400205404000000000000000000D9
S2140471800000000000000000987104007B48040022
S2140471903EFF0300FE00000096480400B0710400A1
S2140471A000000000000000000000000000000000D6
S2140471B0915603009B4804003EFF0300FF030100B2
S2140471C001013F040201003F040202003D040202E2
S2140471D0003D0401020001020003010002023D0416
S2140471E00201000202020100020200000020202028
S2140471F0202020202020282828282820202020205E
S214047200202020202020202020202020208810102D
S2140472101010101010101010101010101004040489
S2140472200404040404040410101010101010414147
S2140472304141414101010101010101010101010135
S2140472400101010101010101101010101010424249
S2140472504242424202020202020202020202020205
S21404726002020202020202021010101020000000A5
S2140472700000000000000000000000000000000005
S21404728000000000000000000000000000000000F5
S21404729000000000000000000000000000000000E5
S2140472A000000000000000000000000000000000D5
S2140472B000000000000000000000000000000000C5
S2140472C000000000000000000000000000000000B5
S2140472D000000000000000000000000000000000A5
S2140472E00000000000000000000000000000000095
S2140472F000000000A001000080130020000210001F
S214047300AC500020201500200000020800000000F9
S214047310FFFFFFFFFFFFFFFFFFFFFFFF0000000070
S2140473200000000000000000000000000000000054
S2140473300000000020000000E9C301001000000067
S214047340C9C40100000000010000010100010101A0
S21404735020C001B80000000000000000FFFFFFFF8F
S214047360FFFFFFFFFFFFFFFFFFFFFFFFFFFFFFFF24
S214047370FFFFFFFFFFFFFFFFFFFFFFFF000102020B
S2140473800303040506080C0C0C000102030407079B
S214047390C8C8C8C8C8C8C8C8C8C8C8C80304040871
S2140473A00808080800B801B802B800B0908F0400B6
S2140473B0788F040003040408080500000000000099
S2140473C0000000000000000000000000EA060000C4
S2140473D048704C0F44700E0E30707E1302989A1745
S2140473E03870340F34705A0F307048102C704810B0
S2140473F02870D0112470E81120703E0F1C70901273
S21404740018700C1314703A0FB110086001D80A7182
S21404741004B87F78020C7E78641000C6881F00A02B
S2140474201DB8707803B018600F3027B30F330111FE
S214047430C04806987C0229B0086001D8087109DDA6
S214047440047109BB11101660A048086004100112EC
S214047450FF3221500860D048086000880698381427
S21404746000C4441F00A000BA03DF107109DF0672CF
S214047470029836031DB8507800A04413281441150A
S2140474808110086002D8147110880698201900C06C
S21404749014C000B80698861B0091069892020160F4
S2140474A0B83020D806711EBC637C784D5412F03276
S2140474B040DE0472404804DB08720DDD0C72044B97
S2140474C0EF3014480698F20400C4E0400054441216
S2140474D0086201322140087C811140D91C72B11225
S2140474E03032CF4A013AB1DA107208D8067104D89D
S2140474F00871804C237C5670684C441200C4A41E49
S21404750000A04414413AF3240164415C412A047502
S21404751080B800C46040005481D8367140D90472E3
S214047520237C084B0698F20404BA1CB9767900C189
S214047530204001B835797F216121007906B906A972
S21404754001D8067102981002804C307C02986402BE
S21404755008D86A7100C1544000B8141110D95E717D
S214047560584C441280BDA26DFF25784C4412FC2270
S214047570513A2814104C00C20CC101B82412281425
S214047580086228140862281408622814304C304C08
S21404759000C11C4000B814111814086100C5284026
S2140475A001B85415FF35047110491814B04C441230
S2140475B008620132067102980401804C08D80C71E6
S2140475C007BA24D8047106BA187004D80C7101BA24
S2140475D040D80E7102BA0A7005BA20D8047203BAEB
S2140475E0204C4411C04C18140861181491113831F9
S2140475F011429111186110D90472EF3200C108408B
S21404760001B8141110311E6111422814A111086129
S214047610181406986C1B181400C1084001B81411FD
S2140476201861FF31181400C1448001B814111814ED
S214047630086118143088024806989403009308DBFF
S214047640047101F800A027B00F3000A01088B11113
S214047650186180D90A7100C1884000B808110091E9
S21404766000A000C4684000B8441000A000C08840D1
S214047670005004118261041082601050F07200A061
S214047680541550451271069802050698920407B8D8
S214047690707802B841781EBA5B7A5C7A5D7A00C26A
S2140476A020C001B8241206982A1900C5481F00A055
S2140476B05415511400C3FF010000313D09647F34A2
S2140476C006989C02015851280475015841280E75E5
S2140476D08111086102D90472FF0FCC7007B8727862
S2140476E000F8EBBD00C0441F00A00411113D10D9E2
S2140476F01271FF33186300C1781002B8381107B945
S2140477007479581000A0069892020D30047204484A
S21404771009DC0472084800C11CC101B8141100C376
S214047720D01E00A0911504351A7218131CBB08D875
S21404773004716C7B04D804716A7B1DBB2F7C5B7B55
S2140477401670044B18131CBB08D804716F7B04D83E
S21404775004716D7B217C0C30026006987E040698CA
S214047760C40B00B8B111186140D9067202985804C7
S21404777001BC00C2084001B800DC0A712415026589
S214047780604A0A702C4A241508654C4A043508D900
S2140477900471202400C13C1F00A0141200DC3271C6
S2140477A020D8067101B80C70F0DA0C720CDB087184
S2140477B002B806988604482400C3384101B8341336
S2140477C08F7B0E7102B9911308DB047203B928701B
S2140477D07C4914111110FD300DDC1C7200C0A01E73
S2140477E000A0041080D8107100C0448001B80410B2
S2140477F0E5200475804900C3884000B8FFB801201E
S21404780011410871014118130824014200C128409F
S21404781000B8141101411C655141911520351E65AF
S214047820514118132813481300C3844000B8341079
S21404783003D81671073005DC1071B1108F780A7200
S21404784000C384C40350217B1DB8507800B800C11F
S2140478503C1F00A014121C602150F0300152281165
S21404786000A04024076400C0FFFF0100013C17B0DD
S214047870022001584028067518AC01EC00A02088A8
S21404788000C020C001B8041217B4211304123052E9
S214047890F8711964402400C35C1F00A0341014114E
S2140478A00698F60D1961009211592129067600BB37
S2140478B011590698D60D8762313B0472215A412A23
S2140478C000A000C2686000B8B8B91F610D4918125C
S2140478D000A0308801B9116100C30000C0FF311058
S2140478E0312800BC002D0C75115418AC01EC312D58
S2140478F0F470196451134155312C009300A000C351
S214047900C00FFEFF50B2313A014250AA00A00698BA
S2140479103E07FFB0867808715CB86B786E7800C254
S214047920548001B800C0D81F00A004100812B82262
S214047930217A237A52B8417801B80C6021A809B894
S21404794019604CA800C0FFD1C1FF4FB2013A00C075
S214047950002E300001424FAA24B86E78ACB9FFB0AE
S21404796004D804714CB923A90698A80500C013903E
S214047970010006982E0500A00698020519B81460A2
S214047980FFB28C620F32826A214006982E0549BCEB
S21404799021B952B849B207DE2A7105DE0871627C45
S2140479A0607C1D0C6179677864786B78627865789A
S2140479B063786078617C010C010C6878020C697845
S2140479C06C78020C00C22C8001B8277A287A267AB2
S2140479D06A78050C41790A0CB11040D806710298F1
S2140479E0BA06784A2B7A327A584A247A00C40001B6
S2140479F01100404A00C0108400000812508800C5D8
S214047A0084100100FBAD10BD01BB8A6B21B9FAA935
S214047A10C44A1812217A227A00C0341F00A0041027
S214047A20FCA88264411030300129F9A9F8ADFBB0F6
S214047A308260FBA80330A0652110044820EC237A5A
S214047A400410037A184A2411DC4A01580029241029
S214047A5004753150F8B1115081632A715140314098
S214047A600812FCB18461FCA90F310E7117B01128FD
S214047A7017B111591028FA76C44AF9B11812217AA6
S214047A80227AA07000950812F8A800C20C8001B8EB
S214047A90207A844A00B80812020CA44A087A020C17
S214047AA021B84178784A0B7A127A00C2C81F00A01F
S214047AB0FFB008D80472184A241000DC0A7140A8E3
S214047AC00422241041A806989C0200C2481F00A065
S214047AD02410015100C4FF0100004139115008125E
S214047AE000A006983E0700BC00C20C8001B8217AAC
S214047AF052B84978020C4878020C49B8417852AC1E
S214047B0021AC204A087A067A077A49AC00A059B80C
S214047B1040785AB101D9FC72427857B8407858B1C7
S214047B2001D9FC72427800A000C20C8001B8217A08
S214047B30227A21B8547852B8BC4A24119979127121
S214047B4007B915614CA9617800BB03BC0C641470BA
S214047B5009B919614CA9417801BB126300C4002E0F
S214047B60300000C0FFD1C1FF4FB1013941414FA9D8
S214047B70E44AC8B8081224AB4CB823A80698A8054B
S214047B8000C004900100FFB1867904710848069885
S214047B902E0500C08009004040A809B8FFB108D9E6
S214047BA0047103B853A8B11004D80C7156BB607B9B
S214047BB057BA627A607A02D80C7156BB607B59BA9F
S214047BC0627A607A04B86E783DB8607800C0563839
S214047BD0000000C1B08001B814119979087200C081
S214047BE0D604000000C124C000B814119F790472A2
S214047BF008484CA82EB8FFB108D906714AA80470E4
S214047C004BA80FB834A800C00C5E000046B2014270
S214047C1046AA00C12C4001B8141108610631087147
S214047C2000B90698501106983E14B11101D90E7188
S214047C300698921B02D906720698A00C0698381469
S214047C4051140698920406982A110698641700A000
S214047C5006984E1701D80A711CB85B7807B8757871
S214047C6000B84CA84AA84BA800C0F321FFFF46B1B1
S214047C70013946A904B86F7800A0FABC1964415CBF
S214047C80512C00C0581F00A00410012C067506983D
S214047C9092040698780FB110186005D8327140BA6D
S214047CA006980E1404B86578911004D816711CB89A
S214047CB06E7800C0684000B82178069878110140B4
S214047CC00A721DB8427806984A1402985E0B1DB8CC
S214047CD0717804B86C7841B8427863784478FFB118
S214047CE004D906720298CA0900C004900100FFB1C4
S214047CF086790471084806982E0500C32C1F00A038
S214047D0000C274C000B82414481300BC48121C4BAC
S214047D101C4A2414481300BC4812084B584A24141E
S214047D20481301BC48124ABA447A427A4BBA447A97
S214047D30427AFFB086780472617A4CBA647A657ABD
S214047D403DBA607A4DB942B83FBB5B7966796179D2
S214047D50020C6479050C63796079050C627965799F
S214047D605A7900C2340102B8241305B819603140A8
S214047D70081242B86A78020C4A78020C40BCFFB279
S214047D8008DA06714ABA06704BBA627A657A677A76
S214047D90667A6A79667B0298A40A00C32C1F00A040
S214047DA000C274C000B8241448131C4B1C4A241484
S214047DB048133FBC48121C4A00BC4812084B444AAD
S214047DC02414481301BC48124ABA647A627A4BBA3D
S214047DD0647A627AFFB3867B0472617A4CBA647AF8
S214047DE0657A3DBA607A01D94E71647800C17080B4
S214047DF001B800C08000080008110698860B42B837
S214047E0061784DB97F797E796A7868786278020CF1
S214047E107B790F0C7A79140C7479417860787579CB
S214047E20050CFFB208DA06714AB804704BB86578D8
S214047E3001BC1664407002D93C710698860B42B8A1
S214047E404DB96878407841787F797E797B790F0CD4
S214047E507A79140CFFB208DA087171794ABA067096
S214047E6070794BBA7279657A6A78020C4A78050C8E
S214047E7001BC1664020C417940790C0C00C04C011C
S214047E8002B848100698F20400C4784000B8007C93
S214047E9000C0A01E00A0041180D93271911104D92B
S214047EA02C727F2021200411FD310DDD207200C0CC
S214047EB0448001B80411E521147600C0244001B8BA
S214047EC004118A790871207C104C207C2AB86278C8
S214047ED0511400C0581F00A00410012C17B0011143
S214047EE08768015841280E7605218769415C412D33
S214047EF0112D06700698920442B84DBB7C7B6478BC
S214047F00020C29B868785114404406750698920401
S214047F1042B844782AB84278FFB101D90C7100C13E
S214047F20548001B8CBB80811911004D8147100C05D
S214047F30A01E00A0041080D8067107B8537800F875
S214047F4007B800C1CC1E00A000C220C001B824128D
S214047F502811777800F8B1109478387106989C0246
S214047F60E4B911591128067600B80C70A0B9115955
S214047F7001290475A0B8826000C3C01F00A0341392
S214047F80012B341000C3FFFF00FF42B1313911400A
S214047F9042A800A01DB09178FA7142B86478020C29
S214047FA000BA29AA00C4548001B842B84DB900C327
S214047FB0C04001B83413977B047240EC020C44783A
S214047FC05C7953AA0A0C281442B84DB9FFB301DBF6
S214047FD02671244C00C3FF0FFF01381454794078EF
S214047FE041785579020C5B795A79140C5F795E797D
S214047FF04A784278347002DB147152795179507998
S214048000020C5B795A795F795E791E7004DB1A710B
S21404801000C4FF07000000C3342102B848133FBB66
S214048020467B020C5B795A793DBB407B4CBB447B58
S214048030457B00C3301F00A03414403C207100C0B0
S21404804068C000B8481028131C4B1C483414481049
S2140480502813144B44483414481028134AAA4BAA2D
S21404806004B86D781DB851785CB84B784E7800A08B
S21404807000C074C000B80411108800B9181068480D
S2140480800411108801B90B6118102C4804111088CB
S214048090008800C1231C000018104AB864784BB846
S2140480A06478260C28B000C1FFFF0FF0113871B9B0
S2140480B00B61114028A828B97379747900C210108E
S2140480C0303045AA54790E0C00C0E84001B80411BB
S2140480D000C23030101045AA0E0C04100088108818
S2140480E00698620D0091009020888F618F60069834
S2140480F0620D0090886A21400112906A035800C1FC
S2140481003F3F00001138FFBC0224412811380142C9
S21404811045AA28B953794AB844784BB844780090AD
S2140481200091181000912C481810009168481810F7
S21404813000A09168436091694361115B012B11288B
S21404814041603128315B00BA302806763128204A4F
S2140481504163302806763128104A41633028067673
S2140481603128084A4163302806763128044A416398
S214048170302806763128024A416330280476014ABC
S21404818000A0115910D906710860086008D9047156
S214048190086004D90471046002D90471026001D92C
S2140481A00471016000A000BA01D806710148112AC2
S2140481B01F61016001D8F6720138F67200A000C291
S2140481C020C001B8241211592129127300210E71FE
S2140481D000C238C001B824120121212900A002B02F
S2140481E020D8147100C0B01E00A0041002B945794E
S2140481F006987613EA7003B09F78087200B806A84B
S21404820000F806983E0700C5641F00A05088044D79
S2140482101CBC00C0B41E00A0811101D91E71407C94
S214048220009501150C4D5088044DFFBB1863315B57
S21404823004110698EE0D3129F8750698681A541537
S2140482400698921B01D90872069858070670069875
S214048250F4071CBB547B06984E1701D80672029886
S2140482601A0FFFB901211038F67281129B7AF07149
S21404827000C2448001B8241400C0C01E00A004102C
S21404828001130020041040500C7200B90698280F01
S21404829018B90A7018B90698280F00B900B80698D5
S2140482A01E0F704A08B806981E0F00C2284000B871
S2140482B014B806981E0F00C2EC4001B80CB8069815
S2140482C01E0F202210B806981E0F108830880698B5
S2140482D05807009300910698280F00C0C41E00A0FB
S2140482E00412FFB9012121411810009500F8312825
S2140482F011280410081200A004B831281128F8B177
S214048300181000A0069880080E700698C40B0698ED
S214048310800806987212069812079112211900C056
S2140483202C4001B80A78097800F810B901BA069802
S214048330041406982A110698641700C5641F00A042
S21404834081109D78FC7200F8911203321CB900C3A8
S214048350A01E00A0341300C4B04000541DB84278D8
S214048360707903DE067144783A707179A11020D8CA
S21404837006710298541080DB1C7102D8187205B876
S2140483800814A11010300248081400B808149110FC
S214048390086008141DB86278A11000DC06765179CE
S2140483A000BA06984E1701D82272911120311D6129
S2140483B0911004D80E7200C1501F00A0141101D9E8
S2140483C00A71208806985011009200C1204000B817
S2140483D001DB1871084C03DE0471904C441400C38E
S2140483E0FF1F0000413BFF233811944900C3384166
S2140483F001B83413086380DB0C7103BA186206985C
S2140484003C100870186206983C100C4908790979E3
S21404841014102140081100A000BD0698760210B979
S21404842003DC047100B901BA0698041402D9067173
S21404843000404E7203B118610F3106987811FFD8C8
S2140484402872811008D8187106DD0A71069876021B
S21404845003DC0C720698BC1106984A140C7006DDF0
S21404846010710698C211487020B804A806DD107270
S214048470069880080698120701F840B804A800F881
S21404848000C0A01E00A00413086301DB2271911033
S2140484900111186111381DB910D808714479029871
S2140484A0541002DBFA72A11328DBF47203BD06989B
S2140484B01E11069880081DBA7F7A0698F20400C535
S2140484C0681F00A00698760200BA03DC1672044DF4
S2140484D0A11002D804711C4D00C10CC101B8069845
S2140484E0AE045415212D06983E050298AA0891104C
S2140484F0015503355150011900A000C14C1F00A0BE
S214048500141001D8427101480860FE200E758110CF
S21404851020D8087100C1501F00A0141101D9287179
S21404852000C02C4001B80412215108610F311861B3
S2140485301152281000C0084001B8041191122151AC
S21404854020311152211900A0811380DB067201B874
S21404855000A000C314C001B8341006302E726C4B51
S21404856034121C4B3410186002302072811080D8EC
S214048570DE713410014A08620460803021508C4851
S2140485800A717F234D233410013000A000BD0698E5
S2140485901E111CB847784578437802B8447800A082
S2140485A0069880080698BC1100C5741F00A05415D0
S2140485B006983E050298AA08B1138F7B0A7200C378
S2140485C084C40350017B06983E1400C1384101B8A8
S2140485D014118F790E7100C1B84000B800BA06981D
S2140485E03C1050BA06980E1406987811FFD84A71B3
S2140485F0911004D84872811008601CD8407220D9A3
S21404860038721112FF3221513471802180211114E5
S21404861000C0D81E00A00413FFBA3151113A2151EC
S21404862011531DB938107B7940440E7200B900C24C
S214048630AC1E00A01812067004B8607806983814A9
S21404864000F800B900C2A44000541812644A0AB9DB
S21404865018121CBA507A517A1DB942795F7900A073
S2140486600698760207DC1072911000200A750698A8
S21404867072120298660F0698120701B9911004D870
S214048680047100B910BA0698041400BA0040347194
S21404869000C0A01E00A00411086101D9127104D9FB
S2140486A0E2728110086001D8DA711DB8647800C1DE
S2140486B01CC101B80698AE0401B81160002A0476FD
S2140486C000BA00C5781F00A05415212D0698721212
S2140486D00698580700C57C1F00A000F800BC81114E
S2140486E008D9167280D9207201B910BA06980414F3
S2140486F000400E7101BC10700698BC1106984A140E
S21404870020B804A800F8069872128111023112717A
S21404871000B900C2144000541812244A02B91812B0
S2140487200698BC1100C5801F00A054150698F01AC0
S2140487300298AA080411012114711CBA737A042041
S21404874004122811042004110121F47200A00698D2
S214048750F20401F806984E1701D81671FFB90121E4
S21404876010380E7281109B78087104B9677900F886
S214048770911010D8287100C51CC101B85411069870
S214048780EE0D00C5C81E00A054155129EA7507B899
S21404879076781DB8447801B804A800F8B1101860BB
S2140487A010D82E7100C05040005400C3084000B8D2
S2140487B03114984C44113411086101D9FA714412E9
S2140487C02810086228100862281008622810E8702A
S2140487D00298B00206989202113804721E6202BB16
S2140487E000C1D81E00A0141120390C72911210DAA0
S2140487F00672417B00A006983E1400C2A01E00A08C
S214048800241220DA0472617B1CBA527A00A01CBAC5
S214048810727A811204DAFC7200A01CB86B7800C06D
S214048820684000B82F7800A006984E1701D83A7111
S21404883000C22C4001B8241003609111203101516C
S214048840383111501D6008121DB9457900C24480A4
S21404885001B8241200C0C01E00A004101820002076
S214048860041020500471657910631EB9637900B949
S21404887002EC00CD114502EC00CC01DB087100BB14
S2140488800298D61803B841110731FA211C7606213E
S214048890911210DA087102DD10721E7020B8069864
S2140488A0B20D3038147208B806987E0400C02C4006
S2140488B000B82978207800F8056020D80671029858
S2140488C00C1602EC00CA05B823DA187104DBDA7158
S2140488D020DAD67110DAD2721EB8617800B801DADE
S2140488E0067202EC00C8911110D9267100C1B81E98
S2140488F000A014111150FF300C720761A110115022
S21404890002300A7180DB0A720AB89E701DB97C793F
S2140489101860911111402111C031114001191EB87F
S214048920411108D90471667820D904726578A110BB
S21404893002D80672C0DA1E711EB8273123DD08720B
S21404894010DB1072607825DD0A7121DD087208DB01
S2140489500471627803B8411107310872A1152035F5
S214048960AA7102DD2072A11120D9A07102D9167253
S214048970CCDA9872411140D9927206B8054D5A72F3
S2140489800298AE1421114049C0D94C71A03141154A
S2140489904035026551410461086308DA1E7204DA40
S2140489A036721049A1150235067110DB0E720134B9
S2140489B00A7108DB22711EB86778CC3211101A309F
S2140489C00ADC0872CCDE0471FD3100C00D0F0C0DFC
S2140489D0216001D85C7207B80298D81400BA411115
S2140489E008D90C7102EC00CA05B830DAEC72073408
S2140489F0F031036101DA0471014900C0F300A3E316
S214048A00216001D8D27100C09814406821604030BB
S214048A10014440DA0471204C04320262204A1110E8
S214048A2006301F60014218311D6111420298F61487
S214048A30204A00C0051708502160113001422088E2
S214048A40FFBB0DDA507100C1DE1B250180BC04DAC1
S214048A50107208DA0A7200C120841000E024A024F0
S214048A6008634143026401DA06711E49024B00C0E2
S214048A70201F00A008633810BC2002DA127101B966
S214048A801159A11380DB087100C100FCFF01181006
S214048A900298621800C4A01E00A0441080D87C71FE
S214048AA00092D0DA06710DDA0C711EBD437DEFBD5F
S214048AB00698140304620DDA8672A11105D95C7156
S214048AC000C24040005424121424281401D906720B
S214048AD002D9327140D91E7102EC00CA2110183234
S214048AE00471FA2220D804720822FE22087502ECC9
S214048AF000C8F87001D90E7102EC00C802D90672DB
S214048B0004DC187200C0A01E00A004101D6001D86A
S214048B1006711EB8647807B873780298D61800C031
S214048B20A01E00A0041080300A7100C0C41E00A05D
S214048B30041000A006984E1701D82E71911010D874
S214048B4028728110A0D8227203B084781C7200C1E7
S214048B502C4001B814100DBA487A697A6B7A081159
S214048B601CB87B7807B8757800A0641000C6881F08
S214048B7000A0C3B806987C0200C4441F00A014BA20
S214048B80281400B8011AB1108F780A7200C084C481
S214048B900350017891101030011905BA06980E1486
S214048BA002D9067101B804A800C0A01E00A00413D0
S214048BB00698641180DB0671029858141DBA7C7AF4
S214048BC001DB6A7100C2241F00A024111114FF34B3
S214048BD002EC00C8FF24FA7608610698C20D046108
S214048BE011380F3004611114011141100698C20D9A
S214048BF001D8087203B80298D8140C4A01DB227113
S214048C00241011281128041202300471106200C0C6
S214048C10FFFF0000213800C2204000B8FF200812E1
S214048C20411008600698C20D01D87C7120BC103330
S214048C30767100BB00C1201F00A01415C021112CA2
S214048C40511218620F320E71408851140698FA18A1
S214048C5041430094511208651C620F320E71411193
S214048C6051140698FA181C6441430865513B00C128
S214048C70DC1E00A01411111231100F30127100BA4C
S214048C80056101D80471114201600FD8F4723110E5
S214048C9003601E30047201B8003A087204B80298E1
S214048CA0D8140298C41600C0384101B804118F794C
S214048CB014717F20692004110861303110DD0671BB
S214048CC01DBA637A0698120300F830885088FF3479
S214048CD0087102ECFF24F87002EC00CD1410595011
S214048CE001440421FF22F2720F4C0095009300A069
S214048CF000C1A81E00A0141100A030880698421BCC
S214048D008111086102D906720298061A1CBB557BAB
S214048D10086120D906710298F6190088A110186017
S214048D200698201908211415FC251EBB5C7B5D7B68
S214048D3000C1084001B814110731FE21307608D866
S214048D402A725113FC23341304DB20711863FF3397
S214048D50315B00C110C000B81411086180490C7161
S214048D60FF31302954751EBB7B7B10707B7B7C7B6C
S214048D7000DD04717D7B01BB3815EC25541300DF40
S214048D805471042505DF5471541521112088069862
S214048D90EE0D009251293E7500C1084001B8141129
S214048DA002DB0C710731315B31292A760C7004DF43
S214048DB00872016180D91E720698201900C010C07E
S214048DC000B80698861B069820191411FFD96072FD
S214048DD002984C1A0090009300A05415A111186133
S214048DE010D9A672082508D8A071082510D89A713B
S214048DF0208821110698EE0DFC255412112AF82518
S214048E0054110C2520D80871F0255411102520295A
S214048E1004762159181500920298B81907B9717981
S214048E20811010D80A711CB8447802B841781CB96D
S214048E30747904B9677900F88110A0D808711CB950
S214048E40497900A0086002D8FA710698201910889B
S214048E5006983E14106210DA087108211415F025DD
S214048E60541100C20020FEFF202912750698921B9A
S214048E7001D90A72069880080698120700941CBB4B
S214048E8041100C200698641341110821141006980A
S214048E9064133128441111120861FF31FF32012294
S214048EA0105210721861181404244413042438143D
S214048EB00C701861214118140824081402983814F8
S214048EC04044147100C1AC1E00A0141551131C6359
S214048ED00FDB0C72196506980205411500A000C345
S214048EE0784000B83413807B0672069812070698FA
S214048EF03E1408BB51140698B01A4415FC255415A4
S214048F0000C3784000B83413807B047100A0029834
S214048F103E051CB900C3A01E00A03413086308DB7A
S214048F201A718113A0DB0671497910706979086398
S214048F3002DB087204B9677900F800A081110861A1
S214048F4002D910711CB97579069820191411FF31CD
S214048F5000A0FFB900A0041008211411F421081180
S214048F6000A08111106110310E7106982019082195
S214048F701411F821141100A0D09104000000000080
S214048F80A88F0400010000000000000000F0490261
S214048F90D091040000000000CC8F04000100000003
S214048FA00000000000F04902F08F04004063598F6F
S214048FB0404B4C000B000B001A00FF7FC8670020D4
S214048FC0000000007294040000000000E09004001A
S214048FD04063598F404B4C000B000B001A00FF7F78
S214048FE0C867002000000000709404000000000021
S214048FF0FC1F0103D09304001CC0011000F80700F6
S2140490001CC001301402080050C00100874130041F
S21404901024400601070062003870000000000000CB
S214049020000000030068010F40B8244058400101C6
S214049030FC006900804005012363E0119BC34A7469
S214049040F003000003800000BE0A0000E0400101B7
S21404905033000000F0400401590B00006404830749
S2140490608813C83A90200A0028410101001E000017
S2140490703C410B0100148C00141A21282E343B4268
S214049080495043557698BA0C286900000100000040
S2140490900721286414171A002004C869A1203A0975
S2140490A03C42010129000000A08002017078030000
S2140490B0D5C00000A8800111F0010000A88001318D
S2140490C00542CB01AC800111F0010000AC800131F7
S2140490D005228D00B080010100030002FFFFFFFFA0
S2140490E0FC1F0103209404001CC0011000F80700B4
S2140490F01CC00130F502080050C001008741300C46
S2140491002440060107C052000000000000000000D2
S21404911000000003000000000000000058400101A9
S2140491206402FF00804005014B01A0089BC34A74FB
S214049130F00300000000000000000000E040010111
S21404914033000000F04004010000000064048307BC
S2140491508813C83A9C200A00284101010310000025
S2140491603C410B010000000000000000000000006D
S21404917000000000000000000000000001000000E5
S21404918000000000000000000000000000000000D6
S2140491903C42010100000000A08002017078030038
S2140491A0D5C00000A8800111F0010000A88001319C
S2140491B00542CB01AC800111F0010000AC80013106
S2140491C005228D00B080010100030002FFFFFFFFAF
S2140491D00C400200018014007F4000002040020082
S2140491E000000000000000003040070000000000FF
S2140491F00000000000000000000000000000000066
S21404920000000000A007000050400100000000001D
S2140492105C4002000000000000000000A8400100BE
S21404922007000000B440040000400000FF4C0000AB
S21404923000410000FF4D000008C0010000000000CF
S21404924020C00110FF00000020C0013000430000D1
S21404925024C00400EC80B3034375A8020000000099
S2140492602E02000054C003000E2D09E6540607081B
S214049270D1B6020064C00800043000004020100686
S214049280C8F248181FE8F600BD4B721511A318055E
S21404929010325476980A000088C0010000000000CE
S2140492A00800010104070000180001010000000086
S2140492B020000101088400001C4002011000000088
S2140492C020F913045C400501410800000100000079
S2140492D0B0070800A7000000000000009440070143
S2140492E00101103050707F7F000000000000000075
S2140492F0000000000000000000000000E44001013F
S21404930000000000EC4001017DA8D98B0041020159
S21404931000612000B75635120C410301F9541200BF
S2140493202030042988BB40002441010100000000CD
S214049330304103016406660C0C010000E853FA0091
S2140493406841030164048307881382000000000058
S21404935030420301000000000000000E0000000080
S21404936044420101000000001080010103000000D7
S21404937038800201114910000100000088800101B4
S214049380000000009C800101EB400200B480010153
S2140493903700000188000202000C00044C000000A4
S2140493A09400010200040000D00002020E00000037
S2140493B090029608E40001023D094204F40001020A
S2140493C0000000001801010260005102FFFFFFFFC9
S2140493D01200000066666600000000008494040024
S2140493E07494040000000000001A9A00005A6202F6
S2140493F080841E000420FE00114950020000000074
S2140494000000000000000000000000000000000053
S214049410B1841E00000000000000000000000000F0
S21404942012000000666666000000000084940400D3
S21404943074940400000C0000001A9A00005A620299
S21404944080841E0004200000114950020000000021
S2140494500000000000000000000000000000000003
S214049460B1841E00000000000000000000000000A0
S21404947005040000E1190000E119000000000000E6
S21404948000000000193F0106041001000001010657
S2140494900010270000090000000000000000000083
S2140494A02DCD0100DDCC0100E9CC0100D9CD0100B1
S2140494B04B5C0300E5610300E9610300ED61030012
S2140494C0F1610300F56103000001030464EE01008A
S2140494D01000000024E101001A00000079EB0100EE
S2140494E01100000075E401001100000063E511009E
S2140494F00400000023E111000400000025E101003F
S2140495000800000026E101000A00000027E101002F
S2140495100200000000000000000000007D96040029
S21404952077960400000000007E9604003B59040071
S21404953000000000355904003759040000000000FC
S2140495403959040055960400839604003C590400D7
S21404955036590400000000003A59040070950400CF
S21404956033590400345904003859040032590400AD
S214049570000203040508090A0B0001020304051D82
S2140495802000B40108020200AA00FFFFFFFFFFFF4D
S214049590FFFFFFFF537F0300452A0200C155020068
S2140495A011F30200D1580200B9680300BB68030037
S2140495B0BD680300BF680300D1B902006D920200C3
S2140495C0B1D30200BDEC0200E1460200B36803001A
S2140495D00D950200B5680300E53A0200B76803007B
S2140495E0B3510300D93F02002927030000000000FE
S2140495F0001300000000000000000000010000004E
S2140496009998020002000000B179030003000000EC
S214049610F1970200040000002B7903000500000007
S2140496209197020000000000000000000023001BC9
S2140496302200FF00000000000C09020200000000E7
S2140496401C1A0B0303FF06080402020204020A0B98
S214049650030302030480FF0204FF01010101080062
S214049660000000000000005A6967426565416C6CA2
S21404967069616E6365303980008F8E8C80808006C9
S208049680080C108039
S20C04968458B6FB7F010000004C
S21004968C98960400B8630020CA01000091
S2140496980000000000000000FFFF000001000000BA
S2140496A800000000000000000000000000000000A9
S2140496B80000000000000000000000000000000099
S2140496C80000000000000000000000000000000089
S2140496D80000000000000000000000000000000079
S2140496E80000000000000000000000000000000069
S2140496F80000000000000000000000000000000059
S2140497080000000000000000000000000000000048
S2140497180000000000000000000000000000000038
S2140497280000000000000000000000000000000028
S2140497380000000000000000000000000000000018
S2140497480000000000000000000000000000000008
S21404975800000000000000000000000000000000F8
S21404976800000000000000000000000000000000E8
S21404977800000000000000000000000000000000D8
S21404978800000000000000000000000000000000C8
S2140497980000000000000000000100000000F001C6
S2140497A8080000000810002001002301040000003F
S2140497B810100020060030010100000014100020DC
S2140497C8FFFFFFFFC0EA2101C0EA21010080000074
S2140497D800F049020065002000600B0000800000CD
S2140497E800350020C8000000FE000000000000004D
S2140497F8704A040018100020FFFFFFFF244E0400E0
S2140498083300000095F30000330000006B2B0300C0
S214049818B9C60300BDC60300CAC60300D7C60300FC
S214049828E4C60300F1C6030004C7030016C7030012
S21404983823C7030030C703003DC7030052C703000D
S21404984865C7030077C703008CC703009BC70300DC
S214049858ACC70300BBC70300CBC70300D7C70300C6
S214049868E4C70300F4C7030006C8030015C80300CA
S21404987824C803002DC8030042C8030057C80300C1
S2140498886CC803008CC803009AC80300B9C8030050
S214049898D4C80300E7C80300F4C8030009C90300D2
S2140498A818C9030027C9030039C903004BC90300B4
S2140498B85EC9030071C9030087C9030000000000DD
S2140498C80F000000BECB0300D5CB0300FF0000004A
S2140498D80000000000000000000000000000000077
S2140498E80000000000000000000000000030E7044C
S2140498F800C8180332D4030037D4030064D4030022
S2140499088FD40300BDD40300EBD403001AD5030098
S21404991847D5030077D50300A7D50300F7D503007A
S214049928FFFFFFFF00F80300FFFFFFFF000004002F
S21404993800000400005C260564660020060000009B
S214049948A4700400000000000100190001000000D3
S214049958E84000200100190001000000E84000204B
S2140499680100190001000000E84000200100190069
S21404997801000000E8400020010019000100000072
S214049988E84000200100190001000000E84000201B
S2140499980100190001000000E84000200100190039
S2140499A801000000E8400020010019000100000042
S2140499B8E84000200100190001000000E8400020EB
S2140499C80100190001000000E84000200100190009
S2140499D801000000E8400020F444002000000000D5
S2140499E800000000A0590400104C0020186700204E
S2140499F8D04E0020094804000600000000000000BD
S214049A080000000000000000047104001C7104003B
S214049A18144804003EFF0300FE00000048670020C8
S214049A2800000000E04E0020484F0020B04F002001
S214049A380000000000000000000000000000000015
S214049A480000000000000000000000000000000005
S214049A5800000000000000000000000000000000F5
S214049A68000000000000000000000000DD570300AE
S214049A78F0720400FFFFFFFF215B03001D5B030079
S214049A88FFFFFFFF255B0300FFFFFFFF59F80100F8
S214049A98FFFFFFFFFFFFFFFFFFFFFFFFFFFFFFFFC5
S214049AA8FFFFFFFFFFFFFFFF0000000020A10700E5
S214049AB8000000008D98030000000000000000006D
S214049AC80000000000000000000000000000000085
S214049AD80000000000000000F0540020552002009A
S214049AE8C93902003EFF0300000000000000000021
S214049AF80000000000000000F0540020ED260200DC
S214049B08000000003EFF0300000000000000000004
S214049B180000000000000000F05400201531020088
S214049B28C93902003EFF03000000000000000000E0
S214049B38000000000000000001490400F054002062
S214049B486D4B0200000000003EFF0300000000000A
S214049B58000000000000000000000000F054002090
S214049B6871540200000000003EFF030000000000DD
S214049B78000000000000000000000000F054002070
S214049B88CD640200000000003EFF03000000000051
S214049B98000000000000000000000000B80B0000F1
S214049BA8F0540020AD680200000000003EFF0300E9
S214049BB80000000000000000000000000000000094
S214049BC8F05400208D710200000000003EFF0300E0
S214049BD80000000000000000000000000000000074
S214049BE8F0540020FD720200000000003EFF03004F
S214049BF80000000000000000000000000000000054
S214049C08F0540020ED6E0300000000003EFF030041
S214049C180000000000000000000000000000000033
S214049C28F054002045760200000000003EFF0300C2
S214049C380000000000000000000000000000000013
S214049C48F0540020E97A0200000000003EFF0300FA
S214049C5800000000000000000000000000000000F3
S214049C68F0540020B57B0300000000003EFF03000C
S214049C7800000000000000000000000000000000D3
S214049C88F054002061D30200000000003EFF0300E9
S214049C9800000000000000000000000000000000B3
S214049CA8FD800300F05400202DED0200C93902009F
S214049CB83EFF030000000000000000000000000053
S214049CC800000000F05400209DF30200000000008D
S214049CD83EFF030000000000000000000000000033
S214049CE800000000FFFFD007B80B0000FFFFFFFFCF
S214049CF8CEFAEFBEFFFFFDFFFDFF0C002C01001E91
S214049D082C0140068000FFFF04F8FFFF0C0000004B
S214049D18000000004000FDFF2C019C000000FFFF2F
S214049D28FDFFFFFFFFFF60EA8000800010C1CDAB97
S214049D380A013201FFFFFFFFFFFFFFFFFFFFFFFFE0
S214049D48FFFFFFFFFFFFFFFFFFFFFFFFFFFFFFFF12
S214049D58FFFFFFFF01FF05FFFFFF0101FFFF0201F1
S214049D68FFFF640250FF0F0208031E050216010ACD
S214049D780C052007051001010F080101010104FF65
S214049D88030101FF0C01FF405AB47F015040300024
S214049D98FFFFFF0B03FF050B01030105020201FF8A
S214049DA8FFFFFFFFFFFFFF010102FFFFFF010000A7
S20C049DB8BD4C0000954C0000B0
S804007CB9C6
