S01B00006275696C642F72656C656173652F7A69676265652E73333714
S214004000081000200579000099C000009B490300B5
S2140040109B490300A1C00000A9C000009B49030003
S2140040209B4903009B4903009B4903009B490300EF
S214004030ADC000005C8F04009B4903009B49030051
S2140040409B4903009B4903009B4903001D74000025
S2140040509B4903009B4903009B4903009B490300BF
S2140040609B4903009B490300ADC500009B49030024
S2140040709B4903009B4903009B4903009B4903009F
S2140040809B4903009B4903009B4903009B4903008F
S2140040909B4903009B4903009B4903009B4903007F
S2140040A09B490300CD7C0000B17C00009B490300C7
S2140040B09B4903009B4903009B490300FD14020033
S2140040C08DA5030089A50300610C0200A3A50300CB
S2140040D091A50300BD14020095A50300F1F80100A8
S2140040E03D1502009B4903009B4903009B490300C2
S2140040F09B4903009B4903009B4903009B4903001F
S2140041009B4903009B4903009B4903009B4903000E
S2140041109B4903009B4903009B4903009B490300FE
S2140041209B4903009B4903009B4903009B490300EE
S2080041309B4903009F
S214004134F0B5114A114C124E00F00105E3695F0711
S21400414413D40DB9334213D103EA00078F4207D1C3
S2140041540B4A1A40002A14BF6FF001000020F0BD7D
S214004164013AEBD16FF00200F9E74FF0FF30F6E7C3
S2140041746FF00100F3E700BF80969800000003503C
S214004184020001000B4B70B5D96911F480310DD1D2
S21400419401244FF48072084E084DF46020462C64C7
S2140041A41A61FFF7C5FF3464EC6070BD6FF0010060
S2140041B4FBE700BF0000035000100350002003502C
S2140041C438B541F6713301220C4C0021E569E363EE
S2140041D40B4B05F48035DA600223606121202361ED
S2140041E4FFF7A6FF10B92120FFF7A2FF0122054B17
S2140041F4DA600DB10023E36338BD00BF000003504E
S214004204001003500020035070B5134C6061E3693E
S2140042145B071ED40E4656F8043B8D18A361AE42C7
S2140042240BD10423002121202361FFF781FF58B915
S214004234BDE870402120FFF77BBF08210846FFF742
S21400424477FF10B10423236170BD56F8043BA361C5
S214004254E5E74FF0FF30F7E7000003502DE9F84399
S214004264154641F67132164B8946DF69DA63012238
S214004274064603F58053DFF8508007F48037DA608B
S21400428455B9284601220F4BDA601FB10022A3F568
S2140042940053DA63BDE8F88306F5005404EA08041C
S2140042A4A41BAC4228BF2C46494622463046FFF79C
S2140042B4ABFF0028E6D12644A1442D1BE0E700BF4F
S2100042C4000003500020035000E0FFFF45
S2140042D02DE9F04F4FF0FD0BC9B09A460DF11B09C2
S2140042E09DF8503108AFCDF80C90CDF808B0019786
S2140042F0059303890446009383790E4690464188C9
S2140043008288407811F018FE054650B10090A388C8
S214004310002062883A4912F053F9284649B0BDE8B1
S214004320F08F99F8000033F04FFC38B12846A38888
S2140043306288344912F044F98D25EEE75A4639462C
S21400434099F8000033F0E8FB8346002851D0529BD2
S2140043501BB1BDF84C3198424BD8002399F8009019
S2140043600793A9F14102012A5FFA8BF123D8384658
S2140043700139254ADFF898C05FFA81FE734513DBE2
S214004380059B04210792C3B907AF18221F489FED6B
S2140043901A7B02FB060420460A460830394684ED9E
S2140043A0027B16F063FE11E010F8011F0133514046
S2140043B00CFB01F2E2E7059B33B123464A4638463A
S2140043C000960FF0E1FCA8E70829DED9B8F1000F47
S2140043D001D088F80090BAF1000F01D0AAF800B01A
S2140043E0529B002B99D05A46184608A916F03EFE56
S2140043F093E7012591E700BF0000000000000000E1
S214004400F038040025390400C59D1C81801000206A
S21400441093010001000000002DE9F04F93B0CDE9B4
S2140044200A32DDE91C530E9353EC102BCDE908013C
S214004430104619468DED060B1E9E16F0A1F880B1AB
S214004440DDE906014FF0FF32C54B16F0C1F840B962
S214004450DDE906014FF0FF326FF4801316F09AF88C
S21400446070B1DDE908019DED060B0E9B1E96CDE9A9
S2140044701C53DDE90A3213B0BDE8F04F00F088B9EE
S2140044800022DDE90601002316F084F8002800F07B
S2140044903381DDE906A303F1004BCBF30A5016F493
S2140044A08063A0F2FF3008BF06250F9315F096FD37
S2140044B09BA3D3E9002315F0FBFD9BA3D3E90023C0
S2140044C015F040FCCBF31304894644F07F51804638
S2140044D00022A44B504641F4401115F031FC94A341
S2140044E0D3E9002315F0E4FD02460B464046494654
S2140044F015F028FC16F076F8044615F06FFD8EA32E
S214004500D3E900238046894615F0D2FD0022964B5B
S21400451015F018FC16F066F889A3D3E900230746C1
S2140045204946404615F0C4FD80463846894615F093
S21400453055FD85A3D3E9002315F0BAFD02460B46C8
S2140045404046494615F0FCFB02460B46CDE90C23D7
S21400455015F0AEFDDDE90C23804689461046194667
S21400456015F0F0FB0022CDE91001804B404649468D
S21400457015F0C8FE00227E4B15F0E4FB02460B4603
S2140045804046494615F0BEFE00227A4B15F0DAFB8F
S21400459002460B464046494615F0B4FEDDE90C23BC
S2140045A08046894600204FF0804115F0C9FB024640
S2140045B00B464046494615F0C5FB02460B46DDE96C
S2140045C0100115F09FFE07F2FF3700226A4B15F028
S2140045D0B9FB00223B0515F06BFD52465B46804654
S2140045E0894615F0F5FF002840F08980CDE90C8952
S2140045F004F16303C62B8CBF0527042731051BD5A2
S21400460053A3D3E900235046594615F0D7FF002898
S2140046107FD051A3D3E900235046594615F0BAFF80
S214004620002876D00027A542C6BF2C1B04F1FF3514
S21400463000253C4646F480660E9B9F422CBF4FF0FA
S2140046400008A3EB070816F0020903D0002F18BFD6
S2140046504FF000083CB1DDE90C235046594615F0F2
S21400466051FE82468B46DDE906010022002315F046
S21400467091FF10B10BF100439B46DDE9080126F4DB
S2140046800063CDE90183DDE90A324BEC10AB0095FF
S21400469000F07EF802465FB3DDE9091316F0200F3E
S2140046A000F10105089E0CBF65204520B047DDE9F6
S2140046B008010523002205930A23002CCDE90232C7
S2140046C007F1FF374FEAD473B8BF64422A46019316
S2140046D004970A9B009435F0D1F80246B9F1000F12
S2140046E006D00B9BC41A0B9B1A190E9BA34245D8E7
S2140046F0104613B0BDE8F08FDDE906ABCDE600222C
S214004700404649461A4B15F0FDFD013CCDE90C012B
S2140047106EE7002D90D00F9B002B8DD0013D8BE7D0
S214004720FB799F501344D33FB3C8608B288AC63F9B
S21400473061436F63A787D23F71A379094F930A40FD
S2140047401655B5BBB16B0240EF39FAFE422EE63F76
S2140047502D431CEBE2361A3F0000000080842E41F9
S214004760FFFFEF7F0000F83F0000E03F00002C4016
S21400477000002440000018400000F03F2020DDE943
S2140047800913089DA8470134ADE700BF00000000EC
S2140047902DE9F04F5BEC10AB97B0CDE90501DDE9F4
S2140047A02058CDE90723504652465B465946229F7D
S2140047B015F0E6FE70B90323CDE902870193AA4BF4
S2140047C00093DDE90501DDE9072334F089FF17B022
S2140047D0BDE8F08F4FF0FF326FF480135046594615
S2140047E015F0D8FE28B10423CDE9028701939F4B2C
S2140047F0E6E74FF0FF32504659469D4B15F0E8FE6F
S21400480068B19C4A07F00403002B08BF03229A4BAA
S2140048101CBF13460422CDE902870192D0E750461A
S2140048208DA3D3E90023594615F0D2FE38B98CA3E0
S214004830D3E900235046594615F0ACFE68B1DDE9D1
S2140048400723DDE905014BEC10ABCDE92187209568
S21400485017B0BDE8F04FFFF7DFBD0022002350463B
S214004860594615F097FE002800F091805B465246A8
S2140048700020002115F064FA012382468B46099336
S21400488017F4806400F08580092D40F285800024AE
S21400489030210EABA5F109020134202C03F8011BD0
S2140048A0A5EB040901D09442F6D15946504615F0BE
S2140048B099FE724B054603EBC90393ED007B8DED25
S2140048C00A7B15F08BFB02460B465046594615F000
S2140048D037FADDE90A2315F0EBFB02460B46CDE975
S2140048E00C2315F0A7FE064615F068FB02460B469D
S2140048F0DDE90C0115F024FA02460B46CDE90C233F
S21400490000225F4B15F064FE002848D00136304682
S21400491015F054FB02460B46DDE90A0115F044FE8D
S21400492008B100260135B9F1000F45D1284615F02B
S21400493055FB02460B465046594615F001FA002232
S2140049404F4B15F027FE10B9E90700D501350A21AF
S2140049500EAB1A19202C0AD095FBF1F001FB10556E
S214004960303502F8015B013405460028F2D107F025
S2140049700302012A55D1B8F1000F52D0099A12B994
S21400498017F00C0F01D008F1FF38302240E00990F4
S21400499076E74FF0060988E7A946002485E7002257
S2140049A0DDE90C01364B15F0F5FD0028BBD10EB144
S2140049B0F007B8D50136B6E70A210EAB1A19202C37
S2140049C00DD0B6FBF1F001FB1063092E03F13003A6
S2140049D009F1FF3904F1010402F8013B11D8302136
S2140049E0A1440EAA202CB2D04C4504F101030AD1F2
S2140049F004F158020DEB02042E2204F8202C1C466B
S214004A00A5E70646DBE7A1541C46EBE71A5501343A
S214004A10444506D2202CF9D1CDE9028701940EAB8D
S214004A20CEE6202CF8D0099B3BB12D2204F158038A
S214004A306B4403F8202C0134EEE77A0704D504F122
S214004A4058032B226B44F4E73B07E5D504F15803E3
S214004A5020226B44EDE700BF0000000065CDCD418D
S214004A600000000065CDCDC1DF560400E35604000B
S214004A70FFFFEF7FD6560400DB560400989E040026
S214004A800000E03F0000000070B58EB02C22002130
S214004A9003A816F05BF964234FF002320893CDE9C1
S214004AA005230B2301218DF834305B4B8DF8101055
S214004AB01D880D4040F0A980084639F09DF90A226D
S214004AC0564B574C1A704FF42873ADF812304FF00F
S214004AD0FF332360534B54491B8820460B82534BAD
S214004AE0534A1B68CD828B61524B0D621B884B82EA
S214004AF0514B1B68CB611CF097FD20B14FF41B7126
S214004B004E483AF0BAFA0521206835F0A0F820B1F0
S214004B1040F27D2149483AF0B0FA206815F0CCF80A
S214004B20474B2068196835F055F90C2539F0CCFD4F
S214004B306843099039F0C8FD68430DEB05010790FE
S214004B40206816F0C5FF20B140F295213B483AF0A8
S214004B5094FA25681FF012F900220146284635F01F
S214004B60B1F920B140F2972134483AF086FA40F283
S214004B700353344D344E2B80052396F90000AB705A
S214004B807F2801D11CF046FE3378EB7039F09CFD8F
S214004B9000EB80008000A88039F096FD0023C0005E
S214004BA04FF0FF31E880AB604FF0FF3018A3D3E939
S214004BB0002339F073FA2549206835F03CF920685F
S214004BC002A935F058FD20B14FF434711B483AF075
S214004BD054FA042220680DEB020135F0D0F80428C0
S214004BE004D040F2D72115483AF047FA01A901202F
S214004BF034F0DBFC07F094FA01201DF09DFA30F04B
S214004C00C4FC1DF0C3FA1CF09DFD0EB070BD00BFC5
S214004C100A0020FF42030000525C0020AA63002026
S214004C2084540020CAB70400646A0020D0B7040089
S214004C3021DE0300C8B70400CCB704000E8E0400C3
S214004C40B467002078540020826D002095DE0300B3
S214004C500348044B834202D0034B03B11847704706
S214004C60B46D0020B46D002000000000064B07491C
S214004C70C91A891048BF0131491003D0044B0BB143
S214004C8001481847704700BFB46D0020B46D00207F
S214004C900000000010B5064C237843B9FFF7D8FF94
S214004CA0044B13B10448AFF300800123237010BDFA
S214004CB0681600200000000070DB040008B5044BF6
S214004CC01BB104490448AFF30080BDE80840CDE7B7
S214004CD0000000006C16002070DB0400A3F5803A8C
S214004CE0704700BF154B002B08BF114B9D46FFF7C2
S214004CF0F5FF00218B460F461148124A121A16F08D
S214004D0025F80C4B002B00D098470B4B002B00D0FF
S214004D1098470020002104000D000B4816F05CFBAD
S214004D2015F0ECFF200029002FF066FB16F042FB82
S214004D30000008000000000000000000081000202E
S214004D40081000201064002041B4010007B50121BE
S214004D5020200DF1070201F021F850B1012120209A
S214004D600DF107028DF8071001F028F803B05DF882
S214004D7004FB9DF807100129F8D00122084814F01A
S214004D80D3FE01210DF1070220208DF8071001F057
S214004D9015F82FF0B3FA4FF4FA6000F049FEE5E795
S214004DA0C8F4030038B501F091F9012805D001F0E8
S214004DB08DF9022801D001F0AFF9064D2B783BB9EA
S214004DC001F084F90128044602D12FF00CFB2C7068
S214004DD038BD00BF3E5D002010B5044600882FF0A9
S214004DE061FAA37884F84400834202BF0123E3708B
S214004DF02371074B04F11C00C4E9073401F024F8C2
S214004E00224620880349BDE8104000F061BF00BF7D
S214004E103B4003000540030070B5C37804460D46CA
S214004E201646002B34D1D1B1214814F07DFE012363
S214004E30E370E36CA6600BB1E06D9847E368F61A82
S214004E4063699E4221D2217E1A480131C9B2217679
S214004E5014F06AFEA36D13B1217EE06D9847E570ED
S214004E602FF05FFA15B3237903BBA268238A801A52
S214004E7083421BD801231048237114F055FE236D7E
S214004E80A3B1E06DBDE87040184701232376E6E73E
S214004E900029E4D1094814F047FE636DE660E5702A
S214004EA02571002BDBD0E06D9847D8E770BD00BFBA
S214004EB0F0F4030001F503002FF503001CF50300D2
S214004EC070B51E46838804460D46C18002810BB12C
S214004ED0868070BD817800882FF0D0F80123E370BB
S214004EE0064BA680C4E903340C34204600F0ACFF21
S214004EF029462046BDE870402FF00ABA87400300D6
S214004F0010B501790446B1FA81F1008849092FF0FD
S214004F102CF921796088B1FA81F149092FF025F939
S214004F20034B1A68A24204BF00221A6010BD00BFDD
S214004F308416002070B543790446A3B100880E4E4F
S214004F4004F10805336813B10C4B1B786BB121795B
S214004F502FF00BF964210A4B3460A3602846BDE8A5
S214004F6070402FF0D5B94088E9E7064814F0DCFD1C
S214004F70054B3221A360F1E7841600203F5D002038
S214004F80014F000045F50300354F000010B50446FC
S214004F90E0B10F4814F0C8FD01236371A37953B93B
S214004FA0217920882FF0E1F8236B7BB1606B01211B
S214004FB0BDE8104018472046FFF7A2FF04F108009E
S214004FC02FF0ABF92046FFF7B5FFEDE710BD00BFA9
S214004FD07BF5030010B50446F8B1104814F0A4FDA4
S214004FE000236371A3796BB921792088B1FA81F126
S214004FF049092FF0BAF8236B7BB1606B0021BDE83E
S214005000104018472046FFF77BFF04F108002FF0FA
S21400501084F92046FFF78EFFEDE710BD86F5030006
S21400502010B5044668B1074814F07EFD6379204643
S2140050301BB1BDE81040FFF7CDBFBDE81040FFF73D
S214005040A5BF10BD92F5030010B50E4C0E482146C4
S21400505014F06AFD82210D4814F066FD82210220BC
S214005060A21E00F0ABFE014630B134F8022C084810
S214005070BDE8104014F058BD0648BDE8104014F0D6
S21400508053BD00BFD6550020A1F50300BCF50300B4
S214005090C7F503000BF6030038B50E4C82212246F6
S2140050A0022000F07BFEA51C014650B122880A486B
S2140050B014F03AFD4E222846084915F0D7FF4D2336
S2140050C0238035F8021C064A0648BDE8384014F02E
S2140050D02BBD00BFD455002016F6030096F603003D
S2140050E0D655002074F60300034B1B781BB18B4289
S2140050F001D82FF003B97047226D002010B5044682
S21400510001460E4814F010FD012C11D10C4B0D4831
S2140051101A884FF6FF739A421EBF0022094B5A7434
S2140051202FF009F801F09CFDBDE8104001F06EBCC0
S2140051300448BDE810402FF000B800BFE4F60300B6
S214005140D46C00204067002070B500241A4D1B4E1A
S2140051503378A3421BDC0024194D1A4E3378A34241
S2140051601BDC0024184D194E3378A3421BDC00F0DC
S214005170ADFF012816481CD12EF0DDFF01F070FDB2
S21400518001F044FCBDE87040124800F0BFBF28465E
S214005190FFF722FE01346035DAE728462EF0B1FF2D
S2140051A001343435DAE728462EF0E4FF013438358A
S2140051B0DAE72EF0C2FFE5E7B8210020455D0020C3
S2140051C0D8250020465D0020881F0020445D002072
S2140051D040670020FD5000002DE9F04F87B0FFF734
S2140051E05BFFB34B05A805932EF0E8FF054615F0C8
S2140051F0A9FCB04CC2B21F2A627004D9AE4814F0A3
S21400520093FC00F009FC2946A01C15F02FFF05A80A
S2140052102EF0D4FF054615F095FCC2B21F2A84F87E
S214005220212001D9A548EAE7294604F1220015F015
S2140052301DFF05A82EF0C2FF32260446002725785B
S214005240002D40F092809E4CFFF77EFF2378DFF81B
S214005250ACA2DFF8AC829B4E00939AF8003098F828
S21400526000203178984814F05FFC327898F80010E7
S2140052709AF8000053180344944F20782C460344B1
S2140052803846DBB2AA4200F3D782012B38BF01238F
S214005290DFF840B202935A4600235D464FF482710F
S2140052A04FF6FF7402980133834213705180948046
S2140052B002F10C02F6DB864B86497E48AB6000F0B6
S2140052C0DBFFE879AB6800EB400003EB800000F002
S2140052D0AFFDEB790133EB717F4B1B88A34203D004
S2140052E07C497E4801F0CCF84FF00009784C3278C3
S2140052F04A4500F3CB8200274FF00C09784ADFF8C6
S214005300D4B198F800003178B84200F3D482471838
S2140053100C21002501FB07B19AF800009423A8424F
S214005320704A00F3E6820C2598F8003000274FF00C
S21400533070083678DFF8CCA11E44064405FB06B597
S2140053405F4B1B78BB4200F3E7820299614800F08E
S214005350FDFD059B56491A468B4240F0F082624896
S21400536007B0BDE8F04F14F0DFBB532D0FD16378C4
S2140053704C2B40F04781A378502B40F0438101220C
S2140053805A4B1A7005A82EF019FF044657E7442D0D
S21400539013D16378303B092BF4D8601C2EF01BFF2A
S2140053A0534B544A1978002386B2994202F16002A0
S2140053B0E8DD22F8466C0133F7E7422D0BD163781F
S2140053C0542B55D1A01C00F0D1FC434B1880184636
S2140053D02EF0F5FDD6E7582D34D8412DD2D9433DD1
S2140053E0152DCFD801A353F825F000BFA75700000E
S2140053F08553000085530000855300008553000048
S2140054008553000057550000855300008553000063
S21400541009550000575400008553000085530000CE
S214005420855300008553000089560000055600008D
S2140054308553000085530000855300008553000007
S214005440FF560000692D9DD1601C2EF0C4FE80B270
S2140054502EF050FF96E71B4B0120197800231B4ABD
S214005460994202F1A8028DDD02F8A60C0133F7E797
S214005470601C00F07BFC0546E01C2EF024FF01219A
S214005480024628462EF0DBFE60211948194C0378A8
S2140054905943621865524FF4FA6111824FF448710D
S2140054A05161154956831165013303706AE700BFE1
S2140054B0D65500205466002003F703001AF70300B1
S2140054C0405D0020435D00202AF70300DC1C00201E
S2140054D050170020D8160020D46C00208816002014
S2140054E0DC1B0020201A00207AF703003F5D002016
S2140054F0455D0020B8210020A7410300415D002043
S214005500425D0020D0180020601C00F02FFC002216
S2140055104FF034088146CD4F11462EF090FE387875
S214005520CB4D08FB00F325F80390EA18E378104605
S214005530693B18BF012393702EF0E3FD0021C54A96
S2140055403B785160012103FB08550B443B70156006
S2140055500F46117416E7601C00F008FC0022114686
S21400556081462EF06CFE3422B84DDFF8E4822878AF
S21400557002FB00F328F8039008EB0301E3780846E3
S214005580693B18BF01238B702EF0BBFDB24A002387
S2140055901046916B31BB00EB831034232A7802FB54
S2140055A003838363AD4A00231046D2F8A410F9B9EA
S2140055B0A82202FB030034232A7802FB0383C0F8E8
S2140055C0A4305FB9A34A3B46114652F8040BA8B96B
S2140055D03422287800FB028241F823202B780133FE
S2140055E02B70CFE60133042B02F14002D1D1D9E76C
S2140055F00133042B02F1A802D7D1E2E70133042BD2
S214005600E3D1EBE7601C00F0B1FB8046E01C2EF017
S2140056105AFE0121024640462EF011FE60219048B7
S214005620904D0278DFF858C251436B1825F8018078
S2140056304FF44871198259618B495E839965E17808
S214005640A824642904BF012199709CF80030DFF873
S2140056500CE25C430EEB04010EF804304FF40074C9
S2140056604C8003240C718C7102EB420405EB44154C
S21400567032240133DBB201324B718D6081F8A040D9
S21400568002708CF800307DE6601C00F06FFB002294
S2140056904FF0380A8146DFF8E08111462EF0CFFD44
S2140056A098F80030714D0AFB03F325F803904FF08D
S2140056B00109EA1882F80490E37873B1E01C00F060
S2140056C055FB0022044611462EF0B9FD98F800302E
S2140056D00AFB03535C8083F8069065485E4A0378AD
S2140056E09901535498F8001002EB8314C1EBC102E1
S2140056F005EBC2054A1C656388F80020D4E6601CEA
S21400570000F034FB8046E01C00F030FB0546601DD0
S2140057102EF0D9FD04460246012140462EF08FFDAC
S2140057202246284601212EF08AFD60204FF4487C50
S214005730DFF82CE14B4A9EF8003000FB03F422F819
S2140057400480DFF824811119A1F810C0C1F814C034
S2140057504E83C1F85880591CC9B248431418A4F89F
S21400576010C0C4F814C06683C4F858809424155238
S214005770404D981C8EF800002878DFF808C1444396
S21400578003EB430301EB41010CEB040E02EB431366
S21400579002EB41120CF80400CEF80430CEF80820D4
S2140057A001302870EEE5601C00F0E0FA8046E01C50
S2140057B000F0DCFA00220546114640462EF03FFD7A
S2140057C000223824114628462EF039FD2A48274A5A
S2140057D003784FF0000E04FB03FC22F80C804FF019
S2140057E0010802EB0C0181F806E081F8048003EB67
S2140057F00801C9B24C4302EB040C15539C1C047000
S21400580070241E4D8CF806E028788CF804804443FB
S214005810DFF874C0C3EBC303C1EBC1010CEB040E8D
S21400582002EBC30302EBC1020CF80400CEF804300E
S214005830CEF808204044B4E790F805C001358C4502
S21400584084BF04714471A8301CE500BF465D00208B
S214005850D825002040670020DC1B0020DC1C002030
S214005860455D0020B8210020E9500000881F002078
S214005870425D0020415D0020445D0020405D002028
S214005880435D0020201A0020D0180020B9F1000F38
S21400589007D01BF8052C02EB420204EB8204CBF87F
S2140058A008405946384601F0AFFB09F10109A83710
S2140058B00BF10C0B1BE579180AD0481E09FB00B04B
S2140058C0C07900EB400004EB800409FB01B0846063
S2140058D0104609FB0151039201F054F931781C4837
S2140058E0394409FB015101F077F8039A0137403239
S2140058F007E5FD4218BF11F8050C03911EBF00EB2B
S214005900400004EB80048C6003FB052000F07CFF65
S214005910039901350C31FFE4F74218BF15F8053C32
S21400592029461CBF03EB430304EB830408FB07A0D4
S21400593018BFAC6000F03EFE01370C3500E513F8EA
S214005940011D00297FF406AD3B2102F8011C01E58C
S2140059507C1F002007B5012121200DF1070200F071
S2140059601DFA18B99DF80720024B1A7003B05DF8AF
S21400597004FB00BF226D002007B5064B8DF807001C
S214005980187001210DF10702212000F017FA03B06C
S2140059905DF804FB226D002007B5022101200DF101
S2140059A0060200F0FBF938B9044814F0BDF8BDF85B
S2140059B0060003B05DF804FB0020FAE797F7030043
S2140059C007B50221ADF806000DF10602012000F031
S2140059D0F5F9014610B1034814F0A6F803B05DF8D7
S2140059E004FB00BFB8F7030010B5FFF7D5FF044669
S2140059F00146074814F098F80121064814F094F878
S214005A0024B9BDE810400120FFF7DABF10BD00BF83
S214005A10E8F70300FAF7030008B5044814F084F822
S214005A2000F0DCF92EF06AFC2EF065FC10F803009E
S214005A3038B50446084D094B28462B6000F004FA9A
S214005A40002C18BF21462846BDE8384008BF4FF452
S214005A5096712EF05DBC00BFDC260020F5410300E9
S214005A602DE9F043384D91B008AC0746894690467C
S214005A700FCD0FC495E80F00002684E80F0001251F
S214005A800323324C3248CDE90366CDE905668DF82E
S214005A900E300796029539F099FA2E4839F096FAA4
S214005AA032462D4920468DF8176004F0D5FB334664
S214005AB032462A498DF81900009020468DF823902A
S214005AC0CDF82C808DF8216004F0E0FB0A9020468B
S214005AD08DF8097004F042FB204608AA05A904F0D8
S214005AE0FBFB02AA204603A92FF0ABFC4FF4007282
S214005AF01B4B5A62194BE560626A920510D46BB96B
S214005B004FF40072164B11485A6204F027FB1148F6
S214005B1039F05FFA002011B0BDE8F083013BEBE7F7
S214005B20002BEDD0094908A82FF0BEFC4FF40072F8
S214005B300B4B06485A6204F011FB064839F049FA46
S214005B40BDF82000E7E700BF148F04000040005AAD
S214005B50BC910400B891040080841E0040420F00EF
S214005B600060005A0122034B1870034B1980034B48
S214005B701A707047485D0020DC6C0020475D0020EE
S214005B80F8B5454B1B780BB90020F8BD434B1B7886
S214005B90012B03D1BDE8F8402EF02FBB404B1C88EC
S214005BA04FF6FF739C42EFD03E4839F00FFA0023C1
S214005BB0260AE4B21A462146304604F08FFA012E31
S214005BC0354604F0010335D015D9B51E012DDBD8B6
S214005BD0002B0BBF4FF480754FF080754FF470614B
S214005BE04FF070610BBF01274FF480370F204FF442
S214005BF070202D4B11E0002B0BBF4FF480754FF03B
S214005C0080754FF470614FF070610BBF01274FF441
S214005C1080370F204FF47020244B1A6802401CD0A7
S214005C20BA421AD01A680A4032D11A6822EA010229
S214005C302A4316E0002B0BBF4FF480754FF080759B
S214005C404FF470614FF070610BBF01274FF480373F
S214005C500F204FF47020164BDFE71A6822EA000286
S214005C603A431A602EF0C9FA054600288CD008364A
S214005C7044EA06102A460321C0B2FFF7F1FE40F6BA
S214005C80FF73684300F2FF70B0FBF3F080B27CE76E
S214005C9095427FF479AFC8E7475D0020485D002055
S214005CA0DC6C0020BC91040028C3035020C30350C2
S214005CB024C3035010B5044C237823B9034839F0A5
S214005CC085F90123237010BD4A5D0020BC910400B5
S214005CD02DE9F0431F4C85B0074688469146FFF7EE
S214005CE0E9FF23781BB901F0A9FE012323707BBAD4
S214005CF0ADF80C3030220023174E02FB03F4315D62
S214005D00A51901BB012333554FF0FF3304F11000F2
S214005D1012493044AB606F80C5F80480C5F80C901B
S214005D2009F01EF904F10801042231440C4B0095D9
S214005D3003A801F059FFA96802460A4813F0F4FECA
S214005D4005B0BDE8F0830133102BD6D1064813F01A
S214005D50EBFEF5E7495D0020042700201F42030004
S214005D60314203001DF803004BF8030080B10278AF
S214005D70A2F14103032B0BD840783038C0B2082874
S214005D8006D8054B134413F8413C40EA03207047FD
S214005D904FF6FF70704700BF348F040008B50B46FF
S214005DA042B101460448006803F062F8BDE80840C6
S214005DB02EF09ABA022008BDAC67002008B50B4644
S214005DC042B101460448006803F0DAF9BDE808402D
S214005DD02EF08ABA022008BDAC670020F0B5002677
S214005DE0124F8DB0FF2300930A223346386802A96B
S214005DF02FF0E4F8C0B102AB1D4603EB800404E0CC
S214005E0055F8043BB34228BF5E1CAC423868E9D95B
S214005E10296803F03BFB0028F2D02D28F0D00DB007
S214005E20BDE8F0402EF060BA0DB0F0BDAC670020C3
S214005E3028B1034B0360034B436000238360704725
S214005E401900000354670020FF2307B50021044A09
S214005E500093083009F008F803B05DF804FB00BFB3
S214005E600B4303000B4604490246086803490978B9
S214005E7008B12EF05DBA7047102A00204C5D002055
S214005E80F7B50C4618B12921194839F0F6F82468F8
S214005E9023685E795F8830463946FFF7E3FFF0B146
S214005EA08568E5B1A089227D3946904291BF0020E1
S214005EB0801AA36880B294BF03469B18E27C0090C9
S214005EC03046A8470138032803D8DFE800F0080F5B
S214005ED00B0D0024204632F0E1FB204600E0812036
S214005EE003B0F0BD8024F5E79324F3E78724F1E7B9
S214005EF073F80300F8B515460D4A044610680D4AB7
S214005F000B46117850B122462EF012FA034628B1FD
S214005F1000210C27C678B14201DB0020F8BD07FB44
S214005F2001F45A681019125BAA42F7D00131F2E761
S214005F30102A00204C5D002008B5034B1B6803B1F7
S214005F409847002008BD00BF0C2A00202DE9F74F17
S214005F5004460D460026454B454F1860454B1970C4
S214005F6033010021F85C01360FF0D4FD0C2EF7D17A
S214005F700C2D28BF0C254FF0000901953C4EDFF88C
S214005F8000A13D4DDFF8FC80019B4B4502DC03B0D1
S214005F90BDE8F08F23784FF0000B33706388738072
S214005FA0A388B380A379C6F80880B371E379C8F8EC
S214005FB0005088F804304FF00003A768A8F80630B1
S214005FC0E3795B450ADC012116F8100B0FF0A2FD01
S214005FD008F1080809F101090C34D5E74FF0000371
S214005FE038886B812880FB784FF0000C2B81BA78BC
S214005FF0C5F804A0002A00920CBF802240222A7313
S21400600079680AF10C02634513DC03EB43030AEBE1
S214006010830ABB6843B1009A4FF6FF71B2FA82F268
S214006020164B520932F0CAFA14350BF1010B0C3735
S214006030C6E7B1F800E00CF1010C22F80CEC91F880
S21400604002E00C3202F816EC91F804E00C3102F88B
S21400605015EC11F809ECBEF1010F14BF4FF0100E4D
S2140060604FF0110E02F814ECCDE700BF102A002006
S214006070D84000204C5D002014300020815E0000D7
S214006080142A002094320020014B1860704700BF8D
S214006090082A002070B5128805460E46FFF72AFF2C
S2140060A0044670B102790499806814F0A1FE064B8C
S2140060B01B680BB9002070BD3146284622889847D9
S2140060C0F8E78620F7E700BF082A002008B50EF09C
S2140060D0BDFD022806D0012806D0044B18784000E3
S2140060E0C0B208BD0120FCE70220FAE74B5D0020A5
S2140060F0054B10B51C682CB1FFF7E8FF2346BDE83A
S2140061001040184710BD00BF042A0020014B18603D
S214006110704700BF042A0020034B1A781AB90122E0
S2140061201A700AF099BD70474B5D00200022024BA2
S2140061301A70FFF7DDBF00BF4B5D002037B5044681
S214006140002832D00EF082FD022830D1608932F06D
S21400615022FEE079237A003818BF0120012B637AEB
S21400616008BF40F008000BB140F0100063890BB187
S21400617040F00400257CA188A2790DB1E36873B9CC
S2140061800C4B10F0A3F82178084610F01BF932F0FB
S2140061900EF9002814BF0320002003B030BDCDE95F
S2140061A00035054B10F092F8EDE70220F5E70120E8
S2140061B0F3E700BF094604000C15040008B50CF010
S2140061C0A9FE014630B1044813F0AEFCBDE8084015
S2140061D00DF044BA08BD00BFE5F80300034B044ABF
S2140061E05B7C012103201370FFF7E8BD40670020A9
S2140061F04D5D002010B50446FFF7F0FFB4F57F4F65
S2140062000BD100240F4B1A8813449C70FEF71CFF1A
S2140062102046BDE81040FFF70BBC4FF601739C42CA
S21400622004D1BDE8104008482DF06DBF4FF602734C
S2140062309C4205D1BDE81040044B1878FFF79CBB84
S21400624010BD00BFD455002040670020226D0020FE
S21400625010B5074C012122460320FFF79FFD28B901
S2140062602378044A003B18BF0123537410BD00BFB7
S2140062704D5D002040670020F8B5574B574C1A88F4
S2140062804FF6FF739A4218BF03234FF0080218BF59
S2140062902370534B32251A7030229A705A71372267
S2140062A09A713122DA7134225D70DD7036251A72E9
S2140062B04FF400121D714B4D4264C5644A4D0122D5
S2140062C005654A4D86188565494DC667C565494DBD
S2140062D0494E4566494D80F848208566484D80F809
S2140062E054200567474D80F860204567202580F8D4
S2140062F0785080F8845000F12105C0F88850424D4F
S21400630080F86C20C0F88C50C0F8806080F8902030
S214006310C0F89440C0F8B8303C4B3D4CC0F8BC3098
S2140063200223C0F898403B4C80F8C030C0F8A44028
S2140063300F24394B80F8A840C0F8C430374B384C8F
S214006340C0F8C8308223C0F8AC40364C80F8CC3059
S214006350C0F8B0400924344B344DC0F8D030344B2C
S21400636080F8B440C0F8D4302C7C324B80F89C20A7
S214006370C0F8A00080F8D820C0F8DC3044B12E4B1E
S21400638080F8E420C0F8E03005F11103C0F8E830EA
S2140063904FF0000CCA798E6802EB42039F0044302F
S2140063A006EB830326F807C0586001200D3498706A
S2140063B0DC701318CB71FFF7CDFAFFF749FFFFF734
S2140063C085FE012806D12B7C23B1BDE8F84017488E
S2140063D02DF099BEF8BD00BFD46C0020236D0020C0
S2140063E04E5D00204D8F0400010020004C8F0400FD
S2140063F0020020004B8F040005004200030020002E
S2140064004A8F04000400420007003000FDFF210010
S2140064101200100100404200488F040000FF4401B3
S214006420388F040006004200D45500204067002044
S21400643002FF2001226D002001FF100113B5044663
S2140064400D482DF0C7FD6422C0F30F43637083B27E
S214006450B3FBF2F3A0782370202201212DF08AFFEF
S214006460A078212201212DF085FF0449201D02B0CD
S214006470BDE810402DF04CBFD46C0020E093040023
S2140064800B7870B583704CF61E0303804FF0201314
S214006490C362012380F8303080F83C30C3180364B0
S2140064A0124B044643640223114A80F84830114BCD
S2140064B08263C3644063CA798D6802EB420305EBCE
S2140064C0830004F12C0646600B4E45F8236000233B
S2140064D08360531CCB71094B201DC4E90134FFF7C0
S2140064E0B3FC2046BDE87040FFF7A8BFFDFF2100C3
S2140064F0210020004E8F0400010001033D640000CF
S214006500437B044A0121137000781130C0B2FFF7B4
S21400651055BC00BF585D002038B504460078054DD0
S21400652011302A460121C0B2FFF738FC08B92B7893
S214006530637338BD585D0020024B53F820002DF0E1
S214006540E0BF00BFF4320020012908B506D00229BA
S21400655007D049B92DF0CCFF002008BD2DF0CBFFA9
S214006560FAE72DF0CBFFF7E7024813F0DDFA01203B
S214006570F3E700BF12F9030010B4054C114654F8B7
S21400658020001A46BDF804305DF8044BFFF7DCBF68
S214006590F4320020002310B5044683810364A0F87B
S2140065A044304830FFF750FC014BC4E9123410BDAC
S2140065B0E944030038B504460B781A4A43700D4682
S2140065C042F82300FFF7E6FF2046FFF7A5FF4FF44B
S2140065D0401323610123144A2375A261134A84F8E9
S2140065E02030E261124A84F82C306262114A84F844
S2140065F03830A26204F10C0222630F4A04F10D0344
S2140066006263E363EA79A86802EB420300EB830166
S21400661010344C60094C40F82340094B8B60531CE7
S214006620EB7138BDF4320020575D002008002000D2
S214006630246D002000FF300001FF1001020101045C
S2140066407965000010B47024427B0D48013A012998
S21400665004FB020006D0022908D059B95DF8044BA5
S2140066602DF046BF5DF8044B2DF045BF5DF8044B9A
S2140066702DF044BF03485DF8044B13F055BA00BF35
S214006680D01800202EF90300B0F85C302DE9F04158
S2140066908B4204460E4638D0437B077C8BB31C4A9D
S2140066A012789A422DD370251A4A013B05FB032324
S2140066B090F80F801B7B42462DF031FFB84505460B
S2140066C001D1FF281FD13A463146204694F8903033
S2140066D02DF025FF2F460546552212216078A4F896
S2140066E05C602DF047FEFF2F03D039462046FFF7AB
S2140066F0A9FFFF2D09D029462046BDE8F0412DF020
S2140067004EBFFF25DFE70746E6E7BDE8F08100BF9E
S214006710405D0020D018002041688268C978D27891
S21400672049B112B10321FFF7AFBF837B002B0CBF2B
S21400673001210221F7E72AB1837B002B0CBF02213F
S2140067400121F0E7014813F0EFB900BF3FF903005D
S214006750037BD3B14368DA7812B18268D278A2B9E3
S2140067601B7933B1837B002B0CBF04210521FFF777
S2140067708BBF83681B792BB1837B002B0CBF052155
S2140067800421F4E7014813F0CFB9704771F903000C
S214006790084A437B05211370837B5370C37B937039
S2140067A0037CD370037B137100780E30C0B2FFF702
S2140067B005BB00BF595D002038B5044600780C4D77
S2140067C00E302A460521C0B2FFF7E8FA20B1BDE830
S2140067D03840084813F0A8B92B7863736B78A37316
S2140067E0AB78E373EB7823742B79237338BD00BF43
S2140067F0595D0020ADF90300024B53F820002DF040
S21400680018BF00BF1C330020F8B504460B78424A78
S21400681043700D4642F82300404E2DF028FFFFF748
S214006820CBFF6268A3683E483E49D6641165D465CE
S2140068305065C3E91410DE64DC654FF098730226D9
S2140068406361012304F10C01E161374910322162D2
S21400685004F10D01A16235492376E16204F10E01CF
S2140068606163334984F82430A16304F10F01216485
S214006870304984F83030616404F11001E1642E4937
S21400688084F83C3084F84830216584F85460A2656A
S214006890E879A96800EB400201EB820704F1140CCA
S2140068A0C7F804C04FF4817C244F41F82270C21808
S2140068B0D2B202EB420241F822C001EB820700226C
S2140068C07A601F4A84F8703022661E4A84F8883040
S2140068D0A2661D4A1D4BE2661D4AC4F88C306267EC
S2140068E01C4A8319A26704F15C02C4F88020DBB25C
S2140068F0194A03EB4303C4F8842084F8646084F8E0
S2140069007C6001EB830260345460144A033041F823
S2140069102320E871F8BD00BF1C3300201967000073
S214006920F545030051670000010020010200100138
S21400693003003001040030010500210101FC0106BE
S2140069404A002100508F040051001000528F0400AE
S214006950538F0400550021006F0018001200010438
S21400696070B50D460646144613460A4601461648B6
S21400697013F0DAF825B92046BDE87040FFF73ABCB8
S214006980072D05D121463046BDE8704000F000BB1B
S2140069904FF601439D4205D121463046BDE8704082
S2140069A0FFF72ABF062D05D121463046BDE87040C8
S2140069B000F0A2B8B5F5817F05D121463046BDE886
S2140069C07040FFF7B9BD70BDDCF903000148FFF762
S2140069D05BBB00BF616900004FF4C01330B50360B5
S2140069E001230371074B8C688360CA7902EB42036C
S2140069F004EB83056860044844F82300531CCB71FD
S214006A0030BD00BF548F04000400010138B50024D7
S214006A10044D55F8040B08B12DF039FE01340A2C4C
S214006A20F7D138BD44330020042908B50AD172B125
S214006A306BB113781BB92DF055FE002008BD2DF064
S214006A4047FEFAE7034813F06FF80120F6E7032045
S214006A50F4E700BF0FFA030010B4054C114654F8D3
S214006A6020001A46BDF804305DF8044BFFF7DCBF83
S214006A70443300200229024608B50ED004D839B99E
S214006A8010462DF02FFE06E04029F9D0412907D107
S214006A9010462DF01DFE002008BD2DF02DFEFAE755
S214006AA0024813F041F80120F6E700BF2FFA030072
S214006AB010B4054C114654F820001A46BDF80430B0
S214006AC05DF8044BFFF7D6BF44330020426B094BFA
S214006AD052791A7082785A70C2789A70826B12B1A4
S214006AE090F83C20DA70007804210930014AC0B2E0
S214006AF0FFF764B95E5D0020024B53F820002DF0CE
S214006B0017BE00BF4433002038B504460078084D51
S214006B1009302A460421C0B2FFF740F930B96B7835
S214006B20A370AB78E370EB7884F83C3038BD00BFD8
S214006B305E5D002038B504460078114D09302A46BF
S214006B400421C0B2FFF72AF9C8B9A3782A78022B25
S214006B500CD004D863B920462DF0C4FD01E0FF2B0D
S214006B600AD02046BDE838402DF091BD002AF2D16B
S214006B7020462DF0ADFDF4E7002AF9D1EBE738BD4D
S214006B805E5D0020F8B504460B78284A0D4642F8AC
S214006B9023004370FFF7B8FF636B254A5C631A63F4
S214006BA02046FFF7C7FF20462DF071FD4FF48013F7
S214006BB063600123626BA66B0532E2601D4A237296
S214006BC02261A21C2375A26166B11B4A84F820309C
S214006BD0E261E21C6262194A84F82C3004F13C033C
S214006BE0A26223630627EA79A96802EB4203002E15
S214006BF021F8237001EB83000CBF02230423C3702B
S214006C00012383700E4B04348360531C4460DBB254
S214006C100C4C03EB430341F8234001EB83000023B5
S214006C204360094B02328360EA71F8BD44330020AA
S214006C300D4703000340300101FF300102FF100141
S214006C40B16A000008000100596A000028B1034B31
S214006C501B78834234BF002001207047425D00202D
S214006C6070B500250A4C0B4E3378AB4200DC70BD85
S214006C70D4F8A42042B123791BB16079FFF7E6FF70
S214006C8010B910462DF030FA0135A834ECE700BFF5
S214006C90DC1C0020435D002008B542790146104602
S214006CA0FFF7D4FFA8B1CB780A48013A042B00EBD3
S214006CB082100ED8012B08D81BB9BDE808402DF06D
S214006CC007BDBDE808402DF00DBDBDE808402DF01D
S214006CD013BD08BDDC1B002008B5427901461046EE
S214006CE0FFF7B4FFA8B1CB780A48013A042B00EBB3
S214006CF082100ED8012B08D81BB9BDE808402DF02D
S214006D00F1BCBDE808402DF0E3BCBDE808402DF01E
S214006D10F3BC08BDDC1B002010B586B00446FFF7A8
S214006D20D5F9012830D1E278042A2DD8DFE802F020
S214006D3013323403030061790846FFF787FF58B320
S214006D401648032A00EB811050F80C3C58791DD1E8
S214006D50003818BF012063784FF480728DF8043035
S214006D604FF48273ADF806300623ADF808300123E1
S214006D708DF80B3000238DF80A0001A8CDE9032317
S214006D808DF81430FFF7DAF906B010BDB0FA80F0CF
S214006D904009E0E70020DEE70220DCE7DC1B0020FD
S214006DA010B586B00446FFF791F9012830D1E27895
S214006DB0042A2DD8DFE802F01313320303006179AA
S214006DC00846FFF743FF48B31548032A00EB811037
S214006DD050F80C3C5B791DD11A1E18BF012263784F
S214006DE08DF80A208DF804304FF48273ADF8063023
S214006DF00623ADF8083001234FF480728DF80B306F
S214006E00002301A8CDE903238DF81430FFF796F987
S214006E1006B010BDB3FA83F25209E0E70222DEE7BD
S214006E20DC1B002010B586B00446FFF74FF901289A
S214006E3012D16378094A8DF804304FF48273ADF8A6
S214006E4006304FF48073CDE90223002301A8049393
S214006E508DF81430FFF772F906B010BD0800070170
S214006E6010B586B00446FFF731F9012820D16278C4
S214006E70104B8DF804204FF4827294F8A01094F80A
S214006E80A10059701870ADF8062004934FF4807274
S214006E900223094901A88DF81430CDE90212FFF744
S214006EA04DF994F8A130013B18BF012384F8A130B6
S214006EB006B010BD625D00200800050110B583789D
S214006EC0044603B30379022B0AD142791046FFF732
S214006ED0BDFE28B10C48013A00EB82102DF00CFCE8
S214006EE0A379022B02D12046FFF716FF2046FFF7B4
S214006EF0B7FF02236078A4F86C305522BDE8104036
S214006F0012212DF037BA10BDDC1B00204388094A39
S214006F10082113808388538083681B8A938090F8A7
S214006F20A03093718379D37100780430C0B2FEF735
S214006F3045BF00BF5656002038B50D4604460178BA
S214006F40114812F0F1FD4FF602739D420ED10F4B21
S214006F501B782BB963712046BDE83840FFF7D6BFD3
S214006F6062790AB19342F6D20123F3E7B5F57F4F73
S214006F70F1D120462DF059FCA378022B0CBF01223C
S214006F800022A3689A70E6E74BFA0300425D0020F1
S214006F90024B53F82000FFF7CFBF00BF6C33002032
S214006FA038B504460078144D04302A460821C0B28D
S214006FB0FEF7F4FE20B1BDE83840104812F0B4BD2C
S214006FC02B8863806B88E978A380AA88A3681A82D6
S214006FD0AB7984F8A030EB79A371094B1B780BB919
S214006FE0637138BD09B19942FBD9064812F09CFD81
S214006FF023780133F4E700BF5656002065FA0300F5
S214007000425D00208EFA0300F8B504460B78474A26
S2140070100D4642F823004370FFF7C2FFA268444BB8
S214007020D465D364434B02265365434BA11C1365BA
S2140070304FF44013E36001236161E1623F4910327F
S21400704021632265211D3E4AA1633E483E49626592
S21400705004F1A002A061E163E265E01C611D3B4A09
S214007060206261643A483B492266A21D2374237756
S21400707084F8283084F8343084F84030A16484F8EA
S2140070804C6084F8583084F864306062A266E87910
S214007090AA6800EB400102EB810704F10C0CC7F86C
S2140070A004C04FF0060C2C4F42F82170C118C9B22C
S2140070B001EB410142F821C002EB81070021796013
S2140070C0264F84F880302767254F84F89830A767C6
S2140070D0244F254BE767254F84F8746084F88C604E
S2140070E0C4F89C3004F16C06831CC4F88470C4F8A1
S2140070F090601F4F1F4EDBB203EB4303C4F894604F
S214007100C4F8887002EB83067034746008261A4C44
S21400711042F82340C31CDBB203EB430302EB8304B9
S214007120043042F823606160E871F8BD6C330020DB
S21400713081470300CB470300BD6E000001FF30010E
S21400714004FF20011000300102FF200105FF30017E
S21400715000FF300103FF2101070001084A0021005B
S214007160568F040051001000588F0400598F0400F9
S214007170550021006F0018001200010400239B6ACE
S214007180B3F5804F03D21968064A914203D0002314
S214007190037083607047012202709A689B694260A0
S2140071A0F7E700BF07B0CD5E024B034A1A602EF029
S2140071B060BF00BF0000002002020FF073B53F4B17
S2140071C004461A781AB102221A7002B070BDCDE9D0
S2140071D000220028F9D001261E7037F059FE384DDF
S2140071E0384B186017F082FA2B785BB902F0F2F988
S2140071F040B935480823354A3549006801F038FE5D
S21400720000B92E70334B5A68E260334A9A601A6EA1
S21400721022605A6E6260D3F87021A2601B6E5C0416
S2140072202CD52E4AD368D807FCD42D4B1A68531C8D
S21400723029D04FF4801393402A4A13660423294C1E
S2140072404FF0804223664FF4806323661023236644
S2140072504FF400536846236601A9226663662DF044
S214007260FCFA009B2366019B63662B78002BACD050
S214007270164B1A6822665B686366A6E71A4AD368E6
S214007280D907FCD4D1E7194B1B78002BD6D1184B65
S2140072905A68144B12B94FF480121A66154A52688F
S2140072A012B94FF400121A66134B5B68002BC5D157
S2140072B04FF480020B4B1A66C0E700BF655D0020E6
S2140072C0665D0020A4330020AC670020A8330020B1
S2140072D0007108000080004455CEAC000000044059
S2140072E0786700200090004400000450645D002091
S2140072F00080055000C005500000065038B5224DED
S21400730004462B78012B02D001232B7038BD0028B1
S214007310FCD02DF0C7FA013009D02DF0C3FA40F2A8
S2140073200113984203D0194AD368DB07FCD42268BD
S214007330174B1A6662685A66A268C3F87021E2683C
S214007340D40744BF00229A60124B1A68013213D148
S214007350114A127882B911494968C80748BF1A60AD
S2140073600F4A5268D10744BF01221A600D4A52687C
S214007370D20744BF02221A6017F0C0F90A4B1868F9
S21400738037F081FD0023C0E7655D00200000044063
S2140073900080004478670020645D0020008005506F
S2140073A000C0055000000650A433002070B500242D
S2140073B0A36AB3F5804F23D21A68134B9A421FD1A3
S2140073C0124E337813F0FD0518D14FF48034104870
S2140073D0FFF7F4FE032004F04FFC0E4B0320DC60A6
S2140073E004F02EFC0C4B1C61AB6ADB699847044624
S2140073F00748FFF783FF0CB901233370204670BDA2
S2140074004FF48174FAE700BF07B0CD5E645D0020DC
S2140074109433002000A000440090004413B5204B95
S2140074201B7803B9FEE700231E4CCDE900336A46FD
S21400743008231D49206801F01BFDF8B91B4AD2F845
S2140074404031D2F840211F2B4FF0010311D9203ACA
S2140074509340019A1A43019208236A46124920680B
S21400746001F08EFE124B134A1A602EF002FE02B096
S21400747010BD9340009A1A430092EDE72D28F1D1F3
S2140074800A4AD2F84031D2F840211F2B4FF00103B0
S21400749085BF203A93409340019398BF0093DBE763
S2140074A0655D0020AC670020007108000080004485
S2140074B0000000200B020FF038B50025AB6A04462A
S2140074C0B3F5804F10D21B6BB3F5804F0CD2074834
S2140074D0FFF774FEAB6A20461B6B5B689847BDE8F7
S2140074E038400248FFF70ABF38BD00BFB03300205F
S2140074F013B50024A36A0190B3F5804F13D21B6B1B
S214007500B3F5804F0FD20948FFF758FEA36A012152
S2140075101B6B01A89B69984704460448FFF7EEFEDC
S214007520204602B010BD4FF48174F9E7B033002056
S21400753070B50026B36A0446B3F5804F0D4612D2E6
S2140075401B6BB3F5804F0ED20848FFF737FEB36AC1
S21400755020461B6B29469B69984704460348FFF75D
S214007560CDFE204670BD4FF48174FAE7B03300209C
S21400757070B50026B36A0446B3F5804F0D4612D2A6
S2140075801B6BB3F5804F0ED20848FFF717FEB36AA1
S21400759020461B6B2946DB69984704460348FFF7DD
S2140075A0ADFE204670BD4FF48174FAE7B03300207C
S2140075B0F8B50027BB6A0446B3F5804F0D4616465D
S2140075C011D21B6B7BB10948FFF7F8FDBB6A20465A
S2140075D01B6B324629465B6A984704460348FFF70A
S2140075E08DFE2046F8BD4FF40174FAE7B033002054
S2140075F070B50026B36A0446B3F5804F0D4612D226
S2140076001B6BB3F5804F0ED20848FFF7D7FDB36A61
S21400761020461B6B29469B6A984704460348FFF79B
S2140076206DFE204670BD4FF40174FAE7B0330020BB
S214007630F0B50027BB6A0446B3F5804F0D461646E4
S214007640ADF5337D20D21B6BB3F5804F1CD21048AE
S214007650FFF7B4FDBB6A20461B6B40F2C1225B6A93
S21400766001A99847044630B10948FFF747FE20466F
S2140076700DF5337DF0BD836A32461B6B2946DB6A07
S21400768001A898470446EFE74FF40174EFE700BF00
S214007690B033002010B50024A36AB3F5804F10D293
S2140076A01B6BB3F5804F0CD20748FFF787FDA36A24
S2140076B01B6B1B6B984704460348FFF71FFE2046CC
S2140076C010BD0124FBE700BFB0330020F0B58FB03B
S2140076D0044601A80E461546FFF7EEFE9DF80C3050
S2140076E0012B12D1B5F5402F27D8B4F5402F24D85A
S2140076F06319B3F5402F20D821462A46304613F0AA
S214007700B5FC002420460FB0F0BD0027BB6AB3F5D9
S214007710804F15D21B6BB3F5804F11D20A48FFF786
S2140077204DFDBB6A2A461B6B314620465B6B98476D
S21400773004460548FFF7E2FDE4E740F20244E1E7CD
S21400774040F20114DEE700BFB0330020F0B58FB082
S214007750044601A80E461546FFF7AEFE9DF80C300F
S214007760012B1FD1B5F5402F06D8B4F5402F03D80E
S2140077706319B3F5402F13D940F2024420460FB0E8
S214007780F0BDE258013225D104339D42F9D82A468D
S214007790314620462DF0B6F80028EDD00024EDE75F
S2140077A00023F2E70027BB6AB3F5804F15D21B6BA8
S2140077B0B3F5804F11D20A48FFF700FDBB6A2A4690
S2140077C01B6B314620469B6B984704460448FFF7E0
S2140077D095FDD3E740F20344D0E740F20114CDE72D
S2140077E0B033002070B58EB0044601A80D46FFF7F2
S2140077F063FE9DF80C30012B22D144EA0503C3F347
S2140078000C03002B33D1B5F5402F04D940F20244C7
S21400781020460EB070BDB4F5402FF7D82544B5F518
S214007820402FF3D8204604F500542DF064F8AC42FF
S21400783002D00028F6D1E9E70028E7D00024E7E7E1
S2140078400026B36AB3F5804F14D21B6BB3F5804F96
S21400785010D20A48FFF7B2FCB36A29461B6B2046D3
S214007860DB6B984704460548FFF748FDD0E740F233
S2140078700444CDE740F20114CAE700BFB03300204D
S214007880BFF34F8F0549064BCA6802F4E062134304
S214007890CB60BFF34F8F00BFFDE700BF00ED00E0F9
S2140078A00400FA0570B5D0B1C9B10E4E431E0139B9
S2140078B013F8014F2046325D02F00302012A11F848
S2140078C0012F08BF04F12000B55C05F00305012D6B
S2140078D008BF2032801A01D1002CE9D170BD0120EA
S2140078E0FCE700BFB9B604000348044A0449121A6C
S2140078F092102DF053B800BF34410000D042000073
S214007900AC64002008B5154B83F30A8800F030F805
S214007910FFF7EAFF124B13498B4212D30020124B9B
S21400792012498B4218D3FDF7DDF9186850F822404B
S214007930586840F82240013298688242F5D30C33EA
S214007940EAE70022F8E71C6844F8220001325C6887
S214007950A242F8D30833E4E70022F8E70800002044
S21400796078DB040084DB040084DB040084DB040092
S214007970124B134A70B59A60D3F88820114D42F422
S2140079807002C3F888206FF0010205F500542266E5
S21400799041F2FF7262660222C3F8D020BFF34F8F17
S2140079A0BFF36F8F4FF44036032004F065F90320D1
S2140079B0E66004F045F92E6170BD00BF00ED00E002
S2140079C00040000000800044014B1860704700BF74
S2140079D080670020054B1860054B1B6F03F00703FC
S2140079E0032B01D135F006BB704700BF8867002027
S2140079F0008000502DE9F04104464FF001080C25A8
S214007A000D4E0CB9BDE8F08194FAA4F0B0FA80F0FF
S214007A100F2808FA00F2C8BF103824EA0204CABFCA
S214007A2005FB006205FB0062B4325768002FE8D001
S214007A309168C0B2B847E4E7C033002008B50C48E8
S214007A4037F0C4FA192004F009F928B1192004F017
S214007A5013F9192004F0F4F81A2004F0FFF828B1FE
S214007A601A2004F009F91A2004F0EAF8002008BDEC
S214007A70BC9104002DE9F0410E461746054618B3A2
S214007A800F2923D80378DBB1013BDBB2022B19D8D0
S214007A90104AD35C6A78D340DB0717D50E4BD3F871
S214007AA01043ACB937F0F4F980463A4628463146DA
S214007AB002F042FE404637F0E6F92046BDE8F08187
S214007AC07F23E7E70023E5E72224F6E72124F4E70F
S214007AD00224F2E7AC8F040000C0035010B5044641
S214007AE010B30378E3B1013BDBB2022B1AD8104A7D
S214007AF0D35C6278D340DB0718D537F0C9F901228A
S214007B00617823788A4030214B4341F2100103F11B
S214007B10A04303F570335A5037F0B5F9002010BD76
S214007B207F23E6E70023E4E72220F8E72120F6E7B4
S214007B30AC8F040010B5044610B30378E3B1013BE4
S214007B40DBB2022B1AD8104AD35C6278D340DB072C
S214007B5018D537F09DF90122617823788A403021C4
S214007B604B4342F2100103F1A04303F570335A5021
S214007B7037F089F9002010BD7F23E6E70023E4E70D
S214007B802220F8E72120F6E7AC8F040038B50D4632
S214007B90044618B311B30378E3B1013BDBB2022B02
S214007BA01AD8104AD35C6278D340DB0718D537F072
S214007BB06FF930222378534303F1A04303F5703363
S214007BC05B696278D34003F001032B7037F05BF9F2
S214007BD0002038BD7F23E6E70023E4E72220F8E70D
S214007BE02120F6E7AC8F04002DE9F0410D4616463D
S214007BF09846044600284FD000294DD00178002929
S214007C0040D04B1EDBB2022B3ED8254AD25C6378AE
S214007C10DA40D20701D4FF2940D1022E01D9042E22
S214007C203CD137F035F923780746FF2B05D032468E
S214007C302046296802F0C6FD28602B68013309D16A
S214007C402378FF2B06D1174B6078D3F824142DF039
S214007C5080FC286029684B1C18D00C23124A03FBB2
S214007C600122069BC2F8048093602378FF2B04D081
S214007C7001230E4A8B40C2F82434384637F003F905
S214007C80002007E07F22C2E70022C0E7384637F030
S214007C90FAF82D20BDE8F0812220FBE72120F9E745
S214007CA0AC8F040000C00350C033002000D0035047
S214007CB008B502F037FD044B00F05530C3F8200439
S214007CC0BDE80840FFF796BE00E0035008B502F096
S214007CD029FD044B00F0AA30C3F82004BDE8084094
S214007CE0FFF788BE00E003502DE9F04F1446054626
S214007CF00E469B46C36B87B001225B6902A960688B
S214007D009847EB6B01225B6903A93046984702A8A7
S214007D102DF043FA074648B10023A37563754FF06C
S214007D20FF33A360002007B0BDE8F08F03A82DF056
S214007D3041FA0123A375237E04EBC303DE611F848F
S214007D406368B3420ED1206003A82DF055FA4FF0B9
S214007D50FF332075A360237D043B022B26D8002327
S214007D60A375DFE723681A1A53425341A37503A885
S214007D702DF042FA237D834218BFA77503A82DF085
S214007D801DFA074602A82DF019FA874218BF0023ED
S214007D9003A818BFA3752DF019FA074602A82DF000
S214007DA015FA87421CBF0023A375D4E703A82DF05D
S214007DB005FA80B1EB6B022230465B6904A998474E
S214007DC004A82DF00AFA0346207D032839D8DFE8F8
S214007DD000F03838040903A8F3E7CC22237E04EB2E
S214007DE0C3031A8401F06EFC109B187003A8277E4C
S214007DF02DF0D8F904EBC70787F82200237E03A8E6
S214007E0004EBC303B3F8209093F822702DF0D6F954
S214007E10804603A82DF0DAF98246B8F1000F15D097
S214007E20EB6B022230465B6904A9984704A82DF044
S214007E3099F96075637D6BB90023A3754FF0000850
S214007E4038E0227E04EBC2021384CBE703A82DF0B1
S214007E5074F9EEE794F81680B8F1000FEED0B9F199
S214007E60000F09D1DFB10123E375637E002B4FD1EC
S214007E70012F42D1677614E06B6C06EB0A015A427A
S214007E8086EA010010421CBF0022A2755A1E0A4054
S214007E909B1A9945D0D8A37D002BE3D1CEE7E37D8E
S214007EA043B94FF000084B465246314628462CF060
S214007EB0BFFEA060A27D12B123694B4423611A491C
S214007EC0237E097899422AD901332376BBF1000F25
S214007ED027D032B3E37D23B3B8F1000F21D1032FAF
S214007EE01FD0A1684B1C1CD0109B2246009328462E
S214007EF00123FFF7F9FEA07513E095F8343063B957
S214007F00EB6A0133CFD1032FCDD10123A376C8E787
S214007F10012FCFD0032FC4D1F7E79846C3E700233D
S214007F20A375A07DFFE600BFD08F04002DE9F04FBB
S214007F300E46984600238BB004464FF0FF3110469D
S214007F4017468DF8133001F0A7FBB6F5801F20D238
S214007F50314605AA04F108002DF071F8451C0146CB
S214007F6003D1237CBBB92D2010E0384601F094FBEA
S214007F700122394620460DF113032CF0ABFE0028F3
S214007F80EFD09DF8133088F8003000200BB0BDE825
S214007F90F08FB01CE5D1E56A691C36D12046616ACF
S214007FA02CF08CFD0546B31C18BF0123DFF8CC90DF
S214007FB00193636A626C0293236805A902FB053A83
S214007FC0E36B05225B695046984705A82DF080F9BB
S214007FD02DF0A3F950462DF0ABF94FF0000B82467A
S214007FE001464B1C05D0636C81EA0A025B421342D1
S214007FF011D0294620462CF061FD029BAB422CD0C6
S214008000BBF1000F2CD10546D3E72368ED1A636C4D
S214008010B5FBF3F5C7E7484601F03EFB0DF1130349
S21400802049462046019A2CF055FE034690B1B21CF4
S21400803003D0D9F80020B2420CD19DF81320039348
S2140080400D4B88F8002049461A68384613F00EF89B
S214008050039B9B46D9F80810C3E7BBF1000F82D0FC
S214008060B6F5801F91D2314698F800307A6804F150
S214008070080001F03FFA88E7CC8F04009C3B002004
S2140080802DE9F3410446174698460E46184D816A78
S214008090E36A8B4201D04B1C02D102B0BDE8F081EE
S2140080A0284601F0F9FA0122294620460DF1070379
S2140080B02CF010FE38B14346294620469DF807208E
S2140080C0B8470028E9D0A9684A1C04D16968204648
S2140080D02CF081FD0146012EDAD16B6881EA03029D
S2140080E0636C5B421A4218BF4FF0FF31D0E700BF07
S2140080F0703B00202DE9F04F4FF0FF334FF6FF7234
S2140081000025044600F10806C0E909238BB0C362C7
S21400811005620563304688462CF062FF20462CF048
S2140081209DFC60BB204641462CF018FD20462CF0F6
S21400813095FC60BB5E200BB0BDE8F08F2368E26B59
S214008140606C576900FB0530052205A9B84705A8ED
S2140081502DF0BEF8012807460CD1294620462CF003
S214008160CEFC012F024600D10132294620462CF0D3
S21400817094FC03E02DF0D6F80028EED10135E36933
S2140081809D42DBD320462CF069FC0028CAD000258F
S2140081904FF0FF394FF6FF73CA46A846C4E90853A6
S2140081A0E36998450AD3A5EB0905012D2CD84FF6AF
S2140081B0FF72636A93423CD16720BCE72368E26B98
S2140081C0606C576900FB0830052205A9B84705A86A
S2140081D02DF07EF8834605A82DF051F80746584640
S2140081E02DF09BF868B1574538BFC4F82480B945D0
S2140081F028BFB946BD4238BF3D46BA46236A01335A
S214008200236208F10108CBE74FF6FF73002563628F
S214008210E3699D42CBD2676C2068E36B052207FBBF
S21400822005005B6905A9984705A82DF028F80135D3
S214008230EEE7E26B676C2068694607FB030055694A
S2140082400522A84768462DF01AF8626A2368606C13
S2140082504B4D00FB02302DF06BF84FF0FF33A06261
S214008260E3622A466FF00101204605ABFFF75EFE8B
S214008270002846D1AD6829462046E5622CF0CAFBA8
S214008280206320B92046E16A2CF0A5FCE06229466E
S21400829020462CF0A0FC0546A36A9D4233D120461A
S2140082A02CF08BFB00278046B946E36999453CD302
S2140082B0B84559D92046616A2CF000FC00260546D0
S2140082C004F1400AB74212D8626C2368694602FB82
S2140082D00539E36B05225B694846984768462CF0EB
S2140082E0CEFF534602464946E06B2DF023F829465A
S2140082F020462CF0E3FB0136B0450546E2D164206B
S21400830019E7A56AB7E7294620462CF083FB236BBE
S214008310294603440746236320462CF05CFC0546AA
S214008320002FB9D1C4E90B07B6E7636C25680522B0
S21400833003FB0955E36B05A95B692846984705A822
S2140083402CF0C6FF2CF0E9FF58B128462CF0F0FFC1
S214008350014620462CF05EFB636C143B984208BF37
S214008360013709F10109A0E730462CF039FE002359
S21400837020461946034AFFF783FE0020DBE600BFCF
S214008380C83B0020C34C03002DE9F041036B904628
S214008390826B07689A4288BF8363426C436A90B0D8
S2140083A002FB0377C36B0E46052201A95B690446F0
S2140083B03846984701A82CF08BFF012801463070FC
S2140083C057D0656CE26B2368606AD2F814C005FB70
S2140083D00030052206A9E04706A82CF079FF012800
S2140083E04FF0000523D0D4E90A3201219342CDE9AB
S2140083F00B458DF834800E958DF83C102AD1194621
S21400840020462CF0E8FB236B626C14339B1AE06268
S21400841023630C9B53B99DF83C303BB1626A616C98
S2140084202368E06B01FB02312CF00AFF0C9DE36B26
S21400843005225B6901A93846984701A82CF048FF39
S21400844030702846236BA26B9A4288BFA36310B095
S214008450BDE8F081237C33B91C490BAA04F108005F
S21400846001F096F8D5E72046194A0BABFFF708FE51
S214008470CFE7237C23BB2246164904F1080001F00F
S21400848087F8616A20462CF03AFB616A421C204657
S2140084902CF003FB054620B9236B626C1344143B97
S2140084A023632046A16A2CF096FB2368A062C01ABC
S2140084B0636CB0FBF3F0606220462CF0CFFBB6E7AF
S2140084C000232046044AFFF7DBFDDAE72D8C000088
S2140084D0A98B00005D4D0300F94C030073B50D46F3
S2140084E0D11E4A421C461B7E4A419A4226D1296822
S2140084F02368994222D3636899421FD8114E0DF122
S21400850007033246FFF712FDC0B972686B689A42DD
S21400851014D19DF80730DA1E53425341227E93420F
S2140085200CD1636901336361D4E90323934205D216
S2140085302968A26842F8231001332361012002B0A3
S21400854070BD00BFC83B00202DE9F04F9B4689B0A8
S2140085509DF848309046514A0193136907465B459B
S2140085600D46C0F09580D94653680093B9F1000FC8
S2140085707BD0FB6B01225B6905A90098984705A88C
S2140085802CF018FE454B1B68984240F0848005A8E6
S2140085902CF01CFE0428064615D105A82CF01DFE5E
S2140085A0009B04461E44019B002B3ED1804512D9F9
S2140085B01C46A8EB0008384600992CF00CFBA9EBEB
S2140085C004090090D2E7FB6B02225B69009806A9BB
S2140085D0984706A8E2E7A0EB08045C4528BF5C467F
S2140085E0032C4644ABEB040B1DD9FB6B29463046E7
S2140085F05B69A208984724F0030304F0030A1E44AC
S2140086001D44DDF80480BAF1000FD4D0FB6B0122C4
S21400861006A930465B6998475246284606A912F0D6
S21400862025FD5544C7E7A246EBE7824600F0030364
S21400863002932B1803930644039BA6EB0A00A3EBB6
S2140086400A05029B9A4514D1BAF1000FB3D0FB6B12
S214008650012206A95B6998475246284606A912F0E9
S214008660C1FE0028DDD04FF03609484609B0BDE807
S214008670F08FFB6B012206A95B6998470422284607
S21400868006A912F0AFFE0028EDD1AAF1040AD3E73E
S2140086904FF06309E9E74FF06F09E6E7F43B002087
S2140086A02DE9F0410F4616469846044688B060B35A
S2140086B090F83450FDB101212CF0C5F900210E9B35
S2140086C0CDE90511CDE902379DF83C30CDF80480A0
S2140086D08DF81C30237C04968BB90D4901AA04F151
S2140086E0080000F055FFDDE90553E06B002E08BFDB
S2140086F01D462CF041FB284608B0BDE8F081204618
S214008700044A01ABFFF7BCFCEDE70546F3E700BF04
S214008710274D0300DD8400007FB590F842600446D4
S21400872001920DF10B030A46304611492CF02CFB42
S214008730012E0546E36B17D132465B6903A99847BD
S2140087409DF80B10039B019A59B19BB243EA024372
S214008750012228460393E36B03A99B69984704B05C
S21400876070BD62F30F03F3E701229B6901A9F5E7E9
S214008770F43B00202DE9F04F99B00E460D920A69A1
S214008780416C0B931439D31DB3FBF1F3013302EBA9
S214008790C302036B04469342C0F001820023DFF855
S2140087A004940893E36A48461946059300F074FF5C
S2140087B0D6E9033707930B9B022B4DD1CC2F40F005
S2140087C0D7810D9B3BB1314620462CF033FB656CC0
S2140087D01490012044E00120079B656C1B681493ED
S2140087E000F0010000280CBF04230823782F0E9306
S2140087F049D8059A6B1E1340ED1A3B1D9D423CD28C
S214008800002F3DD0082D3ED80023042506934FF0B8
S214008810040A336806990B98C9F80030C9F8107036
S2140088202CF0EEFC4FEA9A030F93059B89F8140090
S2140088300393002309930C9304930A93616C039BA0
S2140088404A1E1A408B1A27B35544AB4223D8236BD3
S2140088505B1A134423632FE1782F656CB9D8F07D3B
S2140088600D9B002BBCD0E36B01225B69706816A9D8
S214008870984716A82CF0A2FCB4E700250695C6E794
S21400888004250697C3E7012300254FF0080A069340
S214008890BFE75345DBD3A3EB0A029742039BB846D8
S2140088A028BF90469742534428D90122D9F8101081
S2140088B089F817208F4226D10399C9F8041004922C
S2140088C099F817200AB399F818100398CA1C09EBF0
S2140088D0C202506004980131A2F80880907289F8AC
S2140088E01810B8F1000F07D00B9A022A40F08180CA
S2140088F0099A72B1012209929B46ABE0049A002ABB
S21400890018BF0322DBE70222D9E7039AC9F804203E
S214008910E7E70C9A4244032AEED9E26B18469569BB
S21400892014A901220993A847099B05460028E1D00F
S2140089303D2D40F01E8104F1080303932368059A39
S214008940606CA2EB030ABAFBF0FA00FB0A302CF0CC
S214008950EFFCE16A804620462CF03DF9A26A82428E
S21400896000F00F81626CD9F80830511E0B40216B65
S2140089702768891A0B442363089BE062DF1BB7FB5A
S214008980F2F7BA4540F0FA80059BB3EB080A12D01E
S214008990E36B4FEA9A0241469B6998478346E36A2F
S2140089A0059A5344E362236B03989B1A434423635C
S2140089B02CF016FBDA462368616CE06B01FB07318E
S2140089C02CF02BFC20462CF049F820462CF046F9DB
S2140089D02063BAF1000F00F0D4803269616CD31DB9
S2140089E01439B3FBF1F3013302EBC3029042A5D274
S2140089F0BFE00D9A002A77D1B8F1030F4FEA98022C
S214008A006ED9E16B18468D6907991093A847109B9D
S214008A100546C0B918F0030515D0079A28F0030BD1
S214008A2002EB0B019B444FF0FF3215A815922A4625
S214008A30109312F01BFBE26B5846956915A90122AC
S214008A40A8470546109B9B46079A42440792002D6E
S214008A5040F08B80049B16A80193069B009399F820
S214008A6014204346316800F0CDFDE36B0F9A9B69F6
S214008A70039816A99847039A051E089B18BF134625
S214008A80089343465246204603992CF0D1F8236BB0
S214008A9008F10302A3EB0A0322F003029B1AC9F8AB
S214008AA008002363002D7FF443AF0C9BA7EB080759
S214008AB043440C93CDF80CB0204603992CF08BF869
S214008AC000250390002F7FF4B9AE364A31689368CC
S214008AD004F10800E36252680B9B00F00BFD49E0CE
S214008AE09B46454607999EE79B4606F12002109254
S214008AF0F27D7068A2B1002296F818C00A99D5B225
S214008B00AC4511D9109D02F1010E35F832508D4258
S214008B1028D90E9806EBC2020144D069084403E047
S214008B200E9A0A990A441044E26B15A95569012267
S214008B301193A847159A0A9B1392E26B0433956922
S214008B405846012213A90A93A847119B054603EB32
S214008B500802A2EB0B02042A7FF679AF28B90BF1C4
S214008B60040BC5E77246491BC9E7CDF820B088E775
S214008B7070252F46384619B0BDE8F08F4FF0000A32
S214008B8019E73269616CD31D1439B3FBF1F3013375
S214008B9002EBC302236B9342BFF404AEE9E71C2743
S214008BA0E8E700BF9C3B0020032A2DE9F341064678
S214008BB00D4617461C4606D1237A012B23D00120EA
S214008BC002B0BDE8F081DFF86080096842460DF12A
S214008BD00703FFF7ABF960600028EDD19DF807208A
S214008BE0237A032AE8D0D8F804106A689142E3D1C1
S214008BF0012B2969D4F80CC007D172690CEB01036C
S214008C00934202D92074207CDAE708316144E1609F
S214008C103B46012229463046FFF7ACFD606000283F
S214008C20CAD00020CCE700BFC83B00202DE9F341A6
S214008C30089C032A1746266806D1237A012B24D0DF
S214008C40012002B0BDE8F081DFF890803046424651
S214008C500DF10703FFF76AF960600028EDD125687B
S214008C60D8F80400A96AD5F844C04840CCF10003FF
S214008C701840227AE1D1012A09D1E268D8F81030EA
S214008C8013447269934202D92074207CD9E728687D
S214008C90EB6A1B1A081AB3FBFCF3B0FBFCF083422A
S214008CA00BD1706CF36A421E1340326B121A1344D7
S214008CB0284633632BF08FFFE862D8F81020E3686D
S214008CC008321344E36001223B4604492068FFF75C
S214008CD051FD60600028B0D00020B2E7C83B0020FD
S214008CE02DE9F0410025604B0E46D3F8008004467F
S214008CF01D6018B921252846BDE8F08190F834702B
S214008D0007B30A6803689A4240F0A3804A6843683B
S214008D109A4240F09E808A6883689A4240F0998022
S214008D20CA68C3689A4240F094800A6943699A42C6
S214008D3040F08F808A69C36B9A4240F08A804B6904
S214008D408361D8E768223946856B11F0FFFFD6E9C4
S214008D500212336804F1080023607368A563636039
S214008D60336963617369A3612CF04CF9B36904F14C
S214008D704000E3639B68984720B9676C17B1636847
S214008D80B3FBF7F794F84330E761002BB2D000232B
S214008D90656C2366002D64D0002F62D02368B3FB79
S214008DA0F5F205FB1233002B55D16668B6FBF5F3DA
S214008DB005FB1363002B4ED120462BF01BFEA36948
S214008DC0043303449E4248D340F634726369CC3B76
S214008DD0934244D8B5F5805F43D3032120462BF059
S214008DE032FED4E90001E36B1B6898470546E36B47
S214008DF00220DB689847CDB941462046FFF77AF94E
S214008E006428054604D141462046FFF773F9054617
S214008E10666C5DB9236A2046143E5E432BF0EAFD7D
S214008E20A369043303449E4238BF5A25002D0CBF65
S214008E300123002384F8343007D1D4E900010B4A1B
S214008E401368013313602CF077F9E06B2BF094FF76
S214008E5051E75D254FE759254DE75A254BE75F2536
S214008E6049E75B2547E700BF2C3500202835002062
S214008E702DE9FF410C4616461F46054680B390F87E
S214008E8034307BB3B1F5801F2ED2DFF8608001212D
S214008E902BF0D9FD2146424628460DF10F03FFF779
S214008EA045F8044670B99DF80F30012B11D1D8F85B
S214008EB01030BB4212D10246009031462846FFF7DA
S214008EC043FB0446E86B2BF057FF204604B0BDE892
S214008ED0F081022B14BF2D246024F3E76324F1E70E
S214008EE02124F2E71124F0E72924EEE7F43B0020E2
S214008EF02DE9F04385B00C4617461E460546DDF8BC
S214008F00308098B390F8343093B3B1F5801F31D2E7
S214008F10DFF8649001212BF096FD21464A4628464C
S214008F200DF10F03FFF702F8044688B99DF80F30DD
S214008F30012B14D1D9F8102006EB08039A4213D35C
S214008F4000904346324639462846FFF7FDFA044667
S214008F50E86B2BF011FF204605B0BDE8F083022B2E
S214008F6014BF2D246024F3E76324F1E72124F2E7FD
S214008F701124F0E72924EEE7F43B002073B50C46F5
S214008F801646054630B390F834302BB3B1F5801F43
S214008F9024D201212BF057FD21462846104A0DF118
S214008FA00703FEF7C3FF044680B99DF80730032B7E
S214008FB00CD0022B0CD1284609492BF03BFF306021
S214008FC0E86B2BF0D9FE204602B070BD2D24F7E7E3
S214008FD06124F5E72124F6E71124F4E72924F2E7D3
S214008FE0F43B00202DE9F3411E4600230C461746AD
S214008FF00546336050B390F834304BB3B1F5801F5C
S21400900028D2DFF8548001212BF01DFD2146424670
S21400901028460DF10703FEF789FF0446A0B99DF820
S2140090200730032B10D0022B03BF01233B60042321
S214009030D8F8103018BF38603360E86B2BF09CFE11
S214009040204602B0BDE8F0812D24F6E72124F7E79C
S2140090501124F5E72924F3E7F43B002073B5044612
S214009060056B2BF0C7FC636E03449D422CBF0023A8
S2140090700123854294BF00252D1A207C84F85030A9
S214009080656584F85800A8B100230C4E1A461946A8
S214009090204600962BF092FF002305461A461946F6
S2140090A0204600962BF093FFE3682844984294BF2E
S2140090B00020C01AE06502B070BD00BFFFFF0F00C1
S2140090C02DE9F3471E4643690446B34288461746D1
S2140090D09DF828904ED300258DF8075020462BF09B
S2140090E089FCD4F830A082450AD2236AB5EB430F38
S2140090F006D2002220460DF10701FFF745F9B8B366
S2140091009DF80730012B05D1002220460DF10701FE
S214009110FFF73AF9B9F1030F06D0314620462BF097
S21400912059FC256B854227D3144D4FF0FF31284656
S21400913000F0B2FA4B46294600222046C5E90376DF
S214009140C5F80080FFF716FB236E054663B1204680
S214009150FFF784FF94F8503013B994F858301BB1D9
S214009160236E04F150009847284602B0BDE8F08709
S2140091700135B3E76225F7E71C25F5E7C83B002075
S2140091802DE9FF410F4690461E46054698B390F8D7
S214009190343093B3B1F5801F31D21A4C02212BF034
S2140091A052FC2246394628460DF10F03FEF7BEFE56
S2140091B0024678B101234246009339463346284694
S2140091C0FFF77EFF0446E86B2BF0D6FD204604B082
S2140091D0BDE8F0819DF80F30012BEBD12169B1423B
S2140091E0E8D10093414633462846FFF7ADF90446DA
S2140091F00028DFD1E7E72124E8E71124E6E7292461
S214009200E4E700BFF43B00202DE9F04790F8423039
S21400921086B0012B05460391A1EB020740F0AA8019
S214009220FF2F03D81E464FF0640807E00226012BE6
S21400923014BF4FF032084FF06408013600244FF692
S214009240FF79DFF844A195F84230012B14BF322392
S21400925064239C4202D35FFA88F40DE005AB2246F5
S214009260514628462BF0C4FD95F84230012B059B4D
S21400927034D14B452DD1E4B295F84230012B14BFC2
S21400928032226422121BB24217D3012E39D1002299
S214009290012B05978DF8132027D1082205A90DF17B
S2140092A013002CF061F89DF81330059A42EA032269
S2140092B021462846FFF730FA40B102233249009390
S2140092C02846CC23096803AAFFF7FAFE06B0BDE8D5
S2140092D0F087DBB203B902340134B4E7591CCAD0B4
S2140092E09BB2002BF8D10134F6E7102205A90DF148
S2140092F013002CF039F89DF81330059A42EA034221
S214009300D6E7039A012B059223D10823202205A92C
S2140093100DF113008DF813302CF026F89DF813206D
S214009320120221462846FFF7F7F995F84230611CED
S214009330012BC9B21AD10028BFD12846BDF8142087
S214009340FFF7EAF90028B8D10234BDF81620E1B2DA
S214009350AFE71023202205A90DF113008DF8133076
S2140093602CF002F89DF813201204DAE70028A4D1A6
S214009370059A9EE7B7F5803F4FF00106BFF457AF5A
S2140093804FF032085AE700BFF43B002070B586B0B5
S2140093900E4605460392A0B390F834309BB3B1F561
S2140093A0801F32D202212BF04EFB31462846184A47
S2140093B00DF11703FEF7BAFD044618B99DF81730ED
S2140093C0032B0ED10223314600932846CC2303AA52
S2140093D0FFF776FE0446E86B2BF0CEFC204606B080
S2140093E070BD022B0BD10A4928462BF023FD0399AA
S2140093F002468142EFD02846FFF706FFEAE76124DF
S214009400E9E72124EAE71124E8E72924E6E700BF94
S214009410F43B0020F7B50C461646054668B390F8B0
S214009420343063B3B1F5801F2BD202212BF00BFB37
S21400943021462846144A0DF10703FEF777FDC0B90A
S2140094409DF80730032B14D0022B14D10E49284662
S2140094502BF0F0FC471C024639462846FFF7D4FEA0
S214009460044606B13760E86B2BF086FC204603B056
S214009470F0BD2D24F7E76124F5E72124F6E7112453
S214009480F4E72924F2E700BFF43B002030B50C4691
S214009490054685B028B390F8343023B3B1F5801F65
S2140094A023D202212BF0CFFA0DF10F0321462846D6
S2140094B00F4AFEF73BFD034688B99DF80F20032AA6
S2140094C00DD003222146009202462846FFF7F8FDFB
S2140094D00446E86B2BF050FC204605B030BD2D242A
S2140094E0F7E72124F8E71124F6E72924F4E700BF7C
S2140094F0F43B00202DE9F043466886B3056898469D
S2140095004FF0000CA946AE4655F83C400CF1010C55
S214009510C4F31307013401D0B94217D0B4450EF195
S214009520080EF1D12F46002403E0B44207F10807E5
S21400953012D055F8343001340133F6D1C1F313019B
S21400954041EA0851C7E90012BDE8F08341EA085134
S214009550CEE90012BDE8F083B8F1030F03D1012372
S2140095600372BDE8F083002303E0B34209F1080963
S214009570F5D055F833400133C4F30754032CF4D127
S214009580C1F3130343EA0853C9E90032BDE8F08388
S2140095902DE9F0410646406882B0B8B10F469046C5
S2140095A00024336853F8345003EBC403C5F3075262
S2140095B0C5F31301013506D05B683046CDF8008050
S2140095C0B84718B1706801348442EAD302B0BDE8E7
S2140095D0F08100BF024B1968024B1868FFF780BB8A
S2140095E08C670020AC67002008B535F044FC014BC2
S2140095F0186008BD203C0020014B186835F036BCCA
S214009600203C002073B504462248012A00EAC11116
S2140096109DF8185023F07C4007D9961E012E28D9B5
S214009620073303F07F03194308E09DF81C300A4314
S214009630DB0603F0C053134343F060410023C4E944
S21400964000108DF80730B5B1202221460DF1070035
S2140096502BF08AFE1A220DF10700211D2BF084FE46
S214009660082063689DF8072043EA8263636002B0BF
S21400967070BD1143E2E71B220DF1070021462BF0D7
S21400968073FE23689DF80720042043EAC263236024
S214009690EDE700BF80FFFF0738B5094B0D461A6897
S2140096A00021044611F052FB00234FF0FF322383C3
S2140096B0C4E900252361A260E382A37638BD00BF1B
S2140096C0CC8F04000138C0B205289ABF014B185C45
S2140096D001207047D18F04002DE9F041074615465A
S2140096E000240E46596888B0490A012922464FEAE6
S2140096F0510104F10104F8D8DC78997824031B881A
S214009700C90201F4006104F480540C43C3F30A0355
S2140097105203234492B24FF000089C18274B6FEA7E
S2140097200444039325F07843ED4302A90DF10700A6
S2140097301B2202938DF807802BF016FE9DF807205B
S214009740029B02A943EAC2630DF107001B2225F023
S2140097507845049302958DF807802BF005FE9DF85A
S2140097600720029B6FEA144443EAC26305934FF056
S214009770FF330794069307A9BB69012206F1100080
S2140097809847BB6905A90446012206F108009847D8
S214009790BB69404518BF044604A90122301D9847FE
S2140097A00122404518BF0446BB69304603A99847C6
S2140097B0404508BF204608B0BDE8F08101009AB2D7
S2140097C038B5104B0546D3F800310C4603F00303BA
S2140097D0022B0BD0032B0DD0012B0FD133F024FC22
S2140097E0032305B1286004B1236038BD33F066FC5E
S2140097F00723F6E735F052FB0623F2E701230020A5
S214009800EFE700BF0080005038B5134B0546D3F88D
S21400981020010C4600F0070004281AD8DFE800F004
S21400982003090D111500012305B1286004B123605A
S21400983038BD33F0BFFB0423F6E733F0F5FB032314
S214009840F2E733F0F7FB0523EEE733F0E9FB0223FC
S214009850EAE700231846E7E70080005038B5104BCB
S2140098600546D3F840310C4603F00303022B0BD019
S214009870032B0DD0012B0FD135F012FB082305B1B9
S214009880286004B1236038BD33F018FC0723F6E7E0
S21400989035F009FB0923F2E701230020EFE700BFBC
S2140098A00080005038B5104B0546D3F860310C46A2
S2140098B003F00303022B0BD0032B0DD0012B0FD18B
S2140098C035F0EEFA082305B1286004B1236038BDF0
S2140098D033F0F4FB0723F6E735F0E5FA0923F2E761
S2140098E001230020EFE700BF0080005041F67132F0
S2140098F010B5104C104BA04294BF00240124D96927
S214009900DA639A6801F4803122F4401242EA045283
S2140099109A600A4A90420A4AD2F818028CBF40F06F
S214009920020020F00200C2F8180209B10022DA6331
S21400993010BD00BF005A62020000035080F0FA0219
S21400994000C007502E4B98424AD022D82D4B984242
S21400995040D014D82C4B984239D00AD82B4B98427A
S21400996032D02B4B98422FD02A4B98422CD0002036
S2140099707047294B9842FAD1284B186F7047284BEE
S21400998098422AD0274B9842F1D1244BD3F8800036
S2140099907047254B98422BD009D8244B984223D0A9
S2140099A0234B9842E3D11D4BD3F88C007047214BD4
S2140099B0984221D003F5740303F510539842D6D18C
S2140099C0164BD3F898007047144B986D7047134B9E
S2140099D0586E7047114B586F7047104B986F704712
S2140099E00E4BD3F8840070470C4BD3F888007047B2
S2140099F00A4BD3F890007047084BD3F89400704792
S214009A000048E8010024F400C0CF6A0080841E00ED
S214009A1000093D0040420F00405DC6000080E00F98
S214009A20C0EA210180BA8C01007E560380D543022D
S214009A30006CDC020090D00337B50C460021114BB9
S214009A400191D3F88031054603F00303022B0ED0B4
S214009A50032B11D0012B03D101A8FFF7D5FE0D2152
S214009A600DB1019B2B6004B1216003B030BD33F013
S214009A70E1FA05210190F3E733F0D2FA02210190D2
S214009A80EEE700BF0080005038B5104B0546D3F80F
S214009A9040320C4603F00303022B0BD0032B0DD0F1
S214009AA0012B0FD135F0FCF9082305B1286004B16D
S214009AB0236038BD33F002FB0723F6E735F0F3F9F1
S214009AC00923F2E700231846EFE700BF00800050A6
S214009AD038B5144B0546D3F800020C4600F00700D4
S214009AE004281BD8DFE800F003090D111500012338
S214009AF005B1286004B1236038BD35F0D1F90823DC
S214009B00F6E733F0DBFA0723F2E735F0CCF9092362
S214009B10EEE733F06FFA0C23800AE9E700231846D5
S214009B20E6E700BF0080005038B5144B0546D3F872
S214009B3008020C4600F0070004281BD8DFE800F0F7
S214009B4003090D111500012305B1286004B1236037
S214009B5038BD35F0A5F90823F6E733F0AFFA07234A
S214009B60F2E735F0A0F90923EEE733F043FA0C23C9
S214009B70800AE9E700231846E6E700BF00800050A9
S214009B80032814D005D8012805D0022809D00020C3
S214009B9005E00F28FBD1084B186FC0F301300130E9
S214009BA07047054BD3F89000C0F30460F7E7024B0C
S214009BB0186FC0F38020F2E7008000501FB5002326
S214009BC00193252817D8DFE800F0131A1D272C3636
S214009BD03B51565B60656A78161A401616561A2769
S214009BE02C27361A5127783B3B3B3B2727275B60C1
S214009BF033F0E6F90190019805B05DF804FB33F008
S214009C00F9F9F7E733F0DCF902460220FFF7B8FF70
S214009C10B2FBF0F20192EEE733F0ECF902460320D5
S214009C20F4E733F0E7F902460320FFF7A9FFB2FB9B
S214009C30F0F25208EEE7002101A8FFF7FDFEDAE792
S214009C40002101A8FFF7E0FDD5E702934FF0E023DF
S214009C501B695B0705D533F0CDF90290029B019393
S214009C60C9E703A902A8FFF7F9FDF7E7002101A855
S214009C70FFF7F4FDBFE7002101A8FFF713FEBAE7E0
S214009C80002101A8FFF724FFB5E7002101A8FFF790
S214009C904BFFB0E7002101A8FFF792FDABE7094BA9
S214009CA0D3F8803003F00303022BA8D0032B01D097
S214009CB000209FE733F0BEF99CE7002101A8FFF7DC
S214009CC0E3FE98E70080005008B50120FFF776FF16
S214009CD0BDE808400349884294BF012102210320C1
S214009CE000F002B880F0FA02032810B50C4627D020
S214009CF004D8012804D0022817D010BD0F28FCD1A4
S214009D002BF050FB2BF056FB124A013C136F23F44A
S214009D10405343EA0433136733F06CF90021FFF72E
S214009D20E5FDBDE81040FFF7CFBF0A4A4C1ED2F84B
S214009D30903023F0F85343EA0463C2F89030DCE72F
S214009D40044A4C1E136F23F4806343EA842313678C
S214009D50D3E700BF008000501FB5002301932528DD
S214009D6021D8DFE800F013202020202A2F454A4F74
S214009D7054595E7120203420204A202020202A209A
S214009D804520712F2F2F2F2020204F54314B1B6F33
S214009D9003F00703013B032B05D8DFE803F00C02B2
S214009DA0080A04230193019805B05DF804FB032319
S214009DB0F8E70623F6E70223F4E7002001A9FFF7F9
S214009DC03BFEF0E7002001A9FFF71EFDEBE702933C
S214009DD04FF0E0231B695B0705D533F00BF90B2327
S214009DE00393039BDEE703A902A8FFF737FDF8E716
S214009DF0002001A9FFF732FDD5E7002001A9FFF7F3
S214009E0051FDD0E7002001A9FFF762FECBE7002056
S214009E1001A9FFF789FEC6E7002001A9FFF7D0FCDD
S214009E20C1E70C4BD3F8803003F00303022B03D0BA
S214009E30032B05D00023B5E733F0DCF80B23B1E79E
S214009E4033F0F8F80523ADE7002001A9FFF71CFE64
S214009E50A9E700BF0080005008B50320FFF790FE7A
S214009E60034B18702BF09EFABDE808402BF0A2BA00
S214009E70675D002010B5044633F0BCF80021FFF7FC
S214009E8035FD1CB1BDE81040FFF71EBF034B032095
S214009E90BDE810401978FFF727BF00BF675D0020B8
S214009EA038B50546FFF74EFD204B04465A68012A92
S214009EB004D11F494A609A699207FCD10020FFF737
S214009EC04BFF042803D12BF06DFA2BF073FA194AD6
S214009ED024F0407395421FD0174A95421FD0174A68
S214009EE0D16811F0060FFBD19068936091684B40E3
S214009EF013F4F81F16D12846FDF766FD0020FFF77D
S214009F002BFF042810D133F075F80021FFF7EEFC84
S214009F10BDE83840FFF7D8BE43F00073DFE743F0F4
S214009F208073DCE79060E9E738BD00BF00C00150F1
S214009F3000E0015040420F0080841E0000000150E7
S214009F4070B504460020FFF707FF03287CD045F6CF
S214009F500E030221414AC2F88030414B996201212A
S214009F6003F580539962936DD903FCD4D4E90013AA
S214009F701B0543EA0163E17B94F823500B43217BE6
S214009F8043EA0143617B43EA0133A17B43EA811341
S214009F9013619169D4E904031B0643EA806301F068
S214009FA000410B43A17EE07E0B43217E43EA014342
S214009FB0617E43EA01239361E169136A002923F075
S214009FC00D0343EA010314BF0121002143EA800385
S214009FD043EAC103136294F8203094F82200916A91
S214009FE04FEA431331D194F8216021F0330143EA5C
S214009FF006130B4343F0010393621A49174A936D05
S21400A00031EA0303FBD10221154B9962936D5B0085
S21400A010FCD41369A16823F4700343EA0153136167
S21400A0204FF000420E4B9A6118B9022203F5805396
S21400A0309A6215B901220C4B9A6294F824301BB12F
S21400A040064B0A4AC3F8802070BD21F0330129432D
S21400A0500B4343EA40039362EFE700BF00C00050A3
S21400A06000D000500300014000E00050F1A7FFFFC1
S21400A070014B93F900007047685D0020014B188083
S21400A080704700BFDE6C00200C4A10B5136904460A
S21400A09043F00403136133F01DFB2BF08FF9084BDC
S21400A0A0084AC3F8202430BF2BF089F902F066F97D
S21400A0B01CB9BDE8104032F09DBF10BD00ED00E0B9
S21400A0C000E003500000FFFF034A0179D36E23F03F
S21400A0D030030B43D366704700400050F8B5044683
S21400A0E00D461F4616464AB101238B403021184ABA
S21400A0F001FB0022F7B141F21001535004EB440378
S21400A100072D4FF00F014FEA031316D8A80006FAE2
S21400A11000F281400F4818442BF054F94EB9012341
S21400A12030210B4AAB4001FB042277B141F210010B
S21400A1305350F8BD42F21001DFE7A5F10800800099
S21400A14006FA00F281400448E5E742F21001EFE724
S21400A15000C0035004C003500CC00350012200F599
S21400A160805310B55A60244B244AC3604369134099
S21400A170FCD18361C0F89830436913F4401FFBD1CB
S21400A1804369DA052CD4836F53BB43699B0529D4F6
S21400A190D0F8883033BB0121C26FD0F88C2000F590
S21400A1A000525160302183600361C362036201671D
S21400A1B0C0F880101249884208D142F26004114962
S21400A1C08464016543658465016643660C4988427C
S21400A1D002D10020102B08D10B4B5362936210BDA6
S21400A1E0436FCDE7D0F88430CFE703F1280441F879
S21400A1F024000133EEE700BF120002005200010007
S21400A2000040005A00C002808F330F80084608B511
S21400A21069B91820FFF7D2FCB0B10C4B984206D9AA
S21400A2200B4B9B68C3F302730133B0FBF3F0094B8F
S21400A23000F5742000F23F20B0FBF3F001387F28D1
S21400A24028BF7F20C0B208BD0120F0E7005A620296
S21400A2500040005A40420F000B4B10B5994228BFF1
S21400A26019460C461AB91820FFF7A8FC0246631ECA
S21400A2701344B3FBF4F0A34228BF00F1FF300328D9
S21400A28028BF0320C0B210BD005A620210B51048A5
S21400A290104C002B08BF04468C4228BF0C461AB947
S21400A2A01820FFF78BFC02469DF8083040F2FF307E
S21400A2B00133B2FBF3F2631E1A44B2FBF4F3A2427C
S21400A2C028BF03F1FF33984228BF184610BD00BFD1
S21400A2D080969800404B4C002DE9F04F2DED068BF4
S21400A2E0B64D0C4616462946002285B00746FFF7AF
S21400A2F0B3FF94F805800122804538BF804607F5F5
S21400A30000535A6020795FFA88F850B91820FFF792
S21400A31055FCA842014628BFB0FBF8F13846FFF7C7
S21400A32075FF4FF00009E37822781B01524202F0D5
S21400A330020203F03003134362780004524202F034
S21400A34004021343A27800F4FE00524202F0080210
S21400A35013434FEA087202F0E04213431843E388BF
S21400A3602289B8603B616389DFF85CA243EA024356
S21400A3703B62574502D1B9F1020F08D1012307F518
S21400A38080577B6005B0BDEC068BBDE8F08F0022E1
S21400A39035788B488B49B468954218BF01462B46E2
S21400A3A08948CDF80080FFF771FF07EB09118B6C29
S21400A3B0A2B223F0405323F4EE2323F01F0305F04C
S21400A3C003041C43737882424FEA830303F01C03A2
S21400A3D044EA0304B37838BF02461B03F07803F45C
S21400A3E0E0432343040404F4E024234334794FEA8F
S21400A3F0091C240704F0405423438B648C6C09F139
S21400A400050BC4F30234013C7049042C26D8DFE85F
S21400A41004F0252503101A00D1F88041240C2DB332
S21400A420C2F309020AEB0B135A6009F10109103650
S21400A4309FE7D1F88441002DF2D1D1F88C11A4B257
S21400A4400914490015E0D1F88441002DE8D1D1F86F
S21400A4508C11240C091401EB41010AE0D1F880416B
S21400A460A4B2002DDCD1DFED5A7A06E0D1F88C11CB
S21400A470091407EE901AF8EEE77A01210CF1B44CB5
S21400A4800CF5804C2304DCF8483024F4C045C3F3B4
S21400A490820C0CF1010C01FA0CF107EE101A4FEACF
S21400A4A0854548BF45F0004513F01C0FB8EEC79A27
S21400A4B0F6EE008A454B55D1D3F88C110BB208EE58
S21400A4C0103AB8EEC88A38EE278A9FED42AAF7EE11
S21400A4D0049A00285DD103922AF0EEFF07EE900A58
S21400A4E0F8EE677A87EE8A7AC9EE877A27EE888A48
S21400A4F0039A9FED397AC7EE097A9FED387A67EEB0
S21400A500877AB1EE007AB5F1004F48EE077A0BD0A5
S21400A5109FED337A06EE104A77EE876ABAEEE86A5F
S21400A520F0EE477A56EE267AF5EEC07AF1EE10FA9D
S21400A530CBBFF1EE677A78EEE78A77EEE87AFDEE43
S21400A540E87AC8BFFDEEE77A17EE901AB1F5003F3D
S21400A5502ADB6FEA55456FEA45451B484FEA0B1163
S21400A56045505DE7D3F8901169EE286A09B207EE08
S21400A570101AB8EEC77AD3F8881177EE677A0BB25E
S21400A58008EE103A87EEA67AB8EEC88A38EE078A42
S21400A5909BE7D6ED037AF8EE677A87EE8A7AC9EEFD
S21400A5A0877A27EE888AA4E711F5003FAABFC1F391
S21400A5B0110145F400350D43CFE700BF005A620293
S21400A5C0404B4C00809698000040005A0080E00FF8
S21400A5D00000000000007A44000080430000204491
S21400A5E00000004941F67132034BDA63012203F59D
S21400A5F00053DA60704700BF0000035041F6713226
S21400A6000121044BDA6303F50052D1600022DA63BD
S21400A610704700BF00000350044B1868421C02BF7E
S21400A620034AD2F894001860704700BFB067002055
S21400A63000400050CB784A7810B55B010C7843EAAE
S21400A64082030A79234343EA02130C22424302F1AF
S21400A650B0421363012C02BF8A78024B43F82020D5
S21400A66010BD00BFD080035008B54FF0B0435A6805
S21400A67002B960B15B680BB12AF046FF4FF0B041FB
S21400A68030B10120074B58602AF03EFFC86008BD75
S21400A6902AF03AFF0223CB602AF036FF0122024B53
S21400A6A05A60F4E700100058002000584FF0B04100
S21400A6B04B6810B50BB12AF027FF01220B4BC4786C
S21400A6C05A608378934043EA8403447823430479AA
S21400A6D043EA0413447943EAC4038B60044B5A608C
S21400A6E00378C3F10203CB6010BD00BF0020005802
S21400A6F000100058054B5B69C3F38512827003F0A7
S21400A7003F021B0B42700370704700BF00C007502B
S21400A7100120034B9B680A3303F01F0398407047E1
S21400A7200080E00F034BD3F82424D3F82004104015
S21400A730704700BF00C003502DE9F8431E4B054686
S21400A740D3F810334B1E0E2B0E46174690F800908B
S21400A75044781DD909B34FF000082846D7B134F025
S21400A760A5FB09EB4903072C4FF00F014FEA031333
S21400A77015D8A400114808FA04F2A14018442AF09B
S21400A780CBFEBEB928468FB1BDE8F84334F08EBB89
S21400A7908846E2E72AF0CFFEE3E78846E1E7083C92
S21400A7A0A400074808FA04F2A140E7E7BDE8F8432A
S21400A7B02AF0C1BEBDE8F88300C0035004C00350B1
S21400A7C00CC003502DE9F041204B1646D3F8102359
S21400A7D04A1C05460C46407804D1D3F824142AF0C7
S21400A7E0B8FE0446002C2EDB072C14DC03274FEAA9
S21400A7F084082A7807FA08F73946154802FA08F254
S21400A8002AF08AFE6A78394602F00302114802FAF4
S21400A81008F22AF081FE012316F0050F0E4A18BF33
S21400A8200E4903FA04F30CBFC2F81034C1F8103412
S21400A83016F0060F18BF094AC2F814340123064A58
S21400A840A340C2F820342046BDE8F08100C0035083
S21400A85000C4035008C4035000E0035000D0035067
S21400A86070B504462FF0C7FA064630B90FCC044D33
S21400A8700FC594E80F0085E80F00304670BD00BF96
S21400A880243C002047F6FF739A42F0B570D00229A8
S21400A89070D8394B5B5C022B6CD8384DDE0005EB6C
S21400A8A0C304A77815F83330012F394638BF012185
S21400A8B0012B16D1E078401A0021884205D8012FD6
S21400A8C02CBFC0190130C0B2F0BD431A6568A0EBBA
S21400A8D0530335F913509542D4BF194603F1FF30A0
S21400A8E0EBE760680028EFD0B0F90040944204DB44
S21400A8F0B0F902409442B8BF144683883544FF2B13
S21400A90019BFC8232827B0F90630B0F90870A3EBA2
S21400A91004030CBF0122002293FBF7F36E78134466
S21400A9201BB29E4201DD002B01DA731E1BB24FF4F0
S21400A9307A7C00EBC305EA88AD685F1C14FB025204
S21400A9401D4622EAE2723BB25C329E42B2FBFCF249
S21400A95004DD00EBC307BF889742EAD200EBC503CD
S21400A9609888904228BF1046884238BF0846AAE713
S21400A970FF20A9E70020A7E7D78F0400243C00208B
S21400A9800229F0B560D8314B595C02295CD8304BAF
S21400A99013F83100012816D103EBC1039C78D87850
S21400A9A0012C214638BF0121904294BFC1EB000123
S21400A9B0C1EB0201001BCAB28242C8BF00225B681C
S21400A9C033F91200F0BD002A3CD003EBC1035968EE
S21400A9D0002939D09878904202D3B1F90200F1E705
S21400A9E0DC78B1F900009442ECD95C788B88013CA5
S21400A9F0A3F1FF06734201F10405E4B2734101F1CD
S21400AA000C07DEB2B44216D805EBC3034FF47A75D2
S21400AA106A43B3F902405B68D21A04EBD47302EBC4
S21400AA20630292FBF4F29042CCDBB1F90200904252
S21400AA30C8DC10B2C6E737F833C05E1C9445E3D3D3
S21400AA403346DEE70348BDE70348BBE7D78F04007D
S21400AA50243C00200CFEFFFF0080FFFF08B50448E2
S21400AA60FFF7FEFEBDE8084001202FF0CAB900BF80
S21400AA70DC8F04007FB51422002101A810F066F9CF
S21400AA80044B01A94FF0FF3002932FF000FA07B0F5
S21400AA905DF804FB006A18002DE9F0418CB088468A
S21400AAA0DDE912761D460446002847D0002945D029
S21400AAB0002F43D0002E41D013F00F033ED1204884
S21400AAC02049A360002A08BF01462362C4E9001398
S21400AAD0404609A92AF0CFFD68BB2046099934F004
S21400AAE040FA2946204634F03CFA694640462AF0A9
S21400AAF051FE00BB694620462AF07CFE404603A96C
S21400AB002AF053FEB8B9204603A92AF073FE06972A
S21400AB100127204645F0005506A9079708952AF014
S21400AB2069FE204609A909960A970B9534F03FFA64
S21400AB30204634F0F9F90CB0BDE8F0812120FAE7A0
S21400AB4000010004000101042DE9F04F97B089468A
S21400AB5090461F460546DDF880A0002800F0BB8022
S21400AB60002900F0B8803AB1229B002B00F0B38099
S21400AB70239B002B00F0AF80BAF1000F00F0AB80F3
S21400AB80219B002B00F0A78067B13C680026229B23
S21400AB9043440293464507D307B13C60002017B0F4
S21400ABA0BDE8F08F3C46F1E75CB1229B219A9B5DA5
S21400ABB0125D01345340239A04F00F049355013676
S21400ABC0E8E7A8EB060BBBF10F0F58D9434B4846F6
S21400ABD0C5E90034AC602C6213A92AF04CFD0028AD
S21400ABE0DDD1284613992BF00F0B34F0BAF95946ED
S21400ABF0284634F0B6F9484604A92AF0CBFD0028CA
S21400AC00CDD1284604A92AF0F5FD484607A92AF022
S21400AC10CCFD0028C3D1284607A92AF0EBFD012366
S21400AC2022992F4ACDF828A00B930C928A190D92E0
S21400AC3028464BF000520AA90E9303920F922AF070
S21400AC40D9FD28460DA92AF0D5FD239B039A99190C
S21400AC500123109111931292214A284610A9CDF88B
S21400AC604CA01493159234F0A2F9284613A934F098
S21400AC709EF9284634F058F95E4400288FD1229B6E
S21400AC8003EB060B239B1E44029B9B4501D14646C5
S21400AC9080E7ACB9219B2246CDE900A349461023A4
S21400ACA02846FFF7F9FE00287FF479AF0AF1100274
S21400ACB012F8013D0133DBB213700BB95245F7D1E0
S21400ACC0219A1BF8013B125D0134534006F8013B04
S21400ACD004F00F04D8E7212061E700BF0303000457
S21400ACE0100000207FB50E461D460446F0B102B99E
S21400ACF0E3B901230192029345F000530393002326
S21400AD000B4AA360C4E900232362204601A92AF067
S21400AD1071FD3146204634F024F92046294634F0A9
S21400AD2020F9204634F000F904B070BD2120FBE77E
S21400AD3000000943084B984202D0084B984207D1BE
S21400AD400B88B3F5105F14BF6FF0850000207047C6
S21400AD506FF08500704700BF004440040013C00435
S21400AD601038102808D8064BC34013F0010F0CBF4C
S21400AD706FF08600002070476FF08600704700BFB7
S21400AD80010101002DE9F04FA7B008AFCDE905019C
S21400AD90DDE93295DDE9346A002107923846102253
S21400ADA09846DDF8D8B00FF0D1FF102200210CA88D
S21400ADB00FF0CCFF069B2BB96FF08604204627B019
S21400ADC0BDE8F08F079B002BF6D0B9F1000F01D13C
S21400ADD0002DF1D1309B13B9319B002BECD116B965
S21400ADE0BAF1000FE8D1BBF1000FE5D04046059957
S21400ADF0FFF7A0FF04460028E0D1014628221CA841
S21400AE000FF0A4FF2022214614A80FF09FFF1CA8D5
S21400AE1034F09DF8002840F0AF80DDE90612059872
S21400AE2014AB2AF033FD04460028C7D11498FFF768
S21400AE3097FF04460028C1D115B9CBF80000BDE73E
S21400AE40B14518D209EB05039E4214D25545B3D836
S21400AE502A46494630460FF0CBFF554B984526D03C
S21400AE6006D3544B984524D003F54073984520D01C
S21400AE706FF08504A2E74F4B98451BD003F540734F
S21400AE80984517D04A4B9845F2D1554594D815F0B9
S21400AE900F0291D12B46CDE9009614A91CA8FFF706
S21400AEA0FBFD814600285CD1CBF8005086E7B14612
S21400AEB0EDE7B1461022002110A80FF047FF5545D8
S21400AEC03FF67AAF3C4B9845319B39D10D2B7FF43A
S21400AED073AF01238DF84030309B0DF1410203F132
S21400AEE00C0153F8040B8B4242F8040BF9D11B7883
S21400AEF0137001238DF84F3015F00F0842D025F05F
S21400AF000F034B440DF1300C03F1100E6246186827
S21400AF105968083303C273459446F7D10F2D33D8CA
S21400AF2025F00F03334403930CABCDE9017310AB4C
S21400AF3000934246002314A91CA8FFF705FEB0E7BD
S21400AF40102B7FF439AF309B10AA03F1100E9446F5
S21400AF50186859680833ACE8030073456246F6D1B2
S21400AF60CAE75246002130460FF0F0FE0023B9F142
S21400AF70010FCBF8003002D06FF092041EE76FF09E
S21400AF808B041BE70F2D8FD910ABCDE902960093EB
S21400AF900197002325F00F0214A91CA8FFF7D4FD83
S21400AFA081460028DDD1B8F1000F3FF47DAFB7E74A
S21400AFB0004440040010C0040013C0042DE9F04F04
S21400AFC08A46A1B00021DDE92A56DDE92C790590F4
S21400AFD0934606A8102298460FF0B8FE10220021CD
S21400AFE00AA80FF0B3FEBAF1000F05D16FF0860481
S21400AFF0204621B0BDE8F08FBBF1000FF6D00DB9AA
S21400B000002EF3D117B9B9F1000FEFD12E9B002B0C
S21400B010ECD040460599FFF78DFE04460028E7D1A0
S21400B0200146282216A80FF091FE202221460EA8DF
S21400B0300FF08CFE16A833F08AFF002854D15A462B
S21400B040514605980EAB2AF021FC04460028CFD1C5
S21400B0500E98FFF785FE04460028C9D116B92E9B28
S21400B0601860C5E7BD4216D2AB199F4213D24E45B3
S21400B070BCD83246294638460FF0BAFE3A4B9845B9
S21400B0805BD003F54073984531D0384B984511D0C6
S21400B0906FF08504ACE7344B98454FD003F540730A
S21400B0A0984525D0314B9845F2D14E4503D96FF0DF
S21400B0B089049DE73D46330798D133460122CDE902
S21400B0C000570EA916A8FFF7E7FC2E9B05461E6044
S21400B0D000288DD04A46002138460FF037FE002360
S21400B0E02E9A012D13603BD06FF0920480E73D4608
S21400B0F00D3E4E45DBD801238DF828302B460DF14A
S21400B100290205F10C0153F8040B8B4242F8040B9C
S21400B110F9D11B780D3513704FF48073ADF83630C7
S21400B12006AB01930AAB009332460023CDE90257E3
S21400B1300EA916A8FFF708FDC7E73D46103E4E4588
S21400B140B5D82B460DF1280C05F1100E624618688E
S21400B1505968083303C273459446F7D11035DFE7C4
S21400B1606FF08B0444E700BF0010C00400444004A6
S21400B17010B54FF42F72002104460FF0E7FD802330
S21400B180C4F88C30054B04F19C00C4F884300123CD
S21400B19084F88830BDE8104029F0C4BBC3FA030029
S21400B1A010B5D0F8A0400A468CB92AF085FD0446B2
S21400B1B010B90024204610BD2D2896BF064B07491F
S21400B1C053F82010064A07482AF0BCFEF2E7D0F8EB
S21400B1D0A4101046A047ECE7C8900400C6FA030087
S21400B1E01BF80300F6FB0300F8B590F880600446F1
S21400B1F016B100263046F8BD2AF091FB0028F8D19B
S21400B200012384F8803094F8883033B1D4F8841061
S21400B2101F4884F888602AF095FE4FF0FF37D4F870
S21400B220B402421C1FD0C4F8B47210F0FF052CD034
S21400B23020462AF071FB2946204600F0A7FB00288E
S21400B240EDD020462AF076FB94F888303BB1D4F84F
S21400B25084100F482AF076FE002384F888300023F6
S21400B26084F88030C6E72AF052FE431CDDD1D4F8BD
S21400B2708C30D4F89420013B9A4204DB054A0649F8
S21400B28006482AF05FFE0126E9E70126C7E700BF69
S21400B290910D04001BF80300D4FA0300F6FB03002C
S21400B2A0F8B50B780446302B0D46164604D14B787D
S21400B2B003F0DF03582B11D0284F6A1E12F8011F27
S21400B2C0002934D128460A220FF030FC202C0346F1
S21400B2D00D4631D1B1FA81F040091AE04A1C1F49E7
S21400B2E012F8013F8BB928460FF02CFC1C4B023895
S21400B2F02340032B12D10134A41084420AD1A8782B
S21400B30037288CBF0020012003E0CB5C13F04400FC
S21400B310E6D1F8BDCCBF01200020FAE7002CB8BF6C
S21400B3200334B0EBA40FD4BF01200020F1E77B5C10
S21400B33013F00400C2D1ECE726B1084302D0013B6B
S21400B34061F100050122A240013A1A40002D08BF13
S21400B3509A420CBF01200020DBE700BFB9B604000C
S21400B36003000080F0B5037801467B2B17D1064614
S21400B370022400220B4F16F8015F7D2D05D10B5DD0
S21400B3806BB9D24302F0010008E07B5D13F0440085
S21400B39002D001320134EEE7202DFBD0F0BD0020B4
S21400B3A0FCE700BFB9B6040070B506460D460FF0C0
S21400B3B0C9FB044630462AF0C5FD044EAC4200D315
S21400B3C070BD30462AF0BEFD0134F7E7690404007C
S21400B3D02DE9F84F044602215148FFF7E5FF1E21EC
S21400B3E02068FFF7E1FF636858682AF0ABFD4D4818
S21400B3F02AF0A8FD67683B7BFD2B12D8D7F808809B
S21400B4004FF0FF3640460FF09DFB0546DFF81091E3
S21400B410DFF870A1DFF84CB10C3717F8013BFF2BB3
S21400B42001D1BDE8F88F212B18D8212B36D8DFE8BC
S21400B43003F0377274111B1D1F2135353535353530
S21400B4403535232527292B2D2F31353535353535FF
S21400B45035353D33344C002D2BD12EE0334C344A59
S21400B460FE2B08BF1446F6E7324CF4E7324CF2E700
S21400B470324CF0E7324CEEE7324CECE7324CEAE77F
S21400B480324CE8E7324CE6E7324CE4E7324CE2E78F
S21400B490324CE0E7324CDEE7324CDCE7234CDAE7AE
S21400B4A0314CD8E72AF042FD01362AE0002DB4D010
S21400B4B02E4C202B06F10106AFD002214846FFF79E
S21400B4C073FF1E214846FFF76FFF50462AF03AFDED
S21400B4D0594620460FF090FE2549002818BF214601
S21400B4E024482AF02FFD3B78202B02D12B202AF06F
S21400B4F01DFD21482AF026FD4DB118F806301F2BF9
S21400B50005D018F806001F2801D0AE42CADB054851
S21400B5102AF018FD81E7194C9DE7194C9BE700BF00
S21400B520094604001BF803007EFB030090FB0300A3
S21400B53075150400DBFB0300E2FB0300D3FB0300EE
S21400B540CFFB0300C6FB0300BCFB0300B2FB0300FB
S21400B550C7FB0300BDFB0300B3FB0300A8FB03000F
S21400B560A1FB030098FB03007DFB030083FB0300A5
S21400B5708EFB0300910D040007FF0300DAFB0300B7
S21400B580E1FB03005D1604002DE9F04F9BB0054675
S21400B5908B460024009203930FF0D4FA249F039B5B
S21400B5A004901C6028463C600AAA09A92AF0ECFC14
S21400B5B0064658B90A980FF0C5FA3446B046039BBB
S21400B5C01860D5F89C300293029B1BB920461BB02E
S21400B5D0BDE8F08F029BD3F80890B9F1000F6CD04D
S21400B5E02E4416F8013B202B11D000260C23734363
S21400B5F009EB030A59F803300193002B58D0099B36
S21400B600434555DB9AF808202AB1721C39E03B689E
S21400B61001333B60E5E73968D5F894200793039B30
S21400B620521A1A601AAB03EB880151F8403C019994
S21400B630184605930FF0A0FD06900028E5D1019866
S21400B6400FF080FADDE906230146DAF80400D7F8A1
S21400B65000A090F80CC0BCF1FE0F16D103F1FF3E1F
S21400B660C64512D0D0F80090059801920FF06AFAFD
S21400B6700AF1010A019A50442B5C23B1386008F1A4
S21400B68001081646B2E70130F6E7D5F89420059192
S21400B690A2EB0A028A4220DC58460FF053FA0599BC
S21400B6A001447B290DD958461F4A009929F061F9B3
S21400B6B02B46049A2A4493422CD1029B1B68029381
S21400B6C082E7DDE90012584629F053F95846174A32
S21400B6D00099013429F04DF997E7BCF1FE0F94D19B
S21400B6E0013B434591D1D0F800A0DFF840905AF8CE
S21400B6F00C2B22B9049B3B60039B1A60D8E7584684
S21400B700009929F036F94A465846009929F031F949
S21400B7100134ECE713F8011B0029CCD14FF02001CF
S21400B72003F8011CC7E700BFE8FB03006904040038
S21400B7302DE9F047002486B01C60DDE90EA8064619
S21400B74089468AF800401168154888F80040174670
S21400B7501D468DF81740FCF7A5F818B901242B688C
S21400B76001332B600020D6F89C6036B914B1012353
S21400B77088F8003006B0BDE8F087B06868B14B4680
S21400B7800021CDE902A8CDE900750DF117022AF0D7
S21400B79032FA9DF81730002BE8D13668E5E700BF8F
S21400B7A0EDFB03002DE9F0470446ADF5447D80220D
S21400B7B0002104A802AF0FF0C9FA802220460097A5
S21400B7C003AB04A9FFF7E0FE01283DD104A80FF063
S21400B7D0B9F903993B68461A0B4426EAE6762344F1
S21400B7E0054604A83246014418460FF03FFC0022E6
S21400B7F08255D4F89060039B3968D4F89020194499
S21400B800B14212DCD4F89410E81A0244C4F890202E
S21400B810014404AAC4F89410D41825182B1B002B36
S21400B8200DDC0DF5447DBDE8F087A05C2AF07EFBBC
S21400B830D4F8903001360133C4F89030DBE714F8C2
S21400B840010B2AF073FBE9E7EBDD24AD8022002133
S21400B85028460DF5887A0FF079FA0DF110094FF4A5
S21400B8600072002150460FF071FA4FF001084A4668
S21400B870002312F8016BA6B904A84AF828300FF086
S21400B88061F92946334698451CDB19F8016B0DF51E
S21400B890887C5CF8042B82420CD101F8016B0133E2
S21400B8A0F1E7202E03F1010304BF4AF8283008F11F
S21400B8B00108DEE70DF1100E7244D25CB242E8D009
S21400B8C00022EA54D4F89060039BB3422FDC234650
S21400B8D02C4A04A92C482AF035FB28460FF032F9EA
S21400B8E00646039B3F68F61A1F4426EAE672E019EE
S21400B8F017441D44E11904F1900399423CD904F120
S21400B9009803984238D26A1E81190B1A002B27DD3D
S21400B91012F8013F00F8013BD4F890300133C4F828
S21400B9209030D4F894300133C4F89430EDE7D4F86E
S21400B93090300136E05C2AF0F9FAD4F89030013302
S21400B940C4F89030C0E7D4F89020013B0132C4F828
S21400B9509020D4F894200132C4F89420002BF2DC16
S21400B96000232E44E355731B002B7FF75AAF15F8C0
S21400B970010B2AF0DBFAF6E729460FF077FB334691
S21400B980ECE700BFC3FA0300F2FB03002DE9F8431F
S21400B990D0E9245604460F46002294F89830012B2E
S21400B9A007D10A2F07D1002384F898300020BDE87D
S21400B9B0F88300F29F801B2F01D10223F4E70D2F9E
S21400B9C00DD1012384F898300D202AF0AFFA0A2012
S21400B9D02AF0ACFA00230120C4E92433E7E74FF04D
S21400B9E00008082F84F8988034D1454530DDB542EC
S21400B9F00FD138462AF09AFA20202AF097FA013D0D
S21400BA0038462AF093FA013E04F80580C4E9245625
S21400BA10CCE7FBDA05F1FF3938462AF087FA04EB63
S21400BA200903A6EB0902611918460FF0E1F904F8BC
S21400BA3006800146013E48482AF084FA35464D45C0
S21400BA4001DC4D46E2E708202AF070FA013DF6E7F1
S21400BA50ACD0DBE77F2F1CD1002EA7DDB542A5DAE0
S21400BA606319691C21441846721B0FF0C1F904F8CB
S21400BA700680014639482AF065FA0820013E2AF079
S21400BA8055FAB542F9D1D4F89430013BC4F8943055
S21400BA908CE70A2F98D0092F03D12046FFF782FEA5
S21400BAA084E7D4F88C30013BB3427FF77FAFB542D2
S21400BAB004EB050805F101090CDB384688F8007030
S21400BAC0D4F89430C4F890900133C4F894302AF037
S21400BAD02DFA6BE74146721B04EB09000FF088F95C
S21400BAE040462AF02FFA0820013E2AF01FFAB542F7
S21400BAF0F9DDE2E7022B06D15B2F01D1032353E7E2
S21400BB0084F8982049E7032B7FF450AF413F84F830
S21400BB109820032F3FF64AAFDFE807F002070A1621
S21400BB20012120462AF0B3F940E74FF0FF31F8E74D
S21400BB30B542BFF63BAF605D2AF0F8F9D4F8903016
S21400BB400133C4F8903031E7002D7FF72FAF013D69
S21400BB500820C4F89050BAE7FBFB0300F5FF03008B
S21400BB6008B50248FEF79CF9002008BD00B4C404DE
S21400BB7030B58BB06C46174D0FCD0FC40FCD0FC42C
S21400BB8095E8030084E80300134BD3F84C21120316
S21400BB901CD5A3F5FE431C884FF6FF739C4208BFD6
S21400BBA08C248DF81940FEF763FA204480F30800D1
S21400BBB08DF818000948FBF70DFF6846FEF7C0F938
S21400BBC03220FEF75BFA00200BB030BDD3F85041B0
S21400BBD0E4B2E6E7809104000080E00F00F049023E
S21400BBE00028ACBF00F16040064B4FEA0111C9B215
S21400BBF0ABBF00F5614000F00F0080F80013195449
S21400BC00704700BF14ED00E008B533F041F90B4B68
S21400BC101A7872B901221A7033F035F96FF00402FF
S21400BC2010460132052152B2FFF7DAFF3D2AF7D15E
S21400BC3008BDBDE8084033F026B900BF695D0020A6
S21400BC40002807DB01234109034A00F01F00834058
S21400BC5042F82130704700BF00E100E0054B42117A
S21400BC6053F8223000F01F0023FA00F0C04300F023
S21400BC700100704700E100E0002808DB01224309CC
S21400BC80034900F01F008240603341F823207047CC
S21400BC9000E100E010B5044633F0EDF8024B1C60FE
S21400BCA033F0E4F8002010BD4C3C002010B533F013
S21400BCB0E2F8034B1C6833F0D9F8204610BD00BFED
S21400BCC04C3C002038B50C461546014610B9FFF727
S21400BCD0EDFF01462B46224603480DF047FF00289D
S21400BCE0D4BF3720002038BDDF60030008B500F061
S21400BCF0E3FB18B16A21024833F0BFF9002008BD03
S21400BD0000FC030008B500F049F80C4A536A43F4F7
S21400BD1070235362EFF308834FF0CD31084A043B9B
S21400BD20934208D200F070FAFFF7E0FFBDE8084043
S21400BD300448FEF795BD43F80419F1E700ED00E06E
S21400BD4008000020DC8F040007B5042200200DEB5D
S21400BD5002012EF014F8042803D0D721044833F04B
S21400BD608CF9019800F0DCF903B05DF804FB00BF25
S21400BD7000FC0300082310B50C0A41400648C9B26F
S21400BD8041F30002013B024013F0FF0382EA510137
S21400BD90F6D184EA010010BD2083B8ED38B5FEF771
S21400BDA03BFC044629F0AAFBE3072AD401221046EE
S21400BDB0114600FA01F3234002F1010223D01D4B85
S21400BDC033F811301C48062B028844881B4920D1C2
S21400BDD04FF20F039C4219D1B2F5406F28BF4FF4C3
S21400BDE0C0624CF23C330A80438040F201730A88FA
S21400BDF09A4201BF124B134AD2E90001C3E900017F
S21400BE0015E00021DBE7102AD2D1DBE74FF4C06251
S21400BE10E7E740F20725AB420AD14FF20F05AC42E6
S21400BE2006D19A4204D14CF23C320B80428038BD97
S21400BE300B80DAE744930400A86400205E560020D6
S21400BE40503C0020A0640020014B1888704700BFBB
S21400BE505E560020014B1888000A70475E56002088
S21400BE60044B05481B881A0AB3F5406F38BF00EB31
S21400BE70820070475E56002014930400044B188816
S21400BE80044B020A53F82230C0B203EB800070471E
S21400BE905E560020E492040010B5044632F0EFFF30
S21400BEA04FF20F02044B1C805A80BFF35F8FBDE831
S21400BEB010402AF0DEB800BFA86400206D4A2DE9C5
S21400BEC0F0416D4B55686D4C5D65516A99656C49DE
S21400BED0D1F80002D865D1F80412586B1966916A39
S21400BEE010F0040F5966D16A4FF000009966116B86
S21400BEF0D966516B1967D26BD8645A67D3E90E12AC
S21400BF0018BF11465F4A91421A655DD301F12000C1
S21400BF10A04259D88869C5F308051864CE69062D6D
S21400BF205E6455D1584DA84252D3584DA8424FD2C0
S21400BF3005884DF6426085424AD11868C3F89000DD
S21400BF405868C3F8940040F20170A242154604D225
S21400BF502E680432B6F1CD3FF7D00022C3E91E2288
S21400BF60C3E92022C3E92222641BDFF81CC1434D2B
S21400BF70DFF818E19C648D422DD8D3E91EC7D3E9BB
S21400BF802065D3E922414FF0000E013AD2B2FF2AD3
S21400BF903CD1BEF1000F05D0C3E91EC7C3E920653A
S21400BFA0C3E92241B3F85430C3F308030C2B3BD843
S21400BFB0022B54D9DA1E092A51D8DFE802F031578D
S21400BFC0404350505050504D0021C3E910112D49A8
S21400BFD04FF42060B9E755F8044D6445CBD374455B
S21400BFE0C9D2E607C7D50026294F57F8048FA045C3
S21400BFF0C1D00136062EF8D132B1013AD2B202F1E2
S21400C0001E0643F82640B6E70522F8E7E0464FF05E
S21400C010010EBC4637462E4625460C464146B4E73A
S21400C02040F60120BDE8F0813B2B18D1194B9B69E7
S21400C03013F0020F40F2025318BF1846F2E740F61C
S21400C0400320EFE740F6042240F20173B0F5206FBC
S21400C0500CBF10461846E5E740F60520E2E740F636
S21400C0600722013B4B2B98BF1046DBE740F6022029
S21400C070D8E700BF00ED00E01064002008100020A4
S21400C08000E100E008000020D0420000A0F4030019
S21400C090846400200080015A00F00CB800F00AB852
S21400C0A000F008B800F006B800F004B800F002B8D7
S21400C0B000F000B872B61EF0080F09D01EF0040F8C
S21400C0C00DD0DFF850E0AEE8FF1F6FF002000CE086
S21400C0D0DFF840E0AEE8FF1F6FF00E0005E0DFF887
S21400C0E034E0AEE8FF1F6FF006006946EFF3098202
S21400C0F08EE8070086460848084C854501D3A545C6
S21400C10001D384F30888FFF7D9FE84F30888FFF785
S21400C110C3FE000010640020480000200810002025
S21400C1204BF6EF6283B2002B08BF1346044A000C9E
S21400C13013804FF6CE2308BF1846024B1880704770
S21400C140E26C0020E06C00200B4BB3F9002018884E
S21400C150002AB8BF80F0620042001A80074AB2F98F
S21400C160001013880029BCBF83F4805383F00B03B0
S21400C1705900118058407047E26C0020E06C0020A7
S21400C18007B5684600F01AF8DDE900010022034B07
S21400C19003B05DF804EB2AF068BA00BF583C0020F4
S21400C1A007B5009313460A46014603482AF011F8DD
S21400C1B003B05DF804FB00BF583C00200249034A68
S21400C1C00160521A42607047B86D002000000120DE
S21400C1D000487047583C002038B54160044632F0AD
S21400C1E04AFE05462146044828F09FFB2846BDE83F
S21400C1F0384032F03BBE00BF803C0020014828F0AB
S21400C20091BB00BF803C00200222014B1A6770479A
S21400C2100040005070B532F02EFE174E0546174807
S21400C22032F0D4FE3378CBB900F046F9044620B19C
S21400C230284632F01BFE204670BDFFF7DFFF32F0C7
S21400C2408FFF0F4B1C6031F0C1FB0E4B0E4A18607F
S21400C250536F43F0010353672AF023FA00F028F8DF
S21400C2602AF036FA094B002418600123284633705A
S21400C27032F0FCFDDFE700BF755D0020BC910400D6
S21400C280843C0020AC3C002000400050883C00204D
S21400C290054B1B685843054B00F5742000F23F2001
S21400C2A0B0FBF3F0704700BFAC3C002040420F00EC
S21400C2B0294B2A4AD3F8003170B503F00303136004
S21400C2C031F01AF94FF4C870FFF7E2FF0022244B52
S21400C2D024491860244C0B680132D2B20A2A44F86A
S21400C2E0040BF9D1034400EBC00003440B601F4B62
S21400C2F01F4D1B7813B3184BD3F8003103F003031C
S21400C300022B22D0032B23D0012B17D130F08CFE2A
S21400C310024698B1174B184EDC6800231946C4F342
S21400C3200B04013404EB84040138E4FB06010EF030
S21400C330A1F9FFF7ADFF2B6803442B601F20FFF722
S21400C340A7FF2B6803442B6070BD30F0B7FEDFE715
S21400C35032F0A4FDDCE700BF00800050EC3C00207B
S21400C360B03C0020B43C0020B83C0020795D0020A2
S21400C370E43C002000C0015040420F000122154B53
S21400C38010B55A67144B154C1B7813B3022032F0C5
S21400C390D8FEF0B131F0A0FBD8B1A36DD90302D519
S21400C3A0E36D9A0715D40D4B9B6DDB0711D4012264
S21400C3B00B4B1A7032F0B9FEBDE81040094B0A4A22
S21400C3C01860136F23F0070343F00303136730F07E
S21400C3D011BE10BD00D000507A5D002000C0005095
S21400C3E0775D0020E03C0020008000500122014BD9
S21400C3F01A7070477A5D002007B5FFF7C1FE01A8E6
S21400C400FEF778F99DF80530012B25D1234B9A6D60
S21400C410D20311D45A6B6FF3162242F4BC1242F4C4
S21400C420A0625A631A6B22F4704242F440421A63C6
S21400C4301A6B42F4E0621A639DF8043063B94FF059
S21400C44000531B68164B1B68164B1B68164B1B6865
S21400C450164B1B68164B1B68164AD2F8803043F002
S21400C4600303C2F880302AF03BF9FFF7CDFBFFF755
S21400C47077FBFFF77DFB0DF0C3FBFFF7CBFE00F06D
S21400C4801BF82AF02EF9FFF73DFC2AF039F92DF0BB
S21400C490B0FA03B05DF804EB2AF024B900C00050EF
S21400C4A0004000200080002000C000200000012086
S21400C4B0004001200080005070B532F0E9FC144EB8
S21400C4C005463478FCB9134B1C60134B1C60134BA9
S21400C4D01C6000F031F8012031F0ECFB31F0DEFB9F
S21400C4E00F4B0246186020B9284632F0CCFC2320B9
S21400C4F070BD234640F2E7310A480EF0BBF80A4BFF
S21400C500186001233370284632F0BDFC0020EFE7A8
S21400C5107D5D0020FC3C0020F83C0020043D00200F
S21400C520003D002018FCFFFFF43C0020014B18687B
S21400C530704700BFF43C00201FB50024184B186855
S21400C5409A880290D3F806009B7A00901548ADF8BA
S21400C5500C208DF8043032F039FD02A88DF8084022
S21400C5608DF80C40FEF7A2F8694601208DF80040D1
S21400C570FEF760F81F220C4B9A615A614FF0B042EA
S21400C580936A13F00803FBD113620120FEF76CF8E0
S21400C5900A20FFF771FB0A20FFF752FB04B010BD1C
S21400C5A06D930400B49104000020005810B532F0DA
S21400C5B06FFC4FF0B04304465B691A07074A03F066
S21400C5C0010003F00D0348BF40F00200536131F054
S21400C5D099FA2046BDE8104032F055BC00200058BD
S21400C5E021282DE9F341054604D82C46204602B002
S21400C5F0BDE8F08100240B4E0B4FDFF8308000239F
S21400C600CDF800801A461946386828F0D7FC8442D0
S21400C610EBD2222CE9D056F8043BAB42E6D00134EC
S21400C620EDE700BF8C960400AC670020FFFF0F000C
S21400C6302DE9F04F644E654D89B02AF0ADF83168AB
S21400C6402868FCF74DFB0446002827D033680024F2
S21400C650D3E900019A6912689047336804A89B6979
S21400C6609B689847336802209B69DB689847326866
S21400C67005985368E7B2B3FBF0F3BB42916904F147
S21400C68001044ED8CB680020984733689B695B68E6
S21400C690984731682868FCF723FB04460027DFF834
S21400C6A044A1DFF84481DFF84491F4B9484B286888
S21400C6B0DB5D002B00F08380D8F8006002AB3146CB
S21400C6C003AAFCF78FFC2D2807D070B9039B012B1B
S21400C6D00BD031462868FCF7D9FEDAF80030314630
S21400C6E01A682868FCF752FE04460137222F0AF122
S21400C6F0040A08F1040809F10109D6D1B4FA84F352
S21400C700344A5B0913702B681B7C33B12AF010F88F
S21400C71018B1DB21304832F0B0FC204609B0BDE845
S21400C720F08F12680B6907FB002098479FE7D8F840
S21400C730003003AA194402AB0191FCF753FC2D28E4
S21400C740034601992BD0286813B30BF1010B5FFA4F
S21400C7508BF18E422868EAD8204BDB5D002BC4D0D4
S21400C760F3B27E2B2868C0D8D8F8003003AA06EBB0
S21400C770030B594602ABFCF735FC2D28B5D05946BD
S21400C7802868FCF783FE013604460028E8D0ACE7AC
S21400C790039B7BB999F80020029B9A42D5D099F862
S21400C7A00030DAF800202868FCF7EAFC0028CCD035
S21400C7B00446D1E70191FCF769FE0199EFE7084BC3
S21400C7C0A346DE5DC3E700BF8C670020AC67002091
S21400C7D0689604007F5D002087FC030046960400F0
S21400C7E002960400789304008C96040024960400B5
S21400C7F0F8B51F46214B04461B780D46164623B156
S21400C80000F47E23B3F50E2F2BD02046FFF7E8FE6C
S21400C8102128044614D81A4B53F82010194B1B78BD
S21400C820ABB1194B212C18681DD8184B1B5DD3B122
S21400C8303268FCF7ABFD044650B129F078FF07E0FC
S21400C840FF2807D93A46314680B229F084FC0024F6
S21400C8502046F8BD4FF4A9710D4832F00EFC0021B9
S21400C860DCE70146DAE77F2D08BF00253B46324667
S21400C87051FA85F1FCF784FCDDE700BF7E5D002001
S21400C8808C9604007F5D0020AC670020689604004C
S21400C89087FC030030B5134600F07E62B2F17E6F6F
S21400C8A08BB00DD10A46C0F30B016846FEF71AFAA4
S21400C8B020B140F29311094832F0DFFB0BB030BDD7
S21400C8C05A0829F037FF0028F8D04FF49C71034827
S21400C8D00BB0BDE8304032F0D0BB00BF18FD0300FF
S21400C8E02DE9F743C70705460E46144604D540F221
S21400C8F0E311494832F0C1FBE10704D54FF4F27169
S21400C900454832F0BAFB454B93F80080B8F1000F6B
S21400C91020D043F260239D4208D12246314640484B
S21400C9200EF0A4FB002003B0BDE8F083C5F30B07B0
S21400C93005F44055B5F5805F14BF4FF40F204FF453
S21400C9400E20234632467F21384303B0BDE8F0432D
S21400C950FFF74EBF05F47043B3F5805F3FD1C5F3D4
S21400C9600B05304A05F17E65631E2B44934230D892
S21400C9702F46DFF8A49007EB0408474542D1AA07E4
S21400C9800ED04FF6FF7336F8022BA81E43EA02437A
S21400C99004220DEB02010193FFF77CFF0235023CF7
S21400C9A0A3070ED0023C24F00103F35A04226FEAD8
S21400C9B003436FEA13430DEB020128190193FFF7B7
S21400C9C069FF002CAED0224631462846FFF762FFAC
S21400C9D0A8E740F2FD11104832F04FFBC8E705F417
S21400C9E06043B3F5005F04D1C5F30B0505F53E259E
S21400C9F0BEE740F20521084832F03FFB6FF00F0714
S21400CA004546B6E717F8013BFF2BB6D04FF4047146
S21400CA10484632F032FBB0E718FD03007E5D00208A
S21400CA20E46C0020FF03E00F10B500F077F829F063
S21400CA30CDFE044618B100F079F8204610BD00F08F
S21400CA407BF804460028F6D10122014B1A70F2E763
S21400CA50805D0020054B1B7833B1054BC0F31301F6
S21400CA6000221868FCF7D6BC11207047805D0020B5
S21400CA70AC670020144B2DE9F0411B7805460E46A6
S21400CA801746FBB129F089FE012805D9841EE4B2B9
S21400CA90012C09D9212412E03B4631462846BDE840
S21400CAA0F041002200F052B800F038F83B46002271
S21400CAB03146284600F076F8044600F037F820465F
S21400CAC0BDE8F0811124FAE7805D0020124B70B5B6
S21400CAD01B7804460D461646E3B129F05EFE012893
S21400CAE005D9831EDBB2012B08D9212410E032467B
S21400CAF029462046BDE8704000F040B800F00EF829
S21400CB0020463246294629F063FE044600F00EF819
S21400CB10204670BD1124FBE7805D002008B532F08A
S21400CB20AAF9014B186008BD083D0020014B1868A3
S21400CB3032F09CB9083D0020024B1968024B186879
S21400CB40FCF7CEB88C670020AC67002037B50546EA
S21400CB500C46C0F313010848ED02006805D52246CE
S21400CB6003B0BDE83040FCF709BA009313462246EE
S21400CB70FCF7BEF903B030BDAC67002030B4054604
S21400CB801346074A0C46C0F313011068EA0203D5A1
S21400CB90226830BCFCF7FABB224630BCFCF7F0BA81
S21400CBA0AC670020F7B505460F4614461E461BB96F
S21400CBB02125284603B0F0BD0029F9D029F0EDFD67
S21400CBC04BF23462ABB2934220D14FF0FF33224691
S21400CBD06946CDE9003325483346FFF7E3FF0822D0
S21400CBE00546234968460EF0FDFB38B93346224613
S21400CBF0694641F2F010FFF7D5FF0546002DD8D163
S21400CC003246694638460EF031FAD2E741F2F01263
S21400CC1093420FD1174B311908299A6CDB6CC7D891
S21400CC20CDE9002332460DEB040138460EF01EFA1D
S21400CC300025BEE702280BD1C5F30C4332199342F8
S21400CC40B6D3C5F30B0104F17E6432462144ECE70B
S21400CC50032809D1C5F30C4332199342A8D3C5F370
S21400CC600B0104F53E24F0E70125A2E7021008C0F8
S21400CC70189704000080E00F10B52CF05AF82DF03D
S21400CC8010F9BDE81040034601210220014A02F0D7
S21400CC900BBC00BFAFFD030013B5D0E9023253F85A
S21400CCA022301C7820462CF056F8234600900121AE
S21400CCB00220024A02F0F8FB02B010BDC3FD0300DA
S21400CCC0014B18782BF01CBC815D0020FF232DE95A
S21400CCD0F04F8FB01122002108A88DF813300EF007
S21400CCE035F808A82AF0CAFD01210220B04A08AB90
S21400CCF002F0DAFB41F24903AE4A0121022002F0BB
S21400CD00D3FB06A82AF0E9FE08A90DF113002AF0C5
S21400CD10EFFE02200021A84A02F0C6FB00202BF0FE
S21400CD2020FC10B106A809F0CDFB9DF92A300121A0
S21400CD300220A24A00939DF82B3002F0B5FB2BF0A0
S21400CD40F4FF831EDBB2FC2B054631D801210220FE
S21400CD509B4A02F0A9FB01249A4E9B4FDFF8D08233
S21400CD60234632460021022002F09EFB05A9E0B2CF
S21400CD702BF0DDFF034650B1A0F11602012A40F267
S21400CD80AA8042460121022002F08EFB0CE09DF9AB
S21400CD9014303A4601939DF8163001210093022084
S21400CDA09DF8153002F080FB0134E3B29D42D7D8DF
S21400CDB0BDF8284007F072FF23460021834A009002
S21400CDC0022002F071FB02200021814A02F06CFB77
S21400CDD000202BF0C6FB10B108A809F073FB012158
S21400CDE07C4A022002F060FB2BF0FDFE04462BF08E
S21400CDF0F8FE23460121784A0090022002F054FBF8
S21400CE0008F024FC00210220744A02F04DFB9DF835
S21400CE101330FF2B65D000210220714A02F044FB3C
S21400CE2001216C4A022002F03FFB2AF066FE012137
S21400CE3003466C4A022002F037FB07F007FF00218A
S21400CE400346694A022002F02FFB2AF05CFE0446E5
S21400CE502AF05BFE23460121644A0090022002F07D
S21400CE6023FB32F017F908F099FC01210346604ACB
S21400CE70022002F019FB0025DFF8B88108F08EFCCE
S21400CE80ECB2A04233D832F005F90123594A1946CC
S21400CE90022002F009FB00202BF032FB564B574CC9
S21400CEA00093012100230220554A02F0FDFA236870
S21400CEB063B1012102201B78524A02F0F5FA23687A
S21400CEC0012102205B78504A02F0EEFA2BF01DFB9F
S21400CED00FB0BDE8F08F012102204C4A02F0E4FAC0
S21400CEE062E7002102204A4A02F0DEFA98E7494B40
S21400CEF0204603EB0416D6F8089008F009FD824693
S21400CF00204608F051FC444F00280CBFC346BB46E1
S21400CF10204608F0FDFC0AF0B7FA002808BF47468E
S21400CF20534600210220CDE900B73C4A02F0BCFA85
S21400CF30B37901210293B388022001937388384A9B
S21400CF400093337B02F0B0FA0026DFF8ECB099F8D5
S21400CF500430F4B2A34203D832F09CF801358DE7D2
S21400CF6014235C43D9F8007002203A5B07EB040AEE
S21400CF709AF90C3000922B4A002132EA230228BF8D
S21400CF805A461346284A02F08FFA00202BF0E9FA98
S21400CF9038B150463C5B2AF01FFE014620460AF098
S21400CFA0C1FA01210220214A02F07EFA0136CEE7BC
S21400CFB004FE030013FE03002FFE03005BFE0300C7
S21400CFC036FE03004CFE030053FE030088FE0300FB
S21400CFD0A8FE0300F2FE0300B1FE0300D3FE03002A
S21400CFE0F41C0400DEFE0300F4FE03000AFF030048
S21400CFF020FF030099FF0300B1FF0300A4410020B7
S21400D000A5FF0300BFFF0300D3FF030070FE03006D
S21400D01090FB0300D8400020DBFD03002BFF03003D
S21400D0204BFF0300F8FD030081FF030009460400E0
S21400D0307BFE0300E3FD0300ECFD03002DE9F74350
S21400D0400025134EDFF8588008F0A8FBECB2A0428B
S21400D05002D803B0BDE8F0832701204616F80790F3
S21400D06008F0A2FB0B4A4B46002808BF42460021A8
S21400D07002200092084A02F017FAF05D2AF049FDF5
S21400D08001210220054A02F00FFA0135DCE700BF55
S21400D090D8400020A24C0400EEFF0300094604001E
S21400D0A0AC4C040008B583685A681178C26853F817
S21400D0B02230A1F1650251425141187808F02AFD4C
S21400D0C030B9BDE8084001210220024A02F0ECB95E
S21400D0D008BD00BFF9FF030000210220014A02F04C
S21400D0E0E3B900BF1300040000210220014A02F049
S21400D0F0DBB900BF4100040010B5044686B0182214
S21400D100002168460DF022FE68462BF078F9D4E937
S21400D110022052F8203002EB80021B788DF80B308C
S21400D120516891F900108DF80A1091680988ADF8D9
S21400D13008106168091A032907DDD26803F01F0387
S21400D140127843EA42138DF80B30684607F054FE17
S21400D15000210346024A022002F0A6F906B010BDDE
S21400D1605D00040007B500202BF0A3FD0021009011
S21400D170034B0220034A02F097F903B05DF804FB64
S21400D1806A0004007000040013B5D0E9023253F8B8
S21400D190221003EB82035B68087819680023094CA9
S21400D1A0A222994208BF2146C01A18BF01202BF0C0
S21400D1B074FD01210090044B0420044A02F074F927
S21400D1C002B010BD00F8FF073742040082010400D9
S21400D1D013B5D0E9023203EB820153F82230D1E9CD
S21400D1E001141878FF22003818BF01202378096838
S21400D1F02BF053FD01210090034B0420034A02F05C
S21400D20053F902B010BD00BF7B0004008201040089
S21400D21008B5002101230C4A2BF0B1FB0A482BF07D
S21400D2200FF90020094909F0E5F900202BF099F9DB
S21400D23010B1054809F046F9BDE808400121042070
S21400D240034A02F031B900BFB26200209000040029
S21400D2500946040010B52AF05AFC034630B1BDE872
S21400D260104001210420054A02F01EB90121BDE844
S21400D27010400420024A02F017B900BF9E000400C6
S21400D280AF00040010B52BF0DFF8BDE810400346F1
S21400D29001210220014A02F007B900BFBA000400CB
S21400D2A010B52BF0A2F8BDE810400346012102207D
S21400D2B0014A02F0F9B800BFD000040037B5D0E943
S21400D2C00232012453F822304FF6FF701D78FE22FA
S21400D2D004FA05F100232BF054FD2B46009021465E
S21400D2E00420024A02F0E0F803B030BDE400040077
S21400D2F0D0E9023253F822301B7823B101210220F4
S21400D300024A02F0D1B8024A1370704703010400C3
S21400D310815D002007B568462AF0DFFB07F0BEFCFB
S21400D32001210346084A022002F0BEF8684609F0CA
S21400D330C9F807F027FF01210346044A022002F03D
S21400D340B3F803B05DF804FB1901040033010400D0
S21400D35037B5D0E90245406854F82530401B03280D
S21400D360D8BF002004EB8504C8BFE068197863685E
S21400D370C8BF00781A78A36893F90030009001209F
S21400D3802BF079FC38B901210220084A03B0BDE829
S21400D390304002F089B8064B01900093012102202C
S21400D3A0044B054A02F080F803B030BD4401040087
S21400D3B04C010400E62D04006001040007B50120BE
S21400D3C02BF061FC48B9009001210220084B094A65
S21400D3D002F06AF803B05DF804FB054B0190009379
S21400D3E001210220044B054A02F05EF8F2E700BF76
S21400D3F04C01040077010400955A04006001040003
S21400D40008B5D0E9023253F8223018782BF0EFFB3B
S21400D41030B9044A0121BDE80840042002F044B8AF
S21400D420014AF7E78C010400A801040008B5D0E91A
S21400D430023253F8223018882BF0D7FB30B9044A52
S21400D4400121BDE80840042002F02EB8014AF7E7A3
S21400D450C7010400F701040073B50378044613F00F
S21400D460050F0ED04588062D17D1836801215B680D
S21400D470174A1B780193838804200093154B02F00B
S21400D48013F82378012B20D001210420114B124AD7
S21400D49002B0BDE8704002F007B835B983880121B4
S21400D4A004200E4A02F000F8EBE7012DE9D1866869
S21400D4B00B49002009F09EF8304609F003F829468B
S21400D4C00420084A01F0F0FFDBE702B070BD00BFA1
S21400D4D02D020400240204007F0204004A02040015
S21400D4E067020400094604002DE9F04F00268FB0BD
S21400D4F0364D09AC0FCD0FC42B6801210220344AEB
S21400D500236001F0D1FF3446DFF8DC902AF0F9FA08
S21400D510F5B2A8420BD82AF0F4FA2346009001216F
S21400D52002202C4A01F0C0FF0FB0BDE8F08F28465D
S21400D53005A92BF03EFB0346002841D19DF8143088
S21400D540032B39D904238DF814302B4600210220F2
S21400D550214A01F0A9FF9DF814300EAA02EB8303BE
S21400D56000214A4653F8143C022001F09DFF28464D
S21400D5709DF821A09DF815B09DF81870BDF816808E
S21400D5802BF019FB5346CDE9028000210220CDE99D
S21400D59000B7124A01F088FF01340020E4B22AF0F6
S21400D5A0E0FF18B10DF1190008F08CFF00210220F1
S21400D5B00B4A01F079FF01E0002BC6D10136A5E742
S21400D5C000210220074A01F06FFFF7E720970400CA
S21400D5D0910204000A0304004EFE0300BE0204008B
S21400D5E01BF80300E5020400910D0400C36882687E
S21400D5F0013BDBB252F8233002201B78652B14BFA8
S21400D60000220121044B1BBF01211A70034A044A61
S21400D61008BF197001F048BF4D6D002021030400BB
S21400D6202F030400D0E9023253F822301A88014B47
S21400D6301A807047E66C002007B5D0E9023103EB8C
S21400D640810253F8213052681988054B0548128824
S21400D65000930088012309F029FC03B05DF804FB61
S21400D66059D40000E66C0020C3688268013BDBB238
S21400D67052F823305B78A3F1660253425341014AC5
S21400D68013707047506D002030B5D0E9023253F861
S21400D690223089B01D78012302AA194604462BF0D1
S21400D6A06EF901230093102302210DEB030220469E
S21400D6B02BF046F9284604AA02A92BF07CFB044668
S21400D6C000202AF04EFF18B12146044807F076FBEA
S21400D6D00020034908F074FF09B030BD3E03040083
S21400D6E009460400002330B58FB00221009309AA32
S21400D6F0122305462BF024F905AA014609A807F0CF
S21400D700E1F8044698B1232805D1134A01210420E4
S21400D71001F0CAFE09E0212801D1104AF6E70346C7
S21400D720012104200E4A01F0BFFE0FB030BD0123D8
S21400D7302846194603AA2BF022F905A903A82BF0C0
S21400D7403CFB054620462AF00CFF18B12946054842
S21400D75007F034FB044AD9E74B0304006E030400C9
S21400D760A9030400CA03040009460400F0B5D0E982
S21400D770023253F8221003EB82039B6805461F789B
S21400D78087B038460E782AF0CCFE044608BBD5E9AA
S21400D790022101238DF80830194452F8210002EBCB
S21400D7A0810200888DF809709268ADF80A00127838
S21400D7B004218DF80C2028460DF10D022BF0DFF821
S21400D7C0304602A98DF815402BF0F7F904462AF0EA
S21400D7D09CFE334601210420024A009401F064FEB8
S21400D7E007B0F0BDDF0304002DE9F04101218EB043
S21400D7F00220274A01F058FE002005AB01AA09A91D
S21400D8002BF0D3FA00250446224E234FDFF89880EB
S21400D8101CB128460EB0BDE8F08102202B463246E9
S21400D820214601F041FE20462AF09BFE10B10AA8D0
S21400D83008F048FE3A46002102209DF8303001F0FC
S21400D84033FE424600210220079B01F02DFE0021F8
S21400D8500220BDF82030114A01F026FEBDF8143033
S21400D86000210F4A022001F01FFE013501A82AF010
S21400D87073FEEDB2012102200A4A01F015FE284689
S21400D88005AB01AA09A92BF090FA0446C0E700BF31
S21400D89011040400570404005F040400131D040070
S21400D8A074040400094604006B0404002DE9F047E4
S21400D8B0064698B0C0B92AF022F9074600250EA8F9
S21400D8C02BF07DFA01210220384A01F0EDFD2C46AE
S21400D8D0DFF8E080DFF8E090DFF8E0A0BC4205D398
S21400D8E0284618B0BDE8F0870127E7E713A82BF015
S21400D8F066FA002E4CD0022306A913A88DF84C30E9
S21400D900FE242BF04EFA00283FD102A913A82BF0D4
S21400D9104EFA9DF8593043F001038DF85930002E29
S21400D9203DD1234631460220214A01F0BDFD9DF837
S21400D93059300AA943F0010313A88DF859302BF08B
S21400D94036FA00202AF00DFE10B114A808F0BAFD31
S21400D9500C9B42460021022001F0A6FDBDF82820BF
S21400D960002112F4007F0CBF4C23412312F0100F4D
S21400D9700CBF6E227922022000924A4601F094FDE6
S21400D98006A82AF0E9FD0135EDB20134E4B2A5E7B8
S21400D99020460AAB06AA13A92BF005FAB3E75246AF
S21400D9A00021022001F080FDC1E700BF7E040400D4
S21400D9B0570404006B040400BA040400B304040013
S21400D9C030B5012499B00EA82BF0F9F913A88DF8FC
S21400D9D038402BF08AF9C0B9BDF84C1011EA04059E
S21400D9E013D121460220444A01F05EFD294602205A
S21400D9F0424A01F059FD214602203F4A01F054FDFB
S21400DA00214602203C4A01F04FFD06A90EA82BF045
S21400DA10C8F920B11022FF2106A80DF097F904A836
S21400DA202BF0C7F9059B01210220354A0093354BA0
S21400DA3001F03AFD9DF8123001210220324A00938F
S21400DA40304B01F031FD00212E4B304A022001F010
S21400DA502BFD06A82AF080FD13A82BF0B0F90223B0
S21400DA600AA913A88DF84C302BF0A1F900283FD155
S21400DA700B9B009301210220254B264A01F014FD42
S21400DA800121234B244A022001F00EFD0120FFF75E
S21400DA900DFF01211E4B214A022001F005FD00204A
S21400DAA0FFF704FF04462AF02AF8234600900121D7
S21400DAB002201B4A01F0F8FC01211A4B174A0220EB
S21400DAC001F0F2FCFFF790FE1749022803461748BC
S21400DAD0174A28BF0A46084928BF01460092CDE9E2
S21400DAE0013102200121134A01F0DEFC19B030BDDD
S21400DAF04FF0FF33BDE700BF09460400CD04040025
S21400DB000B050400030504001B050400702C04002C
S21400DB10973A04002E0504003E050400450504005F
S21400DB204E05040062050400C9040400DA2104005E
S21400DB302C2204007005040010B5D0E9023253F818
S21400DB4022301C78201E18BF01202BF0BAF8054A98
S21400DB50054B0020002C18BF1A46BDE810400349AC
S21400DB6008F02EBD9D05040098050400A6050400D7
S21400DB70D0E9023210B553F822301C8820462BF02C
S21400DB80A2F82246BDE810400020014908F018BD62
S21400DB90E705040037B5044607F058F8014638B1E3
S21400DBA000200D4A0D4903B0BDE8304008F008BD1E
S21400DBB0E368A268013BDBB252F8233008481D78C0
S21400DBC00123084A00936C2D08BF02461023204606
S21400DBD02AF0B6FE03B030BD350604003D0604004C
S21400DBE0366D0020266D002013B583689A6812787B
S21400DBF0672A22D101A82BF078F80446A8B9BDF808
S21400DC000420174908F0DCFCBDF80430DA070AD413
S21400DC1013F0020F134B144A18BF1A46134900207C
S21400DC2008F0CEFC19E0124AF8E702461149002037
S21400DC3008F0C6FC22461049F1E7C26801A953F86D
S21400DC40220003EB82035B6800681B68ADF80430B3
S21400DC502BF051F804460028ECD102B010BD00BFEE
S21400DC607006040063060400CD2D0400910604002F
S21400DC7053060400A3060400CF060400034A044922
S21400DC801388C85401331380704700BF6E560020B7
S21400DC90875D002073B5154D01242B78144E13F0C4
S21400DCA0040F0CBF02230423124A21461470328844
S21400DCB002200192EB5C104A0093104B5B8801F047
S21400DCC0F3FB002102200E4A01F0EEFB0D4B294625
S21400DCD0009332882346022001F02CFC21460220C5
S21400DCE0094A02B0BDE8704001F0DEBB875D002047
S21400DCF06E560020865D0020DE060400605600207A
S21400DD0003070400250704000946040070B51646FC
S21400DD104FF48A52114B124DDA805980114B1B88F2
S21400DD201A1E18BF012240EA82000F4A1278003AF3
S21400DD3018BF012240EA0210287063B103246B70FA
S21400DD401B0AAB7009F00EFC631C2855EE54074BFB
S21400DD5002341C8070BD0124F4E700BF605600202A
S21400DD60875D00206C560020855D00206E560020E2
S21400DD7038B5D1E902320C46054653F82230024641
S21400DD8019880C4B1878FFF7C1FFE368A2680133C7
S21400DD9052F82330188828F05DFD4DB1E368A2687C
S21400DDA0023352F823301878BDE83840FFF766BFD4
S21400DDB038BD00BF825D0020F0B50546EB68AA6856
S21400DDC0023352F8233008461C78294685B0FFF700
S21400DDD0CFFF204629F0ECFE204E214F78B3204698
S21400DDE029F0F2FE0321441C03AA284627F099FDD9
S21400DDF03288E4B2C2F1FF0303991B1B9BB28B422D
S21400DE0022443CBFC2F1FF03039301230321009386
S21400DE103A449DF80C3028462AF092FD039A022CCC
S21400DE20338804BF0F48110AFA5408BFC15413447C
S21400DE301C44348005B0BDE8F040FFF72BBF2046F9
S21400DE4007F00CFC012332880446009303210346A6
S21400DE503A4428462AF074FD3388E9E76E560020D7
S21400DE60875D0020885D0020052307B5012100930B
S21400DE700220044B044A01F017FB03B05DF804EBE4
S21400DE80FFF79EBD0C0704001307040013B50446F5
S21400DE902AF027FF38B1CDE9004001210220034BCC
S21400DEA0034A01F001FB02B010BD00BF35060400B6
S21400DEB02A070400194B37B51B783BB9012102200D
S21400DEC0174A03B0BDE8304001F0EEBAD0E902329E
S21400DED0144C53F8223001211D78638802200093E9
S21400DEE0114A2B4601F0E0FA104B25711B78104DB5
S21400DEF063B1012102200F4A01F0D6FA20460E4AED
S21400DF00298803B0BDE8304029F0F3BB20460A4A12
S21400DF10298803B0BDE8304029F0ADBC865D0020FE
S21400DF2041070400605600204F070400835D002070
S21400DF306E56002066070400875D00202DE9F0413C
S21400DF40D0E9023253F8221003EB82035A680C78A9
S21400DF5017889A68DB68B2F80080C6B01D78002182
S21400DF60304B0220304A0094CDE9017801F09CFA4B
S21400DF70002D0CBF6E237923012102202B4A01F0CD
S21400DF8093FAFF23002D0DF1170606AD01932046E8
S21400DF900CBF8023402342463946029600952AF05D
S21400DFA04DF90446002835D1307829F007FE07469B
S21400DFB0B0B128462AF094FA1D4BFD28A8BFFD20D4
S21400DFC00093234682B20DF11901022001F0B2FA45
S21400DFD001210220174A01F067FA46B0BDE8F08139
S21400DFE0307829F0F1FD60B128462AF07EFAFD2847
S21400DFF0A8BFFD200E4B82B200930DF11A013B46DE
S21400E000E3E7307807F02AFB0B4B024600932946DD
S21400E0100123DAE7009001210220084B084A01F0AC
S21400E02043FADAE7333B040080070400A507040040
S21400E030B74F040009460400250704002D1004000D
S21400E040AF070400D0E9023253F8221003EB820334
S21400E0502DE9F04F5A680F78B2F800809A68C7B07A
S21400E060B2F80090DA681B6992F800A01E780021CA
S21400E0702F4B304A0446CDE901890220009701F073
S21400E08013FABAF1000F0CBF6E2379230121022088
S21400E090294A009606AD01F007FAFF22002128461D
S21400E0A00CF054FE304629F089FD834608B3002361
S21400E0B0052100932046FD230DF119022AF040FCAD
S21400E0C02870BAF1000F0CBF802340234A46414611
S21400E0D03846CDE900562AF07CF80146144806F08A
S21400E0E06DFE01210220154A01F0DEF947B0BDE8B9
S21400E0F0F08F304629F068FD60B1FD2305212046EB
S21400E100CDF800B00DF11A022AF01AFC85F801B01D
S21400E1102870D6E70590304607F0A0FA059A034621
S21400E120009205212A4620462AF00AFCC9E700BFCD
S21400E130263B040080070400C007040009460400CC
S21400E1402DE9FF471C465B68E5685B1B00255FFA08
S21400E15083F803952E46FFF7D9FDEBB298450BD909
S21400E1600C9B9B5D282B39D8202B00F2CB800136E8
S21400E170F6B2002B40F0C980FFF78CFD04B0BDE876
S21400E180F087132A2FD801A151F822F053E200009D
S21400E19065E2000077E20000ABE2000079E10000F3
S21400E1A079E1000079E1000079E10000E7E1000094
S21400E1B0E7E10000E7E10000E7E10000E7E100003A
S21400E1C0E7E10000E7E10000E7E10000E7E100002A
S21400E1D0E7E10000F7E10000D1E20000A3F1310220
S21400E1E0D1B21329CDD90136F6B2A3F14102032AE2
S21400E1F0C2D8422B6CD06C4F00213A88DFF8B0A111
S21400E200C2F1FE039BB2FF2B28BFFF230132009111
S21400E210DBB22046524469B22AF06EFB3B880AF80D
S21400E220030001331844388011E04FF00409E36816
S21400E230A2682B4452F823301F68F8B209F1FF3960
S21400E240FFF71CFD19F0FF094FEA1727F5D1013536
S21400E25083E7E368A2682B4452F823301878FFF768
S21400E2600DFDF4E7E368A2682B4452F823301888C3
S21400E27028F0F0FAEBE7E368A2682B4452F8233064
S21400E2801F68B7F1807F09D2F8B2FFF7F7FCC7F333
S21400E2900720FFF7F3FCC7F30740E0E72B46012112
S21400E2A00820424A01F000F966E74FF00409E368E7
S21400E2B0A2682B4452F823301F68F8B209F1FF39E0
S21400E2C0FFF7DCFC19F0FF094FEA1727F5D1BEE788
S21400E2D0294603AA204627F024FB0021324F344A61
S21400E2E03B88DDF80C9002EB030CCAB2914501F1B5
S21400E2F0010102D84B443B80A9E710F802A00CF8B5
S21400E30002A0F2E7242B3FF670AF013B232B3FF62B
S21400E31033AF01A252F823F053E2000065E200009A
S21400E32077E200002BE2000079E1000079E10000CE
S21400E33079E1000079E1000079E1000079E1000070
S21400E34079E1000079E1000079E1000079E1000060
S21400E35079E1000079E1000053E2000065E2000088
S21400E36077E20000ABE2000079E1000079E100000E
S21400E37079E1000079E1000079E1000079E1000030
S21400E38079E1000079E1000079E1000079E1000020
S21400E39079E1000079E1000053E2000065E2000048
S21400E3A077E200002BE200006E560020D90704003A
S21400E3B0875D0020094B1B7823B101210820084AFD
S21400E3C001F072B8D0E9023253F82230054A1B88B1
S21400E3D0012113800820044A01F066B8865D0020FB
S21400E3E0FF0704006C56002041080400D0E9023202
S21400E3F053F82230054A1B780121003B18BF012341
S21400E40008201370024A01F04FB800BF845D002058
S21400E41067080400D0E9023253F82230034A1B781A
S21400E420012113700820024A01F03EB8855D0020E5
S21400E4309608040010B5D0E90232044653F822309C
S21400E440132219880B4B1878FFF760FCE368A26864
S21400E450013352F823301878FFF710FCE368A268FF
S21400E460023352F823301878FFF708FCBDE8104056
S21400E470FFF710BC825D002010B5D0E902320446DA
S21400E48053F82230112219880B4B1878FFF73EFC00
S21400E490E368A268013352F823301878FFF7EEFBE2
S21400E4A0E368A268023352F823301878FFF7E6FBD9
S21400E4B0BDE81040FFF7EEBB825D0020D0E90232D7
S21400E4C053F82230034A1B78003B18BF0123DB00B9
S21400E4D013707047825D002010B5D0E9023253F801
S21400E4E02230044619880E4B06221878FFF70EFCD9
S21400E4F00120FFF7C3FBE368A268034452F8233009
S21400E500188828F0A7F9E368A268023352F8233087
S21400E510188828F09FF9BDE81040FFF7BBBB00BF86
S21400E520825D00202DE9F043D0E902324FF0FD096C
S21400E530013253F8221003EB82035A68C7B01788DB
S21400E5409A68B1F80080147853F8043C002C0DF15A
S21400E550170506AE18783A4614BF40238023414676
S21400E5600295CDF80490009629F068FE034638B16F
S21400E570184A0121082000F097FF47B0BDE8F08355
S21400E580201E18BF01200A224146C000FFF7BEFB2E
S21400E590384628F05FF92878FFF770FB4A46314680
S21400E5A0287829F0B9FA044628B10B4F3D88C5F102
S21400E5B0FF03984202DD2346084ADAE70246084887
S21400E5C03146284425440CF051FD3D80FFF762FBA0
S21400E5D0D3E700BFCC0804006E560020E80804000D
S21400E5E0875D002010B5D0E90232044653F8223089
S21400E5F0082219880B4B1878FFF788FBE368A26897
S21400E600023352F823301878FFF738FBE368A26825
S21400E610013352F82330188828F01CF9BDE8104062
S21400E620FFF738BB825D002073B5D0E9023205469D
S21400E630023253F8221003EB820353F8042C53F8EB
S21400E640083C0C781988234B168818780622FFF7A2
S21400E6505DFB0020FFF712FB304628F0FBF8204653
S21400E660FFF70CFBEB68AA68033352F823301888D0
S21400E67028F0F0F8EB68AA68043352F823301888BC
S21400E68028F0E8F8204609F06DF9E8B9204606F0CB
S21400E690E5FF05210446019001AA284627F041F926
S21400E6A0019B01469C4206D0224631460A480BF0A2
S21400E6B03BFA02B070BD094D09482E882246304408
S21400E6C034440CF095FB2C8002B0BDE87040FFF798
S21400E6D0E1BA00BF825D0020140904006E560020D7
S21400E6E0875D002073B5D0E902324FF48A5153F8A3
S21400E6F02230104D1A88104BD9805A8000232A46A3
S21400E70000930121FF232AF01BF92B78044613F00F
S21400E710040F0A4B08BF01261B7818BF032613B147
S21400E72008F020FFA855064B1C8002B0BDE87040DC
S21400E730FFF7B0BA875D002060560020845D002099
S21400E7406E560020D0E9023253F82230034A1B7876
S21400E750003B18BF01231370704700BF835D002085
S21400E76010B50C4608B907F089FE024B18715C71AB
S21400E77010BD00BF6056002002462DE9F341D0E9E7
S21400E7800253526855F82310D21A0C8805EB830101
S21400E790013BDBB255F82380294D022A4868C8BFE2
S21400E7A08A682B78D8BFFF210078C8BF11783BB99C
S21400E7B001210220234A02B0BDE8F04100F074BEF9
S21400E7C0FFF7CEFF06F06AFA1F4F204E3B88014641
S21400E7D0224600931E48334629F01CFE0246C8B95E
S21400E7E098F804103B885F2917D1CDE900364FF61C
S21400E7F0FF712046164B28F070FF28B10346012112
S21400E8000220144A00F050FE0023134A2B70138097
S21400E810124A137002B0BDE8F0814FF6FB718C42CD
S21400E82008D9CDE900362146094B4FF6FF7028F08F
S21400E830B2FFE2E72146064A009628F0DEFFDCE754
S21400E840865D00205F0904006E560020875D00206C
S21400E85060560020660904006C560020855D002086
S21400E860002210B50A2104461046FFF74FFA002092
S21400E87027F0F0FF0122044B1A70FFF70BFA204630
S21400E880BDE81040FFF778BFAF62002038B51C46E1
S21400E8901546012322462AF072F860B9214628461A
S21400E8A02AF049FA044620B101210420034A00F068
S21400E8B0FBFD204638BD0024FBE700BF8D090400A1
S21400E8C02DE9F0430C4615461F46D0E9022352F8C0
S21400E8D0231002EB830293680E8893F80080D368B7
S21400E8E08BB0B3F800903246012106ABFFF7CEFF9F
S21400E8F0F0B90DF1200CF4B101232A884021CDE9AE
S21400E90002C2CDE90471CDE900932221434606AA4E
S21400E91030462AF06BF80B4B0B4A00930B4B0190DA
S21400E920002C08BF134601210420094A00F0BCFD54
S21400E9300BB0BDE8F083624628686968032303C20B
S21400E9402246DBE7EC090400D1090400CB090400E9
S21400E950D909040007B501236A4600212AF00FF8FA
S21400E9606846034908F04EFB03B05DF804FB00BFA1
S21400E97059D40000D0E9023253F8223001491888F1
S21400E98008F012BB59D4000010B5D0E9023203EBF0
S21400E9908201496853F8223009784FF48A52188861
S21400E9A02AF014F8BDE81040034601210420014A6D
S21400E9B000F07ABDF6090400D0E9023253F822309E
S21400E9C002214FF48A5210B5188829F0F1FFBDE8ED
S21400E9D01040034601210420014A00F065BD00BF37
S21400E9E00F0A04001FB5D0E9023203EB820153F888
S21400E9F02230496818884FF48A5309880293094BD5
S21400EA00094A0193094B1B7800931278084B2AF0A9
S21400EA1045F8012103460420064A05B05DF804EBDC
S21400EA2000F042BD70560020875E0020865E002003
S21400EA307A560020260A04002DE9F043D0E9023277
S21400EA4053F8221003EB82035A680E8817789A68E8
S21400EA50DB688BB092F80090B3F800803246042151
S21400EA6006AB0446FFF712FF28BB08AD01232A4673
S21400EA700521204629F083FF38B9042001210F4ADA
S21400EA8000F012FD284629F028F84FF48A53CDE905
S21400EA9004930023CDE9025303232121CDE900830B
S21400EAA006AA3B46304629F0A1FF01210346044A48
S21400EAB0042000F0F9FC0BB0BDE8F0833E0A040029
S21400EAC06D0A040038B5D0E9024303F18043023BE7
S21400EAD002220F4954F823009D000CF083FC60B915
S21400EAE00C4B0D491A78042A0BD82C44A0680088D1
S21400EAF021F8120001321A7038BD084B08491A78FE
S21400EB00F1E70121BDE838400420064A00F0CCBCFD
S21400EB1061330400875E00207A560020865E00205F
S21400EB20705600207F0A040008B5C368806803F1A9
S21400EB308043023B0222064950F823000CF052FCA8
S21400EB4010B9044B187008BD0022034B1A70FAE780
S21400EB5061330400875E0020865E002037B5D0E96A
S21400EB60023153F821208C0015784268521A012A87
S21400EB70C5BF1B195B686C091C78DCBF44F0180421
S21400EB8005F01F052946204629F04CFE034640B1F5
S21400EB902346012104200E4A009500F085FC03B0B0
S21400EBA030BD0121A94074B92346FE224FF6FF70FE
S21400EBB02AF0E7F8012103460420064A03B0BDE820
S21400EBC0304000F071BCFE2241EAC461EEE700BFAF
S21400EBD0950A0400B50A040070B5D0E9021551F88C
S21400EBE0253001EB8501044618884B681A788B6837
S21400EBF0052A1B8802D85E1E072E0BD90121042089
S21400EC000C4A00F051FCBDE87040012104200A4A7D
S21400EC1000F04ABC6468641B032CCABFC968074975
S21400EC2009682AF0AEF8BDE87040024604490020A4
S21400EC3007F0E0BCD30A0400F30A040000F8FF075C
S21400EC40100B040008B5D0E9023253F8220003EB9B
S21400EC5082035968FF22038809684FF6FF702AF07E
S21400EC6090F8BDE8084002460149002007F0C2BC03
S21400EC70230B040008B5D0E9023253F822300521F0
S21400EC804022188829F094FEBDE808400246024952
S21400EC90002007F0AFBC00BF440B040008B5D0E965
S21400ECA0023203EB8201486853F8221002784023B0
S21400ECB00988312029F0CFFEBDE808400246024907
S21400ECC0002007F097BC00BF650B040008B5D0E92C
S21400ECD0023203EB8201486853F822100278402380
S21400ECE00988332029F0B7FEBDE8084002460249ED
S21400ECF0002007F07FBC00BF7F0B04001FB5D0E9E3
S21400ED00023253F8221003EB82039B6808881A78B5
S21400ED100023D21A18BF0122CDE9023302A94023EC
S21400ED20D20129F0A7FE01210090044B0420044ADA
S21400ED3000F0BAFB05B05DF804FB00BFEC09040068
S21400ED409D0B040007B5D0E9023253F822300321A8
S21400ED504022188829F02CFE01210090034B042045
S21400ED60034A00F0A1FB03B05DF804FBEC090400C5
S21400ED70AC0B040037B5C3688268053352F82330FD
S21400ED8004211D786A460123044629F0F8FD38B9A7
S21400ED9004200121064A00F087FB684628F09DFE05
S21400EDA02B466A4600212046FFF78AFD03B030BD99
S21400EDB0C60B040007B5D0E9023203EB82014868AF
S21400EDC053F82210027840230988322029F043FEA7
S21400EDD001210090034B0420034A00F065FB03B0BA
S21400EDE05DF804FBEC090400F70B040070B58569B8
S21400EDF00446EA0705F0020605D476B1C5F30720F7
S21400EE0029F08FFB09E01EB1B2210F4830F035F92A
S21400EE10A069C0F3810029F073FBE3691BB9BA212E
S21400EE20094830F02AF9204614F0D0F9E3693EB1DB
S21400EE30607E9847AB0706D0BDE8704029F065BBFA
S21400EE4020469847F6E770BD0C0C040008B514F091
S21400EE50D1FD28B1BDE808404721024830F00DB981
S21400EE6008BD00BF0C0C04002DE9F041FF2B044642
S21400EE700F4690461D469DF8186005D0FF2E03D01D
S21400EE80D521114830F0F9F80023FF2D18BFAD004A
S21400EE900E4A1CBF45F00105EDB222600C4AC4E9DB
S21400EEA0063818BFA561FF2EC4E901232361E76079
S21400EEB007D0A36943F0020323F47F4343EA062303
S21400EEC0A361BDE8F08100BF0C0C04000C3D0020DF
S21400EED0EDED0000002310B5054C03610460054C01
S21400EEE0C261C0E901430123C160836110BD00BF58
S21400EEF00C3D0020EDED000070B58669044606F076
S21400EF000303032B0D4603D1FC21144830F0B5F85B
S21400EF10FF2D16D0B20704D440F201110F4830F08E
S21400EF20ACF8284628F099FFFF28054604D14FF490
S21400EF3082710A4830F0A1F82DB204EB4514204641
S21400EF4070BDF307FBD5A36913F00C0FF7D040F2A2
S21400EF500B11024830F091F8F1E700BF0C0C0400EA
S21400EF600023054AC0E9063103610260C360034A14
S21400EF70034B4260836070470C3D0020EDED0000BF
S21400EF809931020001482BF0FCBD00BF0C3D00206B
S21400EF9001482BF002BE00BF0C3D002013B50E4802
S21400EFA02BF0C9FD27F0D2FC2AF077FD2AF093FD5E
S21400EFB02AF09AFDFCF748FF0446FCF75FFF23465D
S21400EFC0009001210420054A00F06EFA02B0BDE868
S21400EFD01040FCF73FBF00BF0C3D00209F0C040014
S21400EFE0022808B503D130F041F8014B186008BD7F
S21400EFF03C3D002008B50CF00FFF0122044B1A70B0
S21400F00030F0BDF8BDE8084002490348FDF7E4B813
S21400F010895E0020B8670020403D0020014B187034
S21400F020704700BF885E0020024B187808B105F0D4
S21400F03019BE7047466D002008B5074B1B780BB10C
S21400F040002008BDFFF7F0FF0028F9D106F0E4F92C
S21400F050023818BF0120F4E7885E002070B5FFF77D
S21400F060EBFF174D20B1FFF78DFF0428044613D899
S21400F0702B781BB930F083F801232B7027F074FC33
S21400F0800446D8B12B781BB9F7210E482FF0F5FFB0
S21400F090BDE87040FFF776BF27F068FC0028E7D091
S21400F0A02B785BB12FF0E7FE0646002101202EF0FC
S21400F0B0A7F830462FF0DAFE00232B70204670BDEE
S21400F0C0895E0020C00C04001FB5FFF7C7FF04468A
S21400F0D0FDF72CFAA04228BF204688B103A92EF0DF
S21400F0E07BFC034638B9CDE90000064A039906487A
S21400F0F02FF0D8FF18B18E2104482FF0BEFF012054
S21400F10004B010BD676903001C3D0020C00C04005D
S21400F1100D4B70B51B780D4D0D4C0121002B0CBF0F
S21400F1202B46234602200B4A00F0BEF90A4B01216B
S21400F1301B780220002B0CBF2B462346BDE87040F0
S21400F140064A00F0B1B900BF466D002080330400C7
S21400F1509F330400560D0400885E0020750D0400E1
S21400F16010B5D0E9023253F8223002201B78012174
S21400F170002B15BF01240024044A054A00F094F928
S21400F1802046BDE81040FFF749BF00BF940D0400BD
S21400F190B10D0400D0E9023253F82230034A1B783E
S21400F1A0003B18BF01231370704700BF466D002058
S21400F1B038B50125084B1D702FF05DFE0446294624
S21400F1C028462EF01DF820462FF050FEBDE83840A9
S21400F1D002490348FDF700B88A5E0020C067002099
S21400F1E0683D002070B514F08BFC10F0070F1D4D25
S21400F1F011D02B785BB901262E702FF03CFE04460A
S21400F200314630462DF0FCFF20462FF02FFEBDE89D
S21400F210704014F039B929F090FD0228E9D1124C5B
S21400F2202378032BE5D914F06BFC10B92378032B55
S21400F23014D814F029F904460028DAD02B785BB1EC
S21400F24000262E702FF017FE0546314601202DF0C1
S21400F250D7FF28462FF00AFE204670BD4FF0FF3439
S21400F260ECE700BF8A5E00202E6300201FB5FFF784
S21400F270B9FF0446FDF75AF9A04228BF204688B1D8
S21400F28003A92EF0A9FB034638B9CDE90000064ACB
S21400F290039906482FF006FF18B18C2104482FF07A
S21400F2A0ECFE012004B010BD316F0300483D002085
S21400F2B0D00D040010B5094C0949002007F080F96C
S21400F2C023681B68587928F0FEFD23681B68587968
S21400F2D027F037FE04F092FE002010BD68420020A2
S21400F2E05E0E040008B529F018FD024628B1BDE8F8
S21400F2F008400020014907F063B908BD810E0400EC
S21400F30008B529F020FD024628B1BDE808400020D7
S21400F310044907F055B95422BDE80840FF210248C9
S21400F3200BF014BD990E04008456002038B5044630
S21400F3300D4629F00CFD024628B1BDE838400020F5
S21400F340034907F03DB9034B23F8145038BD00BFFE
S21400F350B70E0400845600202DE9F34100240C4E1D
S21400F3600C4DDFF838800C4F56F8043B0BB9D8F834
S21400F370003035F8022B3946009200202246013430
S21400F38007F01EF92A2CEFD102B0BDE8F08100BFCD
S21400F390CC670020D8560020D30E0400C867002093
S21400F3A008B52A21034829F0CAFCBDE80840FFF743
S21400F3B0D3BF00BFD856002007B5D0E9023253F8B5
S21400F3C022301A78292A0DD8084B53F822300BB968
S21400F3D0074B1B680749002031F8121000910649B8
S21400F3E007F0EEF803B05DF804FB00BFCC67002022
S21400F3F0C8670020D8560020D30E040008B52A217E
S21400F400034829F09EFCBDE80840FFF7A5BF00BFF3
S21400F410D856002038B5D0E9023253F8221003EB54
S21400F42082035B680C781D880020044907F0C8F842
S21400F43029462046BDE83840FFF778BFDE0E0400B8
S21400F4402DE9F34100240C4E0C4DDFF838800C4FAC
S21400F45056F8043B0BB9D8F8003035F8022B39467D
S21400F460009200202246013407F0AAF82A2CEFD199
S21400F47002B0BDE8F08100BFCC67002084560020B3
S21400F480D30E0400C867002010B5024627F06FFDB3
S21400F49020B9044C236811B11343236010BD23EA3E
S21400F4A00203FAE7786800200CB413B502460C464F
S21400F4B027F05DFD60B9094B1B681A4208D005A904
S21400F4C0049801910AF044FB14B105482AF071FA39
S21400F4D002B0BDE8104002B0704700BF7868002058
S21400F4E0DD110400034610B5D3E9023253F822308A
S21400F4F008461C78211E18BF0121FFF7C5FF0146EC
S21400F50048B9084A084B0220002C08BF1346074A91
S21400F510FFF7CAFF10BD00210220054AFFF7C4FF0F
S21400F520F8E700BFE3FD0300DBFD0300DF11040086
S21400F530F51104002DE9F04105461F460C46DFF89C
S21400F5402C808E18B44201D1BDE8F08100212846F7
S21400F55014F8013B069AFFF7A7FF002FF2D04246A9
S21400F56000212846FFF7A0FFECE700BF690404006F
S21400F57002460249002007F023B800BF0612040026
S21400F58010B5234C2348FF2127F0D2F92078022813
S21400F5901ED003282ED0012804D02120BDE810401C
S21400F5A0FFF7E6BF1C4B19780029F7D002231B4A49
S21400F5B023701378052B0EBF00230133DBB299426C
S21400F5C0137003D1052313700020E7E7052BFBD04B
S21400F5D0124B1B78052B02D103232370DDE7104A5C
S21400F5E0104932F8230007F0DFFC032323700028BD
S21400F5F0D4D110BD094B0C4A1878094B03EB800197
S21400F600897833F8200007F09FFC0123EEE700BF5F
S21400F6108B5E0020703D0020945E0020486D002028
S21400F6202C57002009F80000B5F700002DE9F04F30
S21400F6300D46144695B00490112200210FA8994655
S21400F640DFF86C810BF082FB04EB45030393D9F8DB
S21400F65000301C2B02D0039B9C4202D115B0BDE8A3
S21400F660F08F0123DFF844A18DF81C3023884C4A24
S21400F670ADF81E309AF800304A4D08EB83039B78AD
S21400F68028788DF8203013688DF81D00CDF82130CD
S21400F6905368CDF8253028F03AFF049B8DF82900F2
S21400F6A021882878002B4AD128F0FEFB002844D079
S21400F6B09AF800300FAA38F8230007A927F073FC41
S21400F6C000283AD028F01DFA4FF0000B07460646F1
S21400F6D01C255FFA8BF2974234D8B7422BD99DF897
S21400F6E01C30032B1AD10FAB0193BDF8213000223A
S21400F6F00421009301202C4B06F0E8FD9AF8003018
S21400F70008EB83039978274B187806F05BFE9AF887
S21400F7100030002038F8231028F04CFE5DB107A911
S21400F720304629F04AFA214B05461B78304638F811
S21400F730231029F044FAC9F80050023487E728F06D
S21400F740AAFBB3E710460BA9059229F032FA30B9A6
S21400F7509DF82C1031B9059AB74208BF16460BF132
S21400F760010BB6E7BDF82E00BDF81E209042F6D17C
S21400F7709DF830009DF820209042F0D19DF81C2086
S21400F7808A42ECD1032A14BF082202220DF121017D
S21400F7900DF131000BF026FE002808BF0025DEE73D
S21400F7A08C5E0020476D002083140400486D002006
S21400F7B02C57002013B503460020114A9C68127887
S21400F7C00190052A03D01B78032B00D12CB9012009
S21400F7D002B0BDE81040FFF7CBBE6268217801ABEF
S21400F7E0FFF724FF217A0120E26801ABFFF71EFF36
S21400F7F0FF21044802B0BDE8104027F091B800BFD2
S21400F800486D0020703D0020094B1B78052B02D068
S21400F8100378032B02D00120FFF7AABE8168054AB1
S21400F8200B68054813604B68FF21536027F078B8D3
S21400F830486D00208C5E0020703D002038B5002406
S21400F840114B124D1870124BFF211C702C7006F0D5
S21400F850B9FD0122032110460E4B06F037FD4FF688
S21400F860FF712246084628F0A8FD044648B940F62F
S21400F870B832FF21084827F04AF801232B702046AB
S21400F88038BDFFF775FEFAE7476D00208B5E002057
S21400F890945E002009460400703D0020144BF0B52D
S21400F8A01A68144913680978587988420BD11249A6
S21400F8B0D78808460022114D1E792B78D4B2A34271
S21400F8C003D8052C0AD10020F0BD0C88BC4202D11A
S21400F8D08C78B442F7D001320431EFE7A342F2D17C
S21400F8E020F82270013300EB820086702B70EAE766
S21400F8F068420020476D00202C570020945E0020B0
S21400F900FF2307B50021044A04480093FFF7ACFA2A
S21400F91003B05DF804FB00BF81F50000703D0020D9
S21400F9201FB5B42303210446ADF80E3028F0B3FA11
S21400F93098B1212320460093002203210DF10E03E7
S21400F94028F058FC04460020054B064A0649009459
S21400F95006F036FE204604B010BD8624F3E700BF4E
S21400F960301204003D12040052120400D0E90232A4
S21400F97053F82230034A1B78012113700220024AF2
S21400F980FFF792BD636D0020611204000122014B57
S21400F9901A707047636D00200A4B90F805111B78AB
S21400F9A090F8082119448A42BCBFB2FBF3F103FB6E
S21400F9B011234FF0FF32B8BFDBB202FA03F380F830
S21400F9C00A317047636D00202DE9FF410446057F2C
S21400F9D0867EDFF870806E43237F98F800201344FD
S21400F9E09D4212DB607F60B9238B029363690193AB
S21400F9F0237C00936288A31D217805F0EFFDFF238A
S21400FA002370002004B0BDE8F081E37EAB42E9D964
S21400FA10A77E228BF1199142A4BF921BD7B205EBA9
S21400FA200323E3813A4633462946204627F0D5FA93
S21400FA300028E7D1637F3744013301356377BEB2D0
S21400FA40EDB2C9E7636D002037B5054629F0EBF83F
S21400FA500D4B04461B6869461B78032B82BF0B4B75
S21400FA601B881B18284688BF9CB229F064F938B951
S21400FA70684629F0DAF818B9044B1B8823449CB270
S21400FA80204603B030BD00BFA4410020EE6C00202D
S21400FA90084B1B78FF2B0BD1074B1B78FF2B07D18E
S21400FAA0064B1B78022B03D04FF4807028F0C5BCA1
S21400FAB0704700BF7C680020C03E0020903D0020BC
S21400FAC010B50446FF2126F033FF054B9C4202BFCB
S21400FAD00023A4F588742370BDE81040FFF7D8BF54
S21400FAE0A03E00202DE9F0479A462A4B81461B7817
S21400FAF088461646BDF82050002B49D0FF2D3ED92B
S21400FB0038252846BDE8F087234B0C223146A01D39
S21400FB10636184F80090A4F802800BF069F9A2896A
S21400FB20414642F4004242F040022046A28127F0BD
S21400FB3066FA2A46514660690BF05AF9414648462D
S21400FB40A21D258328F0B0FDA0760028D8D0054455
S21400FB50013DB5FBF0F0FF28D2DC0023E07620461E
S21400FB60A383FFF731FF054680B923794FF48070F1
S21400FB70B37228F025FC227C099B1A80C1E7074C4B
S21400FB802778FF2FC0D040F60345BAE72770F2E784
S21400FB900225B6E7636D0020965E0020C03E00207A
S21400FBA0B0F9063010B5002B25DA144C2278237CE9
S21400FBB0FF2A02D0827A9A4207D0114C2378FF2B74
S21400FBC017D0827A237C9A4213D169B9637F013BAE
S21400FBD0DBB263775BB90B4A237F12782046134467
S21400FBE02377FFF7F1FE0146204627F017FAFFF7C6
S21400FBF04FFF012010BD0020FCE700BFC03E0020E4
S21400FC007C680020636D00202DE9F04F9A46B1F91C
S21400FC10063091B0002B0D461746DDF8688004903C
S21400FC2080F22981B8F80030FF2B04D94FF4B87160
S21400FC30A6482FF022FAA64B00241A7893F804015F
S21400FC40B3F80211002A40F0A5802E7AA14A127855
S21400FC50B24240F2AF800222A3F802711A70AA7A6A
S21400FC60FF2483F804210022A3F8084183F8052125
S21400FC70A3F80621B8F80020954883F80C21FFF772
S21400FC808BFE3846FFF7E0FE214600EB4002924826
S21400FC9026F03DFE4FF4807028F092FB8C4C94F8D2
S21400FCA00A91B9F1FF0F20D18A4A94F805311278EB
S21400FCB01344B34219DC94F80C1184F80531B4F8F7
S21400FCC00631204601FB0233A4F80631FFF764FE36
S21400FCD00122824B38461A70FFF7B6FE494600EB03
S21400FCE0400204F5887026F012FE94F80531B342FF
S21400FCF060D8DFF8E0B19BF800C00CEB0302964238
S21400FD0058DA764994F808210878013A002853D042
S21400FD10964205DAB8F8002084F80C2100220A7012
S21400FD20B6FBFCF901220CFB196994F80A015FFA8C
S21400FD3089F902FA09F2D1B2024076B92889000A96
S21400FD40844584F8080108D92046CDE906210593A4
S21400FD50FFF722FEDDE90621059B94F80A01014320
S21400FD6084F80A1182B994F80921B4F806C1013260
S21400FD7084F80921B8F80020DAF800100CEB02002D
S21400FD80FF2826DD0323237094F80831013B9E42AA
S21400FD9030D138E0AE7A864202D18F4200D11C467E
S21400FDA02E7A002C7FF47BAF002A3FF44FAF012A57
S21400FDB03FF44CAF01205FE09642B1DA94F80C11A4
S21400FDC098F800209142ABD004F58870FFF778FED3
S21400FDD0F0E794F80CE1F31A0EFB03C3A01C10FA2C
S21400FDE083F005920BF004F894F80831059A013B6D
S21400FDF09E4244D0012394F80A2103FA09F3013BFA
S21400FE001343FF2B04D122462946384627F0F8F83C
S21400FE1094F8083194F809219A42CBD19BF8003027
S21400FE20B2FBF3F103FB112212F0FF0218BF1346D8
S21400FE302278022A26D1264A0234107851780128E0
S21400FE4004BF01315170012224F8022CEA88B4F86C
S21400FE50041122F04002EA8094F809210A44591E4F
S21400FE6094F80A3113FB01F31344A8F80030CAF8DB
S21400FE700040FFF70DFE002011B0BDE8F08F84F8BB
S21400FE800B21C0E76979002994D0032A92D1B4F8EF
S21400FE90062194F80B1108AE11445A1E94F80C3142
S21400FEA0284613FB02F30B4400219BB2A21CA8F8C1
S21400FEB00030CAF80020CDE900710296049907F0D8
S21400FEC05FFD8921304628F0ECFB7DE788120400B0
S21400FED0903D0020636D0020A03E0020955E00202F
S21400FEE013B5044618B101280BD002B010BDFF238D
S21400FEF001460093064A0748FEF7B6FF064B1C70FD
S21400FF00F3E7FFF743FDFF22044B1A70EDE700BF4F
S21400FF10C1FA0000A03E0020903D0020C03E002018
S21400FF2013B501A909F0D2FE044648B9BDF806305B
S21400FF309DF80420034906F043FB204602B010BD9E
S21400FF408120FBE71F13040013B5694609F0CAFEBB
S21400FF50044688B9BDF802309DF80020074906F02F
S21400FF6049FB2046019906F09DFA2046044906F012
S21400FF7027FB204602B010BD8120FBE74313040098
S21400FF806913040037B5694609F0D0FE044618BB6D
S21400FF909DF801309DF80020104906F02BFB104D0F
S21400FFA09DF80120E3B29A4206D800200D4906F0DB
S21400FFB007FB002003B030BD0198630003F4FF7315
S21400FFC002220021184428F085FA2946024600201D
S21400FFD006F010FB0134E3E78120EBE76B13040027
S21400FFE09A1304000946040013B501A909F074FE2B
S21400FFF0044648B9BDF806309DF80420034906F0CB
S214010000DFFA204602B010BD8120FBE7A4130400EE
S21401001030B500240B4D85B06946E0B228F0C9FD25
S21401002050B99DF80030032B06D12946BDF805309E
S2140100309DF8012006F0C4FA0134202CECD105B05D
S21401004030BD00BFCB13040008B50020034906F0FD
S214010050B7FABDE80840FF2000F0DEBADD13040061
S2140100602DE9F04F85B006460D46174627F016F8DF
S214010070044640B130463A46294626F0F9FF0020AC
S21401008005B0BDE8F08F4FF003094FEA15285FFA77
S21401009084FA6946504628F08CFDB8B99DF800B040
S2140100A0BBF1000F12D1694650468DF800908DF8CD
S2140100B005508DF806808DF8016028F07EFD024619
S2140100C00028D7D05846064906F07AFA0134202C83
S2140100D0DDD10020034906F073FA8920D0E700BF7E
S2140100E0F2130400191404001FB5002304468DF80A
S2140100F00F3026F0BEFF28B19DF80F3063F07F0366
S2140101008DF80F30182301930DF10F030022009391
S21401011004214023204628F05CF8024618B100204E
S214010120024906F04DFA04B010BD00BF34140400B5
S2140101301FB502A909F0E8FD044688BBBDF80820F2
S214010140184906F057FA2046039906F0ABF92046FF
S214010150154906F035FA4FF6F672BDF80810134C3D
S2140101604B1E9BB2934219D82368039A1B68587991
S214010170FFF776FF23681B79012B0BD8BDF80830F3
S2140101800022CDE900030421094B092006F09EF860
S21401019028F081FA6FF0FF0004B010BD8720E9E770
S2140101A08120F9E753140400691304006842002013
S2140101B06A14040070B504468AB005AD1122002108
S2140101C028460AF0C3FD204604A909F091FD04461D
S2140101D000283AD11E4EBDF810201E4906F0F0F94F
S2140101E032681379012B28D84FF6F670BDF8101037
S2140101F04B1E9BB2834224D81368587926F04EFFD3
S21401020008B333682A461B68BDF81010587926F0E3
S2140102102EFFBDF8103001220421CDE9004309204C
S2140102200D4B029506F052F828F035FA034620B138
S21401023000200A4A0A4906F0C3F96FF0FF000AB027
S21401024070BD8724E5E78B24E3E78120F7E700BF4D
S214010250684200206D140400821404008614040011
S214010260911404002DE9F0479AB004A909F058FD4D
S2140102700446002840F0B5809DF810205B4906F042
S214010280B9F925465A4E9DF81020EBB29A4254D839
S2140102900020584906F094F99DF81050002D40F0C2
S2140102A099802C462E46544F06A9F0B228F081FCC0
S2140102B0C8B99DF81830032B15D13B689DF8192055
S2140102C01B685B799A420ED19DF81D2005F16803E3
S2140102D06B4403F8402C9DF81E200235013403F8C8
S2140102E03F2CEDB2E4B20136202EDDD19DF8103060
S2140102F00BB1002C77D00AABCDE90143FF230222D4
S2140103000421009309203D4B039505F0DFFF28F0FB
S214010310C2F9034660B19DF81020002A5FD0384A22
S2140103203849002C08BF0A460020374906F048F92C
S2140103306FF0FF001AB0BDE8F08705986B0003F474
S214010340FF7302220021184428F0C4F83146024601
S214010350002006F04FF9013595E70598730003F480
S214010360FF7302220021184428F0B4F800278046C3
S2140103705FFA80FA06A9F8B228F01BFC00BB9DF8CC
S2140103801830032B1CD1D9F800309DF819201B68B2
S2140103905B799A4214D19DF81D30534510D19DF8D2
S2140103A01E30C8F307229A420AD105F168036B444E
S2140103B00235013403F840AC03F83F2CEDB2E4B249
S2140103C00137202FD6D101369DF81020F3B29A427C
S2140103D0C3D88BE70025DFF820902E46F4E7084ABD
S2140103E0A2E78120A6E78B20A4E700BFEB14040058
S2140103F09A13040009460400684200200A15040006
S214010400BC140400DA1404000E1504002DE9F043B0
S21401041089B002A909F072FC0446002867D1BDF82C
S2140104200820344906F0CCF84FF6F672BDF80850AD
S214010430DFF8D4906B1E9BB2934254D8D9F80030A3
S21401044029461B685F79384626F028FE00284CD0DE
S21401045026465FFA86F8404603A928F0AAFB28B983
S2140104602946384603AA26F006FE20B90136202E74
S214010470EFD14FF0FF08404628F099FB014658BBE4
S214010480112203A80AF062FC2946384603AA26F080
S214010490EFFDD9F800301A79012A18D81B68BDF883
S2140104A00810587927F0D7FFBDF808300322042139
S2140104B0CDE900430920104B05F008FF28F0EBF8C2
S2140104C0034620B100200D4A0D4906F079F86FF079
S2140104D0FF0009B0BDE8F08302460A49002006F095
S2140104E06FF80124D5E78724D3E78B24D1E7812051
S2140104F0EFE700BF301504006A1404006E1504000F
S2140105009114040047150400684200202DE9F043C9
S214010510DFF894800020D8F8003021491B688BB0A2
S2140105205E79002506F04CF801275FFA85F9484602
S21401053001A928F03EFB044690B99DF80430032B30
S2140105400ED19DF80530B3420AD1484628F02FFB5C
S2140105500146A0B102461349204606F031F8274667
S2140105600135202DE1D1D8F8003000211B685879DB
S21401057027F071FF87F001000BB0BDE8F083112270
S21401058005A80AF0E3FBBDF809403046214605AA56
S21401059026F06EFD2146304627F05DFFE0E700BFFE
S2140105A07B150400471504006842002037B56946EC
S2140105B009F0B0FB044638BBBDF80020134906F02D
S2140105C019F8134D2046019905F06CFF2046114994
S2140105D005F0F6FF2B681B68587928F04BF870B1C8
S2140105E04FF6F672BDF800104B1E9BB2934209D827
S2140105F02B68019A1B685879FFF732FD044620469E
S21401060003B030BD8724FAE78120F9E78F1504008F
S21401061068420020691304007FB505460024E6B24F
S2140106206946304628F0C5FAA8B99DF80030032B74
S21401063011D19DF80130AB4204D0FF2D0BD19DF8AE
S2140106400D3043B9304628F0B2FA024618B1002000
S214010650034905F0B5FF0134202CE0D104B070BD8C
S21401066047150400034B1B681878012808BF0220B1
S214010670704700BFA4410020D0E9023253F822306F
S2140106801A78024B1A7000F0E7BA00BF955F002097
S21401069070B5D0E902456B1EDBB254F82300032285
S2140106A01B490AF09FFE54F8253004EB850419789F
S2140106B063681A78A2F10B030F2B05D915490020A0
S2140106C0BDE8704005F07CBF01290FD1124C914066
S2140106D0236840B90B43114A23600020BDE87040EF
S2140106E00F4905F06DBF23EA0103F4E702290CD197
S2140106F001230C4903FA02F20B6818B913430A4A9C
S2140107000B60EAE723EA0203F9E70A460749D6E758
S214010710B3150400B7150400A0680020CD15040029
S214010720D51504009C680020E8150400F2150400A5
S21401073007B5D0E9023103EB810253F821300B49AA
S2140107401B785268012B0A4B08BF0B4612684FF004
S21401075000001A600092074A074B084918BF134663
S214010760074A05F02DFF03B05DF804FBA0680020E2
S2140107709C6800200D1604000516040017160400D8
S2140107804497040038B5254A254B264C00202649B7
S21401079005F016FF0020254905F012FF22682449BE
S2140107A0002005F027FF2068224C234D05F0E2FECD
S2140107B02146002005F004FF2A682049002005F0A4
S2140107C019FF286805F0D6FE2146002005F0F8FE40
S2140107D01B4B1C491A781C4B002053F8223005F09D
S2140107E0EFFE00F00DF919490246002005F0E8FE7B
S2140107F0174B00201A78174905F0E2FE164B1749E9
S2140108001A78002005F0DCFE04F020FABDE8384036
S21401081002461349002005F0D3BE00BF44970400EA
S21401082031160400A06800203816040040160400A3
S2140108304E160400F2FE03009C6800205F160400BA
S214010840C35F002070160400A4680020831604000D
S214010850A85F002097160400A75F0020A9160400D1
S214010860BB16040007B500F071F8054B0090054A69
S2140108700020054905F0A4FE03B05DF804FB00BFA7
S214010880D11604004497040052120400F8B5044639
S2140108900B4F0C4E0C4D00200C4A0D4905F090FEF6
S2140108A020463B7829783278F5F740FC00233B70E8
S2140108B033702B70FF21BDE8F840064826F038B8A3
S2140108C0C35F0020A75F0020A85F002044970400B4
S2140108D0D6160400E03E002037B51248FF2126F068
S2140108E027F8114B187810F0100505D0002003B03A
S2140108F0BDE8304003F01CBF0121B42004F020FB0A
S21401090004460A4B0A4A0B490090284605F058FE51
S2140109102046FFF7BBFF4FF4806003B0BDE83040D0
S21401092027F08BBDE03E0020C35F0020ED160400DB
S21401093044970400521204000021024A0248FEF7BE
S214010940C9BA00BFD9080100E03E002008B5054B32
S2140109501B7823B11720FFF799FF002008BD02205E
S214010960FCE700BFC35F002010B550B1054B00F196
S214010970100250F8044B904243F8044BF9D1024B55
S214010980197010BDA95F0020B95F002037B5174D5B
S21401099004462B78DB0626D50090154B0020154A19
S2140109A0154905F00DFE1E2C0BD0652C09D0032C25
S2140109B019D0002028F07DF940F61C40FFF766FFAD
S2140109C00DE028F09EF94FF4FA63B0FBF3F202FB58
S2140109D01300C218FF21094892B225F098FF2B7820
S2140109E023F010032B7003B030BD00BFC35F00209F
S2140109F0061704004497040052120400E03E00204B
S214010A00014B1879704700BF4057002070B54C4E17
S214010A108EB0337803F0FB02A3F10905022AEDB28A
S214010A2058D0042B41F6041257D0A3F108014B42CB
S214010A304B415B0013434348ADF80C3026F05EFB98
S214010A4048B9414B3F4A03F1100153F8040B8B425E
S214010A5042F8040BF9D13D4B1B78002B3FD03C4BA1
S214010A600DF10E0203F1100153F8040B8B4242F80C
S214010A70040BF9D103A828F03CF92328044610D129
S214010A80012D49D80020334A334905F099FDBDF8B8
S214010A900C3003A823F40053ADF80C3028F029F9E4
S214010AA00446002C41D14FF40C7028F020F904467E
S214010AB000283AD103F0FAFE012D36D8274A01ABB9
S214010AC01068516803C3264901A828F076F978B35F
S214010AD019242AE043F60412A7E70223AAE733788B
S214010AE0042B0DD0082B0BD01E4B0DF10E0203F17B
S214010AF0100153F8040B8B4242F8040BF9D1B9E705
S214010B00104A0DF10E0302F1100152F8040B8A424D
S214010B1043F8040BF9D1ADE7337803F0FB03022B5E
S214010B2003D10020104905F04BFD20460EB070BDE4
S214010B30044901A828F041F904460028C8D1F4E781
S214010B40C35F0020975F0020D3170400B95F002021
S214010B50A95F0020449704002A170400E417040044
S214010B6034970400ED1704008517040070B50026BD
S214010B7086B00446252028F0A2F816220021164841
S214010B800AF0E4F8154B1E60154B1878FFF76AFD5E
S214010B90022814BF0123042303208DF8083028F00F
S214010BA0DCF804238DF810300E4B02A8059303944D
S214010BB003F030FD05460C4B0C4A19680C4B3046C9
S214010BC0A14208BF134600940A4A0B4905F0F8FCF7
S214010BD0284606B070BD00BF40570020003F0020E9
S214010BE0C35F0020CD0E0100A0680020051604009A
S214010BF00D16040044970400FE17040008B5134AB6
S214010C001378042B09BF124B01331B78C3F106037B
S214010C10DBB2137003F0FD02092A04D11720FFF797
S214010C2035FE172008BD0A4A1278002A14BF05228D
S214010C3006229A4207D1074B18680028EED0FFF724
S214010C4095FF4D20EEE70020ECE700BFC35F0020D4
S214010C50B95F00209C68002073B51E4C1E4E2368A9
S214010C603268134334D01D4B1B6853B31C4D2B788D
S214010C703BBB03F0EBFFF8B94FF4806027F0A0FB15
S214010C80184B24681B7894B1C3F102032B7003F050
S214010C9047FD2046FFF76AFF04460020124B134A21
S214010CA01349009405F08CFC204602B070BDC3F1D8
S214010CB0060334682B70EAE70121B42004F040F9FA
S214010CC0EAE70020094A0B4905F07AFC0224E4E72A
S214010CD00224E9E7A06800209C680020A4410020C7
S214010CE0C35F0020B95F0020461804004497040043
S214010CF0521204002C1804002DE9F347384D394EE2
S214010D0000202A792B88384905F05AFC3268287960
S214010D1022FA00F010F0010002D1344905F050FC2F
S214010D20334F3C783CB10822324933480AF05AFB2B
S214010D30041E18BF0124DFF8DC80DFF8A490DFF87A
S214010D40B4A014E098F8000049460130C0B288F813
S214010D50000027F0A6FF002835D13C783CB10822D8
S214010D60514625480AF03EFB041E18BF01242A7985
S214010D703368D340DB07E5D5002CE3D100922B88FE
S214010D801E4A1F49204605F01BFC1E4B1878FFF72C
S214010D9069FC01230322124927F089FF1A4A0546F6
S214010DA013780133137010B902B0BDE8F0872046FE
S214010DB02B46124A154905F003FC284602B0BDE849
S214010DC0F047FFF763BD0020114905F0F9FBFFF777
S214010DD015FF0028E8D102B0BDE8F04700F01CB8C6
S214010DE040570020003F00204C1804007D180400E6
S214010DF0C25F0020BA5F00204E57002044970400CF
S214010E004C190400C35F0020A75F0020ED18040002
S214010E1016190400965F00202DE9F041214C224D61
S214010E202378002055F82330204A214905F0C8FBD5
S214010E30FFF7ECFD03461D4E1E4FDFF874802BB9FD
S214010E402378042B15D8B3B91B4B15E03246394627
S214010E50002005F0B5FBFFF7D1FE00BB2378324634
S214010E6055F82330414605F0ABFBFFF7CFFD0346AF
S214010E70E5E7092BE8D1114B00201B68104A114900
S214010E801360114B187027F00CFF20B1BDE8F0413C
S214010E900120FFF7FBBCBDE8F041FFF72DBFBDE821
S214010EA0F08100BFC35F0020A468002044970400BF
S214010EB06C190400791904009C680020A0680020C1
S214010EC0003F002040570020965F002070B51C4C64
S214010ED023789BB3838913F4407F2FD0056835B1FF
S214010EE02A46BDE870400020164905F069BB27F088
S214010EF0D6FE154E03463070144A2846144905F0AE
S214010F005FFB33781BB1BDE87040FFF785BF2378E0
S214010F10082B0CD8042B0CD80E4B1B78C3F10603F8
S214010F2023700D4BBDE870401868FFF71FBE0A2BF3
S214010F30F2D1BDE870401820FFF7A8BC70BD00BF15
S214010F40C35F0020A4190400A85F00204497040092
S214010F50D1190400B95F00209C68002030B5464DC9
S214010F6003460446454A0020454987B005F028FB5C
S214010F702B782BBB01A827F022FF022301A88DF8AE
S214010F80043027F00AFFB0B93E4901A827F007FF51
S214010F9088B1152C0FD127F0B4FE47F23153B0FBC0
S214010FA0F3F202FB130000F51C50103080B203F080
S214010FB0BFFB07B030BD162CFBD103F0F3FBF8E7FF
S214010FC0152C2AD100202D4A2F4905F0F9FA2B7845
S214010FD0042B11D0082B0FD02C4B1B78DA070BD41F
S214010FE001A827F080FE18B9BDF804309B0703D48A
S214010FF02B7843F010032B7027F083FE4FF4FA632F
S214011000B0FBF3F2FF2102FB1300C218204892B294
S21401101007B0BDE8304025F07ABC27F0A4FE0446B0
S2140110200028C6D12B78013B092B1ED8134A194933
S21401103005F0C6FA184A194913780133D8B2107068
S21401104027F02FFE60B12046154905F0B9FAFFF7E3
S214011050D5FD0028ADD107B0BDE83040FFF7DCBEB6
S21401106007B0BDE83040FFF747BE40F61C4007B06A
S214011070BDE83040FFF70ABCC35F00204497040078
S214011080F5190400349704000C1A0400955F00203B
S214011090E03E00201F1A0400965F00204057002003
S2140110A0161904002DE9F0410B4686B004460E469B
S2140110B017463A490246002005F082FA4FF000082A
S2140110C00123CDE901380DF1160300934246402372
S2140110D00621204627F0B2F8054640B102463049BF
S2140110E0404605F06DFA284606B0BDE8F0819DF849
S2140110F016202AB936B900202A4905F061FAF2E726
S214011100012EF8D082F00103002027498DF8173010
S21401111005F056FA9DF817300DF1170633B3102374
S2140111200022CDE9006306214023204627F051F82E
S214011130064630B1324600201C4905F041FA3546D4
S214011140D1E74FB90821204626F0A5FE20B120465A
S2140111509DF8171027F080F90521204626F09BFE02
S2140111600028C0D0204627F074F9BCE74FB9082103
S214011170204626F090FE20B120469DF8171027F055
S2140111806BF910230022CDE9006306214023204697
S21401119027F01FF806460028DED0CBE74E1C0400D9
S2140111A06A1C0400831C0400A31C0400C31C040066
S2140111B0002208B5034B11461B681B685879FFF7D8
S2140111C071FF08BD6842002008B5044B00221B6869
S2140111D001211B685879FFF765FF08BD68420020AA
S2140111E008B5044B00221B6802211B685879FFF7DB
S2140111F059FF08BD6842002010B50123002488B0BD
S21401120001A88DF80430CDE90244F5F7B7FF204672
S2140112109DF80420124905F0D3F92046039A114996
S21401122005F0CEF92046029A0F4905F0C9F91022B9
S2140112300E4B0DEB0201188840F0604040F4801020
S214011240FBF718FC20460A4905F0D4F904A827F054
S21401125083F92046074905F0B3F908B010BD00BF71
S214011260DC1C0400FB1C04001A1D04001497040077
S214011270391D04000946040008B525F070FF00205A
S214011280024905F09DF9012008BD00BF561D040066
S2140112900023054A8360C360044BC0E9002311B1F3
S2140112A04FF6FF730B80704749107CAA4E3002112F
S2140112B010B5044660B10020064905F081F9052CF9
S2140112C006D002F0CBF904490246002005F078F971
S2140112D0012010BD6A1D04007B1D040037B50021E6
S2140112E06A4601AB054625F0FBFF044668B10022BD
S2140112F00F49104605F064F902F0B0F90D490246AF
S214011300002005F05DF903B030BD0B4905F058F932
S214011310012024F0FEFE01F099FF431C02D008F0E4
S21401132025F8F0E721462846FFF7A6FFEBE700BFC2
S214011330A41D04007B1D0400EC1D040038B5054601
S21401134001F084FF044627F04FF84DB100200E4906
S21401135005F036F9631C14BF2046002007F0C8FFCD
S21401136025F00BFF0228044605D0012805D10020F0
S214011370064905F025F9204638BD0020044905F048
S2140113801FF90024F7E700BF091E0400231E04000E
S2140113903C1E040008B50020034A044905F010F974
S2140113A0BDE8084000F050BDE62D0400551E0400BF
S2140113B008B50020034A044905F002F9BDE80840D3
S2140113C001F0CAB9741E0400551E04001FB5D0E909
S2140113D0023253F8223068461C78214601F0D0FBD1
S2140113E0684601F073FC28B92246044905F0E8F87E
S2140113F004B010BD6846FFF771FFF9E77A1E0400D6
S2140114000020014905F0DCB8961E04007FB50DF1F9
S214011410060102A8FFF73CFF0020264905F0D0F898
S2140114200020BDF80820244905F0CAF80020BDF8C0
S2140114300A20224905F0C4F8039A0020204905F045
S214011440BFF800201F4905F0D5F84FF6FF73BDF829
S21401145006209A4229D000201B4905F0B1F8002049
S2140114601A4A1B4905F0ACF800201A4A1A4905F039
S214011470A7F800221949104605F0A2F80020154ADF
S214011480174905F09DF80A220020164905F098F83C
S2140114900A220020144905F093F80A220020134975
S2140114A005F08EF807B05DF804FB0020104905F042
S2140114B087F8D4E7A51E0400BD1E0400D61E04004E
S2140114C0EF1E0400081F0400131D0400E09304002F
S2140114D01E1F0400C02709003D1F04005C1F0400F6
S2140114E07B1F04009A1F0400B91F0400D71F0400C5
S2140114F01B1F040008B50020034905F061F8BDE88C
S2140115000840012001F0FAB9F51F040008B50020D3
S214011510034905F055F8BDE80840002001F0EEB992
S2140115200E20040030B5104B104D1B5C85B08DF8B5
S2140115300F302B780446834206D00D4B0D4953F8E5
S2140115402020002005F03CF830232C700A48019337
S2140115500DF10F030093062280231921007826F04F
S21401156038FE05B030BD00BF5B970400CB5F00209E
S21401157068970400262004004A6D00201FB5232327
S21401158003900193064803AB00930122802319219F
S214011590007826F01EFE039805B05DF804FB00BF38
S2140115A04A6D002073B5164D04462B78154ECBB107
S2140115B025F004FE012815D0346040F6B244124BE3
S2140115C01B78072B17D02D78C5B925F0F7FD031E1C
S2140115D018BF01230D48009522461921007826F0F0
S2140115E07CF903E000233360002CE8D1201E18BFED
S2140115F0012002B070BD02250123EBE70025FBE7C1
S214011600C85F0020043F0020CB5F00204A6D002009
S21401161008B50448FFF7C6FFBDE808400220FFF7FB
S21401162081BF00BFC027090010B5064C208826F0F0
S21401163014FF608826F011FF6068BDE8104026F0B0
S2140116401BBF00BF083F00207FB523238DF8133052
S2140116500DF11303029304230648019305AB00938F
S214011660012280231921007826F0E8FD059807B0AD
S2140116705DF804FB4A6D00202DE9F047DFF84C9138
S214011680044699F8000090460F4626F0E6FB0B2824
S21401169099F8002005D9BDE8F04700203F4904F03D
S2140116A08FBF00263E4B3F4D1E803F4BDFF820A1EB
S2140116B003EB00135B8801202B802A7104F0A8FE3F
S2140116C005F050FF04F0A4FE204604F0A1FE01231D
S2140116D0042C8AF800300BD8022C45D89C4216D030
S2140116E02346BDE8F0470020304A314904F068BF80
S2140116F0062CF5D130462F4904F062FF384604F037
S21401170087FEFFF791FF97B18AF800600FE04FF66A
S214011710FF76294F3888801B18BF012004F078FE19
S214011720FFF782FF3888B04201D026F096FE1923D3
S2140117306B8099F8003000202B71204B1B786B7161
S214011740EB8843F04003EB801D4B198826F032FEF0
S214011750034620B1224600201A4904F031FF4046D4
S214011760BDE8F047FFF71EBF304604F051FEFFF715
S2140117705BFFFFF769FF26F07FFE134B1B78002BFC
S2140117800CBF3F20202004F043FE042CCFD14FF4A1
S214011790806026F062FE3220C7E700BF39200400D1
S2140117A06457002068570020D84000202D10040000
S2140117B0852004006820040058570020496D002049
S2140117C0E86C00209E200400C75F00204A6D0020C0
S2140117D0C85F002038B5044605200D46FFF7A2FE77
S2140117E0184B1A884FF6FD739A4207D10020164906
S2140117F004F0E6FEBDE83840FFF70ABF65B1134ABC
S21401180013780133DBB2092B137014D90A22002096
S2140118100F4904F0D5FEEDE7012C0ED10B4B1D70E0
S2140118200C490D48FFF734FDBDE838400021012082
S2140118300A4AFFF721BF012CF2D0BDE8384007481D
S214011840FFF7B0BEE86C0020D8200400CA5F002075
S2140118500321040058570020083F0020E0930400AD
S21401186008B50649002004F0ABFE0548FFF736FD33
S214011870BDE8084000210846FFF7ACBF4721040039
S214011880083F0020814237B50346154608D200209E
S21401189000910F4A0F4904F093FE002003B030BDBB
S2140118A00C1A224600200C4904F08AFE40F6BB536F
S2140118B022460020094904F083FE4FF47A735C4304
S2140118C0074B01209C4294BF2C602B60E6E700BFCB
S2140118D02D1004005821040095210400B0210400B5
S2140118E080EE360010B504460820FFF71BFE0D4BB0
S2140118F03CB91C700021BDE8104006200A4AFFF7DB
S214011900BBBE1B78092BF5D90A220020074904F033
S21401191057FE0020064904F053FEBDE81040FFF7CD
S2140119209FBF00BFCA5F0020C0270900DC2104005A
S2140119301D22040073B51F4D2C7834B100201E49BA
S21401194002B0BDE8704004F03BBE0220FFF7EAFD9E
S214011950FF221A4E1A4B30781A7026F07EFA0B28A0
S21401196007D920463278174902B0BDE8704004F026
S21401197027BE154B1549009301EB001101231922CF
S2140119804FF6FD70498805F091FA70B1204610496E
S21401199004F016FE00220F4B0F481C700F4B1A70F6
S2140119A002B0BDE87040FFF7FDBD01240C492C7064
S2140119B0EEE700BFC95F00202E2204004A6D00201A
S2140119C0496D002039200400C51C0100D8400020C4
S2140119D06F220400C85F0020C0270900CA5F0020EC
S2140119E09522040038B5144D04462B78052B21D9D1
S2140119F01249FFF75DFC24B918B9114904F0E0FD5E
S214011A000424104B195D21B9BDE838400846FFF79C
S214011A1069BF032C06D02B78052B03D006200A4A73
S214011A20FFF72AFE0021094B08461970BDE8384029
S214011A30FFF7D0BE38BD00BFCB5F0020083F0020B7
S214011A40B722040051970400C0270900C85F002090
S214011A5030B5044689B00720FFF764FD052C0AD18E
S214011A6000222A4B03A91A7002A804AA01F0FEFD5F
S214011A7030B1022045E09CB90122244B1A700224A1
S214011A80224D287878B1421E504221495041FFF735
S214011A9055FC022304462B70022C0ED10A200FE0BF
S214011AA0022CE6D1EBE7631F5A424FF005001849B6
S214011AB05A4125F08AFB0446EEE7032C04D10020A8
S214011AC0FFF770FD09B030BD062C06D10020114984
S214011AD004F076FD01232B70E0E70F4A0F4B2878C0
S214011AE0002C18BF13460E490E4A0094002808BF62
S214011AF00A4600200C4904F063FD201E18BF012091
S214011B00400009B0BDE83040FFF76CBFC65F00205B
S214011B10083F0020F2220400EB220400E422040025
S214011B20D3220400DD2204002D23040013B51F4C2C
S214011B300620FFF7F7FC2278092A09D900201C495C
S214011B4004F03EFD042002B0BDE81040FFF74ABF96
S214011B50184B1B782BB3002024F0FFFA25F02EFB40
S214011B6068B9FFF771FD144B196825F01EFB024694
S214011B700420002102B0BDE81040FFF77DBD01A89A
S214011B8025F01AFBFF2809D14FF4FA6023780133B8
S214011B90237002B0BDE81040FFF704BD0198FFF7BF
S214011BA0EDFC4FF4FA620320E3E700BFCA5F0020B2
S214011BB048230400C75F0020183F0020F023F0B53B
S214011BC089B0CDE90003344880230022192100782A
S214011BD0324E334F26F0FDFA0020324904F0F0FC75
S214011BE03246394603A801F041FD032804462E4D2E
S214011BF01CD10626039A2D49002004F0E1FC039827
S214011C00FFF7BCFC0020396800F0ACFE2E7001F036
S214011C109FF900220446264B30461A70FFF782FCD5
S214011C2084BB09B0BDE8F040FFF780BF28BB7268EF
S214011C30204904F0C5FC214604A8FFF729FB059BB3
S214011C40726893420BD020461B4904F0B9FC072367
S214011C5005202B7009B0BDE8F040FFF7F9BE1A4623
S214011C602046164904F0ACFC0523002101202B7008
S214011C7009B0BDE8F040FFF7ADBD0020104904F003
S214011C809FFCF1E7042C05D0042009B0BDE8F04024
S214011C90FFF7A8BE09B0F0BD4A6D0020083F00203E
S214011CA0183F002080230400CB5F0020B1230400EE
S214011CB0CA5F0020EC2304002524040079240400D4
S214011CC0B5240400F7B50446876800202378364D0E
S214011CD0012B287004D0354B3549187004F070FC80
S214011CE026785EBB334B1B78FF2B04D103B0BDE8CF
S214011CF0F040FFF78DBC304B1B78032B11D82F4CCF
S214011D000320FFF70FFC6946208827F014F8002807
S214011D1043D02B49208805F047F920B12E70FFF7F4
S214011D2077FC03B0F0BD0124204B26491C7004F05B
S214011D3047FC0320FFF7F6FB2C70F2E7012E25D1B6
S214011D403B78002BEDD01B4D2B78FF2BE9D1A688D5
S214011D5002F0A4FF864206D100201B4903B0BDE86D
S214011D60F04004F02DBC194BA2881B783BB132B170
S214011D701749002003B0BDE8F04004F021BC7B68A1
S214011D8014491B782B700D4B1A80F2E7032E08D1ED
S214011D9008226846A16809F02BF86846FFF70EFF8F
S214011DA0BFE700232B70A1E7C85F0020C95F0020B2
S214011DB0D0240400496D0020CB5F0020E86C002091
S214011DC0C51C010095220400F0240400C55F002014
S214011DD016250400412504007FB5094B1A78FF2A11
S214011DE00AD1187001F088FB0022064B0DF106019E
S214011DF002A81A80FFF74CFA07B05DF804FB00BF93
S214011E004A6D002056570020152838B517D10C4BBF
S214011E101D78A5B926F075FFC4B2012C38BF012480
S214011E200120FFF77FFB28462246064904F0C8FB3F
S214011E304FF47A706043BDE83840FFF7B3BB38BD56
S214011E40CB5F00205E250400034B1B78022B01D8D4
S214011E50FFF770BD704700BFCB5F002070B5284C00
S214011E6025F0A7F92578274EBDB10020264904F0B4
S214011E70A7FB264A137801331370002323703378A7
S214011E80062B0AD1BDE87040214B1868B0F5FA6FF1
S214011E9038BF4FF4FA60FFF785BB3378013B082B58
S214011EA02CD8DFE803F005090D2B13191D22270096
S214011EB0BDE87040FFF7C8BFBDE87040FFF73ABD08
S214011EC000232370BDE87040FFF7A2BB2946BDE89A
S214011ED070400120FFF77EBCBDE87040FFF726BECC
S214011EE00220BDE87040FFF7B3BD0120BDE8704099
S214011EF0FFF7F8BCBDE87040FFF7B2BC70BD00BF8D
S214011F00C85F0020CB5F00208D250400CA5F00203B
S214011F10043F002010B90520FFF764BD034B1B7872
S214011F20062B01D1FFF79ABF704700BFCB5F002099
S214011F302DE9F0478E68054633189A780C46092A2B
S214011F408EB008D90020A34904F03AFB8524204628
S214011F500EB0BDE8F08750B98B899F49895C8B42EA
S214011F6005D200919D4904F02BFB8024EFE79C4BA2
S214011F70E7881B889F4236D09A490978012932D9C9
S214011F8032B13A460020984904F01AFB7E24DEE777
S214011F90964B1A70934B26791B78052B03D0012B91
S214011FA03AD8FFF751FF5EB93146204626F079FB55
S214011FB00346002851D030468D4A8E4904F000FB76
S214011FC0D4F80880A48998F8037098F80450002E75
S214011FD04CD13046884A894904F0F2FA00210120A2
S214011FE0FFF7F8FB4FE00021804B1970072A00F23B
S214011FF08A8301A353F822F0951F010043210100B3
S21401200043210100552301005523010055230100FA
S214012010EB250100EB250100022B17D102F03EFE55
S2140120208742B3D00020764A764904F0C9FAFFF712
S21401203081FC46BB3146204626F033FB034610B3EF
S2140120406B4A6C49002004F0BBFA1CE06E4A002083
S2140120506E4904F0B5FA012479E7A3681B78DA061D
S214012060AED432466A4904F0ABFAA9E700210AA8C1
S214012070FFF70EF9032F08D95F4B664A66490097AA
S214012080002004F09DFA002461E76B1E632B04D93F
S214012090594B604A61490095F2E7614BE4B2DB5D5A
S2140120A09C4209D0CDE901430020534B594A5D4972
S2140120B0009704F085FAE6E757B3A4B22246052155
S2140120C0404626F007FABDF82830834203D04A4B33
S2140120D0554A5649B6E7012F1AD0224607214046EF
S2140120E026F0F8F9BDF82A30834203D0424B4E4A17
S2140120F04F49A7E7032F0BD122460921404626F078
S214012100E6F90B9B984203D13B4B474A494999E76D
S214012110642D3FF463AF26F0F4FD6423C0B2B0FB38
S214012120F3F203FB12030133DBB29D42BFF456AF59
S214012130CDE900530020304B3B4A3F4904F040FABA
S214012140A1E7284B1B78052B01D03C4A7FE7EB1C07
S214012150DBB2277BF45C44B123460020374A38497A
S21401216004F02EFA00210C460BE00F2F0DD8102399
S214012170204634490093314A3B4604F021FA802434
S21401218001210020FFF726FBE1E60435EDB22046EB
S2140121902A4A2D4904F014FA7A1B7119D2B206A8FC
S2140121A025F01AF805443A46E9B2304626F08FF98A
S2140121B0264D069A2B68264F9A42386001D1002890
S2140121C04AD1244900201D4A04F0FAF98524012148
S2140121D0D7E700BFAA25040094970400C22504008F
S2140121E0E86C0020CB5F0020F1250400C85F0020CA
S2140121F0672604006F260400F72604000C27040057
S214012200352604004226040097260400A42604006E
S214012210C1260400212704002927040043270400BF
S2140122205797040061270400B62B04009B2704007F
S214012230C5270400ED2704001428040048280400DC
S2140122406228040091280400A8280400083F002002
S214012250183F0020D128040000F08EFF3E68B042EF
S2140122600AD200F089FF9D4903463246204604F013
S214012270A7F98924012184E7079A6B689A4205D158
S2140122802046974A974904F09BF96BE796490978E7
S21401229059B19A4209D22046944904F091F99621FF
S2140122A00620934AFFF7E8F95CE7924A924905A8A7
S2140122B001F0DCF9079E48B96A68964206D88F494C
S2140122C004F07EF90520FFF7C3FB40E63246002006
S2140122D08B4904F075F939680027002000F042FBAD
S2140122E000206E60FFF74AF9864B06201F80FFF735
S2140122F019F9854B1F7001F0B1F90646F8B94FF68A
S214012300FF73824A0AA81188994214BF13463B46B6
S2140123106A88298801F012F90AA800F0D7FC58B19A
S2140123200AA801F0DDF938B13046794904F048F9D8
S2140123300420FFF757FB0AE6FFF7F8FB07E6042839
S21401234005D1744B1921187825F0DEFAFFE53846D9
S2140123507149EBE7714B1B78062B01D0704A76E684
S214012360DFF8A0A1EB1C94F80C90BAF80080DBB261
S2140123702EB930466B4904F023F98724E7E5F75C6C
S2140123802C1D972FE4B22FD025D8812F71D0952FF1
S21401239067D017BBB9F1100F7FF6E7AD31194A4682
S2140123A00AA824F019FF0444E4B221464A463046FE
S2140123B026F08DF8231DDBB2053416F803A0E4B22F
S2140123C0A9EB04035345054666DA0093384653469F
S2140123D0534A5549C7E5982F43D03B460020504AFB
S2140123E0524904F0EDF8C8E7B9F10A0F7FF6BDAD22
S2140123F01FFA89F721463A46304626F068F805F175
S214012400080104463A46C9B2304626F060F80AAAE0
S21401241001462046FFF736FA08B9454B0A93B9F14B
S2140124200C0F12D905F10C013A46C9B23046DDF857
S214012430288026F04FF8044602463E49002004F064
S214012440BFF8AAF8004044440A940A9C3A49224636
S214012450002004F0B5F82046FFF7A4F824F0B4FEF7
S21401246011E63649002004F0ABF80320FFF7BAFA6C
S21401247009E6334C23786BB124F099FE50B1002065
S214012480304904F09DF80023237024F09DFEFFF7E9
S2140124904DFBF8E52C49E5E7DFF8A49099F8003004
S2140124A043B9FFF7D1F88542034607D01C4A2749AE
S2140124B00095E5E524F082FE0128F2D110220D48B0
S2140124C00AA908F08FFF10B9BAF13F0F42D9144A92
S2140124D01F49002004F074F84FE700BFF0280400FD
S2140124E04828040028290400C45F00205D29040050
S2140124F0C0270900083F0020183F0020EC230400F5
S2140125009E29040056570020CA5F00205857002015
S214012510C02904004A6D0020DF290400CB5F00209B
S214012520052A04001A2A0400472B0400292B04005C
S214012530E0930400552A0400802A04009F2A040020
S214012540C75F0020BB2A0400FA2A0400832B04007C
S214012550BF2B04006D4B187099F800304BB124F076
S21401256026FE30B1284624F025FE042807463FF40F
S2140125708AAD51462846321924F05FFF28B1002063
S214012580634904F01DF8042070E799F800305544BB
S21401259063B124F00CFE48B1FF2FF4D0012F3FF4B5
S2140125A072AD032F16D124F00DFE05462846FEF720
S2140125B0E5FF044602460521564824F034FE564BF4
S2140125C01B689C420AD3204624F032FF0520FFF701
S2140125D03FFA58E524F0F4FD8046E7E74046FEF76B
S2140125E0E1FF00287FF44FAD51E74C4B1B7803F019
S2140125F0FD03082B01D04A4A29E5A48935B1F278B2
S21401260022B10020474903F0DBFF2EE7E4B2224661
S214012610F11C0AA824F0E0FD434BBDF828201988D8
S214012620054691420DD04FF6FF718A4209D03C4AC9
S21401263000203E4B3E4903F0DDFFBDF828203D4912
S21401264047E7BDF82A20598891420CD04FF6FF7112
S2140126508A4208D0324A0020374B354903F0CAFF78
S214012660BDF82A20EBE70B9A5B689A420AD0013242
S21401267008D02B4A2E490020304B03F0BBFF0B9AA3
S2140126802F4926E7A4B2E91C2246C9B2304625F0F6
S2140126901EFFE91DC9B207462246304625F017FF40
S2140126A0431C014606D10820FEF73CFF2548FEF7ED
S2140126B079FFE8E4384606AAFFF7E4F8A8B9214B03
S2140126C00693214B00221978204B187824F060FDE0
S2140126D0069C2046FEF766FF224600201C4903F0B2
S2140126E06FFF0920FEF71EFFCDE440F6B733069ACA
S2140126F09A42E6D840F6B8320020164903F060FF49
S21401270040F6B833DCE7812421E400BFCA5F00202D
S214012710F22B0400152C0400183F0020CB5F00208C
S2140127201E2C0400332C0400083F0020B5270400AB
S2140127305A2C0400131D0400DF270400752C040026
S2140127407234040080EE3600496D00204A6D002088
S214012750AD2C0400822C040008B50420FFF742F9D2
S2140127600020FEF7DFFE0023054A19211370054AF3
S2140127701370054B1878BDE8084025F0C5B800BFB2
S214012780C85F0020C95F00204A6D002010B5164BB7
S214012790164C1A78164B002053F82220154903F0E0
S2140127A00FFF2178144B154A0020002918BF1A463E
S2140127B0134903F005FF23782BB1124B00201A684A
S2140127C0114903F0FDFEFEF73FFF0446FEF73CFF0E
S2140127D00E4B196824F01AFD2246BDE81040034648
S2140127E00B49002003F0ECBECB5F0020C85F002041
S2140127F068970400C92C04009F330400803304004A
S214012800D62C0400043F0020F02C0400183F0020C2
S214012810092D040038B5014604460020FFF788FB61
S214012820054698B1E37C00200A4A0B4903F0C8FE2E
S2140128302379042B0AD02946204625F032FF034689
S21401284020B10020054A064903F0BAFE6FF0FF00EA
S21401285038BD00BF2D100400312D0400672604008A
S2140128606F26040010B51346094A127882420DD12C
S21401287063B1084A002014680A46074903F0A0FE1F
S2140128802146BDE810400120FFF752BB10BD00BF36
S2140128904A6D002068420020532D040010B50D4BF0
S2140128A01C782CB1BDE8104000200B4903F088BE0F
S2140128B06420FEF763FE4FF6F0716FF00F02074BD0
S2140128C00320C3E9001222462146BDE81040FEF768
S2140128D0D3BE00BFCB5F00208C2D0400083F002034
S2140128E0014B1870704700BFC75F0020002106200B
S2140128F0014AFEF7C1BE00BFC0270900014B187090
S214012900704700BFC45F0020114B2DE9F041074618
S2140129100D4618680F49101A096824F077FCDFF88D
S21401292040800D4E98F800400346FF2C307004D0CE
S214012930A8420AD32C44A04207DB3A4600200749A6
S21401294003F03EFE337888F800303078BDE8F08139
S214012950203F00201C3F0020CC5F0020BA2E040040
S2140129604B6D002050EA010208D0FF22054B091AE0
S2140129701A70054B1860054B1960704711461046D2
S214012980FFF7C2BF4B6D0020203F00201C3F0020F8
S2140129902DE9F04FAFB006AD284600F0FDFD00264C
S2140129A0624FDFF8D091284600F090F9044648B906
S2140129B000F0BEFD5E490246204603F001FE2FB040
S2140129C0BDE8F08F39460020F2B203F0F9FD284643
S2140129D016A900F0FFFD044620B15649002003F079
S2140129E0EFFD8FE0BDF85820534903F0E9FD494655
S2140129F02046BDF85A2003F0E3FD2046BDF85C20D2
S214012A004E4903F0DDFD2046BDF85E204C4903F03B
S214012A10D7FD2046BDF860204A4903F0D1FD204687
S214012A20199A494903F0CCFD2046BDF8682047496C
S214012A3003F0C6FD204646490DF16A0203F0C0FDCB
S214012A4044492046239A03F0BBFDBDF85C30D90704
S214012A5005D520469DF890203F4903F0B1FDBDF80D
S214012A605C309A0714D500203C4903F0C3FDBDF83D
S214012A705830B3F5807F4FD1002025F072FD18B194
S214012A800DF1910003F01EFD0020354903F098FD7D
S214012A90BDF85C305B070BD50020BDF8B22031498C
S214012AA003F08EFD0020BDF8B4202F4903F088FD09
S214012AB0062228460DF116030AA924F0D6FB044681
S214012AC090BBBDF81620294903F07AFDDFF8A8A0CF
S214012AD0DFF8A8B00DF12808BDF81610A2B2914291
S214012AE010D9B8F800205146002003F069FD0134E2
S214012AF0D8F804205946002003F062FD062C08F1A0
S214012B000808E9D16C46204600F05AFD94E80F000B
S214012B10013685E80F0046E70123202200200DF14B
S214012B20910103F0B1FCAFE7114957E7CC2E040041
S214012B3099300400D52E0400F92E04002D2F040030
S214012B40462F04005F2F0400782F0400912F040005
S214012B50AA2F0400BF2F0400DB2F0400F42F04006B
S214012B600946040007300400203004003930040010
S214012B706C300400122F04004A3004005A3004005E
S214012B802DE9F04188B004AD044628468846002762
S214012B9000F002FD6E46474507D195E80F0084E830
S214012BA00F00204608B0BDE8F081304600F008FD71
S214012BB096E80F0085E80F00284600F087F80137F1
S214012BC00028E8D1014B0FCBE9E700BF0C9A0400BF
S214012BD01FB5D0E9023253F8223068461978FFF75C
S214012BE0CFFF684600F07CFD48B1042809D1074AAA
S214012BF00020074903F0E4FC05B05DF804FB054A34
S214012C00F6E70020044903F0DBFCF5E7353A04005B
S214012C10B4300400EB330400C029040010B5D0E939
S214012C20023203EB8201496853F8223098B00C68EF
S214012C3004A81978FFF7A4FF03AB402200932146AE
S214012C4008AB04A800F0E2FC024628B100200E49B9
S214012C5003F0B6FC18B010BD039808A900F00704ED
S214012C600122C0F3C70003F055FC039908A8091B0D
S214012C700144064801232246008803F005FC044867
S214012C8003F03EFCE6E700BFC430040074570020A2
S214012C9009460400F0B504460D460B4BEF880FCBF2
S214012CA084E80F00AB882E899B0741BFD5F8390011
S214012CB0D5F83D1004F1080303C3EA6820462780CF
S214012CC066806260F0BD00BFA0970400102208B5C0
S214012CD0034908F087FB003818BF012008BD00BF74
S214012CE00C9A040008B526F093FCC288FF219208CE
S214012CF0012A38BF0122024823F009FE012008BD3F
S214012D00303F002038B5134690B10120274A107095
S214012D10274A00201160274A13600A46264903F015
S214012D204FFC02F09DFB254B1870022002F09EFB23
S214012D3026F089FCE8B91D4D1D4C2B782BB926F0E1
S214012D4067FC2268C368134423601A4B24681B6817
S214012D509C4229D226F05CFCC168204606F0AAF8FF
S214012D60002402462C7050B926F06DFCFFF7BAFF1E
S214012D7003E0FFF7B7FF0028DDD0012038BD20466D
S214012D800F4903F01DFC0D4B187802F06FFB002075
S214012D900C4903F015FC00F091F908B900F0AEF902
S214012DA02046FFF7B7F8E8E70124ECE7CE5F0020FE
S214012DB0283F0020243F0020EB300400CD5F002098
S214012DC0173104003731040038B500F04BFA0446D9
S214012DD000F042FA241A26F01BFC054618B9B12168
S214012DE01B482CF04AF9AB8803F00303032B03D0EE
S214012DF0B22117482CF041F900F02EFA054624F0CE
S214012E00A7FA01238340013B2B4203D0B42110488B
S214012E102CF033F924F09CFA01238340013B234232
S214012E2003D0B5210A482CF028F905F019FE05460D
S214012E3024F08EFA4FF48063B3FBF5F3C440A3424B
S214012E4005D2BDE83840BA2101482CF016B938BD84
S214012E504D310400FF2108B5044823F069FDBDE8A3
S214012E600840002211461046FFF74CBF303F0020B5
S214012E70F7B504460E4600F089F8054626F0C8FB6D
S214012E80C3682B449C4220D324F062FA2C44C440ED
S214012E90013C114F3B68DEB1A34219D10134002336
S214012EA0ADF8043000F0E4F9054605F0D9FD10351B
S214012EB004FB005405F0D4FD01A90246204605F0A6
S214012EC021FE24F055FA386004E04FF0FF34E0E7C5
S214012ED0A342E4DB03B0F0BDD06800204FF0FF3220
S214012EE00A4B10B51A600022094B1A7000F0B4F9AB
S214012EF0044600F0B7F9214602460120FFF702FF1B
S214012F0000280CBF0120042010BD00BFD06800209F
S214012F10CF5F002038B500F0D1F808B9002038BDE1
S214012F20094D0A4C2B7823B924F022FA012320609C
S214012F302B70246824F00CFA01348440EED000F0A3
S214012F4025F82044EBE700BFCF5F0020D0680020C3
S214012F5070B50D4C2368002B01DA012070BD00F01E
S214012F607BF9054626F054FB2468C66824F0F0F980
S214012F70013404FA00F1294401208A19FFF7C2FE40
S214012F800028EAD00420E9E7D0680020024B186840
S214012F900C3024F01DBA00BFD4680020FF2307B50B
S214012FA00021044A04480093FBF75EFF03B05DF876
S214012FB004FB00BF552E0100303F00200E4B70B5BC
S214012FC01C680546036804F582641C440E46FFF738
S214012FD0DDFF2B68834208D232681A44824208D940
S214012FE0C31A012033602C6070BD044A1268134472
S214012FF01C1A0020F7E700BFD46800202C3F0020F1
S2140130002DE9F04FB3F5803F87B00F469846019003
S21401301003D3002007B0BDE8F08F03A904A8CDE9CB
S2140130200332FFF7CBFF0024824600F10109DFF8E7
S21401303088B05FFA89F9019BDDE90356AAB27BB134
S2140130403046109926F0EBFA0028E2D1B9F1020FCA
S2140130502BD1DBF800300493019B03BB2F4421E006
S2140130603946304605F04EFD0028D2D1BAF1000FA0
S214013070ECD0002CEDD105F0F3FC2E44B6FBF0F3BA
S21401308003FB10600028E4D005F0EAFC05A902461F
S2140130903046059405F036FD0028DAD0B9E7109BD6
S2140130A02B441093A8EB05050395631C4B454FF085
S2140130B00104C0D32046ADE72C3F00207FB56B4608
S2140130C00C4A1068516803C390680C2218600A4BBA
S2140130D00DEB0201186826F0A2FA0C2268460DEBE9
S2140130E0020108F07FF9B0FA80F0400907B05DF8F8
S2140130F004FB00BFB0970400D46800201FB5084A3F
S21401310001AB1068516803C3906801A91860054BAC
S2140131100C22186805F0F6FC05B05DF804FB00BF4C
S214013120B0970400D4680020F7B5044615460E464D
S21401313081B9072A03D80024204603B0F0BD0D4B01
S21401314080791968E379063000EB03200C3180B2F0
S21401315024F048F9002721462B4632463846009788
S214013160FFF74EFF04460028E5D039467019FFF7F1
S2140131707FFEE1E7D4680020024B1868A0F50060E6
S214013180704700BFE068002010B58AB0684606F0B8
S2140131909DF810F0FF0027D1009BFBB1174C01A949
S2140131A0206006F00BF810F0FF001DD12268009B8E
S2140131B09A4204D34FF4DD7111482BF05EFF019B58
S2140131C0104A11491360029A13440B600F49A3F584
S2140131D000630A600E4A1360009B63B940F2CF1188
S2140131E007482BF04AFF06E0044A0346126800200F
S2140131F0084903F0E5F90AB010BD00BFD868002001
S214013200003204002C3F0020DC680020E06800202B
S214013210D4680020A832040008B5FFF7B5FF26F0F1
S214013220F7F950B126F0F4F9064B02691B689A4289
S21401323003D2B32104482BF020FFFFF7C5FD012080
S21401324008BD00BFE068002000320400014B18688A
S214013250704700BFD8680020014B1868704700BF50
S2140132602C3F0020014B1868704700BFDC68002027
S214013270014B1868704700BFD468002010B5FFF7EF
S21401328049FE04462849002003F09AF90020274900
S21401329003F096F90020264903F092F9002025490B
S2140132A003F08EF9244B00201A68244903F088F9AC
S2140132B022462349002003F083F9FFF767FE2149E0
S2140132C00246002003F07CF91F4B00201A681F49B4
S2140132D003F076F91E4B1F4C1A6800201E4903F0B6
S2140132E06FF9226800201D4903F06AF94FF48062E5
S2140132F000201B4903F064F92268002019491032A6
S21401330003F05EF92268002017490C3203F058F9E1
S21401331022680020154902F5826203F051F9BDE8E2
S214013320104005F0D1BA00BF27330400643304000F
S21401333083330400A3330400D8680020CE3304008E
S214013340ED330400103404002C3F00203334040015
S214013350DC680020D4680020563404007934040068
S2140133609C340400BF340400E23404000535040034
S2140133702DE9F04194B004460D460020482102AAEA
S21401338024F041F818B9534903F01AF919E06022FC
S2140133900021204607F0DAFC04224F4902A808F073
S2140133A021F890B16DB19DF80B30002001939DF886
S2140133B00A309DF80820009348499DF8093003F02B
S2140133C0FFF8012014B0BDE8F081BDF80C20B2F57D
S2140133D0807F228003D0424903F0F2F8F1E7BDF87E
S2140133E01420BDF80E102281DDF816206180E260FF
S2140133F00499BDF81A206160228284F8320007AD74
S21401340004F112020FAE2B4603CBB342106051609B
S2140134101D4602F10802F6D10F9B324A6363136020
S214013420314B10221846002107F090FCE288A38851
S214013430028022894280E26842600BB90020C1E71F
S21401344000263546A388D90709D536B105F15002BD
S2140134506A4412F8482C84F838200135EDB29A07F0
S21401346014D5208823F0E5FE07466EB102AB03EBC8
S21401347005080246414604F1390007F0F7FD3A46D1
S21401348041461A4807F0F2FD2F44FDB2A3885B07B8
S2140134900DD556B105F150036B4433F8482C33F87B
S2140134A0463CA4F85A20A4F85C300435EDB2002E50
S2140134B0C4D1482D02D930460D4965E72946382042
S2140134C002AA23F0A0FF08B90A495DE738250126BC
S2140134D0B8E700BF28350400BC9704005A3504003D
S2140134E090350400503F0020543F00205C3F0020F0
S2140134F0AB350400FB35040030B50B4C99B025788C
S2140135006DB9FFF789FE68B129466846FFF730FFB7
S214013510B0FA80F0054B4009187001232370002093
S21401352019B030BD0120FBE7D05F0020D15F00203D
S214013530014B1878704700BFD15F002070B51E465A
S214013540134B044618881D46884298B002D15B8802
S214013550934206D00F4B0FCB84E80F00204618B0DD
S21401356070BD96B100216846FFF702FF0028F1D131
S214013570BDF804305B0708D53388BDF85A209A4257
S214013580E8D8BDF85C209A42E4D395E80F00E3E75B
S214013590543F00200C9A0400064B10B51B780446D5
S2140135A02BB9054B0FCB84E80F00204610BD034B0B
S2140135B0F8E700BFD15F00200C9A0400543F0020BA
S2140135C010B50446024B0FCB84E80F00204610BD11
S2140135D00C9A04000B4B10B51B78044608467BB1C9
S2140135E00021FFF7C5FE48B910222146064807F01C
S2140135F0F9FE003818BF0120C0B210BD0120FBE75C
S2140136000120FAE7D15F0020543F00202DE9F04168
S2140136100E4690460E4910221F4607F0E3FE04466A
S21401362070B90C4B3A461D683046AD1B454528BF60
S2140136304546294623F0E7FE28B9074902F0C0FFB0
S2140136400120BDE8F081069B20461D60F9E700BF1A
S214013650543F0020503F0020FB3504000022024B5F
S2140136601A70FFF73BBC00BFD15F00202DE9F04187
S2140136709CB00F4616468046FFF74CFC05460246B0
S2140136801549002002F09CFF382D20D9012104A8FD
S214013690FFF76EFE0446D0B9119B04A93B606F4646
S2140136A03846FFF7F7FA97E80F0086E80F00119BF8
S2140136B0AB4297BF01210324084AC8F8003094BFE3
S2140136C01170C8F8005020461CB0BDE8F0810022F9
S2140136D0024B01241A70F6E72D360400D15F002054
S2140136E070B5084D00262B7853B1FFF7F7FB04465B
S2140136F01022002104482E7007F028FB204670BDDA
S2140137003446F5E7D15F0020543F002008B500207D
S214013710064902F055FF064B00201A78054902F0CB
S2140137204FFFBDE80840FFF7A9BD00BF4C360400B7
S214013730D15F00207636040003460120024AC3E921
S214013740032000221A7070470100FEFF2DE9F041A8
S2140137500024264E264FDFF8A88088B000F0D4F962
S214013760A5B2854202D308B0BDE8F081284603A978
S21401377023F07FFEA2B23146002002F03BFF9DF807
S2140137800D2012B39DF81210BDF81030402914BF59
S2140137906E2179210020CDE900313946BDF80E3081
S2140137A002F028FFBDF814201AB10020114902F0DA
S2140137B021FF9DF80C00BDF8182070B9079B0E4933
S2140137C00093BDF81A3002F015FF00200B4902F0F5
S2140137D0F7FE01342BF05EFCC0E7BDF81C30414615
S2140137E0009300209DF81A30EDE700BF8F360400E5
S2140137F095360400B8360400C236040009460400B3
S214013800E936040010B500F0ABFABDE810400346F7
S214013810024A0020024902F0D3BE00BF64420400FF
S21401382082010400D0E9023253F8223010B518881C
S21401383000F086FABDE810400346024A002002491D
S21401384002F0BEBE113704008201040010B5D0E9B3
S2140138500232002486B08DF8044053F8221003EBA0
S2140138608203097801A88DF805105A681288ADF808
S21401387006209A681288ADF80820DA681278ADF842
S2140138800C40A24214BF402280228DF80A201A69F9
S2140138901288ADF810205A699B691288ADF812207B
S2140138A01B68059300F0D0FB034A034603492046F4
S2140138B002F086FE06B010BDB315040082010400B6
S2140138C038B50024064D2BF0D1FB45F8240006340C
S2140138D0C02CF8D10020BDE83840024902F070BE85
S2140138E0801000201837040030B5002087B020492A
S2140138F002F066FE00201F4902F062FE00201E490B
S21401390002F05EFE2BF0B2FB00240546A0B201A930
S214013910013423F0AEFD202CF8D12BF0A7FB17497C
S214013920421B002002F04CFE1549002002F048FE22
S2140139302BF09CFB0446012000F09EF82BF096FB32
S2140139400E49021B002002F03BFE0E49002002F049
S21401395037FE2BF08BFB044623F07CFD2BF086FB19
S214013960021B0020054907B0BDE8304002F028BE22
S2140139704437040073370400A3370400C03704003B
S214013980CF370400E937040010B50C4603F07CFD80
S21401399008B9032C12D101F059F904280ED001F010
S2140139A055F905280AD0064802F0BAFC1C2801D1B0
S2140139B024F0FDFCBDE8104002F0C2BC10BD00BF03
S2140139C05F7403002DE9F04F00274FF0FF36DFF854
S2140139D0A4B0264C87B0BBF80030B8B2834209D8F1
S2140139E0731C3BD03246FF21214807B0BDE8F04F9B
S2140139F022F08DBF01A923F03CFD9DF8050001F0E2
S214013A005BFFF8B19DF80480B8F1000F1AD1BDF83C
S214013A1010A0BDF812902BF029FB18210246BBB26C
S214013A204B43E018E158007C4FF47A73A2EB010C8B
S214013A3050B103FB0AF363450ED30B44981A864232
S214013A4028BF06460137C6E74D466B43FAD06345A5
S214013A50F5D31944881AF2E74046F0E7FF210448F7
S214013A6007B0BDE8F04F22F063BF00BF8010002012
S214013A70643F00205A5700202DE9F041014688B0E6
S214013A8058B1022810D023F00EFD78B3D221194880
S214013A9008B0BDE8F0412BF0F0BAFF23164A1748EC
S214013AA00093FBF7E1F9EEE700244FF00108274603
S214013AB0134EA5B2284603A98DF80D7023F0D9FC44
S214013AC09DF80D0068B101F0F7FE20B19DF80C30AD
S214013AD00BB986F810800134202C06F11806E8D1BF
S214013AE02546084B1D80FFF76DFFCCE708B0BDE803
S214013AF0F08100BF093804002D3E0100643F00201C
S214013B00801000205A570020014B1888704700BFCC
S214013B105A5700202DE9F04F634A077D89B00446C5
S214013B206249002002F066FD002024F01AFD20B153
S214013B302368218A588803F0F5FC00205C4902F0CE
S214013B403FFD637DDFF87491002B236808BF0820D2
S214013B505988574B18BF00200093228A4FF009035B
S214013B6014BF4FF080084FF0400802F089FBA2898D
S214013B70BB1C93420CDB24F08EFD034620B10020D3
S214013B804C4A4D4902F01CFD012009B0BDE8F08FFA
S214013B90A068791C89B2C55D24F09CFC0337012D11
S214013BA00646BFB213D82368324659885879238A05
S214013BB00093434624F0D6F8824600283ED186205C
S214013BC002F026FC284602F023FC304668E08520F9
S214013BD0F6E703A923F04DFC9DF80C30AB4223D148
S214013BE023689DF80D105A7991421DD1BDF80E102B
S214013BF05A88914218D1BDF81020B24214D19DF8CE
S214013C001220424510D1BDF81410228A91420BD1E0
S214013C10002D38D0BDF81810E288914204D19DF8E5
S214013C201A201B799A422ED00BF1010BB9F80030FD
S214013C305FFA8BF08342CCD88B20C1E74FF0000BA4
S214013C40F4E79AF8020002F0E3FBBDF8180024F04E
S214013C5004FCBDF81A0024F000FC9AF8020003F0F8
S214013C6081FE002883D19AF8020001F0F7FC054690
S214013C70079E002D3FF47BAFF0B2013D02F0C8FB7A
S214013C80360AEDB2F5E7002002F0C2FB284602F044
S214013C90BFFB304624F0E1FB012DD2D1BDF81C005C
S214013CA024F0DBFB63E700BF98380400702C0400A7
S214013CB009460400A5380400C23804005A570020FB
S214013CC02DE9F04391B06946804623F0D2FB0023EC
S214013CD0194F8DF801303888431E98B280453880D8
S214013CE009D16946404623F0CCFB684623F0B0FB79
S214013CF011B0BDE8F0834FF0180905A923F0B9FB10
S214013D000E4C3E880AAD09FB06460FCE0FC596E857
S214013D10030009FB084485E803000AAE404605A9EE
S214013D2023F0AFFB0FCE0FC495E8030084E8030031
S214013D3069463888D7E700BF5A5700208010002010
S214013D4008B5064B1B88834205D9FFF7B9FFFFF775
S214013D5039FE002008BD2720FCE700BF5A57002087
S214013D6038B5074D2C882CB9FF21064822F0E0FD16
S214013D70204638BD601E80B2FFF7A2FFF2E700BF03
S214013D805A570020643F00202DE9F3479A4618232E
S214013D909DF82890244FCDE9001203FB09731446C1
S214013DA0D3E9022324F056FD064620460D4603F0CD
S214013DB0D9FD04F0FD03382B80460FD1009432461E
S214013DC02B460021DAF8100023F07EFBB8F1010F34
S214013DD01BD135431ED102B0BDE8F087392CDAF885
S214013DE010300BD107EE906A07EE103AF4EEC77A60
S214013DF0F1EE10FAACBF01200020E7E79E4275F114
S214013E0000032CBF01200020E0E7B8F1000FE2D14B
S214013E100028E0D0182303FB097701233B7402B086
S214013E20BDE8F047FFF7CEBD801000202DE9F04F2A
S214013E3000252E46A846AA462C46DFF8BC91D1B0EE
S214013E40694BA8B21B88834209D81CB161882079C6
S214013E50FFF79AFDFFF7B6FD51B0BDE8F08F0BA94D
S214013E6023F007FB2BF002F91823AFB27B4309EBD3
S214013E70030B59F8033005909DF82D00049301F0CB
S214013E801BFD002800F0AE809DF82C10002940F0A4
S214013E90A980DDE90432D01A4FF47A72BDF83830C1
S214013EA05343834200F29E809BF8103043B9BDF81D
S214013EB03A30002B00F096805343834200F2928002
S214013EC0FD230022CDE9013210AB00930DF119025A
S214013ED00DF11A03E9B20BA8F0F7FAF9002877D129
S214013EE0BDF81A30DA1C0493D2B214B33F4B9DF8D6
S214013EF02D101B8813442279914214D1BDF82E103F
S214013F00628891420FD19DF83220B8EBD21F0AD1B8
S214013F10BDF83420524506D1B3424DDD0020344968
S214013F2002F04EFB01E0B342F8DC61882079FFF72E
S214013F302BFD02F041FA04469DF932002D4BC04399
S214013F40C00F0093BDF834200A23BDF82E10C00020
S214013F509DF8328002F094F99DF82D304FF0000B59
S214013F6023714FF48A53FF26BDF834A04FEAD818C0
S214013F70E38007A95FFA8BF024F01BFEC0B2B0B94C
S214013F809DF81D109DF82D20914210D1BDF81E10F0
S214013F90BDF82E2091420AD122469DF829109DF89F
S214013FA01C0024F081FBB04228BF3046C6B20BF19C
S214013FB0010BBBF1200FDCD1BDF8300024F04DFA27
S214013FC09DF8190002F024FA049910A802F034FAB8
S214013FD0182300225F4309EB07031A742BF046F8F7
S214013FE049F8070001352BE75A570020645700208F
S214013FF081390400094604008010002070B50024B1
S2140140000126104D8AB02B88A0B2834204D80AB08C
S214014010BDE87040FFF7D6BC05A923F02AFA9DF843
S214014020150001F049FC50B19DF814303BB91A4611
S214014030CDE901360093E1B205A8F0F749F901345C
S214014040E1E700BF5A5700202DE9F0430389DFF866
S21401405058818BB0B8F80090009304468379828823
S2140140604188407823F07EFE002800F09580E7899D
S21401407027B1A389BB4200F291800027B8F800302F
S214014080BDB2AB4214D84D4601264FF6FF73E28906
S2140140909A4226D146B9B8F80030AB4202D9284632
S2140140A0FFF70EFEFFF78EFC00200BB0BDE8F08395
S2140140B0284605A923F0DDF99DF814307BB922685E
S2140140C0059B5340FF2B0AD86368069E5E4036F078
S2140140D07F4604D1BDF81C2023899A42D5D00137EA
S2140140E0CCE7E2689A422BD0002E53D1D4E90323C1
S2140140F0CDE9082305A823F0ABF90028D5D1B8F8F7
S2140141000030AB4204BF6B1CA8F800302AF0AEFFAB
S21401411018236B43234AE9B2D050D418002305A8CC
S2140141201A46CDE901330093F0F7D2F818B1002210
S2140141300023C4E90223284605A923F0A2F9B1E722
S214014140234605AA04F1100C174618685968083367
S21401415003C763453A46F7D11868386005A823F0C7
S2140141607AF90028C0D01F2D1AD800238DF81430F4
S21401417063788DF815306388ADF81630A388ADF8EE
S2140141801830A3798DF81A302389ADF81C30002831
S214014190B0D1ABE70020E6E7862086E7872084E7F4
S2140141A0892082E7801000205A5700202DE9F04F21
S2140141B0B04A90F814908DB00446AF49002002F042
S2140141C019FA002024F0CDF920B12368218A5888F5
S2140141D003F0A8F90020A94902F0F2F9637DDFF89F
S2140141E0B8A2002B14BF802340230293236808BF84
S2140141F008205988A14B18BF00200093228A072364
S21401420002F03EF800230393A28909F103059542C3
S21401421011DB039B13B9184602F0FAF824F03BFAB7
S214014220034620B10020964A964902F0C9F90120BA
S2140142300DB0BDE8F08FA06809F1010189B210F850
S214014240096024F047F93246804603468E4900202D
S214014250ADB202F0B5F98EB1012E00F08A80852745
S214014260384602F0D5F8304602F0D2F8404624F03F
S214014270F4F8852FD2D00123039376E0A06809F1E4
S2140142800401A28989B2475D24F024F909F10601E7
S214014290A289049089B2A06824F01CF93A460590D8
S2140142A00090049B3046794902F08AF909F1080921
S2140142B038461FFA89F503F055FB002857D13846D2
S2140142C001F0CCF9294603468146A289A06824F06C
S2140142D0F2F86F498346304602F08CF9A1684A46E7
S2140142E029443346304602F0CFF83046634902F09F
S2140142F067F9A9441FFA89F523684246598858790F
S214014300238A0093029B23F02DFD18B18378BB42CC
S21401431040F0AC80483FFFB2092F05D840F2113378
S214014320FB40DB0700F1A48000238DF81C302368D6
S21401433007A85A798DF81D205B88ADF82080ADF866
S2140143401E30029BCDF82CB08DF82230238AADF8B2
S2140143502430049BADF82830059BADF82A30FFF7D2
S21401436073FE074600287FF47BAFA9464CE7B346A9
S214014370C2E72946A289A06824F0ACF84FF0000BEA
S214014380024607464349002002F01AF909F10509D9
S214014390BAF800301FFA89F5BAF800201FFA8BF92F
S2140143A04A4503D81F2B31D9892759E7484607A91B
S2140143B0049323F05EF89DF81C20049B012A22D169
S2140143C022689DF81D00517988421CD1BDF81E0057
S2140143D05188884217D1BDF82010414513D19DF868
S2140143E02210029881420ED1BDF82400218A88420B
S2140143F009D1BDF82800E188884204D19DF82A1029
S214014400127991421BD00BF1010BC5E701229946A7
S2140144108DF81C20226851798DF81D105188ADF851
S2140144202080ADF81E1002998DF82210218AADF871
S2140144302410E188ADF8281012798DF82A2007A8F3
S214014440ADF82C7023F004F8074600287FF408AF77
S214014450BAF800304846994508BF09F1010307A993
S21401446008BFAAF8003023F00CF87EE78D27F7E6A0
S2140144708C27F5E6AC390400702C040009460400CC
S2140144800D3A0400C2380400B4390400D1390400DE
S214014490F2390400FD3904005A5700202DE9F04F87
S2140144A0074688469146002589B09A46BDF848B029
S2140144B09DF84C60149C224B1A88A8B2824235D9CA
S2140144C003A922F0D6FF9DF80C201D4BB2BB9DF828
S2140144D00D10B94232D1BDF80E1041452ED1BDF8AE
S2140144E0101049452AD19DF81210514526D1BDF824
S2140144F01410594522D13046029201F0AFF8A6F1C8
S2140145004103012B01460AD8204623F0E9FF0D4B53
S2140145100D4A204484420CD10421029302ACEDB230
S21401452032462046009503ABFFF72EFC09B0BDE8E6
S214014530F08F14F8011F4B405343EBE70135BBE7FF
S2140145405A570020C59D1C81930100011FB50F4CD1
S2140145502478C4B142EA03229DF818308DF805107C
S21401456042EA43220A4BADF80C201A78094B8DF823
S2140145700610079903EB021300908DF80400DB6820
S21401458068460291984704B010BD00BFD25F002074
S214014590D45F0020843F002073B51A4DFF211A48CE
S2140145A022F0C6F92B7853B3184C194E237818010C
S2140145B006EB03131A7A5968305C24F086FB4D2803
S2140145C01DD0E0B1012300212278CDE9003112018E
S2140145D0B25CC0B2FFF7BAFF0A2223780A48013359
S2140145E0DBB2B3FBF2F102FB1133FF2123702B7810
S2140145F0013B2B7002B0BDE8704022F091B902B0C9
S21401460070BD00BFD25F002024400020D45F002090
S214014610843F0020F8B5104F3E780A2E1AD00FC8F6
S214014620DFF840C00D4D9CF80040013605EB04153F
S21401463085E80F000A230134E4B2B4FBF3F203FB6E
S21401464012440748FF218CF800403E7022F068F9BA
S2140146500020F8BD0120FCE7D25F0020843F002047
S21401466024400020D35F00200021024A0248FAF7C6
S21401467031BC00BF9945010024400020002337B516
S2140146800C46124D12492A78CDE9003312018A5C94
S21401469001230146E0B2FFF759FFA4B90D490A7894
S2140146A08AB10A202B78013A0133DBB2B3FBF0F46E
S2140146B00A70FF2100FB143307482B7003B0BDE8D6
S2140146C0304022F02DB903B030BD00BFD45F0020CA
S2140146D0843F0020D25F00202440002008B500F06F
S2140146E0BDF850B1054B064A0649052808BF1A46CB
S2140146F0BDE80840002001F063BF08BD213A040070
S21401470009460400423A040008B5032024F0F7FAEB
S21401471010B90122014B1A7008BD00BFD55F0020F9
S2140147200022024B18781A70704700BFD55F002030
S2140147300246FF21014822F0EAB800BF44400020AB
S214014740114B37B51D78C5B9FF21104822F0F0F896
S214014750FFF7DAFF044600900D4B28460D4A0E4936
S21401476001F02EFF4CB10D4B1B78DB0605D5284614
S21401477024F09FFA204622F0DCFC094B186803B0AF
S214014780BDE83040FFF7D4BFD55F0020444000208D
S2140147905F3A04008D3A040052120400C35F002001
S2140147A0E4680020FF21014822F0C2B844400020FE
S2140147B070B51A4E054633780C466BB30020184A7E
S2140147C0184901F017FF032C01D0652C20D116499A
S2140147D0002001F00FFF22460020144901F0F0FEF0
S2140147E00020134901F006FF012329460822002074
S2140147F001F04AFE00200F4901F0E2FE032C88BFBB
S2140148000023204688BF3370BDE87040FCF7BEB871
S214014810012CE0D00849DBE770BD00BFD55F002062
S2140148208D3A04003C160400A03A0400F31C040070
S214014830BE3A040009460400B63A0400014B18606B
S214014840704700BFE46800200021024A0248FAF7D8
S21401485041BB00BF4147010044400020054B10B555
S2140148601C782CB90448FF2122F05AF8204610BDC6
S2140148700520FCE7D55F002044400020F8B5002461
S214014880074B084E1D68084FE3B29D4204F1010430
S21401489000D8F8BD394656F8230021F000FAF3E7B0
S2140148A068B504006CB50400B069002010B5044C6E
S2140148B023780BB124F013FA0123237010BD00BF37
S2140148C04C6D00202DE9F743254B0D461646044650
S2140148D0019350B14AB1042301AA12F8011BA9425F
S2140148E035D0013B13F0FF03F7D1212003B0BDE81B
S2140148F0F08317F8010F90FAA0F0000E21F00BFCE0
S214014900014608EB07039945F3DCCAB2C1F30F234E
S21401491092FAA2F293FAA3F3120E1B0E03EB0223F2
S214014920DB43621912F8020C99B2DBB298420CD141
S21401493012F8013CB3EB112F07D132462146284627
S21401494003B0BDE8F04324F02AB92320CEE74FF6A2
S214014950FF71671EA5F10209C4F10108D1E700BF86
S214014960080A0E12F0B515468FB00E4607462AF015
S21401497029FC254B02A81C7824F0B5F915F0FD0F8B
S2140149803BD028B9BDF808309B0701D5032D36D09A
S2140149901DF0A4FE58B309A824F011FA03233068C9
S2140149A071688DF824300AAB03C39DF83130012DB0
S2140149B043F002038DF8313019D105A909A824F076
S2140149C0F6F9002818BF022423F09FFD032D18D8FE
S2140149D00E4B0F4A0020CDE9004753F8243052F819
S2140149E025200C4901F0ECFD20460FB0F0BD032D4B
S2140149F0EAD1042C08BF0024E6E70324E4E72C46AA
S214014A00E2E70324F0E700BFD65F0020B099040078
S214014A10A0990400C5410400014B1870704700BFFF
S214014A20D75F0020024B1A6818608260704700BF8B
S214014A30E8680020024B186800B14068704700BF64
S214014A40E868002070B5044600250A4B1B687BB158
S214014A5000211E8807E05A6802EB0110013145B9B2
S214014A60021B554255418AB29642F4D89B68EEE73E
S214014A70184670BDE86800202DE9F04F1E46002359
S214014A8093B0022E074688461446DDF870909DF8CE
S214014A9074A0ADF81A3040F2C08099F800305A0779
S214014AA029D5042E40F2B98099F804B000255F4B51
S214014AB033F83520002A00F0B68001350A2DF7D1EB
S214014AC0209B002B40F0AD80FF250023207908AA0B
S214014AD00DF119018DF8193023F08FFC70B1BDF876
S214014AE02C309DF81900238023F00AFD0790C0B1F1
S214014AF013B0BDE8F08F99F802B0D7E7207923F01C
S214014B00ACF90B28059000F28A80207923F009FD84
S214014B1007900028ECD1464A059B02EB03135B88FD
S214014B2023804FF6FF73002F08BF4346628800219B
S214014B30CDE9002358465246238802F0FDFD18B100
S214014B40E38843F02003E380209B07A90DA8CDE965
S214014B500D34CDF83C90ADF84080ADF842608DF84C
S214014B6044708DF845A023F059FC08B10798BFE7BB
S214014B70484602F025FDA01D02F010FD22464146E2
S214014B80384623F091FDB04227D3E3882246C3F38B
S214014B900E03E3809DF87C3041460393BDF87830E0
S214014BA0384602930DF11A03CDE90093F3B222F0D1
S214014BB0C7FE209B079003B3F8B9BDF81A2042B18F
S214014BC0092D06D81B4B03EBC5018A80209A43F8B2
S214014BD03520112023F0F4FB1CE0BAF1000F0AD1B6
S214014BE00DF11A03CDE9006322464B46414638468D
S214014BF0FAF778FFDDE73820DBE7052807D1E388F9
S214014C00DB0607D5002301200793FFF705FF079B67
S214014C10002BDED023F079FCA8E7012068E72120ED
S214014C2066E71C2064E7EDB24FE700BF6C4000204A
S214014C30D8400020684000204FF6FF72024B1A80D1
S214014C405A809A80704700BF5C57002010B5044C0C
S214014C502379FF2B02D124F070F82071207910BD42
S214014C605C57002010B50C4C2379FF2B08D100208F
S214014C7023F046FC20B924F060F8207123F045FCAF
S214014C802079022805D00438012894BF002001208D
S214014C9010BD0020FCE700BF5C5700204FF6FF73F5
S214014CA010B5044C22889A4202D124F03CF82080A8
S214014CB0208810BD5C57002010B5FFF7BDFF40F6F9
S214014CC01D439842044607D8B0F5416F05D218280F
S214014CD026D8152848D829D010BDA0F541630D2B3C
S214014CE0FAD801A252F823F02D4D01002D4D0100F6
S214014CF0D94C0100D94C0100D94C0100D94C010016
S214014D00D94C0100D94C01007D4D01008F4D0100A9
S214014D10294D0100294D0100294D0100294D0100B1
S214014D2040F606439842D7D11C4920E0FFF7B6FF6C
S214014D301B490246002001F043FC152C05D123F047
S214014D40DCFFBDE8104023F072BB164B164A17492C
S214014D50B4F5416F08BF1A46002001F031FC23F07C
S214014D6065FB23F064FBECE71628DDD11049002033
S214014D7001F026FCBDE8104023F07EBC22F0C7FE01
S214014D80BDE8104002460B49002001F019BC002086
S214014D90BDE81040084901F013BC00BFE942040019
S214014DA0964204000946040091420400B2420400FF
S214014DB0D2420400FE4204002643040007B5094A15
S214014DC00346108831B9084A084903B05DF804EB78
S214014DD001F010BC0091064A064901F00BFC03B035
S214014DE05DF804FB74570020890F04004643040055
S214014DF02D100400521204000D4B37B51B680446F3
S214014E0093B11D780389012D08BF02250093C37A4B
S214014E10084A0020084901F0D3FB2146284603B082
S214014E20BDE8304023F041BF022003B030BD00BFD3
S214014E30A4410020BB4304006A430400002010B5CF
S214014E4023F05EFB0D4B1B6863B15A78052A03D825
S214014E5062B1052402220AE0FF2AFAD0002008499E
S214014E6001F0AEFBBDE8104023F04FBB14461046E0
S214014E7023F077FF204623F072FFF3E7A4410020DA
S214014E80C043040013B5134C002023F039FBFFF791
S214014E90D3FE23689BB101A822F02CFE78B92368C3
S214014EA01A789DF804309A4209D0D91E032906D9EA
S214014EB0D11E012903D9012A07D1022B05D10323CB
S214014EC001A8ADF8043023F0F6FE02B0BDE81040AC
S214014ED023F01BBBA441002000231946034A0133DB
S214014EE00A2B918042F8081BF9D1704768400020D0
S214014EF07FB50E46054623F0E0FE2A4604460346E5
S214014F000D49002001F05CFB96B10C4B36211A8846
S214014F109B78ADF80C208DF80E3003230022009309
S214014F204FF6FC7003AB8DF80D5023F007FE0446D8
S214014F30204604B070BD00BFE14304001C9A040083
S214014F40FF2810B50C4604D10020044901F038FBB7
S214014F50FE202146BDE81040FFF7CABFFA43040011
S214014F60F8B51E460B8807460C461546002B64D13D
S214014F704A88B1F9021000200029B8BF6B78304981
S214014F8001F01EFB6288132A1DD002F5FF437F3312
S214014F909BB2052B23D8A2F50042013A052A1ED85A
S214014FA0DFE802F0193F1D033C09264A2649002086
S214014FB001F006FB13E0254A2349002001F01AFB05
S214014FC02A792349F3E7022E94BF4FF6FF72B5F80C
S214014FD001202049EBE700201F4901F0F1FA334692
S214014FE02A462146384624F0D1FD70B933462A4672
S214014FF02146384624F0CCFD48F2210362889A42C5
S21401500003D13846697823F001FA6388B3F5004F77
S21401501002D9082023F011FA0120F8BD2A790F4998
S214015020C5E70F4A0849002001F0E4FA032E94BFB1
S2140150304FF6FF726A880B49B9E70020EDE700BF1B
S214015040354404005D4404006444040075440400CF
S2140150507B44040089440400A1440400BB440400CA
S214015060DD440400E24404002DE9F04116888AB0CC
S214015070DFF88C80ADF80E300DF10E03C8F8002075
S21401508015460093324610AB07460C46FAF7BCFDB0
S21401509090BB109B8DF824000693BDF80E3004A833
S2140150A0ADF81C30AB898DF81070ADF820306B89E7
S2140150B00594ADF81E60ADF8223023F0ADF9D8B9ED
S2140150C021463046BDF80E30109A01F0C9FF98B956
S2140150D021463046BDF80E30109AFFF741FF58B909
S2140150E0CDE9006039462046BDF80E30109A02F030
S2140150F049FB08B9C8F800000AB0BDE8F08100BF56
S21401510064400020F0B585B004AB03E9030000233A
S2140151101C469DF80D609DF80E70154AD9B202EB3B
S214015120C1004568EDB99DF80C30284600939DF8FE
S2140151300A209DF80B300F4901F05CFA26B1324681
S21401514028460D4901F056FA0C4A0020002C18BFDB
S2140151502246BDF808300A4905B0BDE8F04001F026
S2140151602FBA12F831100133B94208BF2C46D5E7E1
S214015170C4990400F444040005450400F80E040034
S214015180094504004FF6FF7310B5084C88B06288D5
S2140151909A4207D102A90DF1070022F0A9FCBDF839
S2140151A010306380608808B010BD00BF5C570020D7
S2140151B02DE9F04F85B0894692461C460746BDF854
S2140151C03850BDF83C80109E002833D00346464A2E
S2140151D00020464901F00EFA2388002B76D040F2D3
S2140151E00912934274D0424A4249B3F5827F08BFFE
S2140151F00A46CDF804806188002000913E4901F0FE
S214015200F9F9238893B1B8F1020F0FD933783B49E6
S21401521013F0010F3A4A18BF0A4659074FF000002B
S2140152204CBF3379B378374901F0E4F900203649A9
S21401523001F0C6F90023354931F83320AA4249D195
S214015240334A52F833B0002331F83300DA00A8426B
S21401525046D100202E490A44908041F8330047B9D0
S214015260238833B9B4F90230002B02DB082023F07F
S214015270A7F8012023F0E1F89EB13578EB0710D5A9
S21401528015F0040004D042460121304623F022F9ED
S214015290CDE901704346224651464846009622F023
S2140152A039FEBBF1000F06D043462246514648461A
S2140152B0CDE90067D8474346224651464846CDE9E0
S2140152C0006722F0EDFA05B0BDE8F08F114A90E7CD
S2140152D0114A8EE701330A2BAED14FF0000BB2E72D
S2140152E001330A2BB0D1BAE7350604003045040075
S2140152F0F90E04001E4504003E4504002145040045
S214015300294504006F450400094604006C4000204E
S21401531068400020174504001B4504000D4BF0B5FE
S2140153204FF00C0C1F88054600230B4EDCB2BC4226
S21401533001D30020F0BD0CFB04F43019345DAC42FF
S21401534005D144888C4202D104799442F2D00133CB
S214015350ECE700BFEA6C0020F868002073B5012670
S2140153602B4D2C4C2A462046FF2300210096F9F7A8
S2140153707BFD2A462046FF2300210096F9F774FD9F
S2140153802A462046FF2300210096F9F76DFD2A469E
S2140153902046FF2300210096F9F766FD2A4620469F
S2140153A0FF2300210096F9F75FFD2A462046FF23DA
S2140153B000210096F9F758FD2A462046FF230021D2
S2140153C00096F9F751FD2A462046FF230021009654
S2140153D0F9F74AFD2A462046FF2300210096F9F7F1
S2140153E043FD2A462046FF2300210096F9F73CFD9F
S2140153F02A462046FF2300210096F9F735FDFF23B4
S2140154002A46002120460096F9F72EFD02B070BD0F
S214015410CF710300B84000202DE9F84300244FF077
S2140154200C090C4B0C4F1E78DFF830803A88E5B239
S214015430954202D33046BDE8F88309FB0585FF2176
S214015440A86821F07CFA18B9AB799E4238BF1E468F
S2140154500134EBE7D85F0020EA6C0020F8680020F2
S214015460014B1878704700BFD85F0020014B1870B9
S214015470704700BFD85F0020F8B506460C4622F0FC
S214015480BAFF0546C8B9304622F0E7FC0B2815D806
S2140154900B4B03EB00131F7B87B95A88012122802F
S2140154A09A88304662809B79237100F037FA394634
S2140154B06071304600F032FAA07101252846F8BD29
S2140154C0D840002070B504460E46154622F0C5FCAD
S2140154D00B2802D94FF6FF7070BD094B03EB001382
S2140154E01A7B002AF6D146B901222946204600F049
S2140154F03DFA0028EED00088EEE7012EEAD1F4E767
S214015500D8400020FF2313B50DF1070104468DF89E
S214015510073022F06EFF18B19DF8070002B010BDEB
S214015520074B03EB04131B7B0BB1FF20F6E720466A
S21401553000F03AF90028F8D0204600F0E9F9EDE746
S214015540D840002013B5F6F785FC0446F6F788FC2C
S214015550224603461249002001F032F800F084FF8B
S214015560FFF7BAFC00F0A6F80221084602F074FD27
S214015570FFF764FC41F2490023F00DFC4FF0FF13E6
S2140155800093FF2368468DF8043023F0E2FB4FF4C6
S214015590004023F0C0FB002023F0DDFB02B010BD6D
S2140155A0BE45040038B5054622F043FF90B92846AB
S2140155B023F0FDFA044628B140F60443984214BF8E
S2140155C088248D2423462A460020034900F0F8FF4C
S2140155D0204638BD8D24FBE7D64504002DE9FF475C
S2140155E005460E4617469846BDF83090DDF834A0BD
S2140155F0BDF83840CDF80090CDE9014AE4B2FFF796
S214015600D7FD43463A4631462846CDE90094CDF8C3
S21401561008A024F084FAFF21034B044A044804B08E
S214015620BDE8F04700F01ABE685700206457002016
S214015630B0610020044B01461888102240F040401B
S21401564040F48010F7F716BA16970400024B186854
S2140156505968FFF757BD00BF4EDA04000123064A1A
S214015660D15C814202D1054AD05C704702335F2B80
S214015670F6D10020704700BF1E9A04001F9A04004E
S21401568070B500220446094B1D78094BD0B28542FD
S21401569001D8FF2070BD1E78A64204D10029F9D09A
S2140156A05E7BF607F6D401321033EFE7D95F0020B0
S2140156B0D84000202DE9F04198B06B46304A10687A
S2140156C0516803C390680CAA18602E4B14469C467A
S2140156D003F11806154618685968083303C5B3421E
S2140156E02A46F7D112AA1746274B03F11806154684
S2140156F018685968083303C5B3422A46F7D1234AC6
S21401570003AB106851684FF0010E03C390687168CF
S2140157101860DCF83000002206AB03C30C21EC460F
S214015720B068CDE909221860194BDFF86C80197052
S214015730184B0DEB01060B9206AD09A91CF8010BDF
S2140157400132187034F8020B0C2A588037F8020B15
S21401575083F80DE0988016F8010B03F1100303F8A7
S2140157600A0C15F8010B08EBC00043F8080C11F8F9
S214015770010B03F8040CE1D118B0BDE8F08100BFBD
S214015780F04504008E9D0400A69D0400FD4504001E
S214015790D95F0020D8400020889A0400014B187871
S2140157A0704700BFD95F0020034B03EB0013587B03
S2140157B000F00100704700BFD8400020F0B5044655
S2140157C00846D9B100220E4B11461F780D4B1D46D7
S2140157D0D6B2B74201D8002010E01E78A64206D005
S2140157E09E68F688314489B201321033F0E75E7B59
S2140157F0F607F9D505EB02150180A868F0BD00BFD4
S214015800D95F0020D84000202DE9F347894690460D
S2140158101D46074618B9002002B0BDE8F0870029EA
S214015820F9D0002AF7D0002BF5D0002400780DF12E
S2140158300601ADF80640FFF7C1FF0028EBD0394658
S2140158400DF10602BDF8066022F0FCF907460028B5
S214015850E1D00DF10602BDF806A022F01AFA0028E2
S214015860D9D0C9F80070C8F80000037913F02002F7
S21401587019D1DB0614D4BDF806300C4A564413FA87
S21401588086F612FA86F20BE01A790C33920642BFBC
S21401589013F8092C891889B29842F5D8044A0A44A3
S2140158A001202A60B8E72146024BF5E7FC6000209C
S2140158B0DA5F0020C89C040008B50021FFF7E0FE6F
S2140158C0FF2817BF044B084603EB0013587B18BF8D
S2140158D000F0010008BD00BFD84000202DE9F041CE
S2140158E00D4616461F4622F0B8FA0B280AD8074C72
S2140158F03B4604EB001032462946BDE8F04180687D
S21401590022F078BA0020BDE8F08100BFD840002020
S214015910014B0001185C7047D840002070B50C465A
S21401592022F09BFA0B281BD80F4B03EB00139A6847
S214015930C2B10023142618461579D9B28D4200D873
S21401594070BD116806FB0311097B34B911F0800F95
S2140159501CBF0130C0B20133EFE711F0400FF7E78B
S2140159600020EDE71046EBE7D8400020F8B50D46DD
S214015970164622F072FA0B280BD80F4B4FF0140C78
S21401598003EB00139A6800231C461779D9B28F429D
S21401599001D80020F8BD10680CFB0300017B46B956
S2140159A011F0800F03D0AC42F4D00134E4B20133DD
S2140159B0ECE711F0400FF5E7D84000202DE9F04F55
S2140159C0064600243A4B87B01B783A4F0093009B5B
S2140159D09C4207D2FF2E08D0304622F03EFA0B2812
S2140159E0044606D907B0BDE8F08F07EB04131B7B0E
S2140159F02BBB23014FF00008019307EB041A14E0B8
S214015A0014221B6802FB05352B89B3F5967F01D955
S214015A1029F040FB4FF000094FF00C0B29891FFAC3
S214015A2089F291420ED808F10108019B5FFA88F5C8
S214015A30FB189B681A79AA42E2D8FF2ED2D101340C
S214015A40E4B2C4E71FFA89F00BFB00F06B68191883
S214015A500A7912F0100F23D19AF800E012F0400FE5
S214015A608DF80CE0B5F800E0185AADF80EE00CBF62
S214015A704FF0400E4FF0800EADF8120028468DF81C
S214015A8010E022F0ABF85307ADF81400C8780AD539
S214015A900228896800D90968002203A822F07AF949
S214015AA009F10109BAE702288CBF89680831F3E7D2
S214015AB0D95F0020D8400020052370B5094A068822
S214015AC01488B44208D19578047B2C403F2C03D926
S214015AD00D4201D0506870BD013B02F10802EFD1C2
S214015AE01846F8E7389D040070B50024074D084EA7
S214015AF02B78E0B2834200D870BD06EB0010437BE2
S214015B00DB0701D522F088FA0134F1E7D95F0020DE
S214015B10D8400020F8B50C4600210546FFF7B0FD39
S214015B20FF2829D0154A060102EB00135B7B03F020
S214015B3001016CB143F001031644A142737305D011
S214015B40C4B100B202EB001022F066FA0120F8BDE3
S214015B502346F1E77B4311682846CA18127BC95AC7
S214015B60D20921F0C5FE0134B268E3B21179994237
S214015B70F0D8EBE71427F7E70846E8E7D840002017
S214015B80F0B59446497D20B339B3012918BF0421E5
S214015B9000254FF6FF702F462A46144E348864457A
S214015BA011D196F803E01EEA010F0CD0B4789C429E
S214015BB009D30AB1BC4206D81EF0100F03D08AB131
S214015BC0BC420CD370B90135072D06F10406E5D1A8
S214015BD0F0BD002908BF0821D8E70221D8E72746EB
S214015BE00020F0E727460122FAE700BF1C9D0400CB
S214015BF02DE9F04F0A9FBDF824E09DF82C809DF812
S214015C0030904C7D78B394B3012C18BF0424002542
S214015C10194800F11C0C068896421ED190F803B074
S214015C201BEA040F19D08678464516D31BF0100FD1
S214015C3091F80FA004D0BAF1000F0ED0B1F810A061
S214015C40BAF1000F09D1A94513D0AE4511D95E5559
S214015C503E88013501363E80ADB204306045DAD16A
S214015C600120BDE8F08F002C08BF0824CDE70224F0
S214015C70CDE70020F5E700BF1C9D04002DE9F04F9D
S214015C800024B1F57C4F0E4638BF4FF0010BA246FB
S214015C90A1464FF6FF781F4628BF274B85B028BF81
S214015CA0B3F800B0009001925C4503D3404605B0BE
S214015CB0BDE8F08FB6F57C4F0CD3204B3A4603EB8C
S214015CC0840331465B880098FFF708FE054680B3DB
S214015CD000232AE03A463146009822F0EEF8F5E72E
S214015CE00C229CB254436A680199105B02EB040CC7
S214015CF0884219D3B9F1000F01D0504514D8614636
S214015D002846CDE9023221F069FF029B60B1039A71
S214015D10125BB9F1000F03D0524501D3804503D978
S214015D20924680464FF0010901332A899CB2A2426D
S214015D30D6D80134A4B2B7E77E9A0400809A04004C
S214015D402DE9F04F91461A4600238BB08DF820209E
S214015D50BDF850208DF81C00ADF81E10ADF82420BB
S214015D6005460F461A4604A907A8159C9DF85860D3
S214015D709DF85CA09DF860B09DF864800493ADF832
S214015D80229021F0B3FF049850B92B46CDE9007953
S214015D90644A654900F014FC86200BB0BDE8F08F1C
S214015DA0BAF1000F14D18378B34206D050465D4A4B
S214015DB05E4900F005FC8D20EFE7037913F001033F
S214015DC006D11846574A5A4900F0FAFB8820E4E7FC
S214015DD003795B072CD583685A689B6805920693FE
S214015DE0807822F019FD049B0546DF782146022FB4
S214015DF003463A4610D805A822F0CAFC81462B462F
S214015E003A46214606A822F0C3FCB9F1010F01D09B
S214015E1001300DD18720C0E7059822F0B9FC012892
S214015E20F8D02B463A462146069822F0B1FCEFE719
S214015E30BBF1000F6FD1049F4FF6FF722146B87871
S214015E4021F06AFE00286BD0BDF82430C5B200935D
S214015E50CDE902549DF82030BDF82220BDF81E1071
S214015E609DF81C00019622F0D3FA002895D1BDF8C2
S214015E702430CDE902540093BDF822209DF820304D
S214015E80BDF81E109DF81C00019622F09FF8002810
S214015E9083D121469DF8682007A821F07BFF0028C2
S214015EA07FF47BAFB8F1000F07D03B462046BDF824
S214015EB01E209DF81C1022F010F8BDF82430BDF805
S214015EC02220BDF81E109DF81C000093CDE9016448
S214015ED09DF82030FEF7E2FABDF82430BDF8222006
S214015EE0BDF81E109DF81C000093CDE902549DF8E4
S214015EF02030019622F08BFABDF82430BDF822201E
S214015F000093BDF81E109DF820309DF81C0022F06D
S214015F1035F8002041E70020064900F051FBF8E77C
S214015F2001203AE70A4604001646040042460400E9
S214015F30564604006A4604007FB500258DF80830F1
S214015F40BDF820308DF80400ADF80610ADF80A2033
S214015F50ADF80C306946BDF82830099A01A80B9EA9
S214015F60009521F0C3FE044630B916B1009B9B781C
S214015F703370204604B070BD8928FAD128460249FC
S214015F8000F01EFBF5E700BF874604002DE9F04F41
S214015F904FF0000AC7B0FFF701FC5FFA8AF6B0427D
S214015FA002D847B0BDE8F08F5B4B36019A5D002002
S214015FB05A4900F005FB0020594900F001FB002377
S214015FC00593554B9DF8144033449B681A79A242B9
S214015FD002D80AF1010ADEE714224FF000091B6815
S214015FE002FB043422891FFA89F39A4202D8059BE0
S214015FF00133E5E70C231FFA89F803FB08F8D4F808
S21401600004B029F047F80BEB08052B79454913F046
S214016010400F3BF8083022884FF000000093424BB7
S21401602018BF0B46414900F0E5FA2946204621F003
S214016030D5FD074600283CD13D4900F0DBFA297919
S214016040DFF814C111F0010F3A4818BF604611F08D
S214016050020FAA78EB7832D1DFF800C111F0100FE9
S214016060354918BF6146CDE900010020334900F0EB
S214016070C1FA2B793BF8082013F0400F4FF0000BC4
S2140160804FF0FD030DF118082188CDE9023BCDE95B
S214016090007821480CBF40238023805DFFF74CFF2A
S2140160A086280ED12649002000F08AFA09F1010956
S2140160B098E702462349002000F09CFABFE72249F0
S2140160C0D1E7A87821F07AFDD8B1404622F008FA47
S2140160D0421C92B201234146002000F0D5F9394610
S2140160E0208801F001FA4FF6FF73984207D0174B4C
S2140160F0174903EBC0035A68002000F061FA1549FE
S214016100D1E7A87821F060FD20B1404622F0EDF9F4
S214016110821CDEE7EA78DDE7D8400020D946040095
S214016120E7460400B1460400B646040027470400CB
S2140161309E370400BE460400C14604003B470400E7
S21401614057470400F84B0400C9460400089E0400A3
S2140161507E16040009460400BB460400D14604002E
S2140161602DE9F04FC7B0BDF844A10646BAF1040FB9
S2140161700D4614461F46BDF840B163D9CDE9013B33
S21401618000920B4602463049002000F019FAFD2322
S2140161900DF117090DF118083046029322463B46C9
S2140161A02946CDE900B8CDF80C90FFF7C5FE0646A6
S2140161B0B8B9FD22414699F8000021F0ADFC07462A
S2140161C0C0B1AAF10403834238BF8926204622F0D3
S2140161D044F98EB1304600F01BF9304647B0BDE8B1
S2140161E0F08F009023462A460020184900F0E8F96F
S2140161F00027EBE78926E9E7DFF85CA0BA1CBAF8C6
S2140162000030C3F1FF039A4219DA304600F000F974
S21401621099F8000000F0FCF8BAF800900C483A46ED
S21401622041464844B94404F021FFAAF800902346A9
S2140162302A4630460749009700F0C2F9CDE7892083
S21401624000F0E6F88926C8E7634704009E47040085
S214016250B0610020C54704006457002010B5044C07
S21401626020600448018004490A60044A136010BD96
S214016270A0410020625700209C4100209841002048
S21401628030B587B00AAC0D4654F8041B0093CDE92F
S214016290011413460949024609480988006805940D
S2140162A021F0DBFF4FF48A52064B1B681880064B21
S2140162B01B685D80DA8007B030BD00BF62570020E2
S2140162C0A04100209C4100209841002008B410B550
S2140162D087B009AB0C4653F8041B0092CDE90113B5
S2140162E002460B490B48059309880023006821F0F4
S2140162F0B4FF4FF48A52084B1B681880074B1B6883
S2140163005C80DA8007B0BDE8104001B0704700BF7E
S21401631062570020A04100209C41002098410020A7
S214016320044A034611680448044A0988126800684A
S21401633021F06CBA9C41002098410020A041002029
S214016340044B054A1B6812681988044B186821F02B
S214016350D0B900BF9C410020A041002098410020F8
S21401636007B5074B1B681B880192064A1268009204
S214016370054A126821F01EFA03B05DF804FB00BF5F
S2140163809C410020A0410020984100201FB51446E2
S214016390064A12681288CDE901430091044B05496B
S2140163A01B68096821F0E2F904B010BD9C41002089
S2140163B0A041002098410020014B1868704700BF9B
S2140163C098410020024B1B6818715971704700BF35
S2140163D09841002010B50024084B1C70FEF75EFCA7
S2140163E0074BFF2218802146064804F0AFFC064BF7
S2140163F01C80064B1C605C609C6010BDBA6200206D
S21401640066570020B06100206457002068570020BE
S21401641007490B88FE2B9FBF064AD054581C80B2F2
S2140164209DBF088000F1FF3080180020704700BF34
S21401643064570020B0610020F8B5094F0D463B882F
S2140164405C18FE2C0ADC074E0A46A4B20146F01878
S21401645004F0CEFC3C80641BA019F8BD0020FCE7CC
S21401646064570020B0610020024B034A00201A60E6
S214016470704700BFA4410020849A0400014B18789D
S214016480704700BFD840002030B4044D044C002BA8
S2140164900CBF2B46234630BC22F04BB82507040020
S2140164A09848040070B5054608460C4622F018F8D0
S2140164B0611C0246024B2846BDE8704022F039B8FE
S2140164C0B74F040000B5037889B0069343783E229F
S2140164D00593837808490493C37803930379029359
S2140164E04379019383790093C3790448008800F0C7
S2140164F081F809B05DF804FBF347040074570020E7
S214016500024B02460249188800F05AB87457002018
S214016510910D04002DE9F04705460E461746002466
S214016520DFF84480DFF844A0DFF84490AC4201D1A4
S214016530BDE8F087B8F8000006EBC4015346082210
S21401654021F0F7FF0134B8F800003FB9044AA5422C
S21401655008BF4A46034900F04DF8E7E74A46F9E71F
S21401656009460400900D0400745700209848040062
S2140165701AF803002DE9F0410E4E0446308821F04A
S214016580F0FFA8B100250C4FDFF83080E3070AD5ED
S21401659018B94146308800F02DF830882A46394629
S2140165A000F028F8002001351B2D4FEA5404EDD1E8
S2140165B0BDE8F08174570020EA3304003B4504002F
S2140165C00EB417B505A9044651F8040B019103F062
S2140165D0BFFA01210220054AF8F766FF044B1C802A
S2140165E003B0BDE8104003B0704700BF0946040081
S2140165F0745700200EB417B505A9044651F8040BCC
S214016600019103F0A5FA034B1C8003B0BDE81040CE
S21401661003B070477457002013B5036804465879D1
S21401662000F032FF90B923685A88032A0ED0E17C25
S2140166305B79CDE900211649164AFFF7C1FF012112
S214016640204622F02EF8012002B010BD637D012BFA
S2140166500AD0637D33B92368228A5988587921F094
S21401666008FC48B9C3200AE02368228A5988587969
S21401667021F008FC0028ECD0204621F074FF064BE0
S2140166801B78002BDFD110F5807FDCD0C1B2D7E7B5
S2140166902048040018480400B1620020002970B5A3
S2140166A00F491D460F4B14460CBF6E227922002857
S2140166B008BF0B4600200C49FFF79CFF0B4E2544F4
S2140166C0AC4205D1BDE8704000200949FFF778BF0C
S2140166D03146002014F8012BFFF78CFFF0E700BFCE
S2140166E0594804004F4804006248040096480400D4
S2140166F0272B04002DE9F04FC27C8BB00592427D1A
S2140167000368002A14BF80224022077D044685685C
S21401671086895879B846B3F80290069200F0B4FE1E
S214016720A0B9059B052B05D86FF02D03059A1341DB
S214016730DB070BD5B9F1030F08D0AB490020FFF7F3
S2140167403FFF0121204621F0ACFF76E0E37B1BB141
S214016750228A002A00F0B781607D0022B0FA80F01C
S2140167605B4203F00403DFF88CB2400943EAC00041
S214016770ABF80020FFF74CFEE37B1BB3208A21F029
S2140167806CFE8246A07CFFF743FE059A162A00F2AD
S2140167909A81DFE812F019009E016C005600D201C2
S2140167A06C009201D9019A01E001E701EE0139017D
S2140167B0020298019801980114025802140270020C
S2140167C0390102029A46DDE700204B46874A88498E
S2140167D0FFF7F6FE0120FFF71BFE08F10207B7429E
S2140167E029D841463246284621F074FE8046236861
S2140167F042465879BBF800304946C3F1FF039BB2C5
S2140168000193238A0093069B23F0C3F910B11FFA64
S21401681087F8E2E7236842465879BBF800304946D4
S214016820C3F1FF039BB20193238A0093069BFFF7F4
S21401683097FC8928EBD121F02EFF01200BB0BDE893
S214016840F08F4FF0000B0420FFF7E2FDF31E0893D4
S214016850089B984552D3BBF1000FECD1E37B94F82B
S2140168601480002B0CBF02220422624B1A804FF0C8
S214016870000B0420FFF7CCFD5F4608F1030A5645DE
S21401688040F29D8032464146284621F023FE05EB24
S21401689008039B78F21EAA44A2EB08020790514611
S2140168A0184692B2099321F037F90890002879D05A
S2140168B02268099B5079CDE901A3238A49460093B2
S2140168C0DDE9063221F057FC82464A460020079B46
S2140168D04949FFF78FFEBAF1000F55D10BF10103BD
S2140168E0504646495FFA83FBFFF76AFE089B08F1AC
S2140168F0030813FA88F81FFA88F8BEE732464146BD
S214016900284621F0E7FD05EB08039F78089B08F170
S2140169100301A3EB08022944824692B23846099144
S21401692021F0FAF8079068B3236809995879029715
S2140169300191238A524600934946069B21F06BFC3F
S2140169400746B8B10BF1010338465FFA83FBFFF740
S2140169505FFD504621F081FD53464A4600202649F8
S214016960FFF72EFE3A4600202549FFF729FE802F25
S2140169703FF471AF079B08F1030813FA88F81FFA72
S21401698088F865E78027DDE75046FFF741FD079861
S21401699021F063FD0137524600201949FFB2FFF787
S2140169A00FFEA3E78720FFF733FD079821F055FD7B
S2140169B00137872212490898FFB2FFF701FE059BAF
S2140169C0052B3FF43AAF002F7FF435AFBBF1000F34
S2140169D005D10C495846FFF7F3FD8021B2E638464B
S2140169E0FFF716FD27E700BFE3FD0300A3480400F9
S2140169F0F048040064570020AD480400F047040046
S214016A00C9480400D34804000599A84AA84B0020A9
S214016A10152918BF1346CDF80090A64AA649FFF7D8
S214016A20CFFD059B0C2B14BF16200D20FFF7F0FCA5
S214016A3032462846394621F04DFD059B3D440C2B38
S214016A400646AD7835D1192D28BF1925E37BB3B19C
S214016A504FF6FF73278A9F4211D120683246494676
S214016A60069B4079FFF70AF9B84208D0BAF1000F41
S214016A7005D020828AF80000000A8AF8010000206A
S214016A80BBF80070FFF7C4FC236832465879059BB3
S214016A904946A3F1150CDCF1000343EB0C03CDE9E9
S214016AA00153238A0093069B21F0D9FA834BD855CC
S214016AB0C1E6132D28BF1325C8E72046FDF776FB50
S214016AC000287FF4BAAE81213CE62046FDF722F885
S214016AD0F6E7B9F10A0F05EB0708A6EB070A21D17D
S214016AE0DFF8DCB19BF80030E3B1E37BD3B9BAF150
S214016AF0080F17D132463946284621F0EBFC88B9F3
S214016B0098F8023073B998F80320E22A0AD132467F
S214016B10391D2846059321F0DAFC21F0A7FD059BD7
S214016B208BF80030414648461FFA8AF223F033F8C4
S214016B3000287FF482AE002104E6F21B484692B29A
S214016B40E91921F084FCF3E7F21B484692B2E919F1
S214016B5021F040FCECE7F21B484692B2E91921F01D
S214016B6063FCE5E7F21B484692B2E91923F015F8F3
S214016B70DEE72368EE5D5879238A0137ED5D0193E0
S214016B80069B3246494600932B4621F0A7F92A4632
S214016B903146484621F020FC4FE605987A1CE95D0F
S214016BA0B31AA0F11606704270410039009018BF62
S214016BB0012148469BB22A4421F010FCB8E7059B08
S214016BC0EE5D112B3D446F7838D11220FFF720FC83
S214016BD00025E37BB3B14FF6FF73B4F810809845F8
S214016BE010D133464A4621462846FEF7C9FF40459E
S214016BF008D0BAF1000F05D020828AF80000000AFA
S214016C008AF80100BBF80080DFF8B0A0C8F1FE02E8
S214016C1092B208F10103009253444A46214628469F
S214016C20CDE90267CDF804B0FEF7E2FFBBF800300D
S214016C300AF808000133ABF80030FCE51420FFF732
S214016C40E7FB0125C5E77B1C9E422CD3EF5D1D4467
S214016C50003F18BF0127F31A9EB233462A4639462B
S214016C600020FFF71BFD00962B463A464846218A30
S214016C7021F0B8FB5CE77B1C9E4214D3EF5DF61A4D
S214016C80003F18BF01271D44B6B233462A4639468F
S214016C900120FFF703FD00962B463A464846218A17
S214016CA021F09EFB44E70020C8E500BF094604002A
S214016CB09E480400E4480400EE480400B061002049
S214016CC0AF62002038B54FF6FB750446A9424FF077
S214016CD001019DF8100098BF43F400432170238101
S214016CE06260A07202230020084A0949FFF768FC87
S214016CF0E07A084B40F6CA0203EB4010FF211FF072
S214016D0006FEBDE83840042021F05ABBFE480400C8
S214016D1009490400E841002030B5054685B028B988
S214016D201D4905B0BDE83040FFF74ABC0024007B92
S214016D3021F0E6FB2046194A19492C70FFF740FC62
S214016D40184BE87AFF2103EB40101FF0F1FD2046B7
S214016D50154B02019A5C22B901300428F9D121F0C1
S214016D606CFB696899B1B5F908302A899B1303F061
S214016D7002038DF80430C2F30E03ADF806304FF669
S214016D80FF73ADF80830002301A80393884705B0C8
S214016D90BDE8304021F0B9BB34490400FE48040088
S214016DA066490400E8410020A8410020094803780C
S214016DB073B91946084AD3720133042B1173117043
S214016DC051601181917202F11002F4D10123037016
S214016DD0704700BFB0620020A841002008B5FFF749
S214016DE0E5FF002305491A018A5C01EB03101AB17D
S214016DF00133042BF7D1002008BD00BFA8410020B5
S214016E0070B50D460646FFF7D1FF0023094800EB93
S214016E100514A17AB14205D1217819B12B4400EBB2
S214016E20031070BD0133042B04F11004F1D10020CE
S214016E30F7E700BFA841002010B50446FFF7B6FFEC
S214016E400E4B9C4212D003F12002944210D003F163
S214016E50400294420ED060339C420DD10323084871
S214016E6000EB0310BDE81040FFF756BF0023F6E71E
S214016E700123F4E70223F2E70020F3E7E8410020CC
S214016E80A841002070B50024064D074E284632461C
S214016E9000210134F8F71EF8042C05F12005F5D180
S214016EA070BD00BFE8410020396E01002DE9F341B5
S214016EB005460C4617469846FFF790FF064640B92A
S214016EC01C4A1D49FFF77CFB0224204602B0BDE8A0
S214016ED0F0814FF6FB739D420AD94FF6FD739D4232
S214016EE004D00020134A1549FFF76AFB4FF6FD75DB
S214016EF0434621463A46284621F0A0FB044600F0C8
S214016F002FFE804634B1234600200A4A0C49FFF77B
S214016F1057FBDAE73B462046064A0A49FFF750FB8D
S214016F20062329463046089ACDF80080FFF7CAFEA8
S214016F30CBE700BFFE480400734904009D490400E6
S214016F40D2490400FB490400F7B506460C4617462D
S214016F50FFF744FF054638B9104A1149FFF730FBE1
S214016F600224204603B0F0BD21464FF48A52304633
S214016F7021F02CFD044600F0F3FD34B12346002039
S214016F80064A0849FFF71CFBEBE7009004233A4644
S214016F9031462846FFF796FEE3E700BFFE480400A9
S214016FA073490400234A0400F7B506460F46FFF767
S214016FB015FF054638B9104A1049FFF701FB0224B0
S214016FC0204603B0F0BD002240231146304621F092
S214016FD0DCFE044621F0D7FE34B123460020064AE3
S214016FE00749FFF7EDFAEBE7009001233A463146F1
S214016FF02846FFF767FEE3E7FE48040073490400EE
S214017000564A040073B504460E46FFF7E7FE0546EA
S21401701038B9104A1049FFF7D3FA0224204602B0C5
S21401702070BD00222046114621F0B1FE044621F033
S214017030AAFE34B123460020064A0849FFF7C0FAE3
S214017040ECE70090234632464FF6FC712846FFF7E0
S21401705039FEE3E7FE48040073490400844A04004D
S2140170602DE9F0418846107800219EB014461D4651
S214017070FFF7C6FE0646002800F0FD800778002FC1
S2140170807BD0B8F80010002940F0F5800389B8F8E5
S214017090022043F40040824240F0ED8061780029EE
S2140170A06BD1A2F50042062A00F2E580DFE812F075
S2140170B0A100A100E300E3000700B8006900E3882F
S2140170C00D3DADF82430238915F00105ADF82630C5
S2140170D063798DF82830E37A03F1060214F812205A
S2140170E08DF814308DF81C2042D10BA98E460691DE
S2140170F004F10C005FFA85FC9C4500F1020009D200
S21401710010F8018C10F802CC01350CEB082C2EF887
S21401711002CBEFE701EB43011A440891D2B25900C2
S21401712001F10D009A42C0B20BD025186D78205C93
S2140171307831694400EB0520013321F84C0CDBB2B1
S214017140EDE7B6F908203389002AACBF01220322F5
S214017150C3F30E038DF808206288ADF80A3005AB3C
S214017160ADF80C20049302A9304621F052FA04E04F
S214017170424A43490020FFF723FA38461EB0BDE8CD
S214017180F081042D02D83D4A3E49F3E72379053DB7
S214017190ADB29D42B4F8028002D0384A3A49E9E7D6
S2140171A03A4A3B4B0020002D08BF13463949334A63
S2140171B0CDF80080FFF704FA05348DF81450B6F9BF
S2140171C00830069485B1002BACBF012303238DF84C
S2140171D02C303389ADF83080C3F30E03ADF82E3072
S2140171E005AB0D930BA9BFE7002BACBF0623052308
S2140171F0EDE70B2DC7D9D4F80200D4F8061013F426
S214017200004F05AA03C20CBF042203228DF82C20CE
S2140172106289C3F30E03ADF83020ADF82E30DFE7F8
S214017220042DB0D96388ADF8303023790533DBB24D
S2140172309D4206D00020114A17490095FFF7C0F974
S2140172409BE70E4A00201549FFF7BAF9B6F9082060
S2140172503389002AACBF01220322C3F30E03ADF823
S2140172602E3005AB0D93631D069323798DF82C20E4
S2140172708DF81430B6E700277FE700BFFE4804000C
S214017280B14A0400D94A0400ED4A0400A1050400ED
S21401729009460400144B0400314B0400724B0400F1
S2140172A0304BF0B5B0FBF3F24FF4616503FB12000F
S2140172B0B0FBF5F3DCB205FB13033C25B3FBF5F39A
S2140172C0DBB2A0EB04104B71C3EB0313A0EB8300FE
S2140172D04FF4FA630B8040F201134B8001230C71CB
S2140172E01F4600246425204E8871944200D1F0BDCB
S2140172F091F802C013B1BCF1020F2BD006EB0C00C3
S21401730010F801ECC87870450BBF012001300CF174
S214017310010CC0B208BF81F802C0C87088780D2879
S21401732016D10B888F7001339BB298070B8014D14E
S214017330B3FBF5F005FB103080B280B94FF4C8708E
S214017340B3FBF0FC00FB1C339BB2B3FA83F35B097F
S2140173500134CAE74FF01D0ED4E70023F8E70123F6
S214017360F6E700BF80510100CA9D040010B504462F
S21401737088B006A9FFF794FF9DF81E300A480393CC
S2140173809DF81D30049402939DF81C309DF81A2038
S2140173900193BDF818300549009300889DF81B300D
S2140173A0FFF70EF908B010BD745700208B4B040090
S2140173B0026808B51188154B198051885980517992
S2140173C01971117959714FF48A51D980D28812F006
S2140173D0200F0CBF0A464FF48B528169DA800C4AA3
S2140173E0137831B9C0880B4923F002030880137063
S2140173F008BD43F002031370074B152218460131EE
S21401740003F0F6FC002200F8012CF1E76857002093
S214017410BA620020665700207757002010B5184C36
S2140174202368587920F019FD0B2822D8154B03EB59
S2140174300010027B237F9A421BD123684288198859
S2140174408A4205D04FF6FF70814212D1120410D441
S2140174502279023A012A06D9A37B63B9BDE8104016
S2140174600748FFF747B9198958791FF02CFE0028FD
S214017470F2D1002010BD0248BDE81040FFF7CCB89D
S2140174806C420020D840002008B520F0E6FC0B280E
S21401749096BF024B0020185C08BD00BFBF620020EB
S2140174A008B5002021F02CF8FF2020F009FD21F07E
S2140174B02CF820F0D1FEFEF771F9012102460648AC
S2140174C003F044FC054BFF21054A0648FEF7C6FEBD
S2140174D0BDE80840FEF708BBBF62002068570020E1
S2140174E064570020B0610020F0B5002204464FF634
S2140174F0FF750B4F90B237F830600346AE4201D1AC
S2140175002846F0BDA64209D1B4F57C4FF9D307EB66
S214017510C3035B888B42F4D00029F2D00132E9E73D
S214017520089E040010B50446FFF7DEFF094A03462D
S21401753010884FF6FF72934214BF074A2246BDE8F1
S214017540104017BF02EBC30304495A680449FFF70A
S21401755051B800BF74570020089E0400AE4B0400CB
S2140175607E160400034B18780130C0B2187000F084
S2140175707F0070474E6D0020044A137818B143F01F
S21401758001031370704703F0FE03FAE7BA620020A6
S214017590014B1870704700BFBD62002038B1074B21
S2140175A01B78012B04D1038843F040030380704706
S2140175B0022BFCD1038823F04003F7E7BD620020CD
S2140175C068B1074A1378012B07D1064B1B78137055
S2140175D0037843F01003037001E0022BF8D07047E4
S2140175E0BC620020BB6200207FB50121264B274EDE
S2140175F0197033780246D90744D42549096881B100
S2140176000868C1888D0641BF224CE18841F02001FF
S214017610E180C1884C0641BF1E48C18841F0400147
S214017620C1801D4D1D492878097840074CBFE97077
S21401763069701B4913F00204098809D0164A1948D3
S21401764020F0E0FE337823F00203337004B070BDFF
S214017650154B18884FF6FB73984208D80B46CDE9B0
S214017660005201460B4A204620F0A4F8EEE74FF6FA
S214017670FF73CDE9014200930A46074B054920F006
S21401768075F8E3E70020E1E7B1620020BA62002066
S2140176906842002068570020B06100204F6D00202E
S2140176A064570020765700206657002070B503798E
S2140176B00446012B0D46164631D883681B78DB0637
S2140176C000D561B3A37B13B9E37C0B2B27D0002233
S2140176D0144B1A80637DB3FA83F35B09D800E37B0E
S2140176E0ABB9FEF795FEA07CFEF792FE0B20FEF7E7
S2140176F08FFEE07CFEF78CFE2846FEF789FE2046CC
S214017700FFF756FE3046BDE87040FFF76DBF40F00C
S2140177100400FEF77DFE208A20F09FFEE3E70020AE
S21401772070BD00BF64570020024B0A460146186828
S214017730FFF7BCBF68420020F0B4054618460F4B61
S2140177400C461B78BDF81010012B0D4E01D0377872
S21401775027B1002333700020F0BC70470CB9002A13
S214017760F9D143B14FF65743994204D02B462246EE
S214017770F0BC20F02DBE0120EEE700BF506D0020CA
S214017780BE6200202DE9F04F684C4FF0000A2546F6
S2140177908446964698460F46654B664E83F800A08B
S2140177A00FCE0FC596E80F0085B085E80F00DDF80F
S2140177B03C90BDF8383072460093394643466046E1
S2140177C0CDE9019400F0DCF8DFF89081064670B947
S2140177D00025FEF7FFFD16220021574803F0B6FAF2
S2140177E000232846C8F8003005B0BDE8F08F534B9B
S2140177F0A27CC8F800401A70514B1B78002B36D07B
S21401780020F036FF4F4902465046FEF7F3FE226847
S2140178105046537952884C490092A289FEF7EAFEF7
S214017820504620F09EFE20B12368218A5888FFF733
S21401783079FEE37B23B10020228A4449FEF7DAFE73
S214017840A36800201A78E37C41490093A37CFEF7E5
S214017850D1FE207DA289A168121A014401230020CD
S21401786092B2FEF711FE00203A49FEF7A9FE2F4814
S214017870FFF79EFD2D4822F087F9054630BBB9F18A
S214017880000F25D12168E0880B8801904988BA1E2F
S214017890032A00918CBF002201220121E07CFFF720
S2140178A04BFF38B923685B79FF2B3AD0FFF7B6FD5B
S2140178B005468EE72368DB889A06F3D40121264C19
S2140178C01A48217020F0EDFE84F80090354680E7D6
S2140178D0B9F814309B07E5D47AE75846FEF718F84E
S2140178E082465846FDF760FF88B123685046228AD3
S2140178F0598820F0B5FA50B13846FFF759FD23688C
S21401790089F804A083F805A0FFF788FD00B928468A
S21401791005460136FDF742FF5FFA86FB5845DCD87F
S21401792057E70026014FDFF83890F3E76C42002056
S214017930B1620020E89D0400765700204F6D0020BC
S2140179404D6D0020C74B0400D04B0400F14B0400E2
S214017950FD4B0400F2FE0300BE62002068420020D8
S214017960685700200023054AD15C814202D31A449D
S214017970507870470233DBB2F6E700BFD69D0400AD
S21401798073B515462E781A4616F0040F0CBF03265B
S21401799005269E42089C08D9224A234900960020C3
S2140179A0FEF70EFE002002B070BDBDF81830217142
S2140179B02060E380A560A2812B7803F00103A37306
S2140179C02B7803F00403002B14BF01210021E1737F
S2140179D02978C1F3C00161754FF00101217518D0F6
S2140179E0284620F077FD237D208202332375227DF1
S2140179F0531CDBB22375A95C0232D2B2A174227584
S214017A00EB5CE374A3899A4205D900920749054ABB
S214017A10C5E72382EBE7079B0120A36100232377B9
S214017A20C1E700BF35060400404C04005C4C04006E
S214017A302DE9F7430024204FDFF89C80DFF89C9067
S214017A40E0B221F0D6F8FF2805460FD123460121E2
S214017A5002201A4AF7F728FD194B013418781EF050
S214017A6058FB152CECD103B0BDE8F08346B238EADA
S214017A70260328BF4B4601210093022057F82430E5
S214017A80104AF7F711FD002EE6DA0923E340DB077B
S214017A900AD50D4A0D4B15F0010F18BF1A460121E4
S214017AA00220F7F701FDD7E70A2CD5D1084A094B82
S214017AB015F0010FF1E700BF209E0400B54C04004D
S214017AC0516D0020DD4C04008E4C0400784C0400FF
S214017AD0AA4C0400A04C0400A105040009460400B9
S214017AE008B554220021024803F030F9002008BDF1
S214017AF06458002008B55422FF21024803F026F9F5
S214017B00002008BD10580020024B23F8101000205A
S214017B10704700BF10580020002310B4074ADCB29B
S214017B20A14203D85DF8044BFFF7DABF2A2BF9D040
S214017B3032F8024B20F813400133F0E76458002076
S214017B40002310B5054A994201DD2A2B00D110BD4C
S214017B5032F8024B20F813400133F4E76458002052
S214017B60024B187800F07F00704700BFCB62002000
S214017B70034B18780130C0B2187000F07F007047D0
S214017B80CB62002030B51C4600238BB0ADF8222016
S214017B90021D92B2012A0E9DADF82030ADF81E10DE
S214017BA0ADF81C3003D94FF6FF7290420FD1002278
S214017BB0CDE90352CDE90124094B01461B784FF666
S214017BC0FF70009307AB21F032F80BB030BD0146D1
S214017BD0CDE901531846009407AA21F044F8F4E7CA
S214017BE0526D002038B505464FF480500C4603F020
S214017BF0B3FA4FF480532860236030B940F2A511E0
S214017C00BDE83840014827F038BA38BDCC4D0400ED
S214017C1000487047425B0020014B1878704700BF50
S214017C206E6D0020014B1888704700BFF26C002073
S214017C30014B1878704700BF676D0020014B18781C
S214017C40704700BF5E6D0020014B1878704700BF7B
S214017C50616D0020014B1878704700BFD06200208C
S214017C60014B1870704700BFD0620020014B187896
S214017C70704700BFCF620020014B1870704700BFED
S214017C80CF620020014B1878704700BF626D00205C
S214017C90014B1888704700BFF06C00202DE9F74FA4
S214017CA0414B424A0193424BDFF844911B78DFF87F
S214017CB04481DFF844E1DFF844C13E4F3E4E3F4D7C
S214017CC03F49404802EB431A019B524503F120030A
S214017CD009F1200908F120080EF1200E0CF1200C04
S214017CE007F1200706F1200605F1200501930FD1C3
S214017CF000221146344B324D1C78344E344B314FF2
S214017D00D0B2844203F1200346D803B0BDE8F08F19
S214017D10304B314C5360002349E907432F4CDFF8C1
S214017D20E0B048E907432E4CC2E902304EE907436A
S214017D302C4C11604CE907432B4C136147E9074370
S214017D402A4C49E9050348E905034EE905034CE9D0
S214017D50050347E9050349F8201C48F8201C4EF89E
S214017D60201C4CF8201C47F8201C46F8201C46E92D
S214017D700743019C45E907B3DFF888B046E90503E8
S214017D8045E9050344E907B344E9050345F8201C22
S214017D9044F8201C203297E743E9085643E90617C2
S214017DA043F8101C0132ABE7B4450020D44600204E
S214017DB0756D002014460020F4450020D4450020AF
S214017DC050550020094604006C6D002009C40200CD
S214017DD054460020616D0200E5B20300C181020035
S214017DE0E90C03003FC30300A9A402009D8B030016
S214017DF0B4460020944600207446002034460020F5
S214017E00193A0300656A0200002208B5074B1A609A
S214017E105A6020F0AAFE064B187020F0A6FE054B0D
S214017E201870054B1A78054B1A7008BDF2540020DD
S214017E302B6300202A6300205F6D00202963002049
S214017E40002100B593B008466A460AF0FBF90146E0
S214017E50C8B90E4B0E4A09930E4B0D920A930E4A61
S214017E600E4B0E920B930E4A0E4BCDE90F230C933D
S214017E700D4B6A4611930AF09BFC003818BF01208F
S214017E8013B05DF804FB0120FAE700BFF9AD03006B
S214017E905D7B0200FDAF03008D440200DF8B030013
S214017EA05D9202005DB00300AD750200084B1878C4
S214017EB0112806D8012809D9064BC34003F0010052
S214017EC07047A0F14303584258417047002070475D
S214017ED02D6300203400020008B5064B1B78013BD9
S214017EE0022B05D80020FFF7E1FF0138C0B208BD1C
S214017EF0FF20FCE72E630020044B00F1100250F82F
S214017F00041B904243F8041BF9D170472F630020ED
S214017F10044B03F1100253F8041B934240F8041B70
S214017F20F9D170472F63002030B5002491B0114B72
S214017F300546214614220BA8CDE9094302F006FFA7
S214017F40102209ABCDE900440693CDE90452CDE9F0
S214017F500252094B09490AA81DF0DAFC04460AA890
S214017F6021F0B9FB1CB1A021054827F086F811B015
S214017F7030BD00BF00248000004440042F63002071
S214017F80574E040070B5002490B0154B05460E46BA
S214017F90142221460BA8CDE9094302F0D7FE102290
S214017FA009ABCDE9004406933146CDE90452CDE94B
S214017FB002520C4B0AA81DF0ABFC04460AA821F09D
S214017FC08AFB1CB1BA21084827F057F8099B102BE9
S214017FD003D0BB21044827F050F810B070BD00BF95
S214017FE00024800000444004574E040030B50D467E
S214017FF000218FB0124B0446142209A8CDE90713BD
S21401800002F0A4FE102207ABCDE90242CDE9004200
S214018010049329460B4B08A81DF07CFC044608A8CF
S21401802021F059FB1CB1D121074827F026F8079B00
S214018030102B03D0D221044827F01FF80FB030BD13
S2140180400024800000444004574E0400014B93F97D
S2140180505A007047885400200022034B1870034BC7
S2140180601970034B1A70704740630020416300206B
S2140180703F6300202DE9F04FDFF89080064698F820
S21401808000300D4685B0002B3AD04FF6FB73984270
S21401809036D84FF0000B1C4FDFF874A03C7898F8E8
S2140180A000305FFA8BF94B459AF8000011D9484425
S2140180B002AA0DF10601C0B216F028FA08222946D6
S2140180C00DEB020003F08EF90BF1010B0028E6D14F
S2140180D04C463B78A34208D198F80020631CDBB2DB
S2140180E09A423B7004BF00233B70324629469AF8F9
S2140180F000301C44E0B205B0BDE8F04F16F0F4BA0B
S21401810005B0BDE8F08F00BF3F630020416300204B
S214018110406300202DE9F74F06460D4614461F46DC
S2140181204FF0010BDFF8789003F10C0A15B903B094
S214018130BDE8F08F102DA84628BF4FF010083A462C
S214018140164B5FFA88F152F8040B524543F8040BBC
S214018150F9D101919AF8002011481A70002389F884
S2140181600F4089F800B089F80E30FFF7DDFE324681
S21401817001340B480199E4B212F801CB10F8013B27
S21401818083EA0C0302F8013C931BDBB28B42F3D368
S214018190A5EB080816461FFA88F5C7E743630020D3
S2140181A0426300202DE9F04F9046914685B000903D
S2140181B0981A029383B20193009B0F46354903F147
S2140181C00C0453F8045BA34241F8045BF9D11B7815
S2140181D0314E0B7049233370019BF0731B0A3046F6
S2140181E0B373FFF7A1FE0221BB460D46737888EAFA
S2140181F0030373704FF0000A1DE0C5F11004A9EBEC
S2140182000A039BB2A4B29C4228BF1C4600231FFA55
S21401821083FCE8186445C0B21FD82544EDB2A344D8
S214018220102D54441FFA84FA05D1002530460391D7
S214018230FFF77AFE0399D145DFD807EB080B25B186
S21401824015480391FFF770FE039901294FF00005C9
S2140182500DD00121DDF80490CCE71BF803C016F819
S21401826000E001338CEA0E0C06F800C0CFE7029B53
S21401827009491F44094B38461C78224602F0F6FE8F
S2140182802A4621463846009B05B0BDE8F04FFFF769
S21401829041BF00BF4363002042630020766D00208B
S2140182A030B540780C4601284FF0110387B001F134
S2140182B0100516D1144A01A90BF002F8234601ACA9
S2140182C0224618685968083303C2AB421446F7D1F0
S2140182D011230D4A002001A90AF0F2FF002007B081
S2140182E030BD0120094A01A90AF0EAFF234601AC84
S2140182F0224618685968083303C2AB421446F7D1C0
S2140183001123024AE6E700BF75E4010079EB01009C
S21401831030B50C46407887B001284FF011030DBFE9
S2140183200B4A0C4A012001A918BF01A90AF0C8FF8F
S214018330234601AA05AD144603CCAC421860596029
S214018340224603F10803F6D1002007B030BD00BF76
S21401835075E4010079EB010010B50C4688B01A23CC
S2140183600C4A01A901200AF0ABFF21460DF10E03CC
S21401837004F1100251F8040B914243F8040BF9D1B1
S2140183801A230020034A01A90AF09AFF002008B028
S21401839010BD00BF24E10100F0B58BB004460D46C8
S2140183A022F09FFCA8B101A813F082FE88B1667B7B
S2140183B0271D16F0020F05D00822384601A903F042
S2140183C011F8D0B901AB46F0020603CB60607960C4
S2140183D066731A230A4A03A901200AF071FF294687
S2140183E00DF116030DF1260253F8040B934241F8E2
S2140183F0040BF9D100200BB0F0BD2D20FBE700BF28
S21401840024E10100F0B50546071D00220C4638465A
S214018410082193B022F0F7FB6A7B0646D0070BD5FE
S214018420687808A921F088F8DDF83D306B60DDF842
S21401843041307B6080B10BE0910709D5D200012164
S214018440384602F0800221F084F8FF28687002D1D5
S2140184502D2013B0F0BDD6B1687801A921F001F83E
S2140184609DF81C305B0604D54FF4C6710A4826F009
S21401847004FE234603AD07AC2A4603CAA24218608F
S2140184805960154603F10803F6D10020E1E708A973
S21401849021F052F8CEE700BFD54E04002DE9F04199
S2140184A006468AB01F480F4615460024FFF730FDE2
S2140184B0002C01A914BF4FF05C0C4FF0360C1023B2
S2140184C08846184A12F8010B013B8CEA000013F0AB
S2140184D0FF0301F8010BF5D105A823F0FAF942468E
S2140184E0102105A823F0F9F9C4B93946324605A882
S2140184F023F05BFA2A460DF1140C0DF1240E6346A7
S21401850003CB7345106051609C4602F10802F6D118
S21401851014B10AB0BDE8F0810124C9E72A4610214A
S214018520E5E700BF726300202DE9F04791460D464E
S214018530C0B09DF82041DDF828811E46DFF87CA0FA
S2140185409DF8243107462246494640468AF80030BF
S21401855002F08CFD9DB12346324641463846FFF770
S21401856021FEB44207D9A11B3B46012289B208EB82
S2140185700600FFF7CFFD002040B0BDE8F087A11B45
S2140185803B46012289B208EB0600FFF7C3FD2246EF
S2140185904146684602F06AFD324669463846234639
S2140185A0FFF700FE9AF800200DEB040109EB04002A
S2140185B002F018FF0028DED02C20DDE7766D0020C3
S2140185C038B50346104601F1100451F8045BA14288
S2140185D042F8045BF9D104491BB1FFF7D3FC002034
S2140185E038BDFFF703FDFAE77263002030B5054694
S2140185F089B0694620F0AAFD6B8804ACABB122466F
S2140186002946684620F042FD0E4A08AD234603CBB4
S214018610AB42106051601C4602F10802F6D10948CF
S214018620FFF76AFC002009B030BD6B46054D1A46BF
S21401863003CAA24228606960134605F10805F6D10F
S214018640EDE700BF7263002050B10B4B0B4A03F1FC
S214018650100153F8040B8B4242F8040BF9D1704712
S214018660064B054A03F1100153F8040B8B4242F8FE
S214018670040BF9D1704700BF7263002052630020DB
S21401868008B51022024802F0B3FB002008BD00BF67
S2140186906263002008B508461022024902F0A8FBD2
S2140186A0002008BD6263002010B5044686B001A90B
S2140186B0114A112301200AF003FE9DF8143001A887
S2140186C0E37023F0FCFC80F001000C4A01A9607005
S2140186D0112301200AF0F4FD9DF8143001A8A370BF
S2140186E023F0EDFC80F00100207012F06DF8606060
S2140186F0002006B010BD00BF75E4010079EB010053
S21401870010B5044686B01123134A012001A90AF0C8
S214018710D7FDA3789DF814209A4207D08DF814301F
S214018720002011230C4A01A90AF0CAFD11230B4AA5
S214018730012001A90AF0C4FDE3789DF814209A42AD
S21401874007D08DF8143000201123044A01A90AF03D
S214018750B7FD06B010BD00BF79EB010075E401005E
S2140187602DE9F04186B0064603A80C4614F0EEFC4F
S214018770054600284AD1BDF80C30980646D5102289
S2140187802946204602F0E2FA01A813F091FCC0B196
S214018790777B06F1040817F0020F06D00822404640
S2140187A001A902F01FFE00282ED101AB47F00207F7
S2140187B003CB7060C8F804107773238843F008036E
S2140187C02380238843F00203238013F041F860607E
S2140187D022F087FA30B10E4B1B68A360238843F062
S2140187E0040323800B4B1A68D1035EBF238843F032
S2140187F010032380130203D5238843F400632380E8
S214018800284606B0BDE8F0812D25F9E72425F7E7CF
S214018810044700200847002010B5D0E9023253F87B
S214018820223090B01C6840226946204620F0F7FEB0
S214018830034630B1224600200549FDF7C1FE10B0BF
S21401884010BD012269460820FDF764FEF7E700BF68
S2140188506B4F040070B500F0B1F800280CBF6E2213
S214018860792200201349FDF7ABFE00F0A7F8F0B11E
S21401887020F0E9FE00280CBF6E22792200200E4966
S214018880FDF79EFE082200200C49FDF799FE002503
S2140188900B4C0C4E234654F8042C3146002003356D
S2140188A0FDF78EFE182D04F10C04F3D170BD3F22A6
S2140188B0E4E700BFA34F0400BA4F0400CA4F040008
S2140188C02C480020E94F040070B520F0A1FE0446B4
S2140188D021490020FDF774FE2CB92046BDE8704002
S2140188E01E49FDF76DBE00F0BBF805461C4B6269DC
S2140188F00020002A08BF1A461A492668FDF760FEBE
S214018900A28800201849FDF75BFE1849E28800207E
S214018910FDF756FEA388228913F010001ABF002027
S21401892013491449FDF74CFEE26800201249FDF791
S21401893047FE226900201149FDF742FE104A114BFD
S2140189400020B6F5817F38BF13460F492A46BDE899
S2140189507040FDF735BE00BF1E5004002B500400CA
S2140189601B1F04004C5004006A5004008B50040086
S214018970A8500400C5500400E3500400015104004F
S214018980165004000C5004001F51040038B501466F
S21401899000230C25084A05FB03F4A01814590134DA
S2140189A004D10C2202F024FA002038BD0133082B32
S2140189B0F1D10120F9E700BF28480020034B1878C1
S2140189C0012894BF00200120704700BF8463002067
S2140189D038B50446044D2878A04203D0214620F03D
S2140189E0F7FD2C7038BD00BF8463002000B58FB042
S2140189F03422002101A802F0A9F901A8EEF75CFDD6
S214018A000598D0B182680E4BB2F5803F34BF92B262
S214018A10C2F38F2241881A81028828BF41F01001D3
S214018A201A6042689980DA80C268DA6002691A615F
S214018A3042695A61027E18461A760FB05DF804FB49
S214018A40AC470020054B1B7820B1012B04D802202F
S214018A50FFF7BEBF012BFBD8704700BF8463002021
S214018A6010B5084C237853B920F0D2FD01232370AA
S214018A7028B10368B3F5817F24BF037E2370207875
S214018A8010BD00BF8363002070B5184B1B78012B07
S214018A902BD820F0A0FD164D024616490020FDF702
S214018AA08FFD0120FFF7CEFF2E78FF2E1DD1FFF799
S214018AB09DFFC8B1848860223146C4F340040E4845
S214018AC02C7002F043F9602231460C4802F03EF960
S214018AD05CB1FFF7C5FF042807D9BDE8704040F236
S214018AE02B11074826F0C9BA287070BD8463002090
S214018AF0776D00204251040028480020C847002016
S214018B00545104002DE9F04FDFF884928DB003AB89
S214018B1007468846144699E8070083E80700FFF7EA
S214018B20B3FFFFF79DFF944B06461D784B46012D7C
S214018B3040F07081012840F27281B7FBF0F200FB31
S214018B401272002A00F06B818C4900228B46D1F804
S214018B5000C0BCF1FF3F04D0087A6044874200F0B1
S214018B6019810132082A01F10C01F0D193E80700BE
S214018B7006AE0DF1240A86E807008AE80700FFF72B
S214018B806FFFB7FBF0FB00FB1B7BA0EB0B094A4614
S214018B90414606460AA809978DF82C9002F066FA17
S214018BA000224FF00C0E764902E00132082A0ED060
S214018BB00EFB02F000EB010C08580130F5D19AE8E3
S214018BC007008CE807006F490A7801320A70A14550
S214018BD004DD4FF4E2716C4826F04FFAA41B5C44A6
S214018BE04F44A1B217FA84F4B4FBF6F206FB124224
S214018BF0C8448E1A91B1A41A08EB060107A88DF88D
S214018C002020069402F032FA06A8FFF7BFFEFF28DE
S214018C1004D140F2D9115C4826F02FFAB6B2B6B1AB
S214018C200320FFF7D5FE802E0AD832464146574824
S214018C3002F01CFA32463846544920F0D4FC054668
S214018C400220FFF7C5FE28460DB0BDE8F08F0025CF
S214018C50F9E74FF40E714C4826F00FFA464B1B7895
S214018C60012B00F0E380002C36D00320FFF7B0FE86
S214018C70802C2FD822464146444802F0F7F9224676
S214018C803846424920F0AFFC05460220FFF7A0FE19
S214018C90DFF8F09099F8003093B1039CFFF7E0FEFF
S214018CA0374B002798461A68511C04D0197A411A86
S214018CB0521A944224D00137082F03F10C03F2D143
S214018CC0002DC0D1039B0133C1D003A8FFF75EFE80
S214018CD00546B8E70125D8E72546D9E740F26D21D4
S214018CE0294826F0CAF9012524E0012D30D0802E2E
S214018CF02FD832462549039820F075FC054628E012
S214018D00002DA0D10C247C4308EB04039DF814A08D
S214018D1093F808B00AEB0B03802BDFDC1B4B5246A3
S214018D2004A9184602F0A2F9211D5A4641445044AE
S214018D3002F09CF90C2303FB07839DF814201B7A91
S214018D4013449E42D1D040F273210F4826F095F984
S214018D5001250220FFF73CFE99F8003013B1013BD4
S214018D6089F800304FF0FF3308EB040248F804306E
S214018D70C2E9013367E700BF776D0020284800206D
S214018D80C847002082630020545104002C4700206D
S214018D90849E04004FF00C0A0AFB02B3187AA6EB75
S214018DA000095FFA89F9A14501D35FFA84F90AFB44
S214018DB002FA0AF1040528444A464146584402F09C
S214018DC055F90BEB0A031A7AA4EB09044A44D2B20A
S214018DD0B242A4B21A7219D103200193FFF7F8FD2B
S214018DE032460BEB05015BF80A0020F0FCFB05465A
S214018DF00220FFF7EDFD4FF0FF32019B4BF80A20F2
S214018E00C3E90122002D7FF41EAFC844002C3FF4B5
S214018E101EAF4F44104B1B78012B7FF424AFB7FBDA
S214018E20F6F306FB1373002B7FF413AFE319B3FBC2
S214018E30F6F506FB1535002D3FF415AF641B5B1BDD
S214018E4008EB04012A4604A80393A4B202F00EF923
S214018E508DF8145007E700BF776D002070B5134BEF
S214018E601B78012B0CD1FFF70FFE0026104D55F88D
S214018E70043C013306D10336182E05F10C05F6D154
S214018E80002411E00320FFF7A3FD55F8044CFFF77B
S214018E90E7FD29460246204620F0A5FB04460220AF
S214018EA0FFF796FD002CE6D0204670BD776D0020BA
S214018EB02C48002070B505460C46FFF7E5FD052059
S214018EC0FFF786FD2146284620F09BFB064602203A
S214018ED0FFF77EFD00220A4B2C441968481C08D077
S214018EE0A94206D3A1423EBF4FF0FF31C3E90011AC
S214018EF099600332182A03F10C03EED1304670BD97
S214018F0028480020D0E9023253F8223010B51C68F8
S214018F10204600F095FA28B12146BDE810400248E7
S214018F2000F002BE10BD00BFD251040008B5D0E962
S214018F30023253F82230186800F06CF920B1BDE80F
S214018F400840024800F0F0BD08BD00BFF45104001F
S214018F502DE9F041D0E9023253F8221003EB8203E7
S214018F605B680F681D789AB0642D04D96421114896
S214018F7000F0DAFD64252A46384601A900F002F918
S214018F80044698B90C4800F0CFFDDFF8348001AEF6
S214018F90013DA54202DC1AB0BDE8F0813919404610
S214018FA016F8012B00F0C0FD0134F2E7034800F08B
S214018FB0BBFDF0E71752040037520400615204006B
S214018FC04E5204002DE9F04700252D4FDFF8E080D2
S214018FD0DFF8E0908CB0284603A900F0EFF810B156
S214018FE00CB0BDE8F087049B2946039A00933846E7
S214018FF000F09AFD404600F097FD059910290CD81F
S21401900010290CD8DFE801F00F14320B340B0B0BD0
S214019010360B0B0B0B0B0B0B3A0020292CD01948E7
S21401902000F082FD07E0184800F07EFD0135D2E72A
S214019030164800F079FD0699484600F075FD079937
S214019040134800F071FD134800F06EFD1024DFF8A0
S21401905068A00DF11F06504616F8011F013C00F0EE
S21401906063FD14F0FF04F6D10B48DDE70B48E0E79B
S2140190700B48DEE70B48DCE70B48DAE70B48D8E796
S2140190807C52040021530400D1520400E152040032
S214019090475304005F5304001BF80300E952040021
S2140190A0F1520400FA520400055304001C53040054
S2140190B0C0520400305304007053040010B50B4C2A
S2140190C08EB023785BB9EEF771F9014650B90123EA
S2140190D001A82370EEF7F0F9054B049A1A60207880
S2140190E00EB010BD034800F01FFDF8E785630020B1
S2140190F06C4B00207653040000B58FB0FFF7DEFFFF
S214019100002829D001A8EEF7D7F9059B144819883D
S21401911000F00AFD059B13485969134B002908BF47
S214019120194600F001FD059B1048598800F0FCFC2B
S214019130059B0F48196900F0F7FC059B0D48D96897
S21401914000F0F2FC059B0C48197E00F0EDFC0B4B81
S2140191500B48196800F0E8FC0FB05DF804FB00BF8F
S214019160B3530400C55304001B1F0400D753040067
S214019170EB530400FF530400135404006C4B00200F
S2140191802754040070B5064615460C4679B172B1EF
S214019190FFF794FF68B121462A463046EEF796FA65
S2140191A0014618B1044800F0BFFC012070BD212023
S2140191B0FCE71120FAE700BF3954040037B505462D
S2140191C00C46FFF77BFFE0B1114B1B68AB421AD987
S2140191D0CCB100212422204601F0B8FD21462846C4
S2140191E01BF052FB88B9284601AA04F10801EEF7E4
S2140191F01FFA20B140F20643C01A18BF012003B07F
S21401920030BD1120FBE72120F9E70120F7E700BF79
S2140192106C4B0020F0B593B00546FFF74FFF0028D2
S21401922045D0254B1A68AA4207D829462348013A51
S21401923000F07AFC212013B0F0BD05A8EEF73CF94A
S214019240284603A91BF020FB98BB049A22F4FF577B
S214019250C2F30C0327F01F072BB14FF40053294626
S214019260174800F061FC039E7FB125F013FF3046DE
S2140192704FF40051EEF7B6FA3346044606F50056AB
S21401928050B9039BF31ABB42EFD32A4639460D4821
S21401929000F04AFC002406E000902A464FF40051F4
S2140192A0094800F041FC201E18BF0120C3E7112029
S2140192B0C1E70120BFE700BF6C4B002067540400E4
S2140192C015550400D45504008355040010B5044612
S2140192D038B1FFF7F3FE30B10020044B1B68236062
S2140192E010BD2120FCE71120FAE700BF6C4B0020DF
S2140192F010B50446FFF7E2FEB0B10C4B1A68A24265
S21401930006D821460A48013A00F00EFC212010BD7D
S21401931025F0C0FE40F2C12220460649EEF748F984
S214019320003818BF0120F2E71120F0E76C4B00204F
S21401933067540400A848002010B50446FFF7BEFE97
S21401934070B121460848EEF753F940F203239842DC
S21401935008D040F2012398420CBF0520012010BD21
S2140193601120FCE70020FAE7A84800202DE9F0418B
S2140193702D4D04462F68FFF7A1FE002851D029681D
S214019380A14207D84A1E2948214600F0CDFB2120DC
S214019390BDE8F0812648EEF7EBF8DFF89480024648
S2140193A0B0B943462E68964222D1BE4214BF3A4611
S2140193B006F1FF3212BB31461D48C8F80040EEF7F1
S2140193C0B7F8014600B31B4800F0AEFB0120DFE70B
S2140193D02046EEF78DF8044638B10146164800F0EF
S2140193E0A3FB201E18BF0120D2E7EDF7DDFEF8E74C
S2140193F053F8041B8C42DDD00132D4E70C499200AD
S214019400081D01F0F5FCD6E729680948EEF7B0F823
S214019410044610B101460948D6E7EDF7C5FE2046D9
S214019420B6E71120B4E700BF6C4B00206754040078
S214019430884800201A560400F05504004D560400D2
S214019440F8B50446FFF73AFE002845D0234B1A68C4
S214019450A24207D821462248013A00F065FB2124A2
S2140194602046F8BD1F4800F05FFB25F013FE40F2D2
S214019470C1221D492046EEF79BF840F20327054618
S21401948025F008FE184E65B140F203239D421AD01E
S2140194902946164800F048FB0124154800F044FB15
S2140194A0DEE725F0F7FD29463046EEF7A1F8B8428B
S2140194B009D040F20123984203D10E4800F034FB54
S2140194C0E1E70546DFE721460B4800F02DFB204685
S2140194D0FFF74CFF0446E0E71124C1E76C4B002080
S2140194E06754040084560400A8480020A4560400CB
S2140194F01BF80300272B0400BC56040010B50A46CF
S214019500044619B1024B00211B68984710BD00BFE5
S214019510909E040010B5114C2378580744BF23F0E1
S214019520040323702378990705D500F05DF82378A6
S21401953023F00203237063781BB10023084A63609B
S21401954053600023082106486370FFF7D7FF23788E
S214019550DA0744BF23F00103237010BD704B0020CF
S214019560744B002038B51A4C62782378022A01D150
S214019570072B11D0DD0712D52378980707D400F002
S2140195802BF82378054643F00203237080B96278EE
S214019590237882B15A0716D50025284638BD1CF017
S2140195A035F92378054643F0010323700028E3D0FC
S2140195B0FFF7B0FFF1E7D907ECD5064962604A60CC
S2140195C002226270E6E743F004032370E4E700BF7B
S2140195D0704B0020744B00200122024B002083F8C0
S2140195E0F02070477C4B00202DE9F0410A4C002505
S2140195F026464FF0010803272046C4F81C8027762C
S214019600013520F04BF8062D04F12804F4D100238F
S21401961086F8F030BDE8F0817C4B00202DE9F04F54
S214019620984691B00B1E0A93B44B914614BF8346DD
S2140196309B4600251A9E98F8000070B94D4538BF24
S2140196402A464B464FF000000A9928BF09F1FF321F
S214019650D847284611B0BDE8F08F252808F1010843
S21401966006D02A464B460A996C1CD8472546E2E79F
S2140196700023414611F8012B2B2A16D00AD8202A9E
S21401968016D0232A17D0A2F13000092834D8002793
S2140196900A2418E02D2A05D0302AF4D143F001031C
S2140196A08846E6E743F00203FAE743F00403F7E7E8
S2140196B043F00803F4E743F01003F1E7884604FBA0
S2140196C00722A2F13007414611F8012BA2F1300022
S2140196D00928F3D998F800202E2A52D198F80110BB
S2140196E008F10102A1F13000092843F480633ED855
S2140196F000244FF00A0E11E02A2A08D156F8047BFE
S2140197008846002FBCBF43F002037F42E2E70027F2
S214019710E0E702460EFB0411A1F13004104610F8F2
S214019720011BA1F1300CBCF1090FF2D9904642465B
S21401973012F8011B6C292DD025D8682933D06A2947
S2140197403BD04246904618F8010B672860D8572848
S21401975036D8452808D084D9462800F018814728ED
S2140197607FF47FAF43F4006343F0200327E12A2907
S21401977006D156F8044B08F1020824EAE474D6E749
S21401978090460024D3E7742901D07A29D9D143F42D
S2140197908073D7E798F801106C29F8D143F4407329
S2140197A008F10202CEE798F80110682902D043F0CA
S2140197B08003C7E743F0C003F2E743F40073C1E751
S2140197C0A0F158020F2A3FF64CAF01A151F822F042
S2140197D0719801006396010063960100639601008B
S2140197E0639601006396010063960100639601008B
S2140197F0639601006396010071980100DD990100EE
S21401980071980100B399010093990100B399010081
S214019810A0F16901C9B20F293FF623AF012249F22F
S214019820410C8A4012EA0C0218D10A2900F015816F
S21401983007297FF416AF43F0210305930823CDE9EA
S21401984003431023CDE9012356F8043B2A4600932F
S21401985058464B460A9920F011F8A8E06F2800F008
S2140198605E8110D9782808D1102223F00C0310E06D
S214019870582839D0622800F054810A2223F01003B8
S214019880642806D0F1E769284FF00A0223F0100396
S214019890F6D1590548BF23F00103692803F4007186
S2140198A001D0642840D111B3073626F00706B24628
S2140198B070685AF8081BCDE9077300230593C30F98
S2140198C00028029306940B46049202DA4B4260EBA0
S2140198D04000CDE900304B462A4658460A9920F00A
S2140198E00FF805465646A6E643F02003BCE7D90521
S2140198F006F1040A04D5316805E000BFDF960300CF
S21401990058060CD53178CDE90224CDE90473002937
S2140199104FEAD1730193B8BF4942009120E019067E
S214019920E9D5B6F90010EEE779B1CDE90773002362
S214019930CDE9042306F1070A2AF0070A06940293E2
S214019940FAE80223CDE90023C5E7D80506F1040AA3
S2140199500DD5CDE90473CDE9022401913368009356
S2140199604B462A4658460A991FF088FFB9E759061A
S21401997007D53178CDE904730023CDE9022401939C
S214019980CBE7316813F0800F18BF89B2F2E743F0D6
S2140199902003CDE90173073626F007060094B6ECDE
S2140199A0020B4B462A4658460A99EAF7F1FE054647
S2140199B041E600F0DF00472801D143F40063CDE91A
S2140199C00173073626F007060094B6EC020B4B46E9
S2140199D02A4658460A99EAF71FFDE8E713F00204FB
S2140199E026D04FF0010A6B1C0B932A464B460A9968
S2140199F016F8040BD84774B354460B9A21E04B462D
S214019A0020200A99D8470AEB05020AF1010A5745B0
S214019A10F5D83A1E18BF0122002A07F1FF3308BF06
S214019A20002307F1010A1D4408BF4FF0020ADAE7D6
S214019A30A246E8E7551C4B4620200A99D8472A46F5
S214019A400134BC42F6D3A7EB0A03574538BF0023BF
S214019A500B9A1A440B920B9DEDE53246002C52F8F8
S214019A60046B14BF21464FF0FF310B92324631444E
S214019A70107808B1914211D1A2EB060A13F4806264
S214019A800C9202D0A24528BFA24613F002030D9302
S214019A901BD1AAEB05032A460F9308E00132E7E73C
S214019AA0531C0E9320204B460A99D8470E9A0F9BBB
S214019AB0D318BB42F4D3A7EB0A03574538BF00239C
S214019AC00AF101021D4403EB020AAB1B0E9304E0EC
S214019AD01C464B462A460A99D8470E9BF51816F897
S214019AE0010B28B10C9B002BF3D0631E002CEFD189
S214019AF00D9B93B12A46AAEB050405E0561C4B467E
S214019B0020200A99D84732461319BB42F6D3A7EB51
S214019B100A03574538BF00231D440B9E8BE50822D8
S214019B20A3E60222A1E600BF0FB41FB506AA52F8AB
S214019B30043B02A90392009204484FF0FF32FFF75C
S214019B406DFD05B05DF804EB04B07047A199030004
S214019B501FB5034600914FF0FF3203A90248FFF7F5
S214019B605DFD05B05DF804FBA19903001FB5CDE9C5
S214019B700201009302A9134603484FF0FF32FFF794
S214019B804DFD05B05DF804FBA99903001FB5094B0F
S214019B90094A1868094B01A91860094B1360094A5C
S214019BA00192094A1268CDE902231BF0D6FE05B0E0
S214019BB05DF804FB98690020443C0020483C0020E6
S214019BC08C690020258D04002C4F0020014B18685D
S214019BD01BF0D7BE9869002038B5F2F767F804463F
S214019BE0064D2B68D3F8B002F2F754F828681BF03C
S214019BF0DBFE2046BDE83840F2F74CB898690020F5
S214019C0010B51F4CF0F728F9236F012023F0070346
S214019C1043F002032367F0F72DF9D4F82031002032
S214019C2023F0070343F00103C4F82031D4F8403190
S214019C3023F0030343F00103C4F84031D4F8603144
S214019C4023F0030343F00103C4F86031D4F8403233
S214019C5023F0030343F00103C4F84032D4F8003282
S214019C6023F0070343F00103C4F80032D4F80832A6
S214019C7023F0070343F00103C4F8083210BD00BF08
S214019C8000800050064B1B681A7A022A01D81AB9BE
S214019C907047032A00D070471B68024A136070475A
S214019CA09C6900202C4F00200022024B5A60DA608B
S214019CB01A607047304F002008B501F037FF0022C8
S214019CC0014B1A7008BD00BF866300200A46014991
S214019CD01FF0D4BEB1B604000A4601491FF0CEBE3D
S214019CE0ACB604000A4601491FF0C8BEA5B604007A
S214019CF00A4601491FF0C2BEA2B604000A4601493F
S214019D001FF0BCBE9FB604000A4601491FF0B6BE4E
S214019D109AB604000A4601491FF0B0BE95B6040083
S214019D200A4601491FF0AABE90B604000A46014938
S214019D301FF0A4BE89B6040081F0004102E000BF16
S214019D4083F0004330B54FEA41044FEA430594EAF5
S214019D50050F08BF90EA020F1FBF54EA000C55EA30
S214019D60020C7FEA645C7FEA655C00F0E2804FEA01
S214019D705454D4EB5555B8BF6D420CDD2C4480EAE3
S214019D80020281EA030382EA000083EA010180EA13
S214019D90020281EA0303362D88BF30BD11F0004F61
S214019DA04FEA01314FF4801C4CEA113102D0404297
S214019DB061EB410113F0004F4FEA03334CEA1333D2
S214019DC002D0524263EB430394EA050F00F0A780EA
S214019DD0A4F10104D5F1200E0DDB02FA0EFC22FAE5
S214019DE005F2801841F1000103FA0EF2801843FAD9
S214019DF005F359410EE0A5F120050EF1200E012ACA
S214019E0003FA0EFC28BF4CF0020C43FA05F3C01807
S214019E1051EBE37101F0004507D54FF0000EDCF180
S214019E20000C7EEB00006EEB0101B1F5801F1BD329
S214019E30B1F5001F0CD349085FEA30004FEA3C0C2D
S214019E4004F101044FEA445212F5800F80F09A8023
S214019E50BCF1004F08BF5FEA500C50F1000041EB27
S214019E60045141EA050130BD5FEA4C0C404141EB2B
S214019E700101013C28BFB1F5801FE9D291F0000F26
S214019E8004BF01460020B1FA81F308BF2033A3F1D5
S214019E900B03B3F120020CDA0C3208DD02F1140CCC
S214019EA0C2F10C0201FA0CF021FA02F10CE002F107
S214019EB01402D8BFC2F1200C01FA02F120FA0CFC00
S214019EC0DCBF41EA0C019040E41AA2BF01EB045149
S214019ED0294330BD6FEA04041F3C1CDA0C340EDC47
S214019EE004F11404C4F1200220FA04F001FA02F38A
S214019EF040EA030021FA04F345EA030130BDC4F148
S214019F000C04C4F1200220FA02F001FA04F340EA3C
S214019F100300294630BD21FA04F0294630BD94F0ED
S214019F20000F83F4801306BF81F480110134013DD4
S214019F304EE77FEA645C18BF7FEA655C29D094EA45
S214019F40050F08BF90EA020F05D054EA000C04BFC3
S214019F501946104630BD91EA030F1EBF00210020AE
S214019F6030BD5FEA545C05D14000494128BF41F04D
S214019F70004130BD14F580043CBF01F5801130BDB1
S214019F8001F0004545F0FE4141F470014FF000003C
S214019F9030BD7FEA645C1ABF194610467FEA655CED
S214019FA01CBF0B46024650EA013406BF52EA03358F
S214019FB091EA030F41F4002130BD00BF90F0000F7D
S214019FC004BF0021704730B54FF4806404F13204B9
S214019FD04FF000054FF0000150E700BF90F0000F72
S214019FE004BF0021704730B54FF4806404F1320499
S214019FF010F0004548BF40424FF000013EE700BF69
S21401A00042004FEAE2014FEA31014FEA02701FBFF8
S21401A01012F07F4393F07F4F81F06051704732F02A
S21401A0207F4208BF704793F07F4F04BF41F4002181
S21401A030704730B54FF4607401F0004521F00041DF
S21401A0401CE700BF50EA010208BF704730B54FF069
S21401A05000050AE050EA010208BF704730B511F06A
S21401A060004502D5404261EB41014FF4806404F1A2
S21401A07032045FEA915C3FF4D8AE4FF003025FEA28
S21401A080DC0C18BF03325FEADC0C18BF033202EBAC
S21401A090DC02C2F1200300FA03FC20FA02F001FA06
S21401A0A003FE40EA0E0021FA02F11444BDE600BFA9
S21401A0B070B54FF0FF0C4CF4E06C1CEA11541DBF58
S21401A0C01CEA135594EA0C0F95EA0C0F00F0DEF823
S21401A0D02C4481EA030621EA4C5123EA4C5350EA08
S21401A0E0013518BF52EA033541F4801143F4801359
S21401A0F038D0A0FB02CE4FF00005E1FB02E506F0EA
S21401A1000042E0FB03E54FF00006E1FB03569CF03E
S21401A110000F18BF4EF0010EA4F1FF04B6F5007F44
S21401A12064F5407404D25FEA4E0E6D4146EB0606B6
S21401A13042EAC62141EA55514FEAC52040EA5E503F
S21401A1404FEACE2EB4F1FD0C88BFBCF5E06F1ED8E9
S21401A150BEF1004F08BF5FEA500E50F1000041EB20
S21401A160045170BD06F0004646EA010140EA0200CD
S21401A17081EA0301B4EB5C04C2BFD4EB0C0541EAEF
S21401A180045170BD41F480114FF0000E013C00F304
S21401A190AB8014F1360FDEBF002001F0004170BD28
S21401A1A0C4F10004203C35DA0C341BDC04F1140441
S21401A1B0C4F1200500FA05F320FA04F001FA05F2CD
S21401A1C040EA020001F0004221F0004110EBD3709A
S21401A1D021FA04F642EB06015EEA430E08BF20EAC6
S21401A1E0D37070BDC4F10C04C4F1200500FA04F369
S21401A1F020FA05F001FA04F240EA020001F00041FB
S21401A20010EBD37041F100015EEA430E08BF20EA6D
S21401A210D37070BDC4F1200500FA05F24EEA020EB5
S21401A22020FA04F301FA05F243EA020321FA04F0E4
S21401A23001F0004121FA04F220EA020000EBD3709B
S21401A2405EEA430E08BF20EAD37070BD94F0000F9B
S21401A2500FD101F00046400041EB010111F4801FCF
S21401A26008BF013CF7D041EA060195F0000F18BF80
S21401A270704703F00046520043EB030313F4801FBC
S21401A28008BF013DF7D043EA0603704794EA0C0F76
S21401A2900CEA135518BF95EA0C0F0CD050EA41068C
S21401A2A018BF52EA4306D1D181EA030101F0004109
S21401A2B04FF0000070BD50EA410606BF1046194631
S21401A2C052EA430619D094EA0C0F02D150EA01363D
S21401A2D013D195EA0C0F05D152EA03361CBF10467E
S21401A2E019460AD181EA030101F0004141F0FE411D
S21401A2F041F470014FF0000070BD41F0FE4141F4A1
S21401A300780170BD70B54FF0FF0C4CF4E06C1CEAA0
S21401A31011541DBF1CEA135594EA0C0F95EA0C0F55
S21401A32000F0A7F8A4EB050481EA030E52EA033510
S21401A3304FEA013100F088804FEA03334FF0805531
S21401A34045EA131343EA12634FEA022245EA11155E
S21401A35045EA10654FEA00260EF000419D4208BF0F
S21401A360964244F1FD0404F5407402D25B084FEABC
S21401A3703202B61A65EB03055B084FEA32024FF468
S21401A38080104FF4002CB6EB020E75EB030E22BFC5
S21401A390B61A754640EA0C005B084FEA3202B6EB85
S21401A3A0020E75EB030E22BFB61A754640EA5C0034
S21401A3B05B084FEA3202B6EB020E75EB030E22BFC4
S21401A3C0B61A754640EA9C005B084FEA3202B6EBC5
S21401A3D0020E75EB030E22BFB61A754640EADC0084
S21401A3E055EA060E18D04FEA051545EA16754FEAE6
S21401A3F006164FEAC30343EA52734FEAC2025FEA04
S21401A4001C1CC0D111F4801F0BD141EA00014FF092
S21401A41000004FF0004CB6E711F4801F04BF014363
S21401A4200020B4F1FD0C88BFBCF5E06F3FF6AFAE7F
S21401A430B5EB030C04BFB6EB020C5FEA500C50F10F
S21401A440000041EB045170BD0EF0004E4EEA113192
S21401A45014EB5C04C2BFD4EB0C0541EA045170BD99
S21401A46041F480114FF0000E013C90E645EA060EDD
S21401A4708DE60CEA135594EA0C0F08BF95EA0C0F0B
S21401A4803FF43BAF94EA0C0F0AD150EA01347FF453
S21401A49034AF95EA0C0F7FF425AF104619462CE72A
S21401A4A095EA0C0F06D152EA03353FF4FDAE10468D
S21401A4B0194622E750EA410618BF52EA43067FF4DE
S21401A4C0C5AE50EA41047FF40DAF52EA43057FF46E
S21401A4D0EBAE12E74FF0FF3C06E000BF4FF0010C79
S21401A4E002E000BF4FF0010C4DF804CD4FEA410CDD
S21401A4F07FEA6C5C4FEA430C18BF7FEA6C5C1BD0AA
S21401A50001B050EA410C0CBF52EA430C91EA030F2A
S21401A51002BF90EA020F0020704710F1000F91EA87
S21401A520030F58BF994208BF90422CBFD8176FEA55
S21401A530E37040F0010070474FEA410C7FEA6C5C23
S21401A54002D150EA013C07D14FEA430C7FEA6C5C2A
S21401A550D6D152EA033CD3D05DF8040B704700BF56
S21401A5608446104662468C461946634600E000BFA4
S21401A57001B5FFF7B7FF002848BF10F1000F01BD76
S21401A5804DF808EDFFF7F4FF0CBF012000205DF841
S21401A59008FB00BF4DF808EDFFF7EAFF34BF0120C6
S21401A5A000205DF808FB00BF4DF808EDFFF7E0FF5F
S21401A5B094BF012000205DF808FB00BF4DF808EDB0
S21401A5C0FFF7CEFF94BF012000205DF808FB00BF17
S21401A5D04DF808EDFFF7C4FF34BF012000205DF8F9
S21401A5E008FB00BF4FEA410212F5001215D211D541
S21401A5F06FF47873B3EB625212D94FEAC12343F07A
S21401A600004343EA505311F0004F23FA02F018BFFB
S21401A610404270474FF00000704750EA013005D1C4
S21401A62011F0004008BF6FF0004070474FF0000087
S21401A630704700BF4A0011D212F5001211D20DD593
S21401A6406FF47873B3EB62520ED44FEAC12343F032
S21401A650004343EA505323FA02F070474FF00000DC
S21401A660704750EA013002D14FF0FF3070474FF08B
S21401A6700000704753B94AB9002908BF00281CBF1B
S21401A6804FF0FF314FF0FF3000F08CB9ADF1080C00
S21401A6906DE904CE00F006F8DDF804E0DDE90223FA
S21401A6A004B070472DE9F04F099D0E4604460F464B
S21401A6B0002B47D18A429446B2FA82F35AD943B163
S21401A6C002FA03FCC3F120029F409C4020FA02F2EA
S21401A6D017434FEA1C461FFA8CFE220CB7FBF6F115
S21401A6E006FB117701FB0EF042EA0742904208D9B9
S21401A6F01CEB020201F1FF3702D2904200F23C81CC
S21401A7003946121AA4B2B2FBF6F006FB102200FB81
S21401A7100EFE44EA0244A64508D91CEB040400F1E7
S21401A720FF3202D2A64500F22A81104640EA0140D5
S21401A730A4EB0E0400211DB1DC400023C5E9004353
S21401A740BDE8F08F8B4205D90DB1C5E900010021A6
S21401A7500846F5E7B3FA83F100294FD1B342C0F0BA
S21401A7600281824240F2FF800846002DE8D0C5E90A
S21401A7700047E5E7002B40F0AF808A1A4FEA1C4EEF
S21401A7801FFA8CF70121B2FBFEF60EFB1620220CF7
S21401A79042EA004207FB06F090420FD91CEB020288
S21401A7A006F1FF382CBF4FF001094FF00009904227
S21401A7B003D9B9F1000F00F0DC804646121AA4B2A4
S21401A7C0B2FBFEF00EFB102200FB07F744EA024440
S21401A7D0A7420FD91CEB040400F1FF322CBF4FF047
S21401A7E0010E4FF0000EA74203D9BEF1000F00F094
S21401A7F0C9801046E41B40EA06409CE7C1F12004EC
S21401A8008B4006FA01FC00FA01FE22FA04F7E64044
S21401A8108A401F4320FA04F34FEA174843EA0C0321
S21401A8201FFA87FC4FEA1349B6FBF8F008FB1066DF
S21401A83049EA064600FB0CF9B1450ED9BE1900F1EE
S21401A840FF3A2CBF4FF0010B4FF0000BB14503D977
S21401A850BBF1000F00F0A2805046A6EB09061FFAD6
S21401A86083F9B6FBF8F308FB136603FB0CFC49EA15
S21401A8700646B4450ED9BE1903F1FF382CBF4FF07A
S21401A88001094FF00009B44503D9B9F1000F00F0F2
S21401A8908280434643EA0040A6EB0C06A0FB028CEE
S21401A8A066454346E14602D307D1C64505D2B8EB15
S21401A8B002036CEB070C0138E1465DB1BEEB030207
S21401A8C066EB090606FA04F422FA01F3CE401C43AD
S21401A8D0C5E90046002133E702FA03FCC3F1200272
S21401A8E099409C40D6404FEA1C4E20FA02F21FFACD
S21401A8F08CF7B6FBFEF00A430EFB1066110C41EA1C
S21401A900064100FB07F68E420ED91CEB010100F151
S21401A910FF382CBF4FF001094FF000098E4202D9D3
S21401A920B9F1000F34D04046891B92B2B1FBFEF656
S21401A9300EFB161142EA014206FB07F191420ED9BF
S21401A9401CEB020206F1FF382CBF4FF001094FF055
S21401A9500009914202D9B9F1000F16D04646521AA3
S21401A96046EA00410FE7841A66EB03020120174608
S21401A970FBE6023E624421E702396244C1E66444D2
S21401A9800238D3E66444023834E7023E6244E6E71E
S21401A99002386144C8E7023B3E447BE702383E4446
S21401A9A05BE700BF704700BF2DE9F04F924685B0C8
S21401A9B089461E460D46554A0390294615F8014B11
S21401A9C0135D13F00803F8D12D2C7CD02B2C4ED020
S21401A9D04FF0FF3102936FF00043CDE9001336F0DC
S21401A9E0100851D037464FEAE6783A464346DDE945
S21401A9F00001FFF73FFE002383468E4618461946A0
S21401AA00A44613E0ACF13704A6421FDD002B09DB98
S21401AA1083457EEB010305D38E4508BF83453BD1B5
S21401AA20A24239DA4FF0FF3315F801CBACF130040E
S21401AA30092CE9D9ACF14104192CE3D9ACF1610434
S21401AA40192C03D8ACF15704A642DFDC5A1C2FD0D0
S21401AA50029A12B1404261EB4101BAF1000F03D0F4
S21401AA60002B48D1CAF8009005B0BDE8F08F4FF032
S21401AA70FF30029336F010086FF000432C7801F196
S21401AA800205CDE90003ADD1302C25D0002E3AD1F8
S21401AA900A27B0463E46A8E700FB08F307FB01334A
S21401AAA0A0FB07010B44201843EBE4710123BBE72D
S21401AAB02223039A1360BAF1000F17D005F1FF396C
S21401AAC0DDE90001CEE74FF00047009301232C7823
S21401AAD08D1CCDE9017382E72B7803F0DF03582B39
S21401AAE00CD086B90827B0463E467EE7DDE9000170
S21401AAF005B0BDE8F08FCDE90001DFE710276C78DF
S21401AB0002353E4671E710273E466EE7B9B60400A9
S21401AB104AE700BF10B4044C13460A4601462068B3
S21401AB205DF8044B40E700BFCC69002010B4044C2C
S21401AB3013460A46014620685DF8044B34E700BF19
S21401AB40CC69002020F0030110F00300C0F10000E2
S21401AB5051F8043B00F1040C4FEACC0C6FF00002F4
S21401AB601CBF22FA0CF213434FF0010C4CEA0C2CDA
S21401AB704CEA0C4CA3EB0C0222EA030212EACC12BA
S21401AB8004BF51F8043B0430F4D0C2F1000102EADC
S21401AB900102B2FA82F2C2F11F0200EBD200704744
S21401ABA02DE9F04780460C464548264614F801EB49
S21401ABB010F80EC01CF0080CF7D1BEF12D0F5BD0BB
S21401ABC0BEF12B0F3AD0654633F010003ED04FF061
S21401ABD0FF379A46B7FBF3F703FB07F96FEA090954
S21401ABE0002630460EE0AEF1370C63451DDD002E23
S21401ABF004DBB84202D833D1CC4531DD4FF0FF3605
S21401AC0014F801EBAEF1300CBCF1090FEDD9AEF141
S21401AC10410CBCF1190FE6D9AEF1610CBCF1190F6C
S21401AC2003D8AEF1570C6345E1DC731C1CD005B1AB
S21401AC3040420AB1F6B91160BDE8F08733F0100062
S21401AC4094F800E0654606F10204C0D1BEF1300F6B
S21401AC5017D06BBB0A234FF005091A4F9A46BFE778
S21401AC6000FB0AC00126CBE722233046C8F8003095
S21401AC70002AE1D0611EDEE794F800E00125B41C4D
S21401AC80A2E7207800F0DF00582807D083B9082310
S21401AC904FF007096FF060479A46A1E7102394F832
S21401ACA001E04FF00F0902346FF070479A4697E7BC
S21401ACB010234FF00F096FF070479A4690E700BFD8
S21401ACC0B9B60400999999196AE700BF10B4044C03
S21401ACD013460A46014620685DF8044B60E700BF4C
S21401ACE0CC69002010B4044C13460A46014620687D
S21401ACF05DF8044B54E700BFCC6900200F4B70B5DC
S21401AD000F4DAB42A3EB050607D0B6100024013465
S21401AD1055F8043B9847A642F9D80A4D24F0C0FBE3
S21401AD20094B5E1BAB424FEAA60606D0002401344F
S21401AD3055F8043B9847A642F9D870BDAC6D002083
S21401AD40AC6D0020AC6D0020B06D002070B586079C
S21401AD5047D0541E002A3ED0CAB2034601E0013C49
S21401AD6039D303F8012B9D07F9D1032C2CD9CDB289
S21401AD700F2C05EB052505EB054535D9A4F1100C7F
S21401AD8003F1100E1A462CF00F064FEA1C1CB644AF
S21401AD90C2E90055C2E9025510327245F8D10CF1EC
S21401ADA0010214F00C0F04F00F0C03EB021213D087
S21401ADB0ACF1040323F003030433134442F8045BA9
S21401ADC09342FBD10CF003042CB1C9B21C4403F826
S21401ADD0011BA342FBD170BD64461346002CF4D17F
S21401ADE0F9E703461446C0E71A46A446E0E700BF63
S21401ADF088420ED98B1883420BD900EB020C002A2D
S21401AE006ED0624613F801CD994202F801CDF9D110
S21401AE1070470F2A0FD8034602F1FF3C002A5FD085
S21401AE200CF1010C013B8C4411F8012B614503F830
S21401AE30012FF9D1704740EA01039B0751D1A2F1D6
S21401AE40100301F1200C70B523F00F0501F1100E6F
S21401AE5000F110041B09AC445EF8105C0EF1100EF4
S21401AE60103444F8205C5EF81C5C44F81C5C5EF808
S21401AE70185C44F8185C5EF8145CE64544F8145C0B
S21401AE80EAD1013312F00C0F02F00F0C01EB0311A3
S21401AE9000EB031329D0ACF1040C1C1F8E462CF0DA
S21401AEA003064FEA9C0C1E445EF8045B44F8045FFC
S21401AEB0B442F9D10CF1010402F0030203EB84035E
S21401AEC001EB840102F1FF3C4AB10CF1010C013B9C
S21401AED08C4411F8012B614503F8012FF9D170BD9F
S21401AEE0704702F1FF3C03469AE76246EAE700BF75
S21401AEF02DE9F04F82468E463F4875461EF801BB47
S21401AF0010F80B4014F00804F7D1BBF12D0F5BD0FD
S21401AF10BBF12B0F6FF0004904BF9EF800B005F19E
S21401AF20020E33F0100010D1BBF1300F04D0002B0D
S21401AF305ED10A231F4609E09EF8000000F0DF00FC
S21401AF4058284ED0002B53D108231F460025B9FBA5
S21401AF50F7F6284607FB16980EE0ABF1370C63456B
S21401AF601DDD002D04DB864202D321D1E0451FDA28
S21401AF704FF0FF351EF801BBABF1300CBCF1090FE9
S21401AF80EDD9ABF1410CBCF1190FE6D9ABF1610C6F
S21401AF90BCF1190F03D8ABF1570C6345E1DC6B1C10
S21401AFA00AD004B140420AB1CDB91160BDE8F08FB4
S21401AFB007FB00C00125DDE72223CAF800305AB19D
S21401AFC00EF1FF314846F0E79EF800B04FF0004919
S21401AFD005F1020E0124A4E74846BDE8F08F81463C
S21401AFE0EEE710239EF801B00EF1020E1F46ADE704
S21401AFF010231F46AAE700BFB9B60400242B02D8C7
S21401B000012B00D074E710B500F02EFA162303606A
S21401B010002010BD10B5242A084C1346246807D812
S21401B020012A05D00A4601462046BDE810405FE7E2
S21401B03000F01AFA16230360002010BDCC69002028
S21401B04010B5242A084C1346246807D8012A05D0CF
S21401B0500A4601462046BDE8104049E700F004FADA
S21401B06016230360002010BDCC690020844641EA07
S21401B070000313F0030349D1403A23D30B6803605E
S21401B0804B6843608B688360CB68C3600B69036160
S21401B0904B6943618B698361CB69C3610B6A036248
S21401B0A04B6A43628B6A8362CB6AC3620B6B036330
S21401B0B04B6B43638B6B8363CB6BC3634030403115
S21401B0C0403ADBD230320BD30B6803604B684360E7
S21401B0D08B688360CB68C36010301031103AF3D2AE
S21401B0E00C3205D351F8043B40F8043B043AF9D23C
S21401B0F0043208D0D2071CBF11F8013B00F8013B0F
S21401B10001D30B8803806046704700BF082A13D31B
S21401B1108B07B1D010F00303AED0C3F10403D21AEB
S21401B120DB071CBF11F8013B00F8013BA4D331F843
S21401B130023B20F8023B9FE7043AD9D3013A11F8C3
S21401B140013B00F8013BF9D20B7803704B78437052
S21401B1508B78837060467047024B014618681BF077
S21401B160E2B900BFCC690020024B014618681BF00B
S21401B170DDB900BFCC690020CAB384460B4630B5A2
S21401B18004460843800719D09CF800000C78A042BA
S21401B19012D150B3012A28D0E64603E01CEB030F78
S21401B1A023D010B31EF8010F11F8014FA2EB0E03C6
S21401B1B0A04203F1FF33F1D0001B30BD032A07D8AC
S21401B1C0E2E7043A11D01EF0803F0ED1032A10D9CF
S21401B1D02068194653F8045BA446A0F1013E0434E6
S21401B1E0A8422EEA000EECD0CEE7002030BD104675
S21401B1F07047A4461946C7E780EA010C1CF0030F06
S21401B20037D110F0030C20F0030021F0030150F8B1
S21401B210042B08BF51F8043B0ED08CF0030C6FF0E2
S21401B2207F434FEACC0C23FA0CFC51F8043B42EA6C
S21401B2300C0243EA0C0300BFA2F1013C9A4201BF93
S21401B2402CEA020C1CF0803F50F8042B51F8043B0A
S21401B250F2D04FEA02604FEA1222012828BFB0EB73
S21401B260036F08BF1B0AF4D003F0FF03000EC01AD9
S21401B270704710F0030F0AD010F8012B11F8013BAC
S21401B280012A28BF9A42F4D0A2EB030070474DF87A
S21401B290045D50F8042B01F0030521F0030151F879
S21401B2A0043B022D26D04DD822F07F45B5EB132F57
S21401B2B0A2F1013C2CEA020C0DD11CF0803C08BF27
S21401B2C051F8043B0AD185EA0205B5EB036F0CD1B0
S21401B2D050F8042BE8E74FEA13235BE03CF07F4C81
S21401B2E054D10B784FEA126554E04FEA126503F029
S21401B2F0FF034FE04FEA0245A2F1013C4FEA154534
S21401B3002CEA020CB5EB134F18D11CF0803C08BF99
S21401B31051F8043B07D185EA0205B5EB034F09D185
S21401B32050F8042BE6E75FEA0C4C2FD10B884FEA66
S21401B33012452FE04FEA03434FEA12454FEA134303
S21401B34028E000BF02F0FF05B5EB136FA2F1013C48
S21401B3502CEA020C0DD11CF0803C08BF51F8043BCE
S21401B3600AD185EA0205B5EB032F0AD150F8042B62
S21401B370E8E74FEA13630DE012F0FF0F06D051F82D
S21401B380043B4FEA122523F07F4303E04FF0000011
S21401B39020BC704705F0FF0203F0FF00012828BF1C
S21401B3A0904204BF2D0A1B0AF4D0A2EB000020BC79
S21401B3B0704700BF08B5064B044613B1002100F0E4
S21401B3C0AFF8044B1B6803B19847204619F0E4FA1E
S21401B3D021B5010078500020002301461A46184680
S21401B3E000F048B8032A30B415D941EA000484466F
S21401B3F00B46A40704D0541E0FE0043A032A08D9CA
S21401B4001946604653F8044B5CF8045BA542F4D039
S21401B410F1E760461946541E7AB1431E01390219F6
S21401B42001E09A4209D013F8010F11F801CF6045E7
S21401B430F7D0A0EB0C0030BC7047002030BC704742
S21401B44038B5074D074C2C1BA41005D0013C55F808
S21401B450043D9847002CF9D1BDE8384024F026B8C1
S21401B460B46D0020B06D0020014B1868704700BF16
S21401B470CC690020F0B5264C83B006460F462568F9
S21401B48005B36C681F2C3FDCA6B1D5F8880048B31D
S21401B490D0F800114FF0010C40F82420022E00EBEA
S21401B4A084020CFA04FC4CEA0101C0F80011C2F84F
S21401B4B0803010D0631C002002346B6045F8247085
S21401B4C003B0F0BD13491448216010B10068C1F8FB
S21401B4D08800104DD5E7D0F8043143EA0C03C0F8D4
S21401B4E00431E7E70D49CDE9002369B14FF48470D3
S21401B4F0FFF732FE40B100216C68C0E94011DDE97A
S21401B5000023C5F88800C5E74FF0FF30D8E700BF35
S21401B510085100207C5000200000000059B10100B5
S21401B5202DE9F04FDFF8B49083B0D9F8006096B3F8
S21401B530884601907568D6F888706C1E2BD4013544
S21401B54007F1800B06EB8505B8F1000F26D173686D
S21401B5502A68013BA3423BD000232B60BAB1D6F840
S21401B56004A05FB30123D7F80011A3400B4225D0F6
S21401B570D7F8040157F8241003422BD101989047BD
S21401B5807368D9F8002053451ED1B2421CD1013C44
S21401B590043D631CD8D103B0BDE8F08F4FB15BF812
S21401B5A024304345D3D0013C043D621CF3D0002F28
S21401B5B0F5D1013CEFD3013CFBD2ECE79047736831
S21401B5C0D9F800205345E0D0002AE4D01646B1E76A
S21401B5D07460C3E708469047D2E700BF08510020D1
S21401B5E0431E033306D8044B984228BF18466428E6
S21401B5F038BF6420704700BF40420F0038B5194B72
S21401B60005461B680C4603B1984744B1236833B11D
S21401B6101B68013303D0E3680BB1A3684BB91EF076
S21401B620E9FE00204FF4C172412100F0FFF921200C
S21401B63038BD204602F04AFC00230B4A85F83C310F
S21401B640C5E93743C2E9003363694BB1074A422172
S21401B65010684FF4D272C31A5842584100F0E6F906
S21401B6600020E5E77853002048660020DC530020E0
S21401B670F8B5044623F0FFFB002607460E4B1B6871
S21401B68093B19E68AEB196F82420D20711D4354600
S21401B6900FCC0FC50FCC0FC523682B6096F824304E
S21401B6A043F0010386F82430384623F0DFFB3046AA
S21401B6B0F8BD1B68E4E700BF206A002010B5044609
S21401B6C018B9054B054A136010BD00F0D9FCD4F833
S21401B6D0E830002BF6D1F4E79F9B03001C6A00209C
S21401B6E0014B1868704700BF4866002008B502463F
S21401B6F00868FFF775FF08604868FFF771FF486044
S21401B7008868FFF76DFF8860C868FFF769FF0B69F7
S21401B710C860581C03D00B48834228BF03460B6100
S21401B7204B69581C03D00748834228BF03468869E3
S21401B7304B61FFF755FFBDE808408861104601F0F0
S21401B7407BBC00BF40420F00D0F8E0302DE9F0414D
S21401B75005460C4613B1C38D8B424CD0D5F8DC3070
S21401B760002B4BD09E68002E48D0D868002845D0C4
S21401B770013800B200281ADB002106E0128A591CA3
S21401B780A24217D209B2884211DB0B1803EBD3731E
S21401B7905B1003EBC30206EB8202B2F80EC003F1A4
S21401B7A0FF3EA445EAD90FFA8EF08842EDDA212051
S21401B7B0BDE8F0814FF6FF7299B29142F7D09BB285
S21401B7C003EBC30306EB83062846B6F9122095F869
S21401B7D03011D5F8F080EFF755F80746B8F1000FAD
S21401B7E004D00023324628461946C047EC85C5F8E2
S21401B7F0E06085F839710020BDE8F0810E20BDE8D3
S21401B800F08100BF2DE9F04782B004460F46164688
S21401B81001F086FE002863D14F4D2B68D4F8DCA0DA
S21401B820D4F8E0800BB1534576D04FF00009AF60F5
S21401B83001F09EFE0128074665D120461EF019FD3F
S21401B840002851D12B68DAF80010D8F8002013B17F
S21401B850186888426BD020461EF0BDFCC5E900A8DA
S21401B860D4F8F0508DF80760002D67D000222046EE
S21401B87011460DF10703A847204600F0EDFF0546E7
S21401B880B9F1000F0FD076B9D4F88C300BBB012F6D
S21401B89005D025B1314B002103205B689847284627
S21401B8A002B0BDE8F087B5FA85F040F207523321C1
S21401B8B0400900F0BBF83146204601F00BFA284B50
S21401B8C005461B68414620469847D4F88C30002B25
S21401B8D0DDD000224FF40073204600F0E1FBD6E7EE
S21401B8E000231D4D6B6098E794F82530DA07A9D53B
S21401B8F0D4F894305B05A5D51A4B012200212046C9
S21401B9001B6898479EE70021012000F001FC01F02A
S21401B9102FFE0128FBD190E76B68002B85D04345AD
S21401B92083D1AB689F4215D04FF001097FE7696864
S21401B93011B10968914291D059688CE794F82A10A0
S21401B94094F839313246994228BF1946204600F00C
S21401B950D1FE91E70025A2E748660020286A00206C
S21401B9601C6A00207C530020F8B50F46054623F0DC
S21401B97082FA394606462846FFF7E6FE044620B117
S21401B980304623F073FA2046F8BD01F0A7FD2246A3
S21401B99039462846FFF736FF04460028F0D12846E8
S21401B9A01EF067FC0028EBD095F8253013F0010354
S21401B9B00DD0D5F8942052050DD5B5F82A21BA42F6
S21401B9C005D0B5F82C31DB1BB3FA83F35B09034AC8
S21401B9D082F8C430D4E72346F9E700BF001E00B062
S21401B9E013B5044669461EF008FA20461EF04CFBC5
S21401B9F0FF28024606D020469DF80010EEF7C0FF4D
S21401BA0002B010BD0048FBE70080FFFF38B5044DCB
S21401BA10044C054B286021601A6022F081FE38BD77
S21401BA200C530020246A00201053002010B550B992
S21401BA300548064B0160064802601868054B186009
S21401BA401868FFF7E3FF10BD246A00206854002041
S21401BA50105300200C5300202DE9F0418AB001ACB0
S21401BA6005460B462746194A02F1200C2646106861
S21401BA705168083203C662453446F7D1002B08BF29
S21401BA803B46002710681C463060384603F10C061A
S21401BA9090B95FFA87F84246284621881EF0ECFBEB
S21401BAA050B942462846E1881EF0F7FB20B94246C7
S21401BAB0314628461EF003FC0137032F06F108061F
S21401BAC004F10204E4D10AB0BDE8F081DCB7040059
S21401BAD0F0B589B005460E461EF000FC044600BBD4
S21401BAE001AC06F10C070FCF0FC497E8070084E8F6
S21401BAF0070001A92846FFF7F9FD2846311D1EF06B
S21401BB00C7FD044648B92846074901F057FA0446D6
S21401BB1018B9284601F0C6FD044628463168FFF7E5
S21401BB209BFF204609B0F0BDD4B7040001491EF0C2
S21401BB30B7B900BF75D6010070B5164E0328044686
S21401BB400D4633781ED023FA04F202F00102AA420F
S21401BB501DD053B10122A240A54023EA02032B4384
S21401BB60DBB233704BB1012070BD2DB10A4B012001
S21401BB701B6898473378EDE73570074B00201B6844
S21401BB809847F0E79A07DED003F0FC03E9E70020C8
S21401BB9070BD00BF876300205053002038B50446AF
S21401BBA00D4605F077FD60B101F0C6FC48B9012DE0
S21401BBB007D801201EF03DFB0D4B1B6823B15B68C7
S21401BBC098470C4B1C7038BD23F0AFFA0A4B1A6825
S21401BBD0801A186021F01EFF4FF47A72074B1B681B
S21401BBE002FB00301EF05AF9012001F0ADFCE8E737
S21401BBF074530020796D0020485300204C530020D8
S21401BC00F8B505460C4623F036F9104F06463B7844
S21401BC1033B1012D04D01CB90D4821F04DFE3C7006
S21401BC2021462846FFF788FF0A4B04461B783BB996
S21401BC303B782BB91EF0F1FA10B1074B1B689847F9
S21401BC40304623F013F92046F8BD00BF8863002074
S21401BC502453002087630020286A0020054A0B46EB
S21401BC60117831B100211170034A01215268187808
S21401BC701047704788630020286A0020124B02395B
S21401BC80012910B518701ED805F004FDD8B101F0D1
S21401BC9053FCC0B101F034FAA8B90C4B1C6834B19E
S21401BCA023689847BDE8104000201EF0C2BA1EF077
S21401BCB0F3F8074B186023F038FA064B1860204655
S21401BCC001F042FCEEE710BD796D002074530020B0
S21401BCD04C5300204853002038B5044680B123F069
S21401BCE0CAF801210446084621F08AFA01210B4AC6
S21401BCF008461AF0ECFC2046BDE8384023F0B6B8FA
S21401BD0023F0B9F805462146012021F079FA0120F1
S21401BD102146024A1AF0DBFC2846EDE7098E0400AC
S21401BD20F0B585B023F0A7F8344D04462B7823B13F
S21401BD30334821F0C1FD002852D121F047FE02AA66
S21401BD4003A91EF054FA0346002838D01EF063FA01
S21401BD50029B98421CD100202A4B03991B682A4E4D
S21401BD609942307020D90027C91A012324482B7024
S21401BD70264A3346CDE9007723F0B3F9002837D1B8
S21401BD80234A1378D90701D53178F9B1204611E055
S21401BD901EF03FFA029B984228D000231846194904
S21401BDA0194A0968137003910121FFF7C5FE0023A4
S21401BDB020462B7023F05AF8002005B0F0BD20462F
S21401BDC02B7023F053F8212005B0F0BD03F0FE03DD
S21401BDD01370002BDAD10F4B1B6898472046E9E712
S21401BDE0204623F043F80E2005B0F0BD0220B3E74D
S21401BDF0032320462F703370F3E700BF88630020CB
S21401BE002453002044530020786D00205DBC0100BF
S21401BE10876300205053002038B523F02CF80F4DCF
S21401BE2004462B789BB90E4A0E4913700E4B0F4AE7
S21401BE300F481A600F4A5A60F0F7CEF90E490F48BC
S21401BE40F0F7CAF90E4B0F4A1A6001232B70F0F770
S21401BE50CDFA204623F00AF8002038BD8963002079
S21401BE608863002000B80400286A002021BD010074
S21401BE701453002001BC010008B804001C53002024
S21401BE8050530020D9BC01002DE9F0438F7880463D
S21401BE900F2F0C4685B003D9212005B0BDE8F083ED
S21401BEA027B90123374A00201370F6E70D784E783C
S21401BEB0EDB9002EF0D194F90310E08803F00AF8EA
S21401BEC02128E9D055EA0603A088DFF8C89013D0E8
S21401BED003F064F84FF60403B9F8002001469A42CD
S21401BEE04BD1AE42334638BF2B4600262DE0082DF7
S21401BEF0D2D8082ED0D8DEE703F050F84FF6040566
S21401BF0001464FF60500204A136E9BB2AB4208BFAE
S21401BF100346B1F5803FA9F800300FD90223082562
S21401BF20136680230126C2F880302B4649084FF657
S21401BF30FF720139914228BF114608E0802301268D
S21401BF4008251666C2F880302B460029EFD100225C
S21401BF5002920122013FFFB2009201972A4608F1A0
S21401BF60F80002F0B7FE1EB14FF48012074B5A6577
S21401BF70074BA2681A60022394E703480266A9F8F1
S21401BF800030AEE78A63002000C001B800D001B8D7
S21401BF905C530020FA6C002010B50446D0F8182136
S21401BFA00B4B4FF40061C3F8A82090F82420D2016F
S21401BFB002F4006205F0D2FA94F8243013F0100F60
S21401BFC04FF4007314BF034A034A136710BD00BF42
S21401BFD0001E00B0001002B8002002B8431C07D0B3
S21401BFE06FF0FF02034B10401A62A3F580531862EC
S21401BFF0704700BF00E000B8F8B504460F46164685
S21401C00022F039FF0546A047044620B1284622F013
S21401C0102DFF2046F8BD04F07FFC04220549D1F827
S21401C020D83E23EA07033343C1F8D83E024B1A67CA
S21401C030ECE700BF001000B0002002B800F01803C3
S21401C040182B0AD003070AD440F2011310F010008F
S21401C05018BF1846034B186570470020FAE7012001
S21401C060F8E700BF001F00B0044B1868830654BFF2
S21401C070C0F30F204FF6FF70704700BF44540020F6
S21401C08038B10368044A002B08BF1346034A1360FD
S21401C0907047014BFAE700BFE79E0300346A0020B1
S21401C0A010B4D0E9544122400B4052EA030104D0B7
S21401C0B003495DF8044B096808475DF8044B70476F
S21401C0C0346A00200F2938B505460C460ED801F013
S21401C0D04FFA01280CD1074A2846D36B23F00F03E9
S21401C0E02343D3631EF009F9002038BD2120FCE765
S21401C0F00220FAE7001F00B0014B186C704700BF22
S21401C100001F00B0014B002019647047001F00B0EB
S21401C11003282DE9F347884655D82C4B13F8009091
S21401C1202B4B1E5C2B4B13F800A022F0A4FE0746F7
S21401C13004F03EFB054640B100230022CDE9003362
S21401C14001200023002104F079F904F039FB48B1FD
S21401C15000230022CDE90033002000234FF40041E4
S21401C16004F06CF96EB31C4BDC6C04F008041B4B3A
S21401C1703146DC64484604F02DFC524631464846BA
S21401C18004F092FC164BDC646DB1164B1868D0F8BF
S21401C1909410F83003F06EFA13490868FFF71EFF93
S21401C1A04FF0FF330B60B8F1000F04D00F4B0021A6
S21401C1B003205B689847384602B0BDE8F04722F096
S21401C1C055BE3446D3E702B0BDE8F08718B8040080
S21401C1D014B8040010B80400004000B8006000B8AD
S21401C1E0005000B868540020306A0020286A0020F9
S21401C1F00F4A136F13F0A00F15D1506F10F0040003
S21401C20013D10C4BD3F8D83E23F07F4323F0FF0322
S21401C2105BB1D368C3F30362092A07D0B2F10C00FD
S21401C22018BF01207047002070470120704700BFEB
S21401C230000002B8001000B070B50D46064620B9E1
S21401C2401A4B1B68A3B10E2011E001F091F90128E9
S21401C25029D1174B93F90040C4F11C04641BC4F1A7
S21401C2601C03002BB8BF5B42232B0CDD212070BDC5
S21401C27081EAE173A3EBE173DBB2232BF6D80C4B17
S21401C28019700020F3E786F8285022F0F4FD094AD9
S21401C290E402D36904F4FF2423F4FF231C43D4618E
S21401C2A022F0E4FDEDE70220E1E700BF685400203C
S21401C2B08B63002000C000B818B9034B93F9000047
S21401C2C0704790F9280070478B63002010B504462C
S21401C2D01DF0CFFF10B1012001F0D4F92046FFF781
S21401C2E05BFE22F0C8FD0A4A0121D2F8A0300446BE
S21401C2F023F02003C2F8A0300222064B08469A60BB
S21401C300054B5B689847204622F0B0FD002010BD23
S21401C310001E00B0001002B8286A0020064B5A6AB8
S21401C320920207D4D3F8803013F4706F14BF012043
S21401C3300020704701207047004001B8F8B50E464E
S21401C340D0F8943002EA010423EA01032343C0F83B
S21401C3509430464A01F00B0323EA0401D1642340DA
S21401C360A2F58052D3647207054610D50121FFF766
S21401C370D5FF60B104F0D0FA4FF4007314F0040F47
S21401C38014BF3B4A3B4A536204223B4B1A67F306EF
S21401C39006D514F0100F14BF00221B22374B5A6526
S21401C3A037061DD5200616D54FF40012304B1A62FB
S21401C3B0012203F58053C3F8002122F05CFD0E2113
S21401C3C00746032003F09EF840F201222B4B384625
S21401C3D0DA6222F04BFD214605F1F80003F04AF936
S21401C3E0F10503D5E2052AD503F05CF8B30503D5BC
S21401C3F0A70527D503F062F816F48C6F1DD014F448
S21401C400806224D095F82530DC070CD5EA8DB5F886
S21401C4102A31934219D0B5F82C31981A4342434138
S21401C420174A82F8C430D5F8E41028461DF05CFDA2
S21401C4308022144BD864144B1A610020F8BD03F017
S21401C4402BF8D3E703F034F8D6E70123E8E77105C4
S21401C450E9D595F82530DB07E5D5094B114683F874
S21401C460C4200A4B28461B689847DCE7006000B8E2
S21401C470005001B8006001B8002002B8004000B8C2
S21401C480001E00B0001F00B0000002B87C53002060
S21401C490014B1868704700BF6853002037B522F07B
S21401C4A0EAFC002401230022CDE9003400230546DE
S21401C4B01946104603F0C2FF022002F0E7FA064BC7
S21401C4C021461C60054B02205B689847284622F0EF
S21401C4D0CDFC204603B030BD70530020286A0020F2
S21401C4E02DE9FF4102290D4616469846039004D1D0
S21401C4F0FFF7D4FF04B0BDE8F08122F0BCFC1E4F6C
S21401C50004463B683BB1B34205D022F0AFFC0023A2
S21401C51021203B60EEE7194B0022C3F800803E6005
S21401C520002301264FF0000810461946CDE90066A3
S21401C53003F084FF124B022083F8008002F0A6FA73
S21401C54043462A46022003A902F0BEFA0D4B039A7F
S21401C5501A6008B92046D8E70B4D2B689847212862
S21401C56004D0204622F082FC0020C3E731466B68E7
S21401C57002209847F5E700BF705300206C53002057
S21401C5808D63002068530020286A0020044B5B6EF0
S21401C5905B054EBF0120034B187800F00100704781
S21401C5A000C001B88D6300200A78022A11D0101F3E
S21401C5B04242424152004B781201022B0BD0191F06
S21401C5C04B424B415B000549054842EA8312FFF79F
S21401C5D013BD0122EFE70123F5E700BFF0FFFF00DF
S21401C5E0B9D501000B78022B10D0181F43424341E6
S21401C5F05B004A78022A0BD0111F4A424A41520078
S21401C6000F21044843EA8202FFF7F6BC0123F0E754
S21401C6100122F5E7E5D501002DE9F8430E78044639
S21401C620042E0D4690F830810BD100275FFA87F96A
S21401C630484601F07DFD08B14E4602E00137042F61
S21401C640F4D1304601F074FD002849D094F8303119
S21401C650B34209D1AA88D4F8A8309A4204D16A888C
S21401C660B4F832319A4238D084F83061AB8830461B
S21401C670A4F834316B88A4F83231AB8804F5987588
S21401C680C4F8A830FF2384F82B301DF0E7FE84F8A9
S21401C6902A00284601F078FC18BB284601F03EFD2A
S21401C6A0F8B9D4F8E03053B194F83011414506D0CA
S21401C6B02046B3F91220EEF7E5F884F83901204652
S21401C6C001F09AFE0949A4F834010123084AD1F879
S21401C6D0FC1004F1F80003F0AFFC0020BDE8F8837D
S21401C6E021200C2384F83031F8E700BF001F00B08A
S21401C6F0581F00B0F8B5054690F830010C460C28D6
S21401C700164623D0FF2923D01AB14FF0FF32114B22
S21401C7101A601DF0A3FE074695F8300101F068FD8A
S21401C720844228BF0446E4B2BC4238BF3C46E0B26D
S21401C73085F82B0001F002FEFF280CBF21240024FF
S21401C74016B9284601F068FD2046F8BD0224FBE72D
S21401C7502124F9E7386A002010B590F830310446F4
S21401C7600C2B43D0D0F8E03080F82A10D3B3D0F8A1
S21401C770F020CAB990F839318B421BD300222046EB
S21401C780FFF7B8FF40BB1A4B1B78022B23D8204675
S21401C79001F032FE17490123174AD1F8FC1004F1C3
S21401C7A0F80003F049FC16E0B0F94220B3F9123064
S21401C7B09A42E3DD0022204694F83911FFF79AFFEA
S21401C7C050B9C4F8E00020461DF091FA4FF6FF7309
S21401C7D09842014601D1002010BD2046BDE8104018
S21401C7E0FFF7C2B8FF2380F82B30F4E70220F3E707
S21401C7F0FE6C0020001F00B0581F00B0F0B51D46AB
S21401C800144B04461B780F46164685B05BB1D0F82C
S21401C810E030E3B102AAB3F912300092002218F018
S21401C820B8FE05B0F0BD02A91DF0E7FA9DF80810A4
S21401C8303A462046EEF726F8014626B92A4620460D
S21401C840FFF758FFEDE72046FFF786FFE9E71846B2
S21401C850E7E700BFDA8F0400D0F89C30012B01D146
S21401C8600020704770B5044665498CB01DF02BFE5C
S21401C870D4F8E0600146E58DC4F8E40026B13368DB
S21401C88013B15B68002B71D122F0F5FA22F0EEFAB3
S21401C8900123D4F8E4108DF80630B389D6E90120D7
S21401C8A0EB1A9BB200FB03225648ADF8043003682E
S21401C8B000928B4207D020461DF016FB802252497B
S21401C8C0524BC8641A61514D00F052FE0128FBD14B
S21401C8D0AB689E06F8D420469DF80620009906AB64
S21401C8E003F0E6F800283ED100F042FE0128FBD115
S21401C8F0464A136FD801FCD493689906F9D4684662
S21401C90006A903F08DFA054668BBE28D404B5A64D2
S21401C91094F8243060F3410384F8243000F0EEFFED
S21401C920D4F8E0305969431E0E68DBB2FD2B02963F
S21401C93022D9F31C34D84B68FF2803935ED1012615
S21401C940DA1C25D8024602A920461DF0E5FCE6B908
S21401C950D4F8543199053FD494F8243043F00203B7
S21401C96084F8243011E002200CB070BD1A68032A46
S21401C9708AD99B6A5B0E8EE74B6801280393DED04B
S21401C9800246204602A91DF0C7FC00200CB070BD6F
S21401C9900133204B5B6816D0DA1C23D80393D1E70A
S21401C9A01C4B01361B6818BF0126DD1C06D80293F6
S21401C9B04B68FF280393C3D00020C3E7FF284B68CA
S21401C9C019D00393C3E7DD1C0FD80246204602A9FF
S21401C9D003931DF0A1FCBBE720464FF480311DF008
S21401C9E023FED2E7FF28B2D1E6E7FF28B0D1002226
S21401C9F0204602A9EDE701200393A1E72A46C0E7F6
S21401CA00FC1F00B058530020001F00B0000002B801
S21401CA10008001B8406A002010B50C4619B11DF01F
S21401CA2028FC00B10434204602F0B8FA024B40421A
S21401CA30C3F8C80E002010BD001000B0838E70B57C
S21401CA4093420C4615461CD3836C8B4208BF0024C8
S21401CA5022F011FA4FF49C530B490646CA68C2F3FA
S21401CA600362D340DA0702D50B6F9B0304D401227D
S21401CA702946204601F016F8304622F0F7F9002044
S21401CA8070BD2120FCE700BF000002B82DE9F84F79
S21401CA90064615460B4611B92120BDE8F88F002A37
S21401CAA0FAD0032905D8002201F05EF903460028D2
S21401CAB0F2D01C889978B4F5804F01F0070080F019
S21401CAC0C580A0F1070C1A7993F805A0DF88DCF180
S21401CAD0000343EB0C0305282B7394BF0023C1F31B
S21401CAE00013C1F3801C6B738B0985F810C003F02B
S21401CAF00203C1F3C00C43EA0C03C1F340116B748B
S21401CB00A974AF82002A40F0828096F81E31013B5C
S21401CB10DBB2EB74D6F89430DF0600F1838006387A
S21401CB2001287FD8B6F81280F76908F1FF38484B1C
S21401CB30083C04EA08045B6D3B5D0134802B0EBFA4
S21401CB406FF07F03323B5BB2AB730023AB6096F8AA
S21401CB50279004EA0804B9F1000F61D1631D03EAC6
S21401CB6008035A1C02EA0802BA5CFB5C43EA022389
S21401CB70D9040FFA83FB4CD5D6F8E43013B11B6801
S21401CB80022B05D841F24D724C210020FEF74EFFD4
S21401CB90D6F8E420CBF30B0392F82420DB000AB18D
S21401CBA0B3FBF2F39A4508D83BB1CAEB0A2ABAFBA3
S21401CBB0F3FA6FEA0A0A5FFA8AF9D6F8EC3023B17B
S21401CBC0484695F90E1098478146631C85F80F90E4
S21401CBD003EA0803F95C013303EA0803FA5C01334C
S21401CBE003EA080341EA0221FA5C013303EA080377
S21401CBF0F85C41EA0241002341EA00616A7C304662
S21401CC0003F0D8FA06232860AB71002045E7531ECF
S21401CC107EE717F804904FEA49095FFA89F9CCE7ED
S21401CC209946D2E700230020EB730A4B5A69C2F3F8
S21401CC300723120448BF63F0FF035AB212F1800FB4
S21401CC401CBF323B5AB2AA730346DCE7022024E734
S21401CC50004000B800C000B838B5148811F00305CC
S21401CC604FEAC40422D13F2C20D9B4FA84F4C4F18B
S21401CC701903DBB2052B01D8192C15D0052B28BFBB
S21401CC80052301240633DBB29C40C4F3CF03138093
S21401CC9003828161448700F02DFF054A631E23430A
S21401CCA0C2F8A430284638BD2B46EAE72125F9E725
S21401CCB0001E00B011F5004F1FBF01F30E01044B1B
S21401CCC0C1F30E01002014BF99642120704700BFF4
S21401CCD0008001B8F8B504460E4619B990F824301C
S21401CCE05A063FD44FF6FF73618ED4F8E47099422A
S21401CCF004D0314B1B680BB1204698472F4D2B684B
S21401CD00BB424DD02E4B1B683BB11FB13A68002A7F
S21401CD1048D0BF683946204698470727204601F085
S21401CD206BFB002E32D006270126264B94F92820CD
S21401CD3093F900302449C3F11C039B1ACA69DB022C
S21401CD4022F4FF2203F4FF231343CB61D4F8E4302B
S21401CD501E4A2B601E4B976720461E701DF0CDFAAB
S21401CD600020F8BD4FF6FF71144DD0F8E4702A6824
S21401CD7066F386139742418680F8243017D0104B0D
S21401CD801B68002BC1D101F037FB072711493B4631
S21401CD90114AD1F8FC1004F1F80003F04DF9C2E78E
S21401CDA00127BBE71746204639469847B5E701F005
S21401CDB023FB0127EAE700BF6453002058530020F5
S21401CDC0605300208B63002000C000B8006000B8EC
S21401CDD08C630020001F00B0581F00B0054A12687F
S21401CDE01AB190F81E1119B91047084602F0AABBED
S21401CDF0014870475453002000FEFFFF344B2DE9D5
S21401CE00F7431C6801F4007900F00103174653EA62
S21401CE10090206460D4635D04FF000083BB3002305
S21401CE20002200210120CDE9008803F007FB042041
S21401CE3001F02CFE41462046FFF7D0FF0122414675
S21401CE40208610461CF005FFD4F8941004F1F80073
S21401CE5002F010FC1F490868FFF7C0F84FF0FF33D7
S21401CE600B6094F8243043F0040384F82430B9F1BD
S21401CE70000F07D0012120461DF0D6FB25F40075D2
S21401CE8006430D432B4632462046FFF709F9FB07BA
S21401CE900FD51149114A0868002113681160012154
S21401CEA00F4A117003B198470E4B002102205B68B0
S21401CEB0984717F00E0F08D04FF409723B21002057
S21401CEC003B0BDE8F043FEF7B1BD03B0BDE8F083A3
S21401CED068540020306A00206C53002070530020F4
S21401CEE08D630020286A002008B5482200210248E8
S21401CEF0FDF72CFF002008BDDC1E00B073B57821BD
S21401CF006422A0F8141182210C23C0E94112C0E961
S21401CF104322C0F8002107224FF0FF35002680F893
S21401CF2030314FF6FF730446C28700F14C0282642B
S21401CF301E4AC385A0F8403080F82C3043864263F1
S21401CF40038780F82860C0F8A850458580F82650E9
S21401CF5003F03EFC2046FFF7C7FF94F92810204651
S21401CF60FFF76AF9602340F6FF71114A2046D36441
S21401CF7002F11C42D162D1650E4A2946D364402291
S21401CF800D4B1A67D4F89420FFF7D8F90E23002228
S21401CF90CDE9003340F202231046194603F04EFA5B
S21401CFA001F0E2F8304602B070BD00BF4000FFFF5E
S21401CFB0004000B8005000B8002002B810B50C467A
S21401CFC0FFF792FFBCB1A378082B16D8E278082A9F
S21401CFD013D843EA021313F0FF030CBF1946616826
S21401CFE0074AC2F8DC10217882F82011617882F8AD
S21401CFF0233182F82111002010BD2120FCE700BF5B
S21401D000001E00B0012A10B512D8032B10D803EB6E
S21401D01082020123074C934094F82201DBB221B12E
S21401D0200343002084F8223110BD20EA0303F8E709
S21401D0302120F9E7001E00B0034670B50C68B0F871
S21401D0403421013408BFD3F800418D6808BF0C6055
S21401D0504C68F830013404BFD3F80C414C606E1CA8
S21401D0603CD1D3F80841CE688C60751C3CD1D3F80E
S21401D07004510E69CD60013604BFD3F8F8600E6125
S21401D0804E69013604BFD3F8FC604E618E690136E5
S21401D09004BFD3F810618E618E695EB35A32B24214
S21401D0A038BF32460E688A6116B15A2E38BF5A26E4
S21401D0B0C3F808414C68C3E94065C3E943420A69BD
S21401D0C0C3F8F8204A690C49C3F8FC20D1F8FC10D3
S21401D0D007230A4A02F0B0FF002070BD02F15A048D
S21401D0E0AC4238BF2C46BEE702F17805B54238BFE0
S21401D0F03546BEE76422D5E7001F00B0581F00B0D2
S21401D10070B521F0B8FE04460B4E00F031FA012846
S21401D11005D0204621F0AAFE0225284670BDF368F8
S21401D12013F0706FC3F30365EFD1B36ADB06ECD57A
S21401D130204621F09BFEF0E7000002B838B521F04A
S21401D1409AFE4FF6FF710A4A13888B4203D121F0EB
S21401D1508DFE0E2038BD074C074D1B046566A4F5F1
S21401D16080546366118021F081FE0020F2E700BF43
S21401D170FC6C0020006001B80000FFFF2DE9F743BA
S21401D18004460F4615461E46FFF732F830B3A38A0B
S21401D19023B320461CF073FE78B9002E40F0F280CF
S21401D1A0794BD3F8D83E03F03002102A00F0EA801B
S21401D1B003F0C003402B00F0E580DFF80082D8F8CA
S21401D1C01430D90740F1DE8021F055FE06460320D3
S21401D1D001F058FD30B1304621F048FE022003B080
S21401D1E0BDE8F083D8F8142012F00608F3D13046D3
S21401D1F021F03CFE644B4FF400612046D3F8D89EE4
S21401D200D3F8AC6E04F0BEF940B14FF400720121C0
S21401D2105E4B08461A6742461CF01BFD94F8253003
S21401D220DA0707D5D4F894305B0542BF4FF40022E5
S21401D230574B1A6739462046FEF796FB524BC3F802
S21401D240D89EC3F8AC6E0028C9D194F8243098064D
S21401D25001D4002D57D0C5F3400003F023FB022371
S21401D26015F4807F1BBF0021494A484A136717BF40
S21401D270484A13675161136303F04EFB4FF4806312
S21401D28015F0040F14BF444A444A15F0400F536288
S21401D2904FF004023D4B28461A674FF0400314BF77
S21401D2A03F4A404AC2F88830FEF7C8FE20461CF0C6
S21401D2B010FF38B14FF4807315F0010F14BF344AD4
S21401D2C0324A1367A90647D54FF6FF72B4F84030C5
S21401D2D093420FD0344A3549526E100CC2F30112F4
S21401D2E00132B3FBF2F308802B4A2C4930481B0469
S21401D2F048665366003D18BF012594F8243065F34F
S21401D300451384F8243020461CF0B3FFF0B12046C4
S21401D3101CF0DFFED0B14FF40031204604F032F9A4
S21401D320431C03229BB2234801A91DF05AF89DF81D
S21401D330042002F00703052B9DF8053015D11207CE
S21401D3400DD443F480731C4AC2F8B830002003B0F1
S21401D350BDE8F0431DF052B8FFF7F0FECAE713F040
S21401D360040F09D19DF80630EBE703F03002202ABE
S21401D37005D113F0010FF4E74FF48073E3E79DF84E
S21401D3800630E0E70E202AE7001000B0002002B8C1
S21401D390001002B800400054005001B8006001B807
S21401D3A000D000B800E000B8004001B8FC6C0020D6
S21401D3B00000FFFF08400054001E00B000C001B886
S21401D3C02DE9F3410646884615461F4621F053FDD2
S21401D3D00446032001F056FC38B1204621F046FDF4
S21401D3E00E24204602B0BDE8F081042001F04AFC7C
S21401D3F00028F2D1204621F039FD01232A46414674
S21401D4003046FFF7BBFE04460028EAD1DFF8C880A5
S21401D4105FB388F8000039463046FEF735FD002830
S21401D4204CD198F80030012B1CD02022244B1A67CF
S21401D430244BDB6CB3F5817F1FD201201DF01FF852
S21401D44021F019FD204B06461B680193CBB901F06C
S21401D45093FC15F0800526D101F0E0FC284603F088
S21401D460F5F925E003F008FABBE798F80030012B40
S21401D470F8D0002BD9D12124B3E78022134B1A61AF
S21401D480DBE7042001F002FB00230122042001A9AE
S21401D49001F01AFB0028DAD103F056FA21243046AF
S21401D4A021F0E4FC9DE70022094B9A6701F0B6FCE7
S21401D4B0084B01215B6800209847F0E7044690E797
S21401D4C0001002B8001F00B05C530020000002B834
S21401D4D000C001B8286A00208A63002008B50C4BFA
S21401D4E0D3F84C114B1C12D011F080410FD1094BCF
S21401D4F01B6813B10320FEF70BFE4FF080624FF45A
S21401D5000071054BDA67054AD16201225A6108BDEE
S21401D5100080E00F68540020001002B8004000B8F8
S21401D5204FF40022034B186F03F500531A67C0F33C
S21401D530C0407047000002B8024B586900F0010075
S21401D540704700BF00C001B8084B5A69D10707D51C
S21401D55008B901F077BA5B69DA0706D401F064BA54
S21401D5605B69DB0701D40028F8D1704700C001B819
S21401D5700F4BDB68C3F30363013B0B2B0FD8DFE8CC
S21401D58003F006060C06060606080A080808022026
S21401D5907047042070470520704703207047054BED
S21401D5A05B6913F0060F0CBF01200420704700BF13
S21401D5B0000002B800C001B8094AD368C3F3036388
S21401D5C00B2B08D06FF49050184100F0010080F04A
S21401D5D0010040007047106F10F48030EDD17047A5
S21401D5E0000002B80C4AD368C3F30363062B07D8BE
S21401D5F0042BD8B20BD8C31E58425841400070477E
S21401D600072B06D1D2F830010028ECD17047022052
S21401D61070470020704700BF000002B8094BDB6866
S21401D620C3F303639A1E012A8CBF00220122012B39
S21401D63002701EBF4FF4026222FA03F303F00103E5
S21401D6400B707047000002B8094AD368C3F303633E
S21401D650032B01D0072B08D1536FDB0605D4906F3F
S21401D66080F00800C0F3C00070470020704700BF7C
S21401D670000002B8024B002219681CF0DBBD00BF97
S21401D6807CB80400024B1B6803B11847704700BF03
S21401D69088530020024B1B6803B11847704700BF30
S21401D6A08453002010B5FF224FF6FF7104461CF08C
S21401D6B0E3FD68B9FF224FF6FF7120461CF0EDFD31
S21401D6C030B92046BDE81040FF2202491CF0F7BDE4
S21401D6D010BD00BF20B804002DE9F0411C46184BD0
S21401D6E005461E680F46904646B1306801F01CFE9E
S21401D6F0F3681BB1B368186801F016FE114B1B687E
S21401D7002BB1DA681AB19B68186801F00DFE9DF816
S21401D7101830640744EA08425B0503F0BC6342EA3A
S21401D720C7621A432846084942F4C87203F016FF36
S21401D730002228461146FFF781F90020BDE8F08156
S21401D74078B804007CB804009007E12D08B5FFF70F
S21401D7507BFF88B1094BDA6912030DD5186F10F4F7
S21401D760003009D19B6F13F0100F4FF010030CBF60
S21401D770034A044A936708BD0220FCE7000002B88A
S21401D780001002B8002002B838B50446F8B1124AB3
S21401D790D3691B031DD5556F104BC5F38115032D9A
S21401D7A0B3F8B4300DD10822083B9BB221460C4891
S21401D7B01CF017FE0020084B25729B6F1B0A637234
S21401D7C038BD022D05D1023B2A469BB2EEE7212049
S21401D7D0F6E70220F4E700BF000002B8001E00B022
S21401D7E038400054431EDBB2FD2B14D9FF280B68CA
S21401D7F001D14A68134313F0802F1EBF42F2010283
S21401D800074BC3F8282251F82020054BC3F85022B5
S21401D810C3F8542270470128F5D10023E9E700BF79
S21401D820004001B8F0B585B06D460E460F4B074671
S21401D83014460FCB85E80F000D4BD3F84802009035
S21401D840D3F84C2201923EB1631EDBB2FD2B0AD9FE
S21401D8503060FF2C00D172602246294638461CF003
S21401D8605BFD05B0F0BD012CF4E700BF28B804004D
S21401D8700080E00FF0B585B06E460D4B07460D46AD
S21401D8800FCB86E80F0000F039F831460446024611
S21401D89038461CF0BAFE4DB140B9FF2C1BBF04AB95
S21401D8A003EB8404009B54F8103C2B6005B0F0BDDC
S21401D8B028B8040030B50C4B0546187085B008230F
S21401D8C080B90A4AC2F8FC3351B96C46084B0FCBF3
S21401D8D084E80F00074B2A4621461868FFF7A2FF87
S21401D8E005B030BD044AEDE77A6D0020001002B89D
S21401D8F038B8040068540020002002B8014B18789C
S21401D900704700BF7A6D0020124BD3F8E020D20397
S21401D9101ED54FF480321049C1F8E020A1F58051A0
S21401D920C1F8EC201A6CD1B2C2F30722C3F88010FA
S21401D930C3F880200422C3F880200022C3F8802088
S21401D940C3F88020C3F88020C3F88020C3F8802065
S21401D950704700BF0040005400600054F0220A4B9C
S21401D96001219A64A022A3F580539A64074B826C26
S21401D970C3F8C010FC21C3F89810C3F89C204FF4DC
S21401D9800052C3F8BC207047006000B80040005445
S21401D990F8B50D461746064621F06DFA0123042117
S21401D9A0084C094A2363A760E6602561C2F8E010C7
S21401D9B0064AC2F8843121F059FA0DB102232363D5
S21401D9C0F8BD00BF004000540060005400E100E0D4
S21401D9D00222024B58611A63704700BF0040005490
S21401D9E00122044B1A6640F6FF729963D863DA6522
S21401D9F0704700BF004000542DE9F04F042A054649
S21401DA000B4683B039D901260978141F81615A78EB
S21401DA1003F1040982619A788261DB788361036885
S21401DA20D0F808B003F0070306339E4006F1FF3A2C
S21401DA300AEA0B084768A6EB0802944247F000572B
S21401DA400ED84946224607EB0800FDF70FFB46EACB
S21401DA500A0604EB0B023240AA6003B0BDE8F08F61
S21401DA60494607EB08000192FDF700FB019A38468C
S21401DA7009EB0201A21B4244E7E7013A032AECD86C
S21401DA80DFE802F00B08050213F8012B826113F898
S21401DA90012BAA6113F8012BAA611B78AB6103B0B5
S21401DAA0BDE8F08F38B50C46154601460F4B60B100
S21401DAB001220F48C3F8C0202246FFF79DFF1DB183
S21401DAC004220A4BC3F8C02038BD64B1D3F8A420A1
S21401DAD0A24284BF0122C3F8C0200222C3F8A0409C
S21401DAE0C3F8C020EBE70122FAE700BF004000546C
S21401DAF09840005438B5044621F0BDF901211A4A70
S21401DB00638F054611663BB3B3FA83F3C3F119037A
S21401DB10DBB2A069C2F8901093660723D066C2F8FC
S21401DB208C304FF4A02302F50052C2F8E030A2F583
S21401DB308052C2F8EC3000220C4B1A600C4B1B6F63
S21401DB405B0209D54FF480020A4B04F1F8001A670C
S21401DB50D4F8941001F08EFD4FF4E0232846E363D9
S21401DB60BDE8384021F082B9004000548C530020B3
S21401DB70000002B8002002B82DE9F84305460C461D
S21401DB80B1B1D0F81880478F21F075F9B5F83CC0CF
S21401DB90791E01EA0C0323F00702032C0646DFF880
S21401DBA0F8E042445CD1DEF8004024B921F05EF989
S21401DBB00E20BDE8F88324F00104DEF8000020F012
S21401DBC00100A04251D10023CEF8003023889442B0
S21401DBD06FEA43436FEA534323803CD1EB8F08EB54
S21401DBE007091846083880B202F108044C4528BFD8
S21401DBF04446082804D9B4F800E0BEF5804F3ED26A
S21401DC0063440F431B1A3B409BB2AB87E8871188DE
S21401DC1094781C4AC1F30C0151645367C2F88C0016
S21401DC204FF48022184B04F00704C3F8E0200122C9
S21401DC30164BC3F88421FFF767FE042C0BD14FF473
S21401DC408002134B05F1F8001B6F124B1A67D5F8CB
S21401DC50941001F00FFD304621F008F90020A8E7E6
S21401DC60601E012898BF1446A7E7E88F4344E31ACD
S21401DC7048BFDB1908389842A8DC304696E72246AA
S21401DC80B0E700BF004000540060005400E100E02F
S21401DC90000002B8002002B88C530020144B10B5C7
S21401DCA01968CA8F8B8F488F13440138073B8C69DC
S21401DCB0034023F007031C4402F108030D4A9BB2FC
S21401DCC0CB87C2F88C304FF480220B4BC3F8E02090
S21401DCD001220A4BC3F88421A07800F0070004282B
S21401DCE003D1074AD3681B03FCD4064B1C6010BD46
S21401DCF068540020004000540060005400E100E039
S21401DD00000002B88C53002010B5064C216839B1CA
S21401DD10CB0703D4044B1868FFF72EFF00232360BC
S21401DD2010BD00BF8C530020685400204FF4803291
S21401DD300B4B0C49C3F8EC20A3F50053C1F8E020C7
S21401DD40D3F888109A6E012302F007020632934038
S21401DD50C1F30C01083B994201D8FFF7D5BD7047C6
S21401DD6000600054005000542DE9F04780460C46F0
S21401DD7016468769458F21F07EF8B8F83C2005F1F4
S21401DD80FF3C02EA0C0323F00701032C82463944C8
S21401DD90B8F83E0019D1494C24689CB90244073AA8
S21401DDA002EA0C0222F00702BC183B44E31A48BF01
S21401DDB05B19834210DB504621F058F800242046B8
S21401DDC0BDE8F08724F00104EFE7012C02D0022C15
S21401DDD0EBD108380C46E8E7002E3DD08C423FD107
S21401DDE0374AD2F844903649B8F81270D1F88820EC
S21401DDF0C2F30C02934247DA2588B5F5804FDAD292
S21401DE00A378C5F30C0503F007037A1EA5EB0905F5
S21401DE103A43052B337005EA02052DD82DB2E843A7
S21401DE2040F241420421C00FFDF700FE7580E37801
S21401DE303374D8F81C207B1E03EA0903D118B1609D
S21401DE40A9B213FA85F5AF422FBF0023FF1AB78098
S21401DE50F26024BFB180F360504621F007F8AEE7C8
S21401DE60A4F10802974284BFED0802EBC502B2F89E
S21401DE700090C9F30C09B6E7124B5B6D003B18BF67
S21401DE800123A5EBC305C9E70B6C7A1EA3EB0903B7
S21401DE903A431A400C4915B2002DCB680BDCC3F38C
S21401DEA00363D81E43424341DB0033708B6F72809D
S21401DEB01B0A3374BDE70823F7E700BF8C53002025
S21401DEC000400054004000B8000002B8054BA822EC
S21401DED0D3F84C013121431C0CBF0120C0F38070E4
S21401DEE0FDF7A4BD0080E00F38B5094D044628684B
S21401DEF040F69702003818BF01202B21FDF796FD4A
S21401DF00FA235C432B680A20B4FBF3F4604338BD64
S21401DF10C0530020174B30B51A68431C164B22D04D
S21401DF20B2F1407F1FD3154D00F03F04D5F8002114
S21401DF3022F03F021443C3F8C84001F03F042243D5
S21401DF40C3F8D020D5F804310D4A1A400D4B03EA28
S21401DF50500003EA510110431143074BC3F8CC00AC
S21401DF60C3F8D41030BD00200146C3F8C800C3F87A
S21401DF70D000F2E70080E00F001F00B0000002B8FA
S21401DF801FF087E1E0FFFF7F73B5574E04463178F7
S21401DF9019B91C225548FCF7D9FE2378544A6188E2
S21401DFA0137051804FF0FC62524CFF21C4F8FC20E4
S21401DFB04FF47F02C4F808214F4A022B4F4D1170CF
S21401DFC033D1042307224E49C4F8FC23C5F8FC3399
S21401DFD0C4F800114FF4C071C5F80011C4F8FC2351
S21401DFE04FF48052C5F8FC33C5F870214FF4005247
S21401DFF0C4F87021C4F808314FF4FF13C4F8FC309C
S21401E0004FF4BB13C5F8FC308023C4F8703148F2D6
S21401E010C8023C4BC3F8D8203B4B3C4A0020C3F80F
S21401E020C02F0123337002B070BD394A012BC4F8EA
S21401E0300021384B27D14FF4C072C5F80021D3F820
S21401E0403802D3F83C12FFF765FF0723C4F8FC3308
S21401E0500223C5F8FC334FF48053C5F870314FF4F2
S21401E0600053C4F870310423C4F808310DEB0300E3
S21401E070ECF740FB9DF80530023B012B9CBF80234B
S21401E080C5F87031C3E7244AC5F80021D3F8300239
S21401E090D3F83412FFF73EFF0723C4F8FC330123FD
S21401E0A0C5F8FC338023C4F870314FF4805301A8BF
S21401E0B0C4F87031ECF71EFB9DF80530012B05D135
S21401E0C09DF8043053B948F25D1309E0FBD9023BD1
S21401E0D0012B9CBF4FF40053C5F8703148F258131A
S21401E0E0084AC2F8D83097E78E630020C41F00B0F4
S21401E0F0FE6C0020002002B87E6D0020001002B8E1
S21401E100C0F10F00001F00B0001000B094530020B3
S21401E110C0F70F000080E00FC0F60F00034B1A682F
S21401E12002609B8883800020704700BFFE6C002041
S21401E13010B5044601F026F80A4BD3F8F83724B98F
S21401E14083F40023C3F3C04010BD012C05D113F4A2
S21401E150C02F0CBF01200020F6E7A31E58425841ED
S21401E160F2E700BF000002B86FF07F42154BD3F80C
S21401E170FC37934208D0144A03F03F031370F1238F
S21401E180124A1370124A13701249134B09781A680F
S21401E190A9B1B2F1A06F12D3D3F850120F4A104BA7
S21401E1A0B1F1FF3F18BF13460E4A136041F66A02EB
S21401E1B00D4B1B68B3FBF2F30C4A13607047084B18
S21401E1C0F2E700BF000002B87F6D0020806D0020DE
S21401E1D0816D00207D6D00200080E00F5082E00FF1
S21401E1E05CB8040090530020DC530020C05300208C
S21401E1F0012807D0022802D030B100207047034B17
S21401E20018787047024BFBE7024BF9E77F6D002059
S21401E210806D0020816D00200023F0B590F830411C
S21401E22085B002462046CDE90133CDF80B30FFF725
S21401E230DFFF92F82B30411EC9B28B4228BF0B4636
S21401E240002C3CD0012C38D1042418464FF00F0C7A
S21401E250384E0DEB0405B0FBFCF7F75D013CC01B27
S21401E260C0B2814238BF00206055002CF3D105248E
S21401E2700F278DF80830B3FBF7F0305C0344DBB2B0
S21401E2808B4228BF0B462B5501340B2CF3D10F269E
S21401E29002F1A800D43215F8013BB3FBF6F14C1C91
S21401E2A0C1EB01115B1A0133DBB2E4B21B0443EA92
S21401E2B0045340F8043F8242EDD105B0F0BD04247A
S21401E2C018464FF00F0C1C4F0DEB0406B0FBFCF587
S21401E2D0EDB27D5D013C401BC0B2814238BF0020DB
S21401E2E0A055002CF2D105240F258DF80830B3FB7C
S21401E2F0F5F0385C0344DBB28B4228BF0B4633553E
S21401E30001340B2CF3D10F2502F1A804D43216F8F0
S21401E310013BB3FBF5F1481CC1EB01115B1A01335C
S21401E320DBB2C0B21B0443EA005344F8043FA242E6
S21401E330EDD1C2E755B8040048B8040038B5284BFB
S21401E34005461A7827490C2A02D1FF20087038BDE5
S21401E35010461CF083F804461046FFF749FFA84212
S21401E36028BF2846C0B2A04238BF20460B78C0B2AC
S21401E3708342ECD0087088B1431EDBB2022A1A49E8
S21401E3800ED14FF0FC62C1F8FC20A1F50051D1F886
S21401E390FC2042EA4353C1F8FC30D8E70346EDE7D8
S21401E3A0124A134C1268AC32C4F8C02F4FF47F02E5
S21401E3B0C1F808210F49CA6FD202C8D40F22B3FB95
S21401E3C0F2F2551CC2EB02129B1A0133D1F8084136
S21401E3D01B0443EA05532343C1F80831B7E700BFDE
S21401E3E0FE6C00207E6D0020002002B868540020DC
S21401E3F0001000B0000002B82DE9F04F90F830513F
S21401E4000646D0F8A82087B035BB1F2A38BF1F2282
S21401E410093A4C24844B85481B6A96F82B10C3F3A3
S21401E4208213DC400368DFF82CA29342DFF82882CF
S21401E4307F4B04F0010414D11F78A74211D19AF83A
S21401E4400070AF420DD17B4F3F788F4209D1B8F8AB
S21401E450040007B0BDE8F08F032A38BF0322023A52
S21401E460D7E7026098F800001C70FFF7C1FEFF298D
S21401E47024D128461BF0F2FF07466F493CB3D6F875
S21401E480E4702FB13B68082B40F2CB8097F83870C8
S21401E4901DBB0B6840F27121B3FBF1F35343192204
S21401E4A0B3FBF2F339462A4605A805931BF0ACFFE9
S21401E4B002023C04059842F0110988E0471E8F428B
S21401E4C028BF0F46012F38BF0127FFB2D5E7012D20
S21401E4D029D0022D01D0B5B327460B6840F2712131
S21401E4E0B3FBF1F353431922B3FBF2F3394601228E
S21401E4F007EB072405A8059307EB04241BF084FF0C
S21401E5007F00032F38BF0327020242EA001242EAC5
S21401E5100009033F00F01F0007FA00F0FFF7E4FCD4
S21401E52000F5FA6758E00F23B7FBF3F3581CC3EB6B
S21401E5300313FB1A0133DBB2C0B21B0443EA0053D8
S21401E540C3F30747C9E70C6840F27121B4FBF1F445
S21401E5500F2354431922B7FBF3F3B4FBF2F4374805
S21401E560374A0068A2FB0412013350FA83F313F80A
S21401E570013C0392A3F140012A4603A801931BF034
S21401E58043FF039F2F4AE41BA2FB04120090302195
S21401E590049204A82A461BF037FFDDF810B0814626
S21401E5A0A4EB0B0401220594102144F2100405A8E3
S21401E5B01BF02AFF009B1A02019B42EA091244EA59
S21401E5C00344059B42EA000907EB0B001844FFF7DA
S21401E5D08BFC00F50C57283740F6FF711A4B38466E
S21401E5E0C3F8C010A3F58053C3F8C090A3F58053B9
S21401E5F0C3F8C440154C276001F0B0FC4FF47A72A2
S21401E600134B4042986523680A49B3FBF2F3A8F816
S21401E610043096F82B30B7FBF2F08AF800500B70F6
S21401E62017E7002734E700BF004001B8386A00202A
S21401E6308F6300207B6D0020DC5300209053002068
S21401E64069C2F568911E856B006001B8C45300204D
S21401E650001F00B07C6D0020FE6C0020014B18707E
S21401E660704700BF7D6D002010B5044603F012F818
S21401E67078B1174B1B786BB964B1164B1B784BB14D
S21401E680154B1B78013B012B04D84FF40042134B6A
S21401E690DA6710BD124BDB6F1B04FAD420F0EBFBDC
S21401E6A04FF400420F4B0446DA67A3F5A0435B68BC
S21401E6B02BB1FEF741FF10B102201BF0E0FE022253
S21401E6C0094B2046BDE81040C3F8842420F0CEBB99
S21401E6D09063002091630020C8530020002002B8F8
S21401E6E0000002B8001002B800D003500122024B0D
S21401E6F000201A70FFF7B8BF906300200022024B7B
S21401E70001201A70FFF7B0BF90630020F7B50646E8
S21401E710504C00F037FD504B2578504F1E7085BB8E
S21401E7202846FFF7A1FF2378013B012B19D8E37B8D
S21401E73001A88DF80430237C8DF80530E9F7FAF945
S21401E740C7F884544FF6FF72454BC3F88420F8226D
S21401E750A3F58053C3F884200022404BC3F88424D9
S21401E7600DE04FF6FF723E4BC7F88454C3F8842081
S21401E770F822A3F58053C3F88420C7F88454394B94
S21401E7805BE00020FFF770FF2378013B012B08D8E0
S21401E790E37B01A88DF80430237C8DF80530E9F77A
S21401E7A0C9F90023C7F88434002ECBD062685AB367
S21401E7B02D4B1B6803EB5203B3FBF2F3013B1B0229
S21401E7C043F0F80326782649022E284A1ED0032E47
S21401E7D04FF6FF75214826D0012E34D143F00203AF
S21401E7E0C1F88450C2F884300723C0F88434E37B30
S21401E7F001A88DF80430237C8DF80530E9F76EF911
S21401E8000120FFF731FF17E0F823DBE74FF6FF7033
S21401E81043F00103C1F88400C2F8843006220F4B8E
S21401E820C3F88424E3E743F00503C1F88450C2F833
S21401E83084300423C0F884340D4B4FF0804200200E
S21401E840DA6703B0F0BDC1F88450C2F88430002303
S21401E850F0E700BFC85300209163002000C00350BA
S21401E860006000B8002002B8DC530020005000B859
S21401E870001002B8F0B5294F06463D4604460FCEB5
S21401E8800FC5336885B02B6000F07CFC0022244B5A
S21401E890C3F88424A17A627A42EA0142C3F890243A
S21401E8A0217CE27B42EA0142C3F88C24217B627B15
S21401E8B041EA0240C3F888043B78032B2AD8DFE8F4
S21401E8C003F022020C178DF8041004218DF80520A0
S21401E8D00DEB01000022E9F7CDF8E37B00228DF86D
S21401E8E00830237C042102A88DF80930E9F7C2F824
S21401E8F0637A01228DF80C30A37A042103A88DF8DF
S21401E9000D30E9F7B7F8074B187805B0BDE8F040C9
S21401E910FFF7FCBE212005B0F0BD00BFC8530020A4
S21401E92000C0035091630020034BDB6F002BBCBF7C
S21401E930024BC3F888007047000002B8004000B8D8
S21401E9402DE9F0471BF0FFFD4FF47A762D4BB0FB17
S21401E950F6F618604FF4FA73734307462A48190E01
S21401E9601B021818294A4FF0000341F10001FBF77A
S21401E97081FE274BA0F5807205461A6320B948220E
S21401E9802B21FDF753F801254FF47A724FF0000A58
S21401E9906A43534650083102FBF76CFE1C4B1D4A76
S21401E9A0B7F57A7F9A601C4B4FEA056819601B4BD6
S21401E9B08946044618604FEA152505D29B222B216D
S21401E9C05046FDF733F801264FF47A73A8FB03018E
S21401E9D003FB05117308C01841F1000100233246FC
S21401E9E0FBF748FE0E4B023419600E4B49F1000945
S21401E9F0A408186044EA8974054B013C9C63BDE891
S21401EA00F08700BFDC53002020A1070040420F0022
S21401EA1000C001B802110100EC530020E8530020A9
S21401EA20E4530020E05300201022044BC3F8842155
S21401EA305A600122024BDA60704700BF00E100E035
S21401EA4000C001B81022064BC3F88421C3F8842005
S21401EA50BFF34F8FBFF36F8F0422024BDA6070470C
S21401EA6000E100E000C001B810B50446A242A2EBE6
S21401EA700000A3EB010104D2034B01399B6B013368
S21401EA80184401F0030110BD00C001B838B50125D6
S21401EA900A4B02019D504FF480730446084A834096
S21401EAA0536620F0E8F9074AA540137823EA0503E0
S21401EAB01370BDE8384020F0D9B900BF00E101B8B5
S21401EAC000E001B89A6300202DE9F84F1646054686
S21401EAD08A461F4620F0CFF9022E00F0908080462D
S21401EAE020F0D6F9594B5A4AD3F82090147D5A6E25
S21401EAF0E4B2520744BFD3F82090013404F0030473
S21401EB0020F0C1F94846214600F036FA8446DAF884
S21401EB100000012E04BF01306044ACEB000C08BFBE
S21401EB20CAF80000BCF1804F7DD300F037FA81456A
S21401EB30A1EB040188BF454BDFF834C188BF01F162
S21401EB40FF3101F0030188BF9B6BA0EB090E0CF8A7
S21401EB500510A1B1F90742BF41F61F723D4B5A6736
S21401EB60BA0742BF3B4B3C4A5A677B0742BF00226B
S21401EB70364B9A673C0742BF0022344B9A651124F4
S21401EB804FF0010A314B05F11002120103EB051B90
S21401EB90CBF80C0131499C501A6A0AFA05F4586EF2
S21401EBA00B78A2EB0902E4B2234372450B7025D31E
S21401EBB04FF48073AB40034220D11CF80520002A95
S21401EBC040D10EB3264AF807536607D541F61F71A2
S21401EBD040F201101F4B596750675967B90706D5B0
S21401EBE01C4B1D4A1E491F485A6748675A677A07D1
S21401EBF042BF01221C4B1A613B071AD4404620F043
S21401EC0035F90120BDE8F88F184A2D0142F805A014
S21401EC1042F89C3C20F02FF910490B7823EA0403B4
S21401EC200B7020F023F9404620F020F90020BDE8C3
S21401EC30F88F2120FFF778FE4FF48032034B4046D1
S21401EC40DA60DCE7064A40465366D8E700C001B8FA
S21401EC504C54002000E001B800001F1F9A630020FA
S21401EC6000D001B800000101000002B800E101B8BF
S21401EC7092630020024B1878003818BF01207047B5
S21401EC809A630020034B10300001185800F0010071
S21401EC90704700BF00C001B870B50646FEF74CFCD1
S21401ECA0044608B1FFF7CEFE0023084D3046AB619F
S21401ECB0EB612B6200F072F9054BC9B21975286237
S21401ECC00CB1FFF7B1FE002070BD00BF00C001B857
S21401ECD04C5400202DE9F0419DF818800D46B8F1FE
S21401ECE0000F08BF0022214EB5F5803FB1680746E8
S21401ECF021F4700141F4A001B1609DF820409DF817
S21401ED001C104FEA042444EA016444EA031444EA6A
S21401ED10084444EA02044FF0180140F2E9222CBFED
S21401ED20002001207465FCF781FE3564B8F1000F00
S21401ED301AD00F4BBC68D3F888305A2C38BF5A24E7
S21401ED405B0606D500F0F0FB18B10A4BB3FBF0F3F7
S21401ED501C44204600F022F90130854238BF0022CB
S21401ED60024B34BF5A645864BDE8F08100C001B854
S21401ED7000C000B800093D00214B10B51A6E1A6696
S21401ED80596C59B11F49C96800292EDB596D4FF0DE
S21401ED90FF3301F00F018B409A4326D11024202027
S21401EDA0FFF7C2FD184B9C6002F088FB2022174B30
S21401EDB0C3F8842101F0F4FC48B1002200200821A8
S21401EDC0FEF71CF8124B5C66A3F580531C670D4AD0
S21401EDD0D36803F07063B3F1807FF9D9084B0D4A0D
S21401EDE05A6741F201429A6710BD01F0D9FC00282A
S21401EDF0F4D0094B064A5366A2F580521367EDE735
S21401EE0000C001B8000002B8001002B800E100E03E
S21401EE1000E001B8011B01181000002008B52120F0
S21401EE20FFF782FD4FF48032014BDA6008BD00BF68
S21401EE3000C001B8F8B5184D04462B6A1B0426D548
S21401EE4000F0E6FB2B6AA0FB044613F0787F4FEA3E
S21401EE509367C3F34450C3F3044505D140F25A42C5
S21401EE602B21FCF7E3FD0120AD01B5FBF0F010EB23
S21401EE70871005D140F25F422B21FCF7D7FD012018
S21401EE800246002320463146FBF7F4FBF8BD00F0AE
S21401EE904BFBA0FB0401F9E700C000B802460120C5
S21401EEA030B50B4CA0F12003C0F1200524FA05F57E
S21401EEB004FA03F32B4304FA00F595428B4100D381
S21401EEC030BD0F2801D00130ECE7FF20F8E700BF86
S21401EED040420F0010B50C46FFF7ACFFC30943EAEA
S21401EEE04163C01A61EBD111FFF7D8FFFF2814D098
S21401EEF00F220C4B40F01000C3F88820A3F5805376
S21401EF00C3F88800A3F580531B6ADBB2802B06D0BA
S21401EF102046BDE8104000F067BB212010BD02204E
S21401EF20FCE700BF00E000B838B51FF0B1FF084BA2
S21401EF30084A1D6A147D5A6EE4B2520744BF1D6A20
S21401EF4001341FF0A0FF284604F0030138BD00BFBE
S21401EF5000C001B84C5400200346064A103302EBA9
S21401EF6000111B01D1F80C01D158C1F340011BF06F
S21401EF7091BA00BF00C001B8064B1B68434303EBC0
S21401EF808171054B1B68A3FB003013F1004341EB75
S21401EF9000007047E4530020E05300200C4A20F0A4
S21401EFA04043014610B5002014684FF00042E4FBD0
S21401EFB00320084A890F126802FB0300064B9B6B6D
S21401EFC0984204D901330131C01A01F0030110BD82
S21401EFD0E8530020EC53002000C001B8044B01F0B8
S21401EFE0F071103041F0030100011950704700BF65
S21401EFF000C001B808B52220FFF796FC4FF4802226
S21401F000014BDA6008BD00BF00C001B808B5064B69
S21401F0104FF030401A6805499200FCF727F8BDE822
S21401F020084001F0E3B800BF98B804009CB804009B
S21401F03070B50C68651C15D0C4F302669E42C4F315
S21401F040074530D1A4B294422DD804EB8506B242CE
S21401F05029D2141BA50824F003040E59340F04D03A
S21401F060012C08D00022212402E06B1C51F8232039
S21401F070C0E9002470BD0E4C34F8133042EA034355
S21401F0801A686B1C51F8234001EB83014B68224040
S21401F0905E4036F0704404D11B0F032B04BF8B680F
S21401F0A01A430024E4E7013501EB8501C1E700BFFF
S21401F0B070B8040007B501A8EBF71CFB4822164BF5
S21401F0C05A65164AD2F8D43023F4FC33C2F8D43049
S21401F0D0134B1B689DF80530023B012B19D84022C3
S21401F0E0104BC3F8FC23104BD3F85C32DBB2FF2B7A
S21401F0F000D10623094A1B03D2F8FC139BB20B432B
S21401F100C2F8FC33D2F83021084B1A6003B05DF820
S21401F11004FB00F0E7FEECE7008001B8000002B84F
S21401F120002000B0001002B80080E00F80530020DD
S21401F13000224FF400710F4B10B51A675A679A6791
S21401F1400D4AD162012102F5E8325161DA6812F006
S21401F150706FFBD14FF0304201245A6602F5FC5223
S21401F16008329C66DA64054B1B689847044B5C6161
S21401F17010BD00BF000002B8004000B83C6A002085
S21401F180002002B801230F4A0F49C2F880328A6A6A
S21401F19022F002028A620D4A53600D4A53600D4AFC
S21401F1A05360A2F580425360A2F54042536002F5D7
S21401F1B0C032536002F580425360A2F500425360AC
S21401F1C0704700BF0080005000C0005000D000B85B
S21401F1D000500054005001B808B5FFF7D3FF0E4B9E
S21401F1E00E4ADA6700F076FEFFF764FF03220C4B47
S21401F1F0C3F8E020012203F54043DA674FF460725A
S21401F2005A614FF40072DA67FEF778FBBDE80840F2
S21401F2100021FEF74FBB00BF000002B80048F00017
S21401F220005001B82DE9F04F054687B002900F4611
S21401F23057F8044B631C06D1029B2C60E81A801019
S21401F24007B0BDE8F08F5FEA147B18BF0123344A8C
S21401F250C4F3016108BFC4F3074332F81120A4B216
S21401F2604FEAC30A2F4844EA02440AF104022A4438
S21401F27082421BD20722CA4002F0010201929A0082
S21401F28004EB830303930123B94603FA0BF808F052
S21401F290940305F1080604920593039B09F10409FA
S21401F2A0A34208D1049955443944C0E71D4A954202
S21401F2B0E0D80020C4E7059B53B918F0420F19D1D6
S21401F2C018F0280F0BD146F8084C59F8042C21E009
S21401F2D04FF4206232210020FCF7A8FBF3E740F64A
S21401F2E0042232210198FCF7A1FB04F5805246F86E
S21401F2F0082CEAE740F60D2232210198FCF796FB2E
S21401F30004F50052BBF1010F46F8082CDDD159F87F
S21401F310042CD24346F8042C04340836BDE700BF5B
S21401F32070B80400003000B0F8B50546F0B100260C
S21401F330154B34461F46154953F8042BBAB9A0009D
S21401F34000F13040294600F50150FFF76BFF30B958
S21401F35040F6AE323621BDE8F840FCF767BB0C4BF1
S21401F3600134044447F8265023F81640F8BDAA4253
S21401F370FCD001360C2E02D031F81640DCE740F600
S21401F380C83236210020E6E7F0530020365C002024
S21401F390385C002070B50446A8B1C1B1384A52F8AD
S21401F3A0043B984215D1002336498A689206FCD45C
S21401F3B09B00354A03F1304303F50153C2F8B030E0
S21401F3C02022324B9A6070BD01330C2B02D1304D96
S21401F3D012E0012352F8041BA142F5D12D4A32F85E
S21401F3E01330E1E704D16268C3E90012083403E090
S21401F3F0012A01D1043419602268531CE3D0C2F3F8
S21401F400016335F81300110C93B211F0FE0F43EAB5
S21401F410004360680DD00434CAB2022A2168E1D9DB
S21401F420D4E90160033AC3E9001698600C340C3342
S21401F430F3E7120F072AD9D8DFE802F00704090D0F
S21401F4401013181DC04303F500531860CEE71A6861
S21401F45042401A60CAE703F58053F6E71BF00FF83F
S21401F460C4E7012203F580538240F2E7012203F547
S21401F47000538240EDE71A6830EA0202FBD1B5E795
S21401F480F0530020000002B8001E00B0001002B8C1
S21401F49070B80400365C00200122014BDA67704721
S21401F4A0001002B80122014BDA677047002002B84B
S21401F4B04022014BDA677047002002B84022014B18
S21401F4C0DA677047001002B80B4B1B68D3F8E430BC
S21401F4D023B11A68022A01D9186A7047074B9A6D38
S21401F4E090B238B1064BC2F307421B68DB085343A0
S21401F4F0B3FBF0F0704700BF68540020004001B82D
S21401F500DC530020064BDB68C3F30363984206D145
S21401F510044AD36B23F0F00343EA0111D163704729
S21401F520000002B8001F00B0054B1B68D3F8E4309A
S21401F53013B11A680A2A01D8FFF7C6BF186C7047BC
S21401F540685400202DE9F74306461AF091FF00247F
S21401F5508046DFF890901FF08EFC0DF107010546FE
S21401F5600DF10600FEF75AF89DF806308BB9721CAD
S21401F57029D01AF07DFFA0EB080428461FF076FC80
S21401F5809DF8063013B99DF807303BB3A642E2D882
S21401F59024E0D9F80C3013F4603FE8D0D9F8100015
S21401F5A01AF0D3FF731C074603D01AF061FFA0EBD5
S21401F5B0080428461FF05AFC17F5007FE0D03846AD
S21401F5C003B0BDE8F08328461FF050FC9DF80630D6
S21401F5D0002BC0D19DF80730002BBCD1004FEEE7C1
S21401F5E000FEFFFF00C000B810F1800F04D04D28C8
S21401F5F0CEBF7F20323040B2FF22044BC0B21A6227
S21401F600A3F5805318620020704700BF00E000B8E1
S21401F6100B4A10B5136E0B4C116E03F00703E35C37
S21401F620C1F3CD0101FB0333126E0748C2F3454215
S21401F63002FB033300688001B0FBF3F010BD00BF8E
S21401F640004001B868B80400DC530020084910B532
S21401F650D1F89C3040B11C46CA68D1F89C309C4217
S21401F660F9D1C2F30362027003F00F0010BD00BFB0
S21401F670000002B8094B01F080011B6F03F4800300
S21401F6800B4309D14FF40012054B1A62837F1BB15D
S21401F6900122044BC3F80021704700BF000002B8E6
S21401F6A0006001B8005001B82DE9F04F404F804688
S21401F6B085B038680C461AF0E2FB20B900242046D3
S21401F6C005B0BDE8F08F224600214046FBF73EFB21
S21401F6D0384B5D6915F00105F0D1FCF701F80646D7
S21401F6E00028EBD03F6838461AF001FB4FF6FF734F
S21401F6F0984234D04FF060512F4E304B304AD3F8F9
S21401F7002090D6F88C3011624FF00061A2F580523D
S21401F710116224220421C6F88C202A4A4FF4804B19
S21401F72091604FF480520027DFF8A4A0CAF868B0B1
S21401F730F262A7421ED30421234A9160A2F5F03259
S21401F740C2F88C304FF060521D4B1A6209EA020370
S21401F7501E4A13624FF480421D4B9A66AFE731464C
S21401F76038461AF068FA01463846FCF7FDF80028D4
S21401F770C0D0A3E7B26E5104FCD5B268D205F9D564
S21401F780CAF868B0D6F890200135012D0392D0D979
S21401F790E21B042AA8BF042208EB070003A9019371
S21401F7A00092FBF763FC009A019B3A4497B2C0E7CC
S21401F7B068540020000002B8004000B8004001B8BC
S21401F7C0006001B8001002B8002002B8005001B86D
S21401F7D0006000B84FF604014FF60502044B012005
S21401F7E01B6C9BB28B4208BF1346024A13667047D6
S21401F7F00080E00F00C001B82DE9F74F81460F46A3
S21401F8004FF0FF35FFF790FB002601908A462C4605
S21401F8103046DFF8D8B006F110031B015BF8033061
S21401F82003F00308B8F1010F15D13046FFF794FB3A
S21401F83002460B4601985146FFF716F9DBF864308D
S21401F84006F10802D340DB0739D5002F40D000254A
S21401F8502C463E6040460136082EDCD160B3234A72
S21401F8600027D2F808C0916B0CF440330131A4FB99
S21401F8700141641941F10001B3F5003F30D1536BEA
S21401F8800CF4405C013347F10006BCF5805F22D1E1
S21401F890156B15F5807505FB06F647F1000203FBAF
S21401F8A00266A5FB03323244594304FB0212A3FB52
S21401F8B004341444C9E9003403B0BDE8F08FA8420B
S21401F8C071EB0403C6D207B13E6005460C46C1E79C
S21401F8D03D463C46BEE7320242EA13621B02E3E7BC
S21401F8E0136B13F5807347F10002DDE700C001B822
S21401F8F008B51AF03EFE044B5A7C012302329340AF
S21401F900024A536108BD00BF4C5400200020005835
S21401F9102DE9F34105460F4668461146FFF76CFF91
S21401F9200646B0B1AFB1DDE900321B0A43EA026315
S21401F930A5FB0384094B120A05FB02441A6812B997
S21401F9401AF001FE0246002340462146FAF792FECF
S21401F9503860304602B0BDE8F08100BFDC530020BD
S21401F96037B50446FFF70EFCE17822791B4841EAD9
S21401F9700243C0F8CC34E579A37943EA0543C0F8DD
S21401F980D03423784BB18DF8041004218DF805206E
S21401F9900DEB01000022E8F76DF863785BB10421F6
S21401F9A0A37900228DF80430E3790DEB01008DF880
S21401F9B00530E8F75FF8227801235AB1084AC2F801
S21401F9C0C834627802233AB1054A0020C2F8C83426
S21401F9D003B030BD034AF2E7024AF6E700C003501F
S21401F9E000D0035000E0035070B52C4B0C461A783B
S21401F9F012B92B4A926D1A702A4AD26F52054AD50D
S21401FA001D78294B05F00F06B0FBF3F040434FEA93
S21401FA10151505D140F27C622B21FCF707F8012071
S21401FA20224A0A217243B2FBF0F34843B3FBF1F6D4
S21401FA3002EB5002B2FBF0F201FB1633042BD2B2FA
S21401FA4007D8C3EB8310C3EB80035BB283B96DB2F7
S21401FA5017E0C3F10B0303EB8303DBB2B3FBF1F354
S21401FA602B44DDB20F2DF2D9013AD2B2053DEEE7B5
S21401FA70053B5BB293FBF1F31D44EBB26DB2002D77
S21401FA8004DB002042EA0512226070BD0132053314
S21401FA90D2B25DB2F5E70220F7E700BF9B63002014
S21401FAA0008001B8000002B8403B2500809698000F
S21401FAB04FF0000C2DE9F84FA2FB017BC84EDFF892
S21401FAC05CE3BE1999466BF10003B6457CEB030374
S21401FAD008D240F23E220E216046FBF7A7FF022025
S21401FAE0BDE8F88FD0F8E4A00C461546BAF1000F31
S21401FAF004D0DAF80030032B00F21B81B94BBA4A66
S21401FB009B6BD2F8FCA0C3F31408B84BD3F8EC30C7
S21401FB105E00B64B48BF48F400181B6E48EA4568BD
S21401FB2058074EBF4FF440039B0503F0E07348EAC5
S21401FB3003081DF079FA012D0646D0D10028CED053
S21401FB40AB4B984200F0048103F5122303F5F863EA
S21401FB50984200F00381A74B984200F02F810025C0
S21401FB6002462B4600204FF00071FAF783FD2B4624
S21401FB70013007FB03F3C8F3130100FB0B33A1FBB2
S21401FB800662A7FB007001FB0522034420339B0994
S21401FB90C9F80030F60C984B46EA423618F4801F36
S21401FBA01C6008BF7642954B954DC9F81440344405
S21401FBB01E602C60BAF1000F00F0B9800023914955
S21401FBC0C8F381528A5C194618F0807F18BF640812
S21401FBD0002EB8BF764292066008C2FB0601224696
S21401FBE0FAF748FDDAF800300E2B08D97F4B7D4A2C
S21401FBF0926BD969D3F80C31C90600F1D68018F496
S21401FC00001814BFC42240F207127F49C0F3130044
S21401FC10A1FB04614FEA511102FB01F1C9F804008E
S21401FC20DAF818004FF4FA73B1FBF0F118BF4FF091
S21401FC30000801FB03F3A4FB0262FA33A3FB0030C6
S21401FC4004FB0822B342904138BF0131C9B241F4E6
S21401FC50006CC9F808C000297ED0DAF81C00A1FBA8
S21401FC60003624B1B4FA84F20E2A40F38880E20307
S21401FC70002E77D1B2FBF3F2530003FB0113A3FB73
S21401FC8000764FEA044EBE454FEA144474EB06066E
S21401FC9009D34E003344A0FB0371BE4574EB01014A
S21401FCA002F10102F6D2C2F30E024CEA023C4CF01B
S21401FCB00063C9F808301DF0B7F92B68002B00F077
S21401FCC08880B3FA83F4D4F102044CBF1C4623FAAD
S21401FCD004F44E4B9C4288BF6408002846D0B4FB0F
S21401FCE0F0F3642100FB134201FB02F2904244D878
S21401FCF05A1E52085B08013B120242EA0313C9F876
S21401FD000C301DF05DF900285CD0B4FBF0F26421E4
S21401FD1000FB124401FB04F4A0425ED8531E5B08AC
S21401FD205208013A1B0243EA0213C9F810300020B8
S21401FD30D6E6042BDAF828807FF4FBAE18F0807F35
S21401FD400CBF08F0E0734FF4400328F0E078EEE6CD
S21401FD5000232F481D460CE72120C1E600232D482D
S21401FD601D4606E70B46002289E7044640F2C242DA
S21401FD702B210020FBF75AFE2346013BB8E7C2F1D0
S21401FD800F0702F1110E06FA0EFEFB4043EA0E03C0
S21401FD90A7F1200E26FA0EFE43EA0E03FE400133BB
S21401FDA004FA02F246F1000662E702F4801203F456
S21401FDB000131A4308BFC0F5801020E70023164839
S21401FDC01D46D6E640F2E5422B21FBF72FFE621ECA
S21401FDD0A4E70028C9D01C46CFE71446F7E700BFC2
S21401FDE0006CCA88008001B8001F00B0004001B84E
S21401FDF000F04902005A62022854002024540020D0
S21401FE002054002080B80400D34D62103FBE402528
S21401FE100A3BB2DF313641DCD694BFD6807C814ABC
S21401FE2010B50B46044686B039B982790168214877
S21401FE306B460068FFF73CFE6B461F4A1968516324
S21401FE401E4AD2F8FC2062B35A6842B11C4A1D49C8
S21401FE50C2F80C115968A2F58052C2F80C119A68C2
S21401FE6042B1174A1849C2F8EC109968A2F58052B7
S21401FE70C2F8EC101549D868D1F8642122F4EE6274
S21401FE800243C1F86421D1F85C21186922F4EE62BC
S21401FE900243C1F85C21A1F5FF4158692839FFF7F3
S21401FEA0A3FD0020A2880A4B9A6203F5A0331864CA
S21401FEB006B010BD68540020008001B8001F00B0D5
S21401FEC0006001B8FFFF0F00FFF8FF0F000002B847
S21401FED0004000B84FF48062014BDA67704700BFFC
S21401FEE0001002B84FF48062034BDA67034B1B78AD
S21401FEF00BB1034A93657047002002B89B6300204C
S21401FF00008001B840B10368012B05D90069034B95
S21401FF10002808BF184670470048704788B8040094
S21401FF2010B590B10468012C0FD902696AB1116845
S21401FF30094B102C196051685960916888BFD268C6
S21401FF40996094BFD960DA6010BD10220021024882
S21401FF50FAF7FCFEF8E700BF30540020084BC11743
S21401FF601A68A2FB000302FB013310F1807043F113
S21401FF700003400E40EAC310803820EAE070704764
S21401FF80405400200722164B70B5DA66154B164A08
S21401FF901D68164BEC08E005C0184FEA153141F113
S21401FFA000010023FAF766FB114B124E18604EF65D
S21401FFB06020FFF7D3FF4042C6F884000E48FEF7E4
S21401FFC0EDFF024658B1E301500818184FEA1571C3
S21401FFD04FF0000341F10001FAF74CFBF06570BDEC
S21401FFE0000002B8DC53002065CD1D00B2E60E000D
S21401FFF040540020001F00B040420F0010B50446D8
S21402000098B10B4BD3F8FC00FFF78AFF4FF47A73D4
S21402001003FB04F0074BA0F6AC50DA689B6810446A
S214020020C01ABDE81040FFF799BF4EF66020F8E709
S214020030001F00B0305400202DE9F843054608465C
S21402004014461E46FFF76CFF0DB306F0020716F0C5
S21402005004061ED1DFB14FF47A706B685843002B4A
S21402006040F08C80FFF77AFF60626B69002B00F02D
S2140200708C804B4AD0684FF47A7202FB0300A0F5DC
S21402008003501038FFF76AFF2062002E57D1BDE8F2
S214020090F8832869002868D04FF47A735843404B97
S2140200A0A0F6AC509B68C01AFFF758FFE061A88B19
S2140200B000285DD04FF47A735843394BA0F6AC5003
S2140200C09B68C01AFFF74AFF2061364BE968D3F8EF
S2140200D0008000294FD04FF47A735943304BA1F673
S2140200E0AC519A685B68891AC91A2F4BC8171A68E6
S2140200F0DFF8BC90A2FB011302FB003311F1807102
S21402010043F10003490E41EAC3118039274B61616E
S214020110DB6EA361D9F8003053B140461AF0A9F855
S21402012030B12246D9F800301D49D8F8D800984791
S2140201300021A869FFF762FFA062002F8BD1A86892
S21402014030BB47F23050FFF709FFA0604FF47A70D9
S2140201502B6858432BB1124B1B6803F51C53103304
S2140201601844FFF7FBFEE06091E74EF660209BE73F
S2140201704EF66020A6E74EF66021B6E7084B1B68EF
S21402018003F51C53103318446CE747F2305079E7F6
S2140201904FF47A735843A0F503501038D3E700BFE4
S2140201A0305400206854002040540020001F00B045
S2140201B02C54002038B5054608461C461AF07BF932
S2140201C00246D5F8E400FFF79DFE4368A018002B10
S2140201D0044AA8BF4FF4FA721A44034B92FBF3F296
S2140201E0104438BD0CFEFFFF18FCFFFF70B5124C22
S2140201F088B001AD0FCC0FC594E8070085E807006C
S2140202008C2200210D48FAF7A1FDD42200210C48C9
S214020210FAF79CFD0B4B0C4A5A6301F04DFA0B4B56
S2140202201B783BB1044E01AD0FCD0FC695E8070013
S21402023084E8070008B070BDC41F00B0A01E00B05E
S2140202402C1F00B0001F00B0101111118E63002089
S21402025008B51EF010FE0E4B1A78A2B90D4A1268A7
S21402026012F4843F0FD10C4A1021D1671B7863B970
S214020270084B1B68DB0508D4074B2022DA67BDE86B
S21402028008401EF0F3BD054AEEE7044BF5E700BF53
S214020290A163002048160020002002B8001002B811
S2140202A00A4B197801F0FF0229B10021197008499A
S2140202B09202C1F8B420597801F0FF0229B1002158
S2140202C059709302024AC2F8B83070479C63002005
S2140202D0005000B8064BD3F8D80E064B5B6F1A01D7
S2140202E003D4054B9B6E1B0401D500F58070704746
S2140202F0001000B0000002B8004000B810B51EF0B2
S214020300BAFD0E2104460320FFF7FCF840F2012254
S214020310034B2046BDE81040DA621EF0A7BD00BFC0
S214020320004000B808B51EF0A6FD4FF00042224B72
S214020330C3F88020BFF34F8FBFF36F8F0122C3F83D
S2140203408420BFF34F8FBFF36F8F0222C3F884203F
S214020350BFF34F8FBFF36F8F0422C3F88420BFF31F
S2140203604F8FBFF36F8F0822C3F88420BFF34F8FDF
S214020370BFF36F8F1022C3F88420BFF34F8FBFF3F3
S2140203806F8F2022C3F88420BFF34F8FBFF36F8F87
S2140203904022C3F88420BFF34F8FBFF36F8F4FF412
S2140203A08072C3F88420BFF34F8FBFF36F8FBDE810
S2140203B008401EF05BBD00BF00E100E008B51EF07D
S2140203C05AFD4FF00042094B1A6001225A6004227D
S2140203D05A6008225A6010225A6020225A6040222E
S2140203E05A60BDE808401EF041BD00BF00E100E0D3
S2140203F0012370B5074C2370074B1E68074B32402B
S214020400D3E9005319402840FCF7F8FC0023237078
S21402041070BD00BF9F63002048540020481600208D
S2140204200022044B1A70044B197811B11A70FFF7A8
S2140204300FBF7047A0630020A16300202DE9F0479C
S214020440DDF820A003EA0108099B06460C4602EAEC
S214020450000703EA0A09BAF1000F40F04E81031FB3
S2140204600B4300F00E81052871F1000380F0E48052
S21402047050EA010300F06081431E0B4300F0248122
S214020480FFF750FFAD4AD2E9005323EA040325EAF8
S21402049006053D4343EA0807A94BC2E900571E6812
S2140204A0DFF8F48226EA0A0646EA09061E60FFF725
S2140204B0CFFE15F02A4F14BF48F202034FF4004352
S2140204C0A04AB007D26EA04848BF43F4005383EA5E
S2140204D0020122EA0302C2669C4A0B408166D36688
S2140204E0C5F380421203290348BF42F48072EB062A
S2140204F048BF42F40052964BAC0648BF42F4007224
S2140205006806D3F80C3248BF42F48062290648BF18
S21402051042F400628F4882EA030123EA0203C0F82B
S2140205200C328D4B0A40C7F34024A404C0F80812CC
S214020530C3F80C22EA0448BF44F48034AB0348BF35
S21402054044F48014A80748BF44F4800415F4001F3E
S21402055006D0D8F800001AF0E2F808B944F40024ED
S214020560E90248BF44F40034FA0648BF44F40004E3
S21402057073077A4B48BF44F004041A6A44F4001422
S21402058084EA020323F0010375491A400A621C40FA
S214020590CB61744B16F0010F1C62734B734A18BF83
S2140205A01A46734B7C071B6F48BF42F000627148C5
S2140205B082EA030123EA020303676F4B0A4041669D
S2140205C01A676E4A05F00103516CA0F5803081EA85
S2140205D0030221EA0301416482631A40684B28023F
S2140205E05A64D8F8002048BF664B92F8F62058BFE7
S2140205F0654B690748BF43F4806322B115F4C06FA8
S21402060018BF43F480733207604A48BF43F0004382
S214020610D2F8EC105E4883EA010222F4A0221140CE
S214020620C0F8EC101340C0F8E0205A4ABDE8F04784
S214020630C2F8EC30FFF7C2BEA0F580630B4306D0CB
S21402064020F48063A3F500730B437FF419AF1EF00A
S21402065012FC3A49D1E9003223EA060322EA0402EE
S21402066042EA08023B43C1E900324B4A126892F85A
S214020670F610474A09B313F4C06F1ED04FF48073C6
S21402068011E01EF0F8FB2D4AD2E9003123F00403F4
S2140206903B4341EA080157EA0807C2E900314FF432
S2140206A080633B4A0BD0C2F8E030A2F58052C2F813
S2140206B0EC30BDE8F0471EF0D9BB4FF48073C2F8A9
S2140206C0EC30C2F8E030F4E71EF0D5FB1B4AD2E964
S2140206D0003123F001033B4341EA0801C2E900313D
S2140206E001232E4A57EA08071BBF9363A2F58052DE
S2140206F05364536408BF9363DBE750EA01037FF455
S214020700BFAEBAF1010F7FF4BBAE1EF0B4FB0C4ACB
S214020710136823F0010343EA090313604FF480636E
S214020720144AB9F1000F04D05366A2F5805213673B
S214020730BFE713675366BCE7BDE8F087481600209C
S21402074048540020004000B8006000B8005000B8CE
S214020750004001B8006001B8005001B8000002B8BD
S214020760002002B8001002B8041C0003041800039C
S21402077000C001B800E001B800D001B800C000B85F
S21402078000D000B80D0A0A09090A0A0900400054F6
S21402079000600054005000546854002000E000B886
S2140207A0024B5868C0F3C000704700BF48160020CE
S2140207B0024B186800F00100704700BF4816002080
S2140207C0024B5868C0F3C030704700BF481600207E
S2140207D010B50446FEF700FDFFF7A4FD2046FDF720
S2140207E0BDF8FEF7A5FCFEF7ABF8FEF71DF9FFF71E
S2140207F0C9FB13490723134AD1F8FC1004F1F80089
S214020800FFF71AFC4FF080710020FEF7E7FB4FF06F
S21402081000720D4B4FF400110120C3F80021FEF7C1
S214020820DDFBFEF7D7FF20B940F292321421FBF728
S214020830FDF819F0A7FEBDE810400120FDF766BFDF
S214020840001F00B0581F00B000D001B88023074A2E
S2140208501367082340B11367054AD2F8A03023F085
S2140208602003C2F8A0307047024AF4E7001002B82C
S214020870001E00B0002002B810B51EF0FCFA0121DE
S21402088004460020FFF7E2FF044B1961044B5B6845
S21402089098472046BDE810401EF0E8BA000002B8AD
S2140208A0286A0020F8B5194C0546207840F2E44242
S2140208B0B0FA80F03E214009FBF7B8F855B96078E7
S2140208C040F2E442BDE8F840B0FA80F03E2140092A
S2140208D0FBF7ACB84FF440660D4F0E4DD7F8B43068
S2140208E040F2E442C3F381232370C5F8B460607813
S2140208F03E21B0FA80F04009FBF798F8D7F8B830F6
S214020900C3F381236370C5F8B860F8BD9C6300200A
S214020910004000B8006000B8F8B5084C084D236FD8
S2140209200423084F2B67236F5B0300D4F8BD04260D
S21402093002203E6719F0A3FD2E67F4E7000002B816
S214020940001002B8002002B8A82238B51A4B1D6F54
S21402095003F500531A6710229A60A3F5804302F14A
S21402096000521A675A66FFF79BFC144B1B7813B9A2
S2140209700320FEF78BF80024114B9C67FFF7CCFF91
S214020980104A114BD2F8D81E0B40C2F8D83E0422A9
S2140209900E4B1A670E4BAA06C3F8AC4008D503F5F1
S2140209A08073DB6CB3F5817F22BF8022024B1A6113
S2140209B0BDE83840FCF7C2BB000002B89E630020C8
S2140209C000C001B8001000B0DF0000FF002002B82F
S2140209D0001E00B010B549B930B3164AD3681B0ED4
S2140209E013F00E0F20D193689A061DD4FFF786FCEB
S2140209F0104C0020FEF72AFE032801D0092805D154
S214020A00636FDB03F5D4E36D0C2BF2D9FFF784FF9B
S214020A104FF40072084BDA62012203F5E8335A619A
S214020A20042203F580531A674FF4C062034BDA625E
S214020A3010BD00BF000002B8004000B8006001B858
S214020A4008B503210920FEF75DFD2022014B1A613D
S214020A5008BD00BF000002B838B505461EF00BFA06
S214020A600E4B04461868FDF745F835B1FFF7D8FC7B
S214020A702046BDE838401EF0F9B9094B1B78002B1A
S214020A80F6D0084B1D78002DF2D1FFF7C9FC2A4696
S214020A904FF480400021FFF7ABFCE9E768540020E2
S214020AA0A06300209F6300202DE9F84F5C4B0646AA
S214020AB00D4614461B6F002A40F0AE8013F0A00FBE
S214020AC014BF4FF001094FF00009FCF737FBA023D3
S214020AD04FF0000ADFF868810320C8F87030FDF78F
S214020AE0D5FF0420FDF7D2FF4E4FFFF799FC4E4B81
S214020AF04FF0040B7B67C7F878A0FFF70DFF4B4B50
S214020B004FF48071D3F8A020494842F02002C3F87F
S214020B10A020FF22C8F80820414A1161D0F8D82E3A
S214020B2044491140C0F8D81EC8F870B0C3F8ACA04B
S214020B307B6913F0060F04D0FEF75CFA5846FDF701
S214020B40A5FFB9F1000F08D04FF400623A4B1A67BE
S214020B504FF40042A3F5E0339A6666B1374BDB6C7E
S214020B60180701D4FFF7CAFBFFF76AFF0420FDF758
S214020B708DFFFFF795FB2A4B5A69D10747D5DA68EE
S214020B8012F0706FFBD12E4B2E4A1A672E4AD36B89
S214020B9023F0F003D36315B12046FFF75DFF2B4B1E
S214020BA0D3F84C315A1C01D05B0002D50122244BEB
S214020BB05A6164B3214BDA6E03F500539A6603F565
S214020BC0D0331B6A1E4A23F00103D361204BD3F8AD
S214020BD00C1203F50053C3F8081203F50053D3F8BA
S214020BE0841003F5005399671A4BD3F8EC1003F5FB
S214020BF00053C3F8E010184B596C03F50053996381
S214020C00164903F5803359664FF6084313670020EA
S214020C10BDE8F84FFCF736BD4FF0000955E700BFB8
S214020C20000002B800C001B800000101001E00B0BA
S214020C30001000B0DF0000FF001002B8004000B84D
S214020C40002002B810003000001F00B00080E00F45
S214020C50004001B80040005400C000B85000002F09
S214020C609B4B2DE9F04F9F6EDB6E85B01F40994B74
S214020C709F66994BD3F8E050D3F8EC301D40974B63
S214020C80C3F8E050964BD3F80822D3F80C3202EAA7
S214020C900309944BC3F8089203F52043DA691B6AEA
S214020CA002EA0308904B08F47702DA618F4BD3F816
S214020CB00422D20605D4D3F80431C3F30016DB06A9
S214020CC051D51EF0D8F88A4B5A695E6E1B6F12F029
S214020CD0060F06EA0306874A26F0007314BF4FF093
S214020CE0010A4FF0000A23F400637407536604D522
S214020CF0814A137D0133DBB213751EF0B7F8002F5D
S214020D0000F0E28017F4004300F0D3801EF0B3F840
S214020D100146FFF7DFFA0446784BD3F800B0DBF85B
S214020D200020DBF800309A42FBD0DBF800209A4223
S214020D30FBD0FFF7CFFAA04217D108461EF096F86E
S214020D406F4B1C606F4BD3F870B01BF4E0520ED1A1
S214020D5024F07F4424F0DF040CB9FFF7F5FD4FF0D2
S214020D60807B002414E0B246C9E70446D7E7019226
S214020D70FFF7EAFD5C4B019A1BF480541A6740F0B9
S214020D809A801BF4806F0CBF4FF0805B4FF0806B35
S214020D90B80715D55B4A5448126F02F460410167E2
S214020DA0002900F08B80110400F18B8012F4005FA2
S214020DB00CBF4FF000524FF0006200244BEA020BC9
S214020DC0C7F340377F00504A2A40002A4AD015F41B
S214020DD0206F0AD040F6A31206210020FAF726FE5C
S214020DE00020FFF739FE25F48025EB0506D5FF2106
S214020DF03D4A4BF4C06B9160FFF780FA15F0090F7D
S214020E000AD040F6B81208210020FAF70FFEFFF7C4
S214020E1017FE0121304A116315F0106F0CD040F610
S214020E20C11209210020FAF701FEFFF709FE00228F
S214020E3011461046FCF736FE15F4202F0AD040F66F
S214020E40C91207210020FAF7F1FD0020FFF704FE81
S214020E5025F48025E80301D5FCF768FF002DB8BF0E
S214020E6047F0080769070DD51B4AD26A12F4005FDD
S214020E704FF4005217BF19492449CA624BF4000BBB
S214020E8008BFCA626A0548BF4BF0040B15F48023FC
S214020E90019300F0A480FCF701FF0138062837D83A
S214020EA0DFE810F028012B0128012E013101340160
S214020EB034019B4655E74FF0804B52E74FF00072E5
S214020EC07BE74FF0004278E7BB463C467BE700BF35
S214020ED0004000B8006000B80040005400600054B3
S214020EE0004001B8006001B8002002B800E100E04E
S214020EF000C001B800E001B84C5400201CB8040041
S214020F0044540020000002B8090B0B89005000541C
S214020F1040F6FA1203210020FAF788FD01218548DF
S214020F20826ED0F8883002F00702063201FA02F228
S214020F30C3F30C0CA2EB0C0292B2072A12D97E4A19
S214020F40126F53020ED47D4B826B806D5B6D5BB16C
S214020F5002F0070206329140C0F30C00091A89B269
S214020F60072901D84BF4007B754A1278002A36D03E
S214020F70704AD2F8E02012F4A02F30D1714A72499A
S214020F8012789AB9F20411D40A787AB14FEADB02DF
S214020F906E4842EA447282F00102D0F8D80E02F09D
S214020FA00102520020FA02F2930718D10420FDF73C
S214020FB06DFD674A67485067FFF732FA62490A785A
S214020FC04AB9654A127832B1644A654912680BEA30
S214020FD002020A4201D14BF4804B26F48056B9F144
S214020FE0000F1DD019F4805F18BF4BF4802B19F444
S214020FF0807F18BF4BF4002B19F4005F18BF4BF02C
S214021000100B19F4007F18BF4BF0200B19F4806FF9
S21402101018BF4BF0400B19F4006F18BF4BF0800B53
S214021020B8F1000F48D018F4001F0AD04D4A1368D2
S2140210303BB1414A4C48116F00680022C1F3C061BF
S214021040984718F4802F18BF44F4007418F4803FB1
S21402105018BF4BF4805B18F4801F18BF4BF4003B9C
S21402106018F4800F18BF4BF0020B18F4003F18BF9D
S2140210704BF4801B18F4000F18BF44F0100418F449
S214021080002F19D0394AD2F8A02012F0C00F13D080
S2140210902949CA68C2F30362032A01D0072A05D186
S2140210A04A6FD00602D48A6F120732D54FF4002157
S2140210B02F4A28F40028D161002E00F01B81330548
S2140210C040F18F802B48DFF88890C2782A49002AA0
S2140210D058D04FF40063013AD2B24B66C27032B9AE
S2140210E0264A1278C2B140F60141254A51670022CB
S2140210F0002173E04BF4803B10E74BF4006B0DE7E6
S2140211004BF4806B0AE74BF4807B07E74BF0080B47
S21402111004E74BF4001BCFE7D9F8782012F4A05F5F
S21402112015BF4FF4807240F60142C9F85820C9F83C
S2140211307820DCE700400054000002B8004000B807
S214021140A1630020A0630020A3630020001000B06B
S21402115000C001B800000101A2630020481600206A
S214021160088D01007C53002068540020001E00B049
S214021170002002B89263002000E001B89E630020BF
S21402118000D001B80320FDF781FCD9F81420A84B43
S21402119012F0060F04BF41F61F72A649A64808BF02
S2140211A04A674FF40061A34A5166D9F8142012F038
S2140211B0060208BFC9F878205A8A12F4006162D083
S2140211C022F400625A82027802F0FF09002A5ED1F7
S2140211D0FDF710FFFFF7B8FB4A4620214BEA020B49
S2140211E00C43B00009D52E20FDF79EFB4FF00051B0
S2140211F0904A44F0080411675166F10606D52B2082
S214021200FDF792FB10218B4A1167516616F0306F7C
S21402121005D1F20463D5BAF1000F00F0C0803301A5
S21402122017D52920FDF780FB844A526C12B1102193
S214021230834A9160FFF7B4FA48B1824A82487D49F0
S2140212404A66026700F54050C068400422D444F063
S214021250040416F0007A28D00420FDF717FC272095
S214021260FDF762FBFFF770FB4FF00071714A5166A3
S214021270764AD2F8D82E520679D40221704A916064
S21402128044F0020428E002784FF40052A6E74FF436
S21402129000422DE70A6720204A66FDF745FB2D200F
S2140212A044F00C04FDF740FBD3E716F0807FDFF82E
S2140212B08C9147D00420FDF7E9FB2820FDF734FB8C
S2140212C0D9F87820002A3AD1FFF73EFB594A5D4901
S2140212D044F00104116751660021584A916572056F
S2140212E008D55B498A78002A00F0D880013A8A70CD
S2140212F000221743574AD2F8A020130603D55846B1
S2140213002146FCF7C7F93A4658462146FFF770F8D9
S214021310019B0BB1FCF7F8FC01224F4B05F004359C
S214021320C3F8E0504D4B18F4002FC3F884211EBFBB
S2140213304FF40022424BDA6105B0BDE8F08FC9F8DF
S21402134078A0C3E7F104C7D50420FDF79FFB444A03
S214021350C9F87420FDF74EFED9F8642012F0407FDB
S214021360BAD12A20FDF7E0FAFFF7EEFA80E7394A0B
S214021370D2F8A0108B0683D402203A4988603A49F4
S214021380096891F82510C8077FF57AAF92F8C4204D
S214021390002A3FF475AF8021344A116170E7344A5F
S2140213A01268013202D04BF0010B98E728490A79FD
S2140213B052B1013AD2B20A7112B9234A2D49516783
S2140213C000224BEA020B8AE70420FDF75FFB0320AC
S2140213D0FDF75CFB194A224951671DF04CFD814618
S2140213E00DF10F00FEF732F9234A824612780AB14F
S2140213F0FEF784FFBAF1030F0ED1DFF870A00020CB
S214021400FEF724F9032807D1DAF87420D103F6D4BC
S214021410DAF85C200C2AF2D99DF80F20032A2FD185
S2140214200121164A484611701DF020FDC8E700BF8C
S2140214304C54002000E001B89E63002000C001B8B2
S214021440002002B81000002000D001B8001000B042
S21402145092630020001E00B00060005400E100E02D
S21402146000000101001002B868540020000002B813
S214021470306A00200000010DA4630020A063002053
S214021480094AD2F8E02012F4A02FC9D1FEF7C8FF0D
S21402149048461DF0EBFC4FF4804292E70220FDF72F
S2140214A0F5FA012225E700BF004000540122024B54
S2140214B01A62DA61704700BF002002B80D4B10B501
S2140214C0DC691A6A14400C4A24F47F01D161E207EF
S2140214D006D5D9684FF0FF30C1F3036119F05CF806
S2140214E0630706D5BDE81040042200200021FEF75F
S2140214F07FBF10BD000002B8002002B80C4A08B533
S214021500936B526C13400B4A9363DB070FD50A4B5F
S21402151040F663421878122100F00100FAF786FAC4
S214021520BDE80840002201200021FEF761BF08BD89
S21402153000C000B800E000B848160020054AD2F8FD
S2140215408430DB07FBD4936FD2F884201340024A20
S21402155093677047008001B800A001B870B51446C2
S2140215600D461DF088FC064BD3F8A06074402C4054
S2140215707440C3F8A0401DF079FC06EA050070BD71
S214021580001E00B0034BD3F8A03099430CBF0120D5
S21402159000207047001E00B02DE9F04117460A43AE
S2140215A0012A1D469DF818409DF81C60DDF8208033
S2140215B029D8B44227D2082E25D8032B23D8B8F12F
S2140215C0000F20D00A460021FBF71CFDFF21EB008E
S2140215D09940C943DFF834C008F1FF38FF00E2B291
S2140215E0964202D80020BDE8F0813D190CEB850535
S2140215F0D5F8E02018F8010F0A4098401043C5F8C5
S214021600E0000134EBE72120EDE700BF001E00B04A
S214021610034B1868034B002808BF1846704700BFE4
S214021620645400206CD904002DE9F843DFF860907A
S2140216300646D9F8008008461746B8F1000F03D0D0
S2140216400E242046BDE8F88306B3336801331DD165
S214021650E1B1FAF70DF805460028F1D0C9F8000006
S214021660FAF72CF8284618F0ABFA044640B1404682
S214021670C9F80080FAF722F8284618F09CFAE0E744
S2140216803560002FDDD02846B847DAE72124D8E7B0
S21402169068540020024B1868003818BF01207047B3
S2140216A068540020002108B5024B08465B6898473C
S2140216B0002008BD286A00200523064AA2F84A3000
S2140216C092F8493003F0010363F0730382F849305D
S2140216D0704700BF001F00B00023F0B585B0CDE90B
S2140216E001330393124B134D1B78134E8DF80430BF
S2140216F01DF0CEFB2A78337804469A420F4F0CD060
S2140217003178386801AA297018F07BFF50B140F68C
S21402171008210B481DF0B1FC04E0386818F051FFB0
S2140217200128EDD020461DF0AEFB05B0F0BD00BF8F
S214021730536D00208A6D00208B6D0020845400209B
S2140217400E8E0400F8B52B4B1B7823B140F6FC3105
S21402175029481DF092FC1DF09BFB284B07461C886F
S21402176014F0060409D001214FF480701CF044FBEB
S2140217703846BDE8F8401DF086BB21464FF480701F
S2140217801CF03AFB204600F0ABFF022808D180226C
S2140217901B4B8021186818F0DDFAFFF79DFFE7E77C
S2140217A0204600F09DFF054638B1012807D040F6D6
S2140217B0314111481DF061FCDAE70246E8E7FF22F4
S2140217C00F4E104B30681A70FFF76CFF306818F037
S2140217D0F8FE0128CCD02A462946306818F0F3FED7
S2140217E021462C201CF034FB21460A201CF030FB3C
S2140217F0BEE700BFAA6300200E8E0400525C0020E3
S214021800845400208A6D0020002101481DF03AB958
S214021810A86A00207F2837B5044610D14FF6FF731A
S214021820022217480DF10601ADF80630EBF722F951
S214021830BDF80640E2054CBF6FF04A0464B21DF0E4
S21402184027FB104B05461C700F4B1B88DB0710D579
S2140218500E4B1B78002B0E4B0CBF21466FF07F0100
S214021860186818F09CFA20B140F6786109481DF015
S21402187004FC284603B0BDE830401DF004BB00BFA0
S214021880641002C0826D0020525C0020AB63002010
S214021890845400200E8E040010B513F076FE60B15C
S2140218A013F075FE0B4A80B141F20D03BDE81040FD
S2140218B041F20D0107481CF0F1BB074B1A781B7961
S2140218C09A4204D100220023F0E70D23EEE7034AF2
S2140218D0F9E700BF400D0300536D0020488D01005C
S2140218E0F8B5164E0D46337802F0010423B140F2E5
S2140218F0C53113481DF0C1FB124B134F1D60134D2B
S214021900A4B1134B997801B1012120201CF074FA7E
S2140219102B783B700F4B1C780F4B00211C70042356
S21402192033700E48BDE8F8401DF0ACB821462020C2
S2140219301CF062FA2B783B70EEE700BFAA63002029
S2140219400E8E040074540020A76300208C6D0020C5
S21402195078540020A8630020A9630020A86A00200B
S2140219602DE9F8431DF094FADFF8A0810546B8F891
S2140219700030614C13F4807F03D0237873BBFFF7EB
S214021980E1FE002108461CF063FA5C4B1A78FF2A37
S21402199013D01A7802F0FF0632BBFF221A702378A1
S2140219A0052B0AD10023284623701DF06CFA304618
S2140219B018F0B7FE1DF06CFA05462378504E062B3B
S2140219C009D13378FF2B06D03378022B15D10021AC
S2140219D04C481DF057F8FF2333702BE000214FF4DC
S2140219E080701CF009FACCE71A78012A4FF0FF0241
S2140219F014BF33264C261A70D4E7337813B13378E3
S214021A00012B22D11CF098FA07463E4896F8009021
S214021A1001F0DCFBFF235FFA89F9337077B1B9F185
S214021A20010F44D16421374884F800901DF02AF84B
S214021A30FFF752FE28461DF026FA06E028462770D3
S214021A401DF021FA384618F06CFEB8F800301B0676
S214021A5005D5002180201CF0CFF917F056F901F0C9
S214021A60F1FA294E308000B32778012F42D11CF0BC
S214021A701DFF054610B301301DF0DDFB00F440608B
S214021A80B0F5006F1AD10422394628461CF04EFEE5
S214021A9028441DF0D0FB4FF6FF7398420ED100206B
S214021AA0318800F0FFFC00233380BDE8F883002372
S214021AB0284623701DF0E7F93F20C4E7114801F0DD
S214021AC085FB002108462170012500F09DFC237845
S214021AD00BB9FFF737FE0020318800F0E3FC002345
S214021AE03380002DE1D020780028DED1BDE8F8430F
S214021AF018F062BF0025EAE7AA630020896D00207D
S214021B00886D0020A86A0020505C0020525C0020ED
S214021B1008B513460A461946064B186818F0CCF95B
S214021B2030B1BDE8084040F2F44103481DF0A5BAC2
S214021B3008BD00BF845400200E8E040008B513466C
S214021B400A461946064B186818F0B0F930B1BDE8D7
S214021B50084040F2FB4103481DF08FBA08BD00BFA3
S214021B60845400200E8E0400024B1878431E5842FE
S214021B7058417047AA63002008B5064B1B7823B16C
S214021B8040F2255104481DF078FAFFF7DBFD0020ED
S214021B9008BD00BFAA6300200E8E040008B5054BE0
S214021BA001EB81011868490018F0FBF8002818BFFD
S214021BB0212008BD8454002008B5044B1868F9F7A4
S214021BC00FFF0A2390FBF3F040B208BD84540020B6
S214021BD0014B1878704700BF8B6D002008B5044B88
S214021BE0186818F049F8B0FA80F0400908BD00BF3E
S214021BF08454002038B5124D0C462B78012B04D99C
S214021C0040F246510F481DF038FA21460020FFF7F1
S214021C10E5FF90B10C4B1C702B785BB9FFF792FD79
S214021C200A4B93F900100A4BC901186818F08DF890
S214021C30002038BDFFF750FDF2E72120F9E700BF8C
S214021C40AA6300200E8E04008B6D0020AC63002079
S214021C508454002008B5074B186818F00BF830B10A
S214021C60054BB3FBF0F083B20BB1184608BD01205A
S214021C70FCE700BF8454002040420F002DE9F347E2
S214021C805C4E01201DF0F6F93388990704D440F61D
S214021C903F4159481DF0F1F9DFF8808198F800308D
S214021CA0053B012B04D940F6414153481DF0E5F9A6
S214021CB0524F3B6823B940F644414F481DF0DDF9C8
S214021CC0348814F0200478D0012122201CF0C0F8B9
S214021CD04FF47A74FFF7BEFF3B681B780933434321
S214021CE004EBC30498F80030A5B2062B0BD11CF007
S214021CF0EBFC0446FFF7AEFF602358430C2303FBBE
S214021D000400284485B2D7F800903D4B99F800802D
S214021D101C7808F1FF381FFA88F8002C52D1338855
S214021D205A0505D409F101001DF085FAC0F34014E6
S214021D303449354A887812784B7812FB00F2334FD2
S214021D4093423B70A4BF9B1A3B703B78CA78BD6037
S214021D50934238BF13463B7013F01FFC002833D063
S214021D6013F019FC012814BF10250825254300236B
S214021D70DFF8ACA00093802243464946DAF800001A
S214021D8018F041F820B14FF43B611B481DF075F97D
S214021D901F4BDAF8000019781E4B197033889B0621
S214021DA014D52A461C4B009718F029FCC0B900200F
S214021DB002B0BDE8F0471DF05DB9214622201CF0B6
S214021DC047F887E70024B3E72546D0E72A460F4BB5
S214021DD018F013FC014618B925201CF039F8E6E77E
S214021DE0214626201CF034F840F6F43102481DF055
S214021DF044F9DCE7525C00200E8E04007454002086
S214021E00AD630020536D0020A7630020586A0020AF
S214021E108B6D00208A6D002078540020AA63002073
S214021E2084540020184B10B51B889B0704D440F638
S214021E30A66116481DF021F9154B1B78053B012BB0
S214021E4004D940F6A76111481DF017F9114B1B681B
S214021E5023B940F6A9610D481DF00FF900240E4B78
S214021E600E4921201C701BF0F3FF014618B9BDE88D
S214021E701040FFF703BF022804D12046BDE81040F9
S214021E801CF07CB810BD00BF525C00200E8E040011
S214021E90AA63002074540020A56300203D2002009F
S214021EA0F8B55A4C23889A0704D54FF43E71584821
S214021EB01DF0E3F8574801F089F91CF0E9FF238882
S214021EC005465B070DD54FF0FF3017F0E3FF524B88
S214021ED01B68C01AB0F5717F03D9002104201BF0DD
S214021EE08BFF28464D4D1CF0CEFF2B78042B32D1AB
S214021EF01CF0CEFF238806465F0708D5454800211A
S214021F001CF0C0FD3046BDE8F8401CF0BCBF1CF01B
S214021F10BAFF1CF0BDFF424B06461B78414F13B971
S214021F20238859050FD50523012102202B701BF0AB
S214021F3063FFFFF777FF30461CF0A5FF3B68DA78B1
S214021F40394B1A70F8BD386801301DF074F98206F4
S214021F50E9D50623E8E7062B4DD1344B1B78FF2B39
S214021F60F0D1334E13F01BFB3378002B3DD01CF020
S214021F708FFF238805465B0705D5264800211CF0FF
S214021F8081FD2846BFE71CF07EFF3378013B3370A5
S214021F901CF07EFF0446012102201BF02DFFFFF7F6
S214021FA041FF20461F4C1CF06EFF206801301DF0DA
S214021FB042F900F44060B0F5006F13D124680121A5
S214021FC0042220461CF0B2FB20441DF034F90146E0
S214021FD0184B04201A783378D21AD2B2BDE8F840E9
S214021FE01DF0F2B84FF6FF71F2E740202B70BDE805
S214021FF0F84018F096BB012BA4D100232B700E4B91
S2140220001868FFF74FFB3F20F1E700BF525C002045
S2140220100E8E0400A86A002070540020AA630020D6
S214022020AD63002074540020A6630020886D002053
S214022030A76300208C6D00208454002008B50A4B4C
S2140220401A7882B9012210281A7004D040F69D61CF
S21402205006481DF012F8002120201BF0CDFEBDE838
S2140220600840FFF70BBE08BDA56300200E8E0400D5
S21402207008B5094B1B88DB0604D440F2C351074857
S2140220801CF0FBFF102000211BF0B6FE044B186864
S214022090BDE8084018F0AABA525C00200E8E040072
S2140220A084540020012208B5074B1146186818F020
S2140220B08AFA00212C201BF0CBFEBDE80840002146
S2140220C00A201BF0C5BE00BF84540020014B400806
S2140220D0185C7047846D002008B513460A461946F8
S2140220E0064B186817F0EEFE30B1BDE8084040F621
S2140220F0E94103481CF0C1BF08BD00BF845400205C
S2140221000E8E040008B5044B186818F05AFA013807
S21402211018BF012008BD00BF84540020054B10B52F
S2140221204C0022460146186817F029FE031B584247
S214022130584110BD8454002070B505461CF0A8FE18
S2140221400E4B0F4E1B880446DA07357008D50D4B2A
S2140221500D4D1B78012B08D90121286818F0DBFAEF
S2140221602046BDE870401CF08EBE1BB113F00BFA81
S214022170C305F1D4317881F00101EEE7525C00200C
S214022180836D0020AB630020845400200C4B10B5F6
S2140221901B880446DB0711D5FFF77EFB094B84F04C
S2140221A0010208211868D20017F0D4FD30B1BDE84C
S2140221B0104040F6367104481CF05FBF10BD00BFE9
S2140221C0525C0020845400200E8E040008B5044B96
S2140221D00146186817F081FE003818BF012008BDB6
S2140221E08454002010B50A4C23787BB1FFF75AFFBF
S2140221F0002104201BF000FE002102201BF0FCFD43
S21402220000232370BDE81040FFF79CBA10BD00BF44
S214022210AA63002038B5094800F0E8FC0024084DFF
S21402222095F84430E0B2834200D838BD05EBC000D2
S214022230043000F0DBFC0134F2E700BF2855002032
S2140222408854002008B5104602494822F8F70EFFC7
S214022250002008BDE054002008B505481DF07DF8B2
S214022260014620B9BDE8084001481CF00BBC08BD79
S214022270C86A0020002238B51C4B15461C461A7048
S2140222800132082A5D609D8043F8085FF8D1482233
S21402229000211748F8F75AFD4FF6FE73A4F8683087
S2140222A06FF48033E365134B00211A88124B1868CB
S2140222B0F8F74CFD114BC4E91255C4E9283584F8E9
S2140222C0445084F85050656584F8A850E9F73CFFFE
S2140222D0FF220B4B012118700A4B00201A70E2F7FE
S2140222E0D3FB0020FFF7B8FF002038BD885400203B
S2140222F0E0540020F46C0020886900200000FFFFF4
S214022300AE6300200364002010B5AC24084B04FB27
S2140223100030836C53B990F850403CB931B1C0E9F3
S21402232012122046FFF798FF204610BD2120FCE738
S21402233088540020AC2370B503FB00F5094E7319D0
S21402234093F850405CB9204610F0AAFC735D204614
S21402235043F002037355FFF77FFF204670BD01204E
S214022360FCE700BF88540020AC235843024A135CA3
S21402237023F00303135470478854002070B51646A2
S2140223801F4A04461278C2BBAC211E4D01FB005107
S2140223908A6C92BB91F850203AB1022B2DD191F85B
S2140223A04410072907D91C2026E091F84410072973
S2140223B0F9D8012B08D0AC2000FB0450CA00011D3E
S2140223C00C30F8F715FD0021AC2303FB04F00024C3
S2140223D09DF8143000EBC1012944CB71049B8E801A
S2140223E08B602B1893F84420204601328C7183F8B8
S2140223F04420FFF731FF204670BD0120FCE700BFF6
S214022400AD63002088540020F8B5234B04461B78A1
S2140224100F46002B3ED1AC23204D03FB0053B3F8EE
S214022420A03023B940F245311D481CF026FEAC22EE
S21402243002FB0452D2F8A46036B192F8A3303946B1
S2140224400020B2F8A020B047AC2300216343EA186C
S214022450A2F8A010C2F8A410482192F8A82001FB06
S21402246002322A44D2F89820964213D0EB5C9B079D
S2140224700CD5AC226243AB5C204623F0020343F049
S2140224800103AB54BDE8F840FFF7E6BE10F02AFCA5
S2140224900028EED1F8BD00BFAD63002088540020AE
S2140224A0658E04002DE9F04F89B0059008460D466A
S2140224B01CF0FCF9044618B9212009B0BDE8F08FDB
S2140224C028461CF00FFAC0B20838215C221892F88F
S2140224D002A00491D1785268277803920022B4F8B9
S2140224E00130ADF81E20434A029192F800B0BBF1CB
S2140224F0000F08D0404B1B681BB120464FFA8AF2E9
S21402250098470020D9E703F00703022B70D0013466
S2140225100922594620461CF009F9023F3F1A3B069B
S21402252006465FFA87F8C7D4344FD7F89090B9F1C9
S214022530000F27D100210DF11E0B43462246084606
S214022540CDF800B010F0E4FAC3B20546002B4BD12A
S214022550BDF81E0018F029F9E0B9BDF81E0018F003
S21402256020FA8146BDF81E0018F01FF9F0B906EBF6
S214022570080201232146584692B200F07BFDD0B1F4
S21402258019209AE75B465A4601212846C847002882
S214022590D0D191E7D7F89430BDF81E00002BDCD0DE
S2140225A0A11998470028D8D1022086E74246484615
S2140225B0A119F8F75BFDBDF81E001CF077F9029B27
S2140225C0059A0372049B80F809A08372039B1BBAC8
S2140225D0C360AC2303FB027393F85020BDF81E00C1
S2140225E022B1DB6C03B19847E8B266E7BB6FF9E746
S2140225F0012062E7AD6300206C540020885400205E
S2140226002DE9F84308460F46164602F1010918F06E
S214022610CDF98046384618F0C1F8042856D1384617
S21402262018F0E0F848F661054FF6FF7248F64103E7
S214022630294C904208BF1D46B4F85C10301D1CF0B1
S214022640FCFD384618F0CEF80146B01D1CF0F5FD2C
S214022650B4F85E1006F108001CF0EFFD06F10A045D
S21402266038460DF067FF10B145F01005ADB22946A9
S21402267048461CF0E2FD384618F093F942460146F9
S2140226802046F8F7F3FC384601211CF047F944448B
S214022690074660B11CF026F9054638461CF006F9D6
S2140226A0EDB201462A462046F8F7E0FC2C440B4AD7
S2140226B0A41B13780134591C1170F3703470304621
S2140226C0BDE8F843092201211CF030B848461CF048
S2140226D0B2FD4C460546C3E788540020AE63002090
S2140226E0AC2210B548245043094B1A1892F8A81089
S2140226F004FB0100034493F87700022806D092F800
S21402270050301BB9032818BF012010BD0020FCE77B
S2140227108854002070B508B1012070BD234C94F88F
S214022720A850002DF8D12946B4F85C20FFF706FA27
S21402273029462846B4F85E20FFF7EAF929462846D5
S21402274004F16002FFF7C8FC94F87730002BE3D060
S214022750284694F85860FFF73BFA864215D10020C7
S21402276094F95A50FFF728FA854216D10020FFF74F
S214022770B7FF044600201BF08FFF0028CDD021466D
S214022780BDE870400020FFF7F7B9284694F85810C5
S214022790FFF730FA0028E2D0BFE7002094F95A107B
S2140227A0FFF7FCF90028E1D0B7E700BF8854002005
S2140227B00346AC2010B51446164A00FB032292F8D4
S2140227C0770002280CD1E07F022809D141B11249D4
S2140227D00978012913D992F85810227891420ED11D
S2140227E018462178FFF7FAF990B1482221460B489D
S2140227F0F8F73CFC00201BF04FFF08B9002010BD84
S214022800044B93F8A8000028F8D1FFF783FFF5E7FA
S2140228102120F4E788540020596D0020E05400205F
S21402282038B5AC230D4C054603FB004300205A6D19
S214022830D86483F8500012B15865FFF719FCF5F713
S2140228404BFBFF281EBFAC2303FB054484F8A800FD
S2140228500020FFF75FFF002038BD00BF885400202D
S2140228607FB51D4C94F8A83023B1002084F8A80048
S214022870FFF750FF94F85A30B4F8A0608DF80F3086
S21402288026B940F2FD2115481CF0F7FB144B3146E1
S2140228901D6800202A46FFF7B3FEE46F02469CB18D
S2140228A00DF10F0301930023294630460093A047FB
S2140228B002462C7854B920462146FFF7A5FD20464D
S2140228C0FFF7CAFC04B070BD0122F2E729460020D9
S2140228D0FFF706F8F6E700BF88540020658E04006E
S2140228E08869002038B5494B1C78002C58D14848D6
S2140228F000F06CFC20461BF0CFFE002850D0454C62
S2140229002378D90733D594F850201AB123F003035D
S214022910237045E023F00103237010F0CBF92378EF
S21402292005469A0701D510F0BBF9294600200FF09C
S21402293053FF40B92378284643F001032370BDE8CD
S214022940384010F0ADB90023482284F8A33094F83A
S214022950A83084F8A25002FB0343D3F89830A4F8B8
S214022960A000C4F8A430BDE83840FFF779BF94F859
S2140229704400B0B104F1A003251D95E8030083E8E6
S2140229800300FFF76DFF94F844202846D20004F1B6
S2140229900C01F8F72DFA94F84430013B84F84430E1
S2140229A038BDA26C62B99B0711D52378002023F0AC
S2140229B0020343F001032370BDE83840FFF74CBC26
S2140229C00123A06484F85030904723789EE710F0E5
S2140229D089F90028E9D194F8A83073B1F5F77CFAA2
S2140229E094F85030002BDBD1FF2818BF84F8A800DB
S2140229F0BDE838400020FFF78DBED4F88C30002B9F
S214022A00ECD098470028CBD1E8E700BFAD630020A2
S214022A10C86A00208854002070B5044600201BF0C7
S214022A203BFEAC235C430B4E351995F850300BB188
S214022A30002070BD0028FBD007481CF08EFC002842
S214022A40F6D1335D002BF3D195F84400B0FA80F04E
S214022A504009EEE788540020C86A002010B5084AEC
S214022A60034617F0B1FF14684FF6FF7203EB4003FC
S214022A709C42184603D9018802339142F8D010BD11
S214022A80445500202DE9F047204F05463B88A3B366
S214022A90B0F90230002B30DBDFF87C801C49D8F816
S214022AA00000F8F7A9FB20B94FF4EA7119481CF0A8
S214022AB0E4FA0026DFF85CA0DFF860903A88B3B24A
S214022AC09A4204D84FF4EB7150461CF0D6FAD9F865
S214022AD00030B2B253F83200D8F8001003EBC2044A
S214022AE068B943F83210A38828460133A38017F04A
S214022AF06BFFE38803EB4003E380BDE8F087F8F75B
S214022B007BFB01360028D9D1EDE700BF545C0020DC
S214022B10328E04003C8E0400E86A002038550020FD
S214022B2038B5094C094D22682B689A4204D94FF4ED
S214022B30877107481CF0A1FA28682368C01A20F09B
S214022B40010080B238BD00BF445500204C5500201D
S214022B503C8E040038B5124C124D21462846F5F735
S214022B6041F823680BB12B681BB9DE210E481CF016
S214022B7084FA2A680D4B0E491A60236823F0010373
S214022B8013440B600B4B1A602AB9BDE83840F82193
S214022B9005481CF072BAFFF7C3FF6428F5D938BDA2
S214022BA03C550020405500203C8E0400485500202D
S214022BB04C5500204455002038B5094C094D226872
S214022BC02B689A4204D34FF48A7107481CF055FAD0
S214022BD028682368C01A20F0010080B238BD00BF02
S214022BE0485500204C5500203C8E04002DE9F0414B
S214022BF01D4B04461B78012B24D100881BF038FE9F
S214022C000546D8B10426DFF864802C461CF040F94D
S214022C1007462046FFF736FF638843EA08036380C9
S214022C20A05B1BF025FE044638461CF02CF91CB1AE
S214022C30B4F90230002BE9DA062E01D1BDE8F081A4
S214022C400626E2E7022BF9D11CF022F9024620887A
S214022C501BF00EFE18B10388C3F30E032380104642
S214022C60BDE8F0411CF00FB9AF6300200080FFFF03
S214022C702DE9F04F0024BA4B97B006461C801CF094
S214022C8007F90123DFF8EC82B64F3B70B8F8003044
S214022C90A8F80040ADF81630B34B1B6801931CF041
S214022CA0F2F8B24B21461A88B14BD2001868F8F7F0
S214022CB04DF80DF11600FFF799FF002E3CD1DFF814
S214022CC0B8924FF0000B0125D9F80040019B9C42B8
S214022CD039D3BBF1000F39D1002DF2D0D9F800401C
S214022CE0DFF898A225462246019B9A4273D3022316
S214022CF00DF116003B70FFF779FF002E40F08F8033
S214022D00D9F800603246AA4280F0A28090881BF072
S214022D10AFFD18B10388C3F30E039380D0881BF06F
S214022D20A7FD18B10388C3F30E03D3801046FFF73E
S214022D3095FE0246E7E79847E3B256F82330013499
S214022D40002BF8D1BBE7BBF1000F3ED00BF1FF33EF
S214022D505FFA83FB16AB03EB8B0252F8402CB2F9F8
S214022D60020051880028B1DA4B04AFD4924641F4EF
S214022D708040931D2AF8020F02933AF8020F1BF0C6
S214022D8077FDF0B1B0F902E0B0F802C0BEF1000F74
S214022D9017DB6FEA4C4C6FEA5C4CA0F802C003905B
S214022DA0FFF770FEBBF10F0F8FBF002516AB039A1D
S214022DB003EB8B009EBF0BF1010340F8402C5FFA39
S214022DC083FB029B9A45D8D180E72046FFF746FE52
S214022DD022460446C3E7104617F0F6FD8346B2F9CC
S214022DE00200118800280AEA010108DA20461BF0D0
S214022DF035FD084381B204EB4B0402EB4B0510464B
S214022E001180FFF72BFE02466EE798475FFA8AF3B9
S214022E1056F823300AF1010A002BF6D170E74FF07C
S214022E20000AF3E73046FFF719FE82467EB1B6F98E
S214022E3002307188002B0ADA3088C0F30E001BF0CD
S214022E4017FD864203462DD1C1F30D017180564609
S214022E50AE42E7D3DFF81CA11CF01AF800210646A2
S214022E60504617F014FE1BF003FD0546002800F03E
S214022E70878030461CF007F8284617F0A5FD064660
S214022E8020461BF0EBFC8146760032462946204659
S214022E90F7F7AEFF002249460DF116001CF035FA90
S214022EA03444D9E71BD9304617F08EFDC1F30D0125
S214022EB0420071801846314692B2F7F799FFC6E78C
S214022EC05046FFF7CBFDD146854203D9B0F9023012
S214022ED0002B01DA824603E0FFF7C0FDF4E7B146B5
S214022EE0554507D9BAF80000C0F30E001BF0C0FC27
S214022EF08245E5D3B9F1000F30D0B9F80000C0F32F
S214022F000E001BF0B5FC034638B93346CB4699454E
S214022F1013D8B1459BD0D946ECE7484617F054FD86
S214022F20B9F802204946C2F30D02A9F8022042006F
S214022F3092B21846F7F75CFFE7E718460193FFF7E9
S214022F408DFD019B9B46854203D9B0F90230002BCA
S214022F5001DA0346DBE7FFF781FDF4E7CB46DAE763
S214022F60565C0020AF63002044550020545C0020CD
S214022F7038550020585C0020485500200080FFFF8E
S214022F80BDF816303870A8F80030044B30461C6086
S214022F901BF079FF17B0BDE8F08F00BF4455002044
S214022FA02DE9F04105461BF063FC0F460446D8B1F6
S214022FB01CF095F920B940F2FB4120481CF05DF860
S214022FC028461BF08FFC05462046FFF747FDBD420C
S214022FD0064609D004D840F2035118481CF04DF8B2
S214022FE02588ED0B02D02781BDE8F0816780204658
S214022FF017F0EAFC074604EB40081BF049FF104BAB
S2140230001A68B2420AD1C3F800801BF03CFF2A4677
S2140230104046BDE8F041FF21F7F798BEA6EB08064A
S214023020B5B21BF030FF072DF1D90023083D44F856
S2140230301730C8F80430A8F80250D5E73C8E0400D2
S2140230404455002038B51BF023FF002105460448EE
S21402305017F01DFD044628461BF015FF204638BD16
S214023060585C0020024B1888B0FA80F0400970477E
S214023070585C00202DE9F74F044600881F461BF0D7
S214023080F7FB8846154606461CF029F920B940F299
S214023090FE613F481BF0F1FF3388DB0B009306D03E
S2140230A033892B443381002003B0BDE8F08F20889B
S2140230B01BF018FC82463046FFF7D0FC01901BF04E
S2140230C0E7FEDFF8D0B0019BDBF8002081469A428B
S2140230D01DD1FFF725FDA84204D248461BF0D3FEB9
S2140230E01A20E1E70AEB050373803FB120881BF044
S2140230F0DDFB2A4641465044F7F7B8FF3046FFF755
S214023100ADFCCBF8000048461BF0BDFECBE71BF03B
S214023110BAFE20881BF0E6FB2844009980B21BF01A
S21402312039FC06460028DBD01BF0C0FB814620880F
S2140231301BF0BCFB824620881BF0D4FB514602469D
S2140231404846F7F793FF3046AFB11BF0AFFB074692
S21402315020881BF0C7FB2A4641463844F7F786FF0D
S214023160012120881BF0DAFB0121024630461BF0C3
S214023170E9FB268097E71BF099FB804620881BF028
S214023180B1FB2A4639464044F7F7E0FDE8E700BFC0
S2140231903C8E040044550020342101481BF06DBFCC
S2140231A0508E0400036910B55BB18268064B9A42E2
S2140231B001D1002010BD44691BF058FF201AF9D532
S2140231C0F7E74FF0FF30F5E79931020082681C4BB3
S2140231D070B59A420446056819D11BF059FE236958
S2140231E023B1A34206D100222A601A61BDE87040CC
S2140231F01BF049BE1A4611461269A242FBD12A6842
S214023200A24208BF29600B6100232361EEE703692F
S21402321093B198426E6803D19D210A481BF02DFF98
S2140232202B46B44209D122699D4218BF1A614FF05B
S214023230000308BF6A60236170BD33463669F0E753
S21402324099310200508E04002DE9F047074600250A
S2140232504FF0010A154EDFF858808AB0347914B957
S2140232600AB0BDE8F087D6F8009087B900972A46DC
S214023270B8F80010234603A81CF0DEF8224648469B
S21402328003A9E9F723FC2544EDB20836E6E7224611
S21402329003A94846E9F7EEFBCDF800A023462A46E6
S2140232A0B8F8001003A81CF0C7F8ECE798D9040099
S2140232B05A5C00200148FFF799BC00BF5A5C002008
S2140232C09C46174BF7B5054608461988164611B1AF
S2140232D0144B1C78CCB1014662463046BDB103B0F1
S2140232E0BDE8F040E9F7C6BB1C44E4B208373B79B8
S2140232F0002BF0D03A689642F6D185F001052246B8
S21402330000951CF099F803B0F0BD074FEFE7E9F718
S214023310DDFBB0B203B0BDE8F04015F0FABC00BF6A
S2140233205A5C00208D6D002098D9040010B5074C19
S214023330238843B10020FFF787FF0020FF22044BBB
S21402334020801A7010BD0220FCE700BF5A5C0020E5
S2140233508D6D0020142810B518D8082805D115F050
S21402336051FDC401E4B2204610BD0E2802D115F06C
S2140233704CFDF6E7064B53F82040002CF3D00A2803
S2140233802478F0D107F0C2FB0443EBE7FF24EAE718
S214023390E8D90400014BB3F868007047885400204F
S2140233A000487047F2540020014B1878704700BF5F
S2140233B026630020014B1878704700BF296300205F
S2140233C0014B1870704700BF29630020204B02286B
S2140233D010B5204C187002D00438012822D8237861
S2140233E0042B0BD000211C481BF04CFB2378033B1C
S2140233F0012B03D9002119481BF044FB184B1B680C
S2140234009A0022D513F0805F40F6114418BF4FF49D
S2140234104164204616F0ABF8C8B92046BDE8104015
S21402342015F075BC0C48FFF7D1FE0C48FFF7CEFE30
S21402343017F0A6FD2378033B012B03D816F091F86C
S2140234401624E6E70DF0BAFFFAE71524E1E710BD09
S2140234502D6300202E6300200C6B00207446002093
S21402346008470020024B187800F00F00704700BF94
S2140234702D630020034B187800F00F00831E58427D
S214023480584170472D63002008B517F064FDC0B19F
S21402349017F07AFDA8B10FF01BFD90B90A4817F095
S2140234A0ADFA70B1094817F0A9FA50B115F0B2FC9E
S2140234B038B116F05EF820B9BDE80840044817F0A7
S2140234C060BB002008BD00BF5C5C0020905C002052
S2140234D05055002030B505460C4693B081B910B958
S2140234E0002013B030BD1023214A69460120FFF7A1
S2140234F0E7FE9DF805305A1E052A28D91720F0E760
S214023500182200212046F7F721FC002DEBD1FFF709
S214023510B1FF30B315F026FB6A4601460020FEF7DF
S21402352091FEBDF80430204623819DF80230A37236
S2140235309DF80030E37217F0ECFE002304F114014C
S214023540237304F1100004F0F7FDE081C8E7094A8E
S2140235509DF8041012789142D0D12B70002CD6D14F
S214023560BEE7054B1B78033B022BD3D9C6E700BF49
S21402357064EE0100606D00202D63002030B593B02C
S21402358005460C46FFF776FF20B90C4B1B78033B2B
S214023590022B10D815F0E6FA6A4601462846FEF7D0
S2140235A051FE00209DF80230607023709DF80030B6
S2140235B0A37013B030BD1720FBE700BF2D630020B9
S2140235C0054B1878012805D000F0FD00A0F1310364
S2140235D058425841704700BF2D6300202DE9F34141
S2140235E00E46002105461BF08AFE0023124FADF858
S2140235F006002B800DF1060017F000FA044610B103
S21402360002B0BDE8F08121460DF1060017F03FFA40
S21402361080461BF04BF9438AB34207D99B1B438271
S2140236202246414628461BF070FEE3E743895B07C5
S214023630E0D53B88F3E700BFF66C002008B50A48E1
S214023640FFF7C4FD09484FF47A71FFF7C7FF074832
S21402365017F0D4F930B9BDE808404FF47A71024841
S2140236601BF010BA08BD00BFEC6A0020046D0020F3
S2140236701FB50146002201A81BF0D4FA064801A98C
S2140236801BF0A0FE20B11BF011F94089C0F34000E8
S21402369005B05DF804FB00BF046D002030B585B0B0
S2140236A00D460022014601A81BF0BCFA084801A9F3
S2140236B01BF088FE50B11BF0F9F8044601460822BA
S2140236C02846F7F795FB6089C0F3400005B030BD89
S2140236D0046D002010B5044C204617F0C6F9638826
S2140236E0181A80B210BD00BF046D0020F8B505465A
S2140236F0F8B100210F481BF002FE0446A8B10D4F98
S21402370020461BF0D3F806461BF078FA830705D44A
S214023710082229463046F7F765FE38B12146384674
S2140237201BF011FE04460028EAD10024201E18BF12
S2140237300120F8BD046D002010B50C46014606486F
S2140237401BF040FE30B11BF0B1F843891C4214BF97
S2140237500120002010BD00BF046D00201FB51446D6
S214023760024601A81BF05EFA074801A91BF02AFED2
S21402377040B134B11BF09AF8142201462046F7F7FE
S21402378037FB012004B010BD046D00201FB50146B2
S214023790002201A81BF046FA094801A91BF012FEF6
S2140237A058B11BF083F84389024613F0020004D096
S2140237B0507B80F00800C0F3C00005B05DF804FB43
S2140237C0046D00200146014817F075BA046D00200A
S2140237D0F8B504460E46142000211BF0DBF8054619
S2140237E0204617F042F96388834225D925B331462D
S2140237F0204617F060FA08BB28461BF057F8074623
S2140238000A223146F7F7F4FA082206F10A0107F10E
S2140238100A00F7F7EDFA0A4B1B887B82238823B946
S2140238204FF47A7107481BF02DF9204600222946EC
S2140238301BF06BFD0020F8BD1C20FCE72E20FAE7EB
S214023840F66C0020EC6A002010B5044686B0B0B1D3
S2140238501BF0D4F910F0020011D1CDF80E00616809
S214023860CDF81200ADF81600206801AB03C322891A
S214023870044801A91A80FFF7ABFF06B010BD21204D
S214023880FBE700BF046D0020F8B50D4616461F463E
S214023890044648B31BF0B2F930BB2046FFF792FF4E
S2140238A0E0B1214611481BF08DFD1AF0FFFF438957
S2140238B005734673877343F00203218943812046CA
S2140238C001F0F2F9FF28044606D001F0F3F818B129
S2140238D00022074B43F82420002004E02046FFF78E
S2140238E0B3FF0028DDD0F8BD2120FCE7046D0020E0
S2140238F044440020F7B59DF824400D4601949DF8F7
S2140239002040064600941F460DF076FC4FF6FF71E7
S2140239108842044610D0BB0711D4284600F0CCFFDC
S21402392020461BF0E3F9FF281FBF084A32F8103082
S21402393023F4804322F81030204603B0F0BD02463E
S2140239402946304617F0BEF9EAE700BF205C0020A1
S21402395073B50E46014614481BF034FD0546D8B131
S2140239601AF0A4FF43890446334012D09B0736B2AE
S2140239700BD5002E09DAA17B437B0289007B0191DD
S214023980012100912146FFF7B5FF638923EA06036A
S2140239906381628912B1012002B070BD29460248D5
S2140239A017F094F8F7E700BF046D00200148FFF710
S2140239B01DB900BF046D00201FB50C460B4A014618
S2140239C001A81BF02FF901A8FFF7FCFE60B101A9C0
S2140239D007481BF0F7FC1AF069FF03682360436888
S2140239E00020636004B010BD2D20FBE756DA040009
S2140239F0046D002013B53E4C12F089FBD4F8FC315E
S214023A001020C3F307430193FFF7A4FC000650D52A
S214023A100020FFF79FFC01064BD5019B802B3ED171
S214023A20236A9A0704D440F61544204602B010BD15
S214023A30E3699B07F7D52F4816F0BBF8012016F06E
S214023A408BFE12F077FB04460028EED100F086F9D2
S214023A50294817F070F800F0F1F9E8F775F912F056
S214023A6055FB0AF0F1FC0AF043FDF4F717F9F4F7F8
S214023A70CBF9F4F7E5F904F003FD15F0C5F915F0F6
S214023A80C6F915F079FD1D480CF00CFC07F092FE05
S214023A9015F031FD0028C8D015F02FFDC5E7019BB3
S214023AA0812BC0D1D4F80C315B00BCD5D4F80C31D4
S214023AB0BFE71020FFF74EFC0006BCD40020FFF73D
S214023AC049FC0106B7D5019B802B05D1084B1A6A23
S214023AD0D207A8D5DB69ACE7019B812BA3D1044BA7
S214023AE0D3F80C21002A9EDAD3F80C31A1E700BFE6
S214023AF00080E00F690345EC505500207136020045
S214023B0010B517F03AFA70B301F0B8FB80F0010472
S214023B10E4B20020FEF7F6FA44EA800424B217F074
S214023B201AFA10BB0220044316481BF016FC44EA9D
S214023B30401415481BF011FC24B244EA0014134842
S214023B401BF00BFC24B244EA801411481BF005FC5F
S214023B5024B244EA40240F481BF0FFFB24B244EA96
S214023B60C02080B210BD0124D3E70B4816F046FFF2
S214023B700028D7D0094816F041FF80F00100C0B2F5
S214023B804000D0E74C6B0020306C00200C47002031
S214023B90B06B0020106C00205C5C0020905C002063
S214023BA008B501F047F90EF0DFF8FDF7D9FE154823
S214023BB016F024FF08B906F065F9134816F01EFF42
S214023BC008B907F0E1FD03F059FC0CF01DFD0F48A3
S214023BD016F0E3FF0E4B1B78043B022B09D80D4868
S214023BE01BF0BBFB28B1FFF78BFF102801D109F0B1
S214023BF07DF915F011F917F073F8BDE8084006488C
S214023C00FFF736B85C5C0020905C00205055002020
S214023C102E630020306C002060DA0400014B186826
S214023C20704700BF84540020F8B54FF6FF77104B5C
S214023C3006461B780C46033B012B0F8009D83046FC
S214023C400AF0BAFC4FF6FF73984220800ED000208E
S214023C500DE00CF023FEB84205462080F7D1304630
S214023C6000F002FDA8422080F1D1E8E72D20F8BD41
S214023C702E6300204FF6F77370B5984204460D4641
S214023C8086B05AD817F02DF8A04207D108222C4940
S214023C902846F7F7ADF8002006B070BD294EB6F8F4
S214023CA06830A3420AD10022082106F16A0016F003
S214023CB0AAFF18B9082206F16A01E9E7ACB1224B5D
S214023CC01B78033B012B1AD80023012219462046F3
S214023CD000930AF01BFBFF2823D1294620460AF050
S214023CE0BFFC80F00100C0B2D6E7184B1B689B07EA
S214023CF0E5D4284608F0DCF90028E0D0CBE72046D9
S214023D0000F06AFFFF2806D129462046FFF754FE38
S214023D100028D9D1BFE7294600F080FF0028F3D05B
S214023D20B9E702A918F00BFA0028D6D1DDF80D3053
S214023D302B60DDF811306B60ADE70120ACE700BF09
S214023D40B0630020885400202E630020084700201D
S214023D50014B1870704700BF606D002010B5054C0F
S214023D60082221460448E8F785FE204616F0F3FFAF
S214023D7010BD00BFB063002034B608C000487047CC
S214023D80B0630020082208B50349F7F72BFBB0FA08
S214023D9080F0400908BD00BFB0630020014B1870D8
S214023DA0704700BF21630020074B44F6FF701A7865
S214023DB040F6FF73012A18BF1846044B1B780BB156
S214023DC040F40040704700BF2E63002021630020AD
S214023DD0F7B50D46044616461F460021284601F052
S214023DE0F1FF0B4B002183F859402A463346204602
S214023DF000970EF0AFFC014630B10222204603B017
S214023E00BDE8F04000F006B8012003B0F0BD00BFE8
S214023E108854002013B513460C461AB1022A0CBF6A
S214023E20134601230021044A019100922246FEF71E
S214023E30A5FA02B010BD00BF5DB0030000B50020B9
S214023E4093B0FEF717FA1E4B18880CF031FA1D4B8A
S214023E501D491A7800200EF0A1FD34220021684682
S214023E60F6F774FF0B238DF800306FF4803301935E
S214023E704FF6FE73ADF8103003238DF81D30134B4A
S214023E80134A0893134B10680993134B51680D930A
S214023E90124B6A460E93124B0F93124B1093124B11
S214023EA0119302AB03C300210846FEF781FC6A4663
S214023EB001210020FEF77CFC13B05DF804FB00BF76
S214023EC0EE6C0020736D0020749E0400E542020032
S214023ED0B0630020F9AD03005D7B02008D44020052
S214023EE05D9202005DB00300AD750200014B1878CA
S214023EF0704700BFB8630020014B1888704700BFA8
S214023F00086D00202DE9F74F814610460E46904672
S214023F101BF091F9DFF840B105469BF8003033B943
S214023F204A4B1B681BB94A4B1B68002B7FD015F403
S214023F30406A05F040071BD19FBBB5F5804F61D2A2
S214023F404FF48074B9F1400F73D0B9F1800F63D08B
S214023F50B9F1100F6BD100239BF800003D4AD9B28D
S214023F60884264D932F8021B0133A142F7D166E0D7
S214023F7008F103001BF05FF94FF6FF73984214BF77
S214023F800124022487B1052705F44043B3F5004F08
S214023F9044F0080425D0B5F5804F24D244F480744A
S214023FA021E054460327EFE7B5F5804F4FF00507AB
S214023FB0F4D3BAF5406F14BF0220082038444044B8
S214023FC01BF039F9019016F0A9FE019B05F4404555
S214023FD098420CBF44F0080444F00404B5F5004FC0
S214023FE001D144F08004BAF5006F0FD108EB070048
S214023FF01BF021F9054616F074FEA842A2D144F041
S21402400010049FE7544603270220D7E7BAF5406F0D
S21402401008BF44F0200495E70C4B1B683BB1002216
S214024020D1B233F8110033F91110002903DA002057
S21402403008E0074BF1E7A04202F10102F0D106B117
S2140240403480012003B0BDE8F08F00BF6055002029
S21402405064550020BA5C002000640020034B1A78E6
S214024060022A04BF09221A70704700BFB9630020F3
S2140240700C22034B1A211A700320002202F024B8E5
S214024080B96300200C2208B5054B1A211A700022CB
S214024090104602F019F80022024B1A6008BD00BF53
S2140240A0B96300206C5500200C2270B50D4B0546F6
S2140240B01E781A7030B93046BDE8704000221A21C8
S2140240C002F002B8084B1C78E1B21A29F3D825FA96
S2140240D004F3DB0703D54422304601F0F5FF013432
S2140240E0F2E700BFB96300208F6D00200C22024B5E
S2140240F01A7015F037BA00BFB9630020F0B50C8805
S21402410005460E468BB0E4B94FF6FF77ADF824703D
S21402411015F03BFA10B902200BB0F0BDCDE9034012
S214024120CDE90544134A0294B2F85C30603201933A
S21402413000923B464CF60101FF2009AA18F048FB04
S2140241403080284616F063FF0B4C70B1237863B1BB
S214024150013BDBB22846237016F059FF38B12078AF
S214024160B0FA80F04009C0B2D6E70523F2E7012094
S214024170F9E700BF885400208E6D0020034B1146DD
S2140241801B6803B1184714F080BD00BF6C550020B1
S2140241900C22024B1A700AF0F1BC00BFB963002071
S2140241A00148FEF723BD00BF5E5C00207FB50546D2
S2140241B00C4616461AF04AFE00286BD1062D03D886
S2140241C05223EB40DB071AD4B4F1006F05D3E30E9B
S2140241D01C3B032B18D94F202EE000222F4B1A60CF
S2140241E02F4B1D7016F038FD03460A2D54D8DFE813
S2140241F005F02D183E49182518535341360002F093
S2140242003BFCB4F1006FE2D20022244B042D1A606C
S214024210234B1D70E6D1022001F02EFC16F01CFD89
S2140242200346012202921F4A01921F4A00921F4A27
S214024230314620460EF088FE04B070BD3146204658
S2140242401B4A04B0BDE870400EF066BE31462046FA
S214024250184B194A04B0BDE870400EF041BE002269
S2140242600292164A0192104A0092154AE0E702228A
S2140242700B4B1A7000221046124904B0BDE870407B
S214024280FEF742B8002202920F4A0192064A0092B4
S2140242900E4ACDE74D20CFE70120CDE76C55002032
S2140242A0B9630020A9400200E542020049B00300BB
S2140242B091410200854002007D410200ED4002006D
S2140242C0FD4002005D400200714002000BB0030098
S2140242D008B50EF069FE0C22014B00201A7008BDCC
S2140242E0B9630020F0B585B0ADF8060018B976219E
S2140242F064481AF0C2FEBDF8060016F04FFA0446ED
S214024300BDF8060016F04AFA082846D00C2CBDF86E
S214024310060042D116F045FB07461AF08CFF0DF157
S2140243200F010646BDF8060014F057FD002879D0A6
S2140243300922002138461AF0F9F99DF80F30103399
S214024340C518BDF806001AF0CDFAEDB2854269D25C
S2140243502946BDF806000EF035FF06F44C4416F466
S2140243604066054614D0F81C1AF065FF4FF6FF7338
S214024370984208BF44F04004B6F5006F08D1781D95
S2140243801AF059FF4FF6FF73984208BF44F0100424
S2140243909DF80F305BB3072D44D1BDF8060016F02A
S2140243A0F3F90446BDF8060016F0F8F9082817D007
S2140243B0A30615D524F0200189B2BDF8060016F032
S2140243C0CEF9BDF8060016F0ECFA002109221AF022
S2140243D0ADF900F1100189B20DF1060018F021FBCB
S2140243E00022BDF8061028481AF08FFF1AE0082DA2
S2140243F016D8BDB1013D072D14D801A353F825F0F8
S2140244005D44020069440200254402002944020079
S21402441025440200754402009B4302007B440200CE
S2140244207C2D24D005B0F0BD24F48844A4B2B4F5A3
S214024430084FF7D1BDF8060016F0ABF9BDF8061026
S2140244400BF0D0FF0028A8D0BDF8060016F00CFA34
S2140244500022014602201AF0B7FEE3E724F4806445
S214024460A4B2B4F5484F97E7B4F54C4F94E7B4F5C9
S2140244704C4F92D04CF6500301E04CF640439C421F
S2140244808AE700BF5E8E04005C5C00202DE9F743DD
S2140244900F469046994606461AF008FA04463046F3
S2140244A01AF020FAC5B2083D2C44E178094BA278EE
S2140244B01970094B31461A70002043463A46CDF829
S2140244C0009012F0D9FA003818BF012003B0BDE8F8
S2140244D0F08300BFDD630020DC6300202DE9F04F8F
S2140244E0DFF84081DFF8409198F8002099F8003014
S2140244F006469A4285B004D340F2191142481AF091
S214024500BCFD30460DF10F011AF0A4FB20B14FF4AA
S2140245108E713D481AF0B1FD98F800709DF80F4074
S2140245203D1B15F0FF0530D04FF0FF3C374B012105
S2140245301B78A140184699F800304FF6FF790CFA1E
S21402454003FC0023324A01F1FF3E0193C1F1000A47
S2140245509DF80430984243D8122004FB00002D4BED
S214024560A0F1120105EBC5025200194404F101093B
S2140245701844F6F73DFC4FEA89092748A9F10401D9
S2140245800144AA004844F6F733FC224904EBC4026D
S21402459001EB420321F81260204A013712784FF6E7
S2140245A0FF71DA731A745A7412025A801C4A0D206A
S2140245B012781A7110225A7100229A73C3F80620D2
S2140245C0C3F80A20144B43F8242088F800701AF027
S2140245D0FBFD0EB908F05CFF204605B0BDE8F08F83
S2140245E013884B450AD053680AEA030B03EA0E0304
S2140245F00B4403EB4B0343EA0C035360019B083264
S21402460001330193A4E700BF718E04006D6D002094
S214024610A0440020105A002044440020DD630020FD
S214024620BA630020276300206B6D00202DE9F0415D
S214024630074600250A4B0B4E93F80080ECB2A045C5
S21402464003D8FF242046BDE8F08108223846B11D73
S214024650F6F7C8FE01350028F4D01236EEE700BFA2
S21402466027630020105A002008B5FFF7DFFFFF2857
S2140246701DBF00B2044B00EBC0004FF6FF7018BF20
S21402468033F8100008BD00BF105A002007B50DF120
S21402469007011AF0DFFA30B19DF80730034803EB42
S2140246A0C30300EB430003B05DF804FB105A00207E
S2140246B02DE9F843294E044633785D1E2D1A8342AF
S2140246C0EDB204D84FF4A17125481AF0D6FC0123A6
S2140246D0A3404FF0FF305F1E3B4400214FF6FF7EA3
S2140246E06FEA03081F4A92F800C01F4A12789040E9
S2140246F01E4ACBB29C4523D8BDB127B204EBC404F4
S2140247001B48640005EBC50204F112010144520085
S2140247102044F6F76DFBBF001648AA00391D014477
S21402472002F0FC023844F6F763FB33780022013BC2
S21402473033704FF6FF71BDE8F8430E201AF044BD01
S2140247401388734507D0536808EA03093B4003EB16
S21402475059030343536008320131CAE72763002036
S214024760718E04006D6D00206B6D0020A044002049
S214024770105A00204444002010B50A4C207858B93C
S214024780094B1B781A2B03D9992108481AF075FC95
S2140247900322074B1A7010BD0138C0B2FFF788FF1C
S2140247A0ECE700BF276300206B6D0020718E0400CB
S2140247B0236300202DE9F04705461AF019FEFF286C
S2140247C0044624D1DFF884901E4B99F800201B780B
S2140247D09A422BD22846BDE8F047FFF77FBE3888BC
S2140247E03B79504518D86F2B4FEA131214D85B0743
S2140247F010D0123708F1010899F800105FFA88F60F
S214024800B142ECD80023104ADEB28E4214D32046C0
S214024810BDE8F087022AECD90DF0E2F90028E8D1CB
S21402482029463046BDE8F04716F032BC4FF0000885
S2140248304FF6F77A044FDFE7107901338F28EFD867
S2140248401232E1E76B6D0020105A00202763002029
S2140248504FF6F773984210B514D8FFF7ABFFFF2850
S21402486010D0134C00B200EBC00004EB400412F070
S2140248705CFB104938B962880B7802EB0313A3EB92
S2140248801213638010BD227C637C09789A42E2731D
S2140248902374617407D98B4203D213468B4228BF16
S2140248A00B461B02EDE78A42F8D31346F9E700BF30
S2140248B0105A0020DD6300202DE9F04106460F461F
S2140248C000240E4DDFF8388098F80030A34201D855
S2140248D0BDE8F081082229463046F6F783FD40B946
S2140248E035F8063CBB4204D02046FFF7E1FE013C09
S2140248F0E4B20134E4B21235E6E700BF165A0020ED
S21402490027630020F8B5054608460E46FFF78EFEDA
S214024910FF2830D01D4B294653F820703046FFF74B
S214024920CBFF2846FFF746FFFF28044625D10CF0AA
S21402493083F8FF280AD1164C207838B114F015F9FE
S2140249402378B0FBF3F202FB1300C0B2294616F03E
S2140249509FFB044623B20F4D03EBC30305EB43054F
S21402496008223146A81DF6F743FA2B79204603F0B3
S2140249700F032B71F8BD0027D3E7074B1B78002BDC
S21402498018BF0027014B43F82070E3E74444002099
S2140249906B6D0020105A0020906D002038B50B4B2E
S2140249A004461B780D46834204D840F25A21084832
S2140249B01AF063FB074804EBC40400EB44002946E4
S2140249C0BDE8384008220630F6F712BA6B6D0020B2
S2140249D0718E0400105A002070B5044608460E4632
S2140249E01AF006FDFF28054610D02046FFF71EFEE9
S2140249F0FF2807D0084B1B7823B9084B53F8202012
S214024A0043F8252021462846FFF7C8FF31462046B0
S214024A10BDE87040FFF750BF906D00204444002070
S214024A202DE9F8430024804601272646114DDFF87B
S214024A304C9099F80030A34210D83E430134E4B2B9
S214024A401A2C4FEA470705F11205F2D14FF0FF3054
S214024A50094B1B7898403043BDE8F8832B884345C2
S214024A60EBD0284616F06CFB0328E6D82B796F2B82
S214024A70E3D8E3E7105A00206B6D0020276300207E
S214024A8010B5084C00EBC00004EB400423795B072A
S214024A9007D1204616F054FB237923F00703184368
S214024AA0207110BD105A0020014B1878704700BFC5
S214024AB0916D0020014B1878704700BF906D002062
S214024AC070B51A48FEF782FB194B1B78033B012B85
S214024AD028D805F0A3FB03F057FBBDE870404FF45F
S214024AE07A51124819F0CEBF23798F2B4FEA131151
S214024AF011D80131204616F053FB062901D80329A6
S214024B0009D12379002223F007034FF6FF710F2005
S214024B1023711AF059FB123401353278EBB29A42FD
S214024B20E2D8D6E70025034C034EF6E70C6B0020CE
S214024B302E630020105A0020276300200022084B14
S214024B401878084BD1B2884203F1120300D8704796
S214024B5013F80D1C013221F0100103F80D1CF1E7C9
S214024B6027630020105A00202DE9F047022612275C
S214024B70DFF85C90DFF85C8099F8004000250CE0D6
S214024B8007FB05F338F803A00021504616F0EDFAAD
S214024B9010B15CB1013CE4B2013599F80030EAB2DA
S214024BA09342EDD8A34204D14FF6FF7A5046BDE8B1
S214024BB0F08713F0DAFF99F80030012EA3EB040316
S214024BC090FBF3F202FB1300C4B2EDD00126D5E748
S214024BD027630020105A002010B504461AF008FC7D
S214024BE0FF2808D120461AF081F8FF281FBF024B83
S214024BF01B78C018C0B210BD6B6D0020044B00219C
S214024C001A78044B04481B781A449200F6F79EB8AA
S214024C106B6D0020726D00204444002010B5134BCB
S214024C200C461B7886B0834212D9114900EBC000AD
S214024C3001EB4001082220460631F6F7D9F8002299
S214024C400821204615F0DFFF80F00100C0B206E022
S214024C50C01A01A9C0B20CF02BFA10B1002006B09F
S214024C6010BD01AB03CB20606160E8E76B6D0020EE
S214024C70105A002008B5074B024653F820308B42E4
S214024C8006D915204FF6FF711AF09EFA002008BDCD
S214024C900120FCE744440020024B013143F8201077
S214024CA0704700BF444400202DE9F34781460C4676
S214024CB000272A4EDFF8ACA09AF80030FDB2AB42CD
S214024CC010D86946204617F06FFBC0B30822694623
S214024CD04846F6F787FB90B34946204616F006FD8F
S214024CE0FE2537E006F10608082241464846F6F752
S214024CF079FB90B94FF6FF739C422BD03388A342C0
S214024D0028D0204619F0F2FFFF2814D14946204643
S214024D1002B0BDE8F047FFF7F5BD14B91236013709
S214024D20CAE73388A342F9D100220821404615F08B
S214024D306AFF0028F2D12846FFF7BAFCCCE74946BC
S214024D40002019F0A3FFFF28054603D0044B1B786A
S214024D500344DDB2284602B0BDE8F087105A0020B0
S214024D606B6D00202763002008B5FFF7E7FE054BB2
S214024D701B78013B012B03D8BDE808400CF084B930
S214024D8008BD00BF2E6300200F4B1B7883420CD851
S214024D90C01A0E4AC0B232F81030D90411D443F405
S214024DA0805322F8103001207047094B00EBC000F8
S214024DB003EB40035A79D10603D442F010025A712B
S214024DC0F1E70020704700BF6B6D0020205C0020DA
S214024DD0105A0020F0B5134B06461B78FBB100258F
S214024DE01148DFF84CC090F800E0104807781F44DE
S214024DF0E8B2864501D80020F0BD7C1B94FBF3F098
S214024E0003FB10440CEBC4003CF83440B44204D11B
S214024E10002AF1D184788C42EED00135E8E71846B4
S214024E20EAE700BF6D6D0020F446002025630020EF
S214024E30A044002070B511F05BF914250F49104EFE
S214024E400B78328830809B1A03449BB2B3FBF5F48E
S214024E5005FB14330B700B49E2B20B78934292BFF8
S214024E6000239B1ADBB2032A0B7088BF0023064975
S214024E709EBFD2000B68D3400B6070BDBD6300209E
S214024E80605C002024630020F4460020084B18686B
S214024E90084BC2B21B789A4208D2074BC0F30720CF
S214024EA01B78984234BF00200120704701207047CB
S214024EB0F44600206D6D0020BC630020F8B5054660
S214024EC01746FFF7E3FF064610B9184B1A783AB9A9
S214024ED0212001224FF6FF711AF076F90020F8BD64
S214024EE01348DFF854C003780133B3FBF2F402FB35
S214024EF0143303700F48DCF8002000EBC30420F8DC
S214024F00335002F10132A1703846CCF80020FFF788
S214024F1087FDE670606015F0E4FEA84201D101202C
S214024F20DDE7E3780133E370F9E700BF6D6D00203B
S214024F3025630020A0440020F446002010B50B4C48
S214024F400B4A2378063B137011F0D2F80022094B65
S214024F50FF211880084B09481A602278D200F5F71C
S214024F60F5FE0422064B1A7010BD00BF6D6D0020C0
S214024F70BC630020605C0020F4460020A0440020B1
S214024F802463002048B139B1044B1B780B70044BE4
S214024F901B7803700120704708467047BB630020E9
S214024FA0926D00202DE9F84307461AF05FF8054691
S214024FB01A481AF0D2F91A4B48B31C683C1B2C4408
S214024FC0A4B20022174BDFF864901B78164D99F8AE
S214024FD0006005EB03155FFA82F8464509D9AB88EF
S214024FE005F11000A34215D9B21A29461201F5F7A7
S214024FF0FFFE013689F80060AC80B8F1000F03D1DD
S2140250003946064819F03EFD2846BDE8F8833C4678
S2140250101D60D6E705460132DDE700BF2C6B002097
S21402502070550020BF63002044430020C063002068
S2140250302DE9F74F1AF01AF84FF0000E284D294FB7
S2140250402978294C97F800A004EB011303EB0A1207
S2140250500092F3465246DFF898801FFA80FC064616
S214025060B8F80000ACEB0009A0EB0C001FFA89F9B7
S21402507001900098984217D1BEF1000F00D0297017
S214025080524503D200203A70FDF7E6F83B7823B388
S2140250902B78164804EB0314A188C8F8006003B006
S2140250A0BDE8F04F19F0EEBCB3F804C0CC450FD8FB
S2140250B04FF0010E93F802C001310CF1FF3C013AA9
S2140250C0A3F804B083F802C0C9B2D2B21033D0E754
S2140250D001988444A3F804C0F8E703B0BDE8F08F53
S2140250E0BF630020C0630020444300202C6B0020D6
S2140250F0705500207FB56C461E4B1F4D1E78013E34
S214025100F6B21E7095E80F0084E80F001B4B284687
S2140251101A7805F1100132441201F5F769FE9DF87E
S214025120026016F00F0511D1BDF808000EF0C4F9A2
S214025130360918BF29464FF00002BDF8000008BF26
S214025140039904B0BDE8704003F0F4BCBDF8040057
S214025150FFF728FF0346828804ADADF804202246F6
S21402516003CAAA4218605960144603F10803F6D12E
S21402517004B070BDBF63002044430020C06300201B
S214025180F8B50024084D094F094E3B783178E2B253
S2140251900B449A4204F1010400DBF8BD2846FDF7F1
S2140251A025FD1035F1E700BF44430020C063002010
S2140251B0BF63002070B5134B06460D4610461249D3
S2140251C01A78124B09781B780B44934206DB1F2091
S2140251D04FF6FF7119F0F8FF002070BDFFF7E2FEF0
S2140251E0013506808570044619F03BFFE0800EF01C
S2140251F069F940F602432081E3600020FDF72CF8AF
S2140252000120EAE76A6D0020C0630020BF63002029
S2140252102DE9F84386460023144FDFF85C803E787B
S21402522098F8005012497219DCB294421CDA4FEA1E
S214025230041C31F80C900133F14501EB0410F3D154
S214025240631CD21A0CF1100C12016144F5F7D0FD62
S214025250A5428BBF05F1FF3506F1FF3688F80050F0
S2140252603E700CB9034B1C70BDE8F883C063002087
S21402527044430020BE630020BF630020044B054A5F
S2140252801B781278D3420CBF01200020704700BF63
S214025290BF630020C0630020024B1878003818BF96
S2140252A001207047BF630020002108B5084B09485B
S2140252B01970094B1970094B1970094B1A781201AB
S2140252C0F5F744FDBDE808400648FDF77FBF00BF7E
S2140252D0C063002044430020BF630020BE6300205A
S2140252E06A6D00202C6B002010B50B4C23784BB156
S2140252F00A4803F0ABFD58B1084B0121188815F097
S21402530032FE08B9002010BD0122054B1A70FAE7DA
S214025310FFF7F0FEEAE700BFBF6300204443002029
S214025320BE63002010B50E4B1B78BBB10D4C238814
S21402533083424FF0000311D10B4AE160137049B962
S214025340A3781033A37016F004F918B9A37823F0E3
S2140253500F03A370FFF7CEFE012010BD1846FCE730
S214025360BF63002044430020BE63002070B592B0A5
S2140253700C46064613F0F6FBE17A05460020FCF7DB
S2140253802DFC28B394F90A0015F04BFC10BB134B06
S214025390E27A294683F85820A27A83F85A206A4687
S2140253A0FCF750FF4FF6FE739E420CBF4FF6FF739C
S2140253B023896A4629460020ADF80660ADF8043017
S2140253C0FDF7F6F940B92289054B5A8012B070BD36
S2140253D05520FBE75620F9E72120F7E788540020FE
S2140253E07455002010B50446014608220948F5F710
S2140253F0FFFC237B022B0AD8002B14BF312201228A
S21402540005490B7017234B61044B1A7010BD00231D
S2140254100122F5E778550020745500202D63002000
S214025420014610230120014AFDF74ABF64EE01003F
S214025430014B5861704700BF74550020014B187825
S214025440704700BF7455002010B5054C2378112B09
S21402545003D0E221034819F010FE4123237010BD49
S2140254602D6300207C8E0400064B01461B78042B1D
S21402547004D1054A137E053313767047034819F0A4
S21402548001BB00BF2E630020745500204C6B002029
S21402549008B50648FDF7AAFB0548FDF7A7FB13F07B
S2140254A0A8FCBDE8084001F003BB00BF5C5C00201E
S2140254B0905C0020064B1878332806D000F0EF00E8
S2140254C0A0F143035842584170470120704700BF7D
S2140254D02D630020002208B5074B4FF6FE701A70A7
S2140254E015F00BFC4FF6FF7015F024FC034B5869C1
S2140254F0BDE8084013F00BBC2D6300207455002055
S21402550008B5064B187838B10548FDF74BFE4FF440
S2140255107A73B0FBF3F0C0B208BD00BF226300206E
S214025520B44600202DE9F0438BB007461546984650
S2140255300E469DF8489049B9104605AC19F0D6FBC0
S21402554021460BF0B5FD172818BF2646B9F1000F05
S2140255500AD1124B1B781BB9284616F04AFFD0B95F
S2140255602846FEF713F902E0284616F042FF80F0BE
S2140255700104E4B29DF850302A4602939DF84C305E
S2140255803146CDE9009338464346039415F049FE6A
S2140255900BB0BDE8F0834C46ECE700BF2963002061
S2140255A02DE9F04F97B099469DF88830BDF880B047
S2140255B0219D08939DF88C300E4658460FA90492FA
S2140255C0079317F090FB05B3002800F0208195F8AA
S2140255D001A00FACCAF3400A8E4B19F0800F1B785D
S2140255E014BF4F4649F08007022B17D04FF6FF78BC
S2140255F0002D40F087810225584615F0CAF82B4642
S2140256004246214615F0E6FBBCE0584615F042F944
S2140256100446002800F0FB80AA46DDE71EB97E4B52
S2140256201B78002BE2D00DF13A012046FEF7FCFA79
S214025630584615F042F9012838BF0120C3B2059337
S21402564095B3281D19F0F7FD804609F0020320469F
S214025650069315F021FB214609908146002019F099
S21402566015FB069A099B12BBFF2820D1F2F7E6FA31
S2140256706A4A1278824200F032814FF6FF72099B24
S214025680934214D1FEF726F8002800F028814FF640
S214025690F773984523D915F0F9FF11A98146FEF74D
S2140256A0E9FA0028F7D02EE0BDF83A80CDE74FF6AB
S2140256B0F772904520D8934211D898450FD01946D4
S2140256C022460AA819F0AEFA0A980B9913AB03C33E
S2140256D0BDF83020022113A81A80FEF739F9404699
S2140256E011A9FEF7C7FA024628B9082111A815F033
S2140256F08AFA002866D0C1464FF6F67209F1FF33E1
S2140257009BB29342C7D8BAF1000F03D1444B1B7821
S214025710002B60D1584615F03CF8059B4A4601938B
S2140257200123214600933B46FEF7E4F84FF6FF734B
S2140257309842804600F0D380014600220AA819F05B
S21402574071FA0A980B9913AB03C3BDF830200221F5
S21402575013A81A80FEF7FCF8002D3FF44DAF002E7A
S21402576040F0D28045460123C7F3C0074246CDE942
S214025770016321462B4604980397CDF800A015F046
S21402578050FDA846BAF1000F0FD04FF6FF739845AA
S2140257900BD0404619F0AAFAFF281FBF214A32F85A
S2140257A0103023F4804322F81030089B7BB315F0A8
S2140257B098FA249B014600934246234607980CF02B
S2140257C0EDFC24E00822204611A9F5F70BFE00287E
S2140257D07FF461AF8FE7002D64D0134B1B689807E8
S2140257E027D5049B0F2B21D0281D19F024FD022358
S2140257F00121CDE901310023C7F3C0070246009319
S21402580021464FF6FF730498039715F00AFD17B06A
S214025810BDE8F08F2D63002022630020266300205F
S21402582029630020205C002008470020079B012BEC
S214025830DAD1281D19F0FFFC804619F057FA0990B4
S214025840404619F0D5FD4FF6FF71BDF83A208A4260
S21402585056D04245099B53D1FF2B4AD0184616F024
S214025860DEFD784010F0EF0F14BF01230023BDF8D1
S2140258703A00099319F03AFA0690BDF83A0019F080
S214025880B7FD099B66B14FF6FF7CBDF83A1061453D
S21402589006D0414504D0069A0240D2B2FF2AA3D1CE
S2140258A0002BA1D1224649460AA819F0BBF90A984C
S2140258B00B9913AB03C3BDF8302058461A8014F078
S2140258C068FF3A460146059B13A8FDF7DDFF30B98F
S2140258D04FF6FF73BDF8548098457FF43DAF4FF600
S2140258E0FF789DB10126281D19F0A5FC4546804685
S2140258F039E7FF2804D0069BB3FA83F35B09B6E7C1
S2140259000023B4E70226EEE70026ECE7012573E65D
S2140259100022014B1A7670477455002008B50B4BCF
S2140259201B78022B10D10A4B1B78033B012B0BD999
S214025930084B187800F00100FEF730FA0023064AFA
S214025940C2E90133538008BD0020F3E72D6300202F
S2140259502E630020226300207455002038B5174DB0
S2140259602B78033B012B1CD8154BB3F868204FF657
S214025970FF739A4215D10320FDF728FD02F0CEFBF5
S214025980FFF7CCFF2B78033B012B01D909F0FCF87B
S214025990002018F081FE78B1BDE83840002015F0EE
S2140259A00EB8FDF7FDFC0446FDF7F4FC0146204662
S2140259B008F05EFB0220DFE738BD00BF2E63002042
S2140259C08854002008B5114A114B58611378032BEE
S2140259D01BD0D3B1332B01D0432B10D10D4B1B78E8
S2140259E0033B012B05D803231370BDE8084013F0D0
S2140259F08EB913F08CF9BDE80840FFF7AFBF21233C
S214025A001370BDE8084002F09DB908BD2D63002062
S214025A10745500202E63002038B504461348FDF75F
S214025A20D5FB134B1B78013B012B1DD8114D5CB9DE
S214025A302B7823B140F619402C7013F068F9002435
S214025A40FFF76CFF204638BDFF2C05D04FF47A7165
S214025A500648614319F016F82B78002BEFD1012384
S214025A6040F618402B70E8E70224E9E7B446002027
S214025A702E6300202263002038B5114D04462B7891
S214025A80834218BF287013F078FD80B124B92046EF
S214025A9013F075FD02220DE0012013F070FD2B7845
S214025AA01A1F012A05D9062BF4D1032202E0002C84
S214025AB0F5D10122BDE838400021084615F0D7BAD4
S214025AC02E63002030B5044685B068460D46FFF7C3
S214025AD0A7FC94B100212846144A02F043FB144B5B
S214025AE020681B7861688DF80430124B1B788DF89D
S214025AF0053002AB03C306F0B1FA0F4B93F85820F9
S214025B0093F85A308DF803208DF8023015F006F916
S214025B10ADF8000015F0E5F81023ADF8060069466A
S214025B200020064AFDF7CCFB05B030BD00F8FF07A3
S214025B30606D00202E6300208854002064EE010071
S214025B4010B5144B04461A78134B002083F85820DD
S214025B5018F0A2FD10B1002014F031FF0021084613
S214025B60FFF7B0FF0D4B1B78033B012B0ED813F04B
S214025B70F8FC2046FCF754FE40F6174013F0C7F830
S214025B800023074A1380074A138010BD0BF016FC49
S214025B90EFE700BFC1630020885400202E63002078
S214025BA0365C0020345C00201FB504466846FFF7CA
S214025BB037FC54B100238DF80530102369460020C7
S214025BC0064AFDF77DFB04B010BD15F08AF8ADF865
S214025BD0060015F0A3F8ADF80000EEE764EE01004B
S214025BE010B5014604460020FBF7F8FF90B10C4BB7
S214025BF01B78023B032B0FD80A4B1C7019F026F9B0
S214025C0060B9094A0949FCF77FFB003818BF012032
S214025C10800010BD5520FCE70220FAE74D20F8E789
S214025C202D630020C163002005930200415B020041
S214025C30F8B5064619F00AF9044668B918F02CFDBC
S214025C4050B1064D204695F8587085F8586014F005
S214025C50B6FE10B185F858704D20F8BD8854002065
S214025C602DE9F04180461846033B012B0E461746A7
S214025C7002D918B121243CE0FFF7FEFE294B1B781F
S214025C80012B4CD0284B1D78022D08D0032D46D16F
S214025C90B8F1000F03D1254B1B689B073FD4332076
S214025CA0FDF794FB01F0E8FCB6F1006F34BF204B21
S214025CB0052231464FF0060038BF1A78FEF776FA0C
S214025CC0044628BB1B4D2873012000F029FF15F05F
S214025CD025F868802846B8F1000F0DD0022300F898
S214025CE0043B15F016FB6C732F613946304612F0F2
S214025CF048FF2046BDE8F081012300F8043B15F07A
S214025D0008FB6C732F613946304612F039FFF0E714
S214025D102846FDF75BFBB8F1000FF4D0E5E7022456
S214025D20E7E700BF2E6300202D630020084700200F
S214025D30936D002074550020034B187818B9034B56
S214025D40034A1B78D05C70472C6300202E63002029
S214025D5053DB040038B5174B04461B78033B012B74
S214025D6006D8437BDB0703D590F9090013F0F8FB4E
S214025D700025114B83F859502079FFF759FFFFF79A
S214025D80DBFF61882488034622462846FEF720F871
S214025D90044620B11720FFF715FE204638BD17230C
S214025DA0064DC82106486B6118F06CFE03232B765D
S214025DB0F3E700BF2E6300208854002074550020AD
S214025DC04C6B0020F0B51A4D06460C4693B0A5F86B
S214025DD0680005F16A0729BBC5F86A10796012F0F7
S214025DE0C1FE6A4601460020FCF72CFAD5F86A3056
S214025DF0ADF81060CDF812307B68CDF8163012F090
S214025E00B1FE6A4601460020FCF7D2FC4FF6FF734D
S214025E10B5F86800984203D014B1064912F0B4FEF1
S214025E2013B0F0BD08223846F4F7E2FFD7E700BF0A
S214025E3088540020F25400202DE9F041DFF8B880A3
S214025E401F4698F8003005460C4616461BB102253A
S214025E502846BDE8F081531E052BF8D818F0F6FF49
S214025E600028F4D13B7B032B14D14FF6FE739C42E1
S214025E7012D1012E09D0022EE9D114F032FF4FF6CC
S214025E80FB73984203D814F02CFF044604E015F086
S214025E90FDFBFAE7012EDAD0EDB939462046FFF7C8
S214025EA065FA05460028D3D198F80030332B03D084
S214025EB0532B1CBF0E4B18613046FFF7DDFD002149
S214025EC04FF6FF70FFF77EFF0A4B1B78002BBFD002
S214025ED00BF048FABCE7397B721ECB1E5942594179
S214025EE05042504107F054F905460028D5D0AFE796
S214025EF074550020946D00202D6300202DE9F84390
S214025F0005468846914614F0ECFE3F4E044633782A
S214025F10033B012B06D86B7BDB0703D595F90900FB
S214025F2013F01EFB14F0DDFE384B394F188014F0C8
S214025F30F5FE384B1880FDF72DFA374B1880FDF723
S214025F402FFA082201463548F4F752FF14F092FE63
S214025F50334B18702879FFF76BFE00216888FFF72D
S214025F6031FFFDF72DFB60B14FF6F672631E9BB252
S214025F70934206D915F08AFBB7F868300446834286
S214025F80F8D0204614F0B9FE288814F0D3FE49460D
S214025F90B7F86800C047044628B91920FFF712FD73
S214025FA01920BDE8F883B7F8681014F031FC002316
S214025FB01C4D87F859302B7803F0FB03022B02D0D6
S214025FC0204615F01EF9002220461146FFF7F2F889
S214025FD00446A8B117236B613378042B09D1C82174
S214025FE0114818F04FFD03232B7684F00100C0B24F
S214025FF0D7E74FF416710C4818F044FD0023F3E778
S2140260001720FFF7DFFCF0E72E630020665C002017
S21402601088540020645C0020625C0020C26300207A
S214026020CA630020745500204C6B0020F0B50C4665
S2140260301E460B462049074689B004F1140053F861
S214026040045B834241F8045BF9D11B8802AD0B80E6
S214026050D4F80E00D4F81210238803C5ADF8103019
S21402606023798DF812208DF8133000233A468DF8E6
S21402607014304FF6FE71012002ABFFF7DDFEC8B901
S21402608002A8FFF7AFF9237B4BB10C4D0C4B01AACC
S21402609029460120019313F03FFA2A781AB92046BE
S2140260A0FFF758FE03E020460199FFF727FF08B9DD
S2140260B0044B1E7009B0F0BD685C002074550020C9
S2140260C029B30300CB63002001232DE9F341304EB0
S2140260D005460F4600202F491446737300F0EEFC67
S2140260E013F040FADFF8AC8038B9012D01D9042D3F
S2140260F00FD12146384612F0CEFD102000210AF0BC
S2140261007FFC00283CD0002002B0BDE8F041FCF73E
S214026110A3B8002CF1D1204B1B78212B03D0062BE1
S21402612001D0532B02D101F00DFEE6E7FDF748FA47
S2140261300028E2D000F0EEFC28B9307BC0F118004F
S214026140FFF740FCD9E7154B41462046019300F085
S214026150B5FC20B140F61901114818F08EFF01AACD
S2140261600B4998F80C0013F0D7F932781AB9094897
S214026170FFF7F0FDC1E701990648FFF7BFFEBCE74F
S214026180FFF78AF80028BED102B0BDE8F08100BF52
S21402619074550020685C00202D63002029B303009C
S2140261A07C8E04001FB5144B04461B88DB0707D4FD
S2140261B04FF6FF700021FFF705FE002004B010BD69
S2140261C00A230E4A012001A9FDF77AF84FF6FF735B
S2140261D0BDF80C209A42EBD00822FF2101A814F049
S2140261E012FD0028E4D10CB90120E7E7BDF80C0047
S2140261F001A9FFF7E7FDF7E7805C002026E1010032
S21402620038B50C46154614F078FD03F0AFFE294665
S2140262102046FFF7D7FD00F07DFC48B1074BDB793F
S2140262200E2B28BF0E230133DBB2054A137038BD8E
S214026230044B1B78013B18BF0123F6E7685C00207D
S214026240E16300202E63002038B5002208210446B0
S21402625014F0D9FC0546C8B914F043FD2A464FF699
S214026260FF71FFF7CDFF2046217CFFF72BFC62690A
S214026270E189207C01F076FF054B1B78012B01D1CA
S21402628007F0F6F8FFF76AFB002038BD0120FCE7AE
S2140262902E63002038B51D46FFF7CEFD0446C8B96A
S2140262A02B7B2846032B03D1BDE83840FFF7CCBF33
S2140262B0FFF798F8084B25469C8114F0DBFC012179
S2140262C0064B81401A780620FDF770FF044608B197
S2140262D0034B1D70204638BD74550020936D002078
S2140262E02D63002030B5012087B0FFF75BFF6B46B9
S2140262F00446144A1068516803C384B905F0BCFE0C
S21402630002A8FFF78DF84FF6FF752246BDF80E007D
S2140263102946FFF775FF12F03DFC07B030BD6B460D
S214026320094AD2F86A00D2F86E10B2F8685003C36F
S21402633005F0A2FE02A8FFF773F86A46BDF80E0043
S214026340E6E700BFE41704008854002073B53A4B12
S21402635004461B781BB10224204602B070BD18F01A
S21402636075FD0028F7D100F0E5FB14B12288334B07
S2140263701A8000210DF10700FDF7ACF8002856D16F
S21402638014F0B8FF04460028E6D12D4D9DF807000C
S214026390FFF772FB2B785A1E012A1FD8FFF7A2FFBF
S2140263A02B78033B012B01D801F014F9FFF7D6FA3C
S2140263B0012014F026FC034600283AD12A78033A34
S2140263C0012AC9D81D4A108810F0020521D00522DC
S2140263D001201C49FFF744FC0446BDE7033B012BA2
S2140263E004D82046FFF7DEFE0028D7D12B78053BDF
S2140263F0012BB1D8FFF776FFFFF7B0FA2B78052B03
S2140264000CBF04200520FCF7E1FF012014F0F9FB85
S214026410E2E70D4E0223314601200C4AFCF750FFFC
S21402642033885B0798D5284601F0E8F894E71724E6
S21402643092E7044690E700BF2D630020805C0020B0
S2140264402E63002000F8FF07325C002027E10100DF
S2140264507FB50024184E194D3278E3B29A4201D81D
S21402646004B070BD4FF6FF73B5F868209A421AD092
S214026470134B1B88DB0714D5124AB5F86830106830
S2140264805168ADF80C3001AB03C30F4A0A23002053
S21402649001A9FCF715FF022300200C4A0C49FCF761
S2140264A00FFF0134D8E700220821064814F0ABFBA0
S2140264B00028F6D1DCE700BF6C6D0020885400206F
S2140264C0805C0020F254002026E1010027E1010052
S2140264D0325C002010B501F0CFF802F013F8D8B104
S2140264E00E48FCF773FE0E480E4C017A0E30FFF78C
S2140264F0E9FA23781BB100F0BFFA002323700022CA
S214026500094B1A73FFF72AFA08F056FD01F044F910
S214026510BDE81040FFF79CBF10BD00BF4C6B0020CB
S214026520685C0020CB6300207455002010B5254817
S214026530FCF74CFE01F0E6FF30B1234B1B781BB98B
S214026540BDE81040FFF7C6BF01F0DCFF78B11F4C74
S214026550237E83B1C8211B4818F094FA0021237EBB
S2140265600846013B2376BDE81040FBF7E3BEFDF785
S21402657027F80028EBD1FDF723F8154B1B7858B9FE
S214026580112B03D003F0FD03412B19D1BDE81040B7
S2140265900E4B5869FFF716BA332BF7D10D4B1888F6
S2140265A014F0ABFB0C4B188814F0C4FB0B4B0C49D5
S2140265B01888FFF707FC0B4B1878FFF739FBE5E75F
S2140265C010BD00BF4C6B00202963002074550020CC
S2140265D02D630020665C0020645C0020625C002064
S2140265E0C2630020CA6300202DE9F04F0F4685B033
S2140265F002AD044629463846914616F074FB4FF023
S214026600000B82463846CDF804B014F0CAF9467834
S214026610022C804606F0020609D85CB1FCF7D0FFD1
S2140266200446002848D1754B01241B7865E0043CDB
S214026630022C3AD9FCF7C4FF384614F02BF9002492
S2140266400546A046DFF8D8A1384614F0AAF950F855
S21402665009300DF10500019318F0EDFD9DF807B025
S2140266600746B8F1000F4DD1BBF1000F5BD0DFF843
S2140266708C9199F800300BB1002E63D0002C61D0BB
S2140266805F4B1B78022B5DD1BBF1000F53D138460E
S21402669014F033FB58465946FFF714FA08F08CFC00
S2140266A040F6074012F033FB34E014F0F2FDFCF73C
S2140266B087FF0446F8B15C464EB1524B1B78012B5D
S2140266C002D0043B012B0BD805B0BDE8F08F4B4B34
S2140266D01B782BB14B4B1B7803F0FB03022BF3D03A
S2140266E0BAF1000F404608BF002516F0EFFA4FF049
S2140266F001088246A8E7414B1B78002BF0D0002EFB
S214026700EED1E1E7BAF1000FAED05046FDF73AFB04
S2140267100028A9D1002017F0BFFF0028D4D00020FF
S21402672014F04DF9D0E74FF6F7739F429FD9172022
S214026730FFF748F9EEE7FCF743FF48B13248FCF7AB
S21402674045FDF4E7FCF73CFF10B1BBF1000FF5D1B5
S214026750FCF736FF0028DDD02846FDF767FFFF2846
S214026760DFF89CA0294C03D09AF80030012B04D104
S2140267702946B4F86800FEF7C5F8FEF781F92A46FE
S2140267803846B4F86810FFF73BFD214B214A93F9CF
S21402679006301B0213809AF80030012B19D0312BD9
S2140267A014BF432311238AF800301B4B164819687E
S2140267B018F068F900F00EFF0023124C99F800104A
S2140267C0237641B9104818F05DF940F61B43636121
S2140267D0A0E71123E7E7B8F1000F03D016B1FFF7E1
S2140267E079FEF2E70D4B1B78042BEED10521064805
S2140267F018F048F909232376E7E700BF296300204B
S2140268002D630020745500204C6B00208854002015
S214026810685C00207E5C00206C6B00202E630020EB
S214026820B06300202DE9F043084693B00E4614F0FC
S214026830B8F809220021804617F078FF0446304651
S21402684014F028F8052207460DF1090330460AA976
S21402685012F0B7FA022881461DD09DF8093031465B
S2140268601C440023E4B204F1100218F8045001207C
S2140268700093D2B210F000F968B1072D09D855B1CD
S214026880013D062D07D8DFE805F00918068A062519
S21402689041007C2D45D013B0BDE8F0835B4B1B78DE
S2140268A0013B012BF7D8304613F073FF0023324624
S2140268B01946009414F0F1FCEDE7554B1B78012BBA
S2140268C0E9D1544B18780028E5D122463146FFF725
S2140268D08BFEE0E74D4B1B78013B012BDBD838469D
S2140268E009F0DCFF4FF6FF739842044606D03046A6
S2140268F013F04FFF2246394614F05BFA444B1B78DE
S214026900022BC8D1384612F0C4F9C4E73F4B1B78B5
S214026910013B012BBFD8494630460AAA00F01EF9B1
S214026920B9E73A4B1B78013B012BB4D8A04498F840
S214026930012098F80230652AADD16D2BABD13046D6
S21402694017F0D0FF1334E4B28442A4D208223946A8
S21402695003A8F4F74DFA214630460DF10A0216F066
S21402696005F9002897D1BDF80A30002B93D005A868
S21402697009F0B0FA0123284DBDF80A002B7017F073
S214026980B1FF0446BDF80A0017F090FFE2B20346D4
S21402699005A903A812F017F900232B707BE71B4BFF
S2140269A01B78013B012B3FF676AF062200214046BC
S2140269B017F0BCFE404418F03EFC0746FCF758FEB3
S2140269C0044600287FF467AF304613F0DDFEC304AA
S2140269D07FF561AF46F204030121ADF81430384664
S2140269E00223CDE9004405AA16F00FF90546002851
S2140269F03FF451AF394613F00BFF304613F0C9FE91
S214026A0022462946FDF706FA45E700BF2E63002018
S214026A102D63002074550020FC63002008B5084B47
S214026A20187050B1074B1B883BB14FF47A71064879
S214026A30594318F027F8002008BD0120FCE700BFE4
S214026A40206300200A6D0020B4450020014B187810
S214026A50704700BF20630020014B1880002070475B
S214026A600A6D002008B5FCF7B1FB0022014B1A7034
S214026A7008BD00BF2063002010B50024044B054863
S214026A801C80054B1C70FCF7A1FB204610BD00BF06
S214026A90825C0020706B0020D563002008B5034896
S214026AA0FCF794FBBDE80840FFF7E6BF706B0020DA
S214026AB00148FCF79BB800BF825C0020F7B5134B79
S214026AC004461B780E46EBB183421DD900211048BE
S214026AD018F015FC002501460D4F09B9012009E002
S214026AE0AC4209D10024162322463046009418F000
S214026AF0A3FC204603B0F0BD384618F024FC01354E
S214026B000146EAE71820F5E72720F3E7D5630020D9
S214026B10825C0020014B1878704700BFD5630020C6
S214026B2025289DBF024B187000202120704700BF09
S214026B30966D0020012307B51846064A0DF1070197
S214026B40FCF7BEFB9DF80720034B1A7003B05DF8F6
S214026B5004FB00BF29E101000C6D0020F8B50746D2
S214026B600E46144613F096FE1A4B05461B78022B69
S214026B702FD1194818F0F1FB58BB284612F03EF9FF
S214026B8038B322463146384612F034F908B311F0CB
S214026B90ECFF0446384613F0FCFD104B012E1A7823
S214026BA04FF00F0303FA02F39BB2B4FBF3F203FBBC
S214026BB0124404F10104A1B206D1094B094A1E701F
S214026BC02B6813606B6853600348BDE8F84017F003
S214026BD059BFF8BD2D630020D4460020956D0020D5
S214026BE0D4630020CC63002084B010B502AC84E8E5
S214026BF00F00082227480DF11601089CF4F7F2FB55
S214026C0008BB9DF815309A0705D4234B1B7803F072
S214026C10FD03312B1DD121496378097803F00F0259
S214026C208A4203D0012922D1022A12D1227882B9BD
S214026C301B09022B0DD11A4BA0781B78022B1AD1F6
S214026C40C0F3800006E000220821124813F0DBFFA2
S214026C5020B90020BDE8104004B07047114BBDF8C3
S214026C6008205B889A42CCD0002BCAD0F1E70229D2
S214026C70EFD1012AD9E7030609D40B4BB3F86820F3
S214026C80BDF80A309A42E4D1FEF714FCE2E701208E
S214026C90E0E700BF785500202D630020606D0020DD
S214026CA02E6300207455002088540020284BF0B52F
S214026CB05D88002387B08DF80830264B0DF10B0057
S214026CC01B7805F0010743F020038DF8093014F015
S214026CD020FB6FF07F43ADF813308DF8153014F0BB
S214026CE096FB1D4B8DF816001B7805F01006DB0090
S214026CF0DCB2F0F7A3FF194B1B7883422CBF44F09B
S214026D00040344F084032FB1A9061ED426B143F02F
S214026D10020301E0AA07F9D4002108468DF80A30DA
S214026D2017F038FEADF8060058B101230F2202A96B
S214026D300DF10600FCF79EF918B90DF1060012F0E7
S214026D40E8FBBDF8060007B0F0BD43F00103DDE73F
S214026D500C6D0020606D0020E16300202663002099
S214026D6010B5FCF733FA0A4B1B78022B0CD1094BF1
S214026D701B78033B012B07D9074C207828B100204B
S214026D8012F03FF80023237010BD13F0E5FFF9E779
S214026D902D6300202E630020D463002084B02DE9EA
S214026DA0F0478EB016AC84E80F00DFF878C1594B76
S214026DB0BCF802009DF85DA010F001049DF9622067
S214026DC0BDF870E09DF875909DF976709DF8785044
S214026DD09DF97A109DF95E809DF860601B7835D02B
S214026DE09DF87D00C0F34004C0F38000002B4AD01B
S214026DF0494B1B78022B09D18A4244DB24D1A81BBB
S214026E00C0B280288CBF0020012016E0434B1B78BE
S214026E10012B01D1002C7AD078B19CF800301E33B9
S214026E205BB29F42D4BF002701279845D4BF0023F8
S214026E300123BB4206D18A42E0DA0EB0BDE8F04733
S214026E4004B070473846F8E70020F6E710F0020F65
S214026E5018D0C3B1490814BF01200020520814BF3D
S214026E60012300238342E8D1AB1BDBB2802B0AD975
S214026E70AE42E9D1B84506DB49D1CA452CBF00204F
S214026E800120DAE70BB90120D7E7AE4216D002ACF2
S214026E901CAF0FCF0FC497E8030044F8040B218001
S214026EA0DDE91A0116AB0090ADF804100FCB12F014
S214026EB02AFB0028E7D1AE42A1D1BEE7BDF8583082
S214026EC073451ED008AC0DF1700CBCE80F000FC461
S214026ED09CE8030044F8040B2180114C6388734538
S214026EE00FD10822211D0DF12E00F4F77BFA02467F
S214026EF038B90821201D13F086FE10B96388002BCE
S214026F00C1D1B845BFDBC2D1CA45BCD3BFE7204614
S214026F1093E700BFD56300202E6300202D63002078
S214026F20745500200C6D002084B02DE9F04F8FB010
S214026F306A4E18AC08AD84E80F00162200212846D7
S214026F40F3F704FF33783BB90024654B32781B789D
S214026F509A4239D2002726E00021624818F0CFF97B
S214026F6000270446B846DFF87C91002C45D13FB195
S214026F70224639465B4813F0A9FD3378013B33704D
S214026F803378002BE0D0002156484FF0000918F065
S214026F90B6F94F468046CA46DFF848B1B8F1000F48
S214026FA06CD1002FD1D01621002218A813F014FDA0
S214026FB0014648B1002F00F08B802246494813F064
S214026FC02BFD337801333370454B32781B789A4267
S214026FD007D944480022018813F078FD3378013B34
S214026FE033703378012B03D13F49404817F04AFDEE
S214026FF00FB0BDE8F04F04B07047002221461623BA
S2140270002846CDF8008018F017FA1622294618A846
S214027010F4F7E8F90028EBD09DF864209DF82430B8
S2140270209A4225D1BDF86020BDF820309A421FD181
S21402703008220DF12E010DF16E00F4F7D3F9B8B95E
S21402704002AF0DF1600CBCE80F000FC79CE803000E
S21402705047F8040B39800EAB13E903000090ADF835
S214027060041095E80F00FFF799FE0028C0D02746C7
S2140270702146484618F067F9044676E716230022AA
S21402708041462846CDF800A018F0D6F902AF0DF119
S214027090600CBCE80F000FC79CE8030047F8040B1F
S2140270A039800EAB13E903000090ADF8041095E8A2
S2140270B00F00FFF773FE074620B1B9F1000F04BFB9
S2140270C0444681464146584618F03DF9804665E7F3
S2140270D03A46044818F019F973E700BFD563002052
S2140270E0966D0020825C002020BF0200706B00209C
S2140270F02DE9F04F002104469FB00DF140081622FC
S21402710040460E91CDE90C11CDF83B10F3F71EFE6A
S214027110052220460DF11F0316A911F052FE022881
S214027120074600F0F880204613F03BFC064618F0AF
S21402713082F88146F01C18F07EF8ADF84000701D0B
S21402714018F079F8012FADF84200204640F0E680AC
S21402715013F027FC0546204617F0A8FB0D35022340
S2140271602D1A0093214643460820EAB20FF084FC0B
S214027170002800F0D080204613F018FC012F83462A
S2140271809DF84D3040F0E38000252F4643F0010382
S2140271908DF84D3016AE3388022B4DD1F17820464D
S2140271A002310CF00FF81B2846D1F1782046033145
S2140271B00CF008F819283FD1F178204604310CF07B
S2140271C001F84A2838D14FF0050AF17820460131F5
S2140271D051440BF0F7FFF1780590514420460BF02E
S2140271E0F1FF059B00EB032083B200F03F02932BD6
S2140271F0059240F09B800023F778214602375744D9
S214027200FFB23A4600930CA80F2318F015F907F1BF
S2140272100F01204615F040FC07F1110105462046F5
S21402722015F03AFCADF84200059B023353445FFA70
S21402723083FA33795345C8D806360DF17603B3423E
S214027240A9D19DF84D20C5F3C03363F34102204611
S2140272508DF84D2013F03CFB8DF84400204613F0C9
S2140272602CFB8DF84500204613F02CFB9DF832309F
S214027270BBF1190FC3F3C3028DF84720DDF83320A4
S2140272808DF84600CDF84E20DDF83720CDF8522096
S21402729094BF00229DF83E208DF8482003F003029A
S2140272A08DF84A206E4A1278022A9DF84D200CBFAD
S2140272B0C3F38003DB0963F382026A4B8DF84D2029
S2140272C01B78022B57D1BDF8406013F027FD86428B
S2140272D051D108A814F01DF8BBF1190F48D908229D
S2140272E00DF14E0108A8F4F77DF800283DD1B9F556
S2140272F0004F02D0B9F5624F0DD140F6FF7325F468
S21402730040459D4207D1002208210DF14E0013F0A0
S2140273107AFC00283FD01FB0BDE8F08F13F041FB87
S2140273200546204617F0C2FA073518E7412B7FF4C8
S2140273307BAFF1782046023151440BF043FF4A4BB3
S2140273401B78C3F1B30318448DF849006CE76FF35A
S2140273500003F01D8DF84D3017F06DFF0CA90546A1
S214027360204614F00AF80B276BE700F0B3FFBEE7DF
S21402737000F0B0FFCFE7B9F5004F02D0B9F5624F83
S214027380C9D140F6FF7325F440459D42C3D1BBF1F7
S214027390190FC0D9B7E7BBF11A0F06D007F11F01C4
S2140273A042462046C9B212F0B6F8304C304D637BE6
S2140273B0DBB12B78012B1DD1012323730CAB029377
S2140273C014AC94E803000090ADF8041098E80F009F
S2140273D0FFF70AFC90B194E803000090ADF80410A1
S2140273E098E80F00FFF7A0FD08E0FCF7E9F8002890
S2140273F0DFD0E1E703F0FD03042BDDD02B78012B71
S21402740001D0042B87D11B4BDDF84E001B78DDF82C
S21402741052108DF82230BDF84030ADF820309DF87D
S2140274204D30C3F340038DF823309DF8313003F01E
S2140274300F038DF82C309DF848308DF82D3009ABAF
S21402744003C30D4B1B681BB1414608A8984762E769
S2140274509DF946209DF8451008A811F018FC5AE739
S2140274602E6300202D630020DC630020745500206C
S214027470B9630020DB630020685500202DE9F04345
S214027480424B434C1B7885B0033B012B22D817F0A6
S214027490EDFD2378022B31D13E4A1468A0422DD04E
S2140274A03D4910600A68121B10443C4A0860127874
S2140274B072B1013A93403C2253434FF47A725343DB
S2140274C098421BD9032005B0BDE8F043FBF77EBF08
S2140274D00A23F2E717F0CAFD2378022B0ED12D4AB3
S2140274E01568A8420AD00027DFF8BC802C4E106030
S2140274F0451B98F80030FCB2A34202D805B0BDE89E
S214027500F08356F8243020462B4446F8243017F0F1
S21402751045FCC3074FF0000910D5204609F0FEF9D6
S21402752070B156F82430242B08D9102200232046A6
S214027530CDF8009009F00CFA46F824900137D8E707
S214027540184B1B5D13F00F031FBF03F1FF3202231C
S21402755093403C220CBF0A2353434FF47A725343A0
S21402756056F824209A42E9D9204609F067F902A97A
S21402757014F01AFF28B1204609F060F902A911F0AA
S21402758004FB204614F0A6FFD8E700BF2E630020B7
S2140275902D63002000470020FC4600205B6D002083
S2140275A018450020D2620020726D0020064B1B8810
S2140275B0DB0708D50022054B43F82020044A135C5B
S2140275C063F00F0313547047845C002018450020B4
S2140275D0D262002008B517F049FD0022024B18605F
S2140275E0024B1A6008BD00BF00470020FC46002080
S2140275F0014B1868704700BFFC46002008B50C48CF
S214027600FBF7E4FDFBF736FF80B10A4B0322B3F823
S2140276106810012011F0A1FF4FF47A71064B04485E
S2140276201B885943BDE8084017F02CBA08BD00BFB6
S214027630906B002088540020EC6C0020014B1880D0
S21402764000207047106D0020044A054B18701388FE
S21402765023F003031843108000207047845C002048
S2140276605C6D0020034B1888C0F30E00003818BF6C
S21402767001207047325C002008B5FFF7F3FF30B1F7
S214027680002004490223044A0880FBF719FE002062
S21402769008BD00BF325C002027E10100024B1888BB
S2140276A0C0F30E00704700BF325C00200023084A79
S2140276B001201370074A08491370084B084A1B78C2
S2140276C043F0040313800223064AFBF7F9BD00BF0A
S2140276D0D8630020D7630020325C00205C6D002057
S2140276E0845C002027E1010013B514468DF80710CC
S2140276F0DAB9CAB20E2A18D80E4B1B881341DB071A
S21402770013D517F0F3FAFF2811D09DF807200A4B7D
S2140277100DF107011A5400F58330012200F580703E
S214027720E5F7D4F9204602B010BD0124FAE7022498
S214027730F8E700BF106D0020D262002030B50121AC
S21402774000240B2385B0104D019400918DF80C3067
S2140277508DF80D000323B5F8680003AA8DF80E40D5
S21402776015F053FA68B1B5F8681013F0EFFE40B1A1
S2140277700522064B64211A70054B06481C7017F04A
S21402778081F905B030BD00BF88540020D7630020C1
S214027790D8630020B06B0020064B1B78033B012BFE
S2140277A006D8054B1B781BB9044B1878FFF7C6BFE3
S2140277B0704700BF2E630020D66300205B6D00205A
S2140277C010B51548FBF702FD144B1978F9B9144A9F
S2140277D013787BB1013B1370124B1B78042B02D13A
S2140277E00846FAF7A7FDBDE810404FF496710A481E
S2140277F017F048B90C4A128802F00302022A0AD18C
S214027800BDE81040032201200849FEF729BABDE868
S2140278101040FFF7C1BF10BDB06B0020D863002038
S214027820D76300202E630020325C002000F8FF079A
S2140278301FB50C238DF80C300B4B0C461B88012110
S21402784023F004038DF80E3000238DF80D00CDE9E9
S21402785000132046032303AA15F0D7F910B12146D8
S21402786013F074FE04B010BD845C0020F8B5064622
S21402787012F0FAFF0546304615F0EBF9411C0446B5
S21402788089B230460BF09EFC02340746A1B230465F
S2140278900BF098FC394602462846FFF725FF0228D9
S2140278A016D02946FFF7C4FF0A4B1B8803F00303D2
S2140278B0022B0DD1284617F019FAFF2808D000220D
S2140278C0054B43F82020054A135C63F00F0313545C
S2140278D0F8BD00BF845C002018450020D26200205C
S2140278E0084B1A785AB10223013A93404EF66022A8
S2140278F0534303210448B3FBF1F117F0C3B842F235
S2140279001073F6E75B6D0020B06B002070B505467D
S2140279101748FBF75BFC0122164B28461A7015F037
S21402792098F9411C044689B228460BF04BFCA11C70
S214027930064689B228460BF045FC0F4C02232080EF
S214027940214600200D4AFBF7BBFC86B9238803F0CC
S2140279500303022B03D1FFF73DFEFFF7C1FF238887
S2140279605B0704D5BDE870400548FFF747BE70BD0B
S214027970B06B0020D8630020325C002027E10100B3
S214027980906B00202DE9F0431F4C0546238889B0F2
S214027990002B33D01D4E00214FF4807009F09CFA64
S2140279A03378DB0728D50121208816F0B7FF074673
S2140279B0208812F0F6FF023017F03DFC05A980463B
S2140279C0208815F04CFA3378384613F0020F104B25
S2140279D018BF0025B3F8009016F084FF0646384616
S2140279E016F064FFF6B20290424606212846CDE91A
S2140279F0009605AB11F009F900232380054809B06B
S214027A00BDE8F043FBF7E2BB8C5C0020D9630020A4
S214027A10885C0020D06B00202DE9F047304F80466E
S214027A203D880E4614469946ADB3104612F0C7FE80
S214027A30B0F5006F2FD1204612F0D4FE824617F022
S214027A4055F9FF2827D02EB1264A32F810302B439C
S214027A5022F81030B5F5007F36D0B5F5806F33D0FA
S214027A60B5F5807F17D1204B1B88A3421CD14FF659
S214027A70FF718A450FD0204612F0CAFE284609F04A
S214027A8059FA50B93046FFF77DFF0023174A138094
S214027A90174A3B801370BDE8F0870220002108F0E9
S214027AA0AFFF0028EED1F0E7104D2B88A342F2D1AB
S214027AB04FF6FF718A45EED024B1204612F0A8FE9A
S214027AC000232B800023E3E70023094A3B80137040
S214027AD031464B4622464046BDE8F04713F0BEBA52
S214027AE0865C0020205C00208C5C00208A5C0020E3
S214027AF0BE63002010B5044640F62140FFF742FF61
S214027B0001214FF4807009F0E7F978B10022084BA2
S214027B101C80084B1A700BF0D5FCBDE81040064BD3
S214027B201880064B0648198816F0ACBF10BD00BF79
S214027B308C5C0020D9630020885C0020EE6C00205C
S214027B40D06B0020044A137818B943F0010313706F
S214027B50704743F00303FAE7D96300202DE9F04F9C
S214027B60DFF84C9187B099F80060002E40F08C80C8
S214027B70DFF840B1DFF840A19BF80030F4B2A34230
S214027B8007D80022424B1A8007B0BDE8F04FFDF737
S214027B90ABBB20463AF8145008F0C0FE80460028D8
S214027BA060D0204608F04AFE15F40071074645D01C
S214027BB001464FF6FF720E2013F0EBFD0546002835
S214027BC050D0394612F024FE4FF400730027304E90
S214027BD0204633803AF8142022EA03032AF81430A7
S214027BE010220023009708F0B3FE2A4B1B88DB07FF
S214027BF007D5294B294A43F82470135D63F00F0317
S214027C001355182000216043254B264C0093019102
S214027C1001232A46205CFAF7B1FB002814BF012391
S214027C20002389F8003005D13388B3F5807F01D16F
S214027C301D4B1880404607B0BDE8F08F680513D587
S214027C40059113F023FD01220599034600920720B1
S214027C503A46CDE90111FDF765FC4FF4806305460F
S214027C60002DB3D1013687E7104B18880028F9D0CB
S214027C70EA05F7D5394612F0CBFD0C4B1D880A4BA8
S214027C801D804FF48073EBE74FF00008D2E700BF89
S214027C90865C0020845C002018450020D26200200A
S214027CA0197A0200801300208A5C00208C5C002077
S214027CB0BE630020726D0020205C0020042230B5D6
S214027CC001F0400387B0002B054614BF01240024B0
S214027CD08DF80C208DF80D1004D004A914F064FB66
S214027CE038B304ABCDE9004301210223284603AA98
S214027CF014F08BFF0446F0B1104B1B78033B012BAC
S214027D0004D80F4BB3F8681012F082FD4FF6F773E3
S214027D109D4209D9322202212046FDF74BFA80F015
S214027D200100C0B207B030BD2946204613F00EFC53
S214027D30F5E70120F6E71920F4E700BF2E630020DE
S214027D408854002010B5FFF797FC04F0DBFF13F011
S214027D5056FA002014F023FB17F078F808B1FCF767
S214027D60B7FA204C2378532B12D103232370002317
S214027D70FF2219460120FDF773FF002016F08CFC47
S214027D8010B1002012F01BFEBDE8104011F0E9BB56
S214027D90062B01D0212BF0D10120FDF705FF4FF66F
S214027DA0FE7012F0AAFF4FF6FF7012F0C3FF00201B
S214027DB0FDF732FE0020FDF75FFEFDF7AFFD00F097
S214027DC087FB11F0D1FB2378212B02D1FDF782FB32
S214027DD0D3E70020FBF7FAFA00214FF4004014F034
S214027DE0E0F8CAE72D63002010B50A4C0A48FBF7F4
S214027DF0EDF92378062B02D10120FDF7D5FE237874
S214027E00062B01D0532B03D1BDE81040FFF79ABFD3
S214027E1010BD00BF2D630020F06B00202DE9F84F47
S214027E20DFF8CC8004460E461746FFF725FC98F886
S214027E30005015B90220BDE8F88F212DFAD0DFF8E0
S214027E40B49099F80030012B01D1A306F2D427484A
S214027E5017F083FA0028EDD114F020043946304694
S214027E60DFF894B0DFF894A005F00F051BD010F0F1
S214027E708AFE012D8BF80070AAF8006033D1212308
S214027E8088F80030FFF75EFF0020D4E7212388F849
S214027E900030FFF757FF00214FF6FE70FDF792FF06
S214027EA0FEF7D6FAF0E710F06DFE012D8BF80070A3
S214027EB0AAF80060EAD0062321464FF6FD7088F83D
S214027EC00030FFF7FBFE40F6020240F2262199F848
S214027ED000300648033B012B88BF114616F0D2FD40
S214027EE0002CD1D1D7E75323E6E700BFF06B002082
S214027EF02D6300202E630020DA630020126D00201E
S214027F002DE9FF410F460546511C38460BF05AF93B
S214027F100446384612F045FD0646023017F08BF945
S214027F20424B80461B7804F04002022B02D0043BF0
S214027F30012B06D83E4B1B68580205D5A10603D472
S214027F4052B304B0BDE8F08132B33A4A1278D11E79
S214027F50012917D8384BB3F86830AB42F1D17378A1
S214027F60180714D5304614F0B1FEFBF70BFF0028B5
S214027F70E7D00122294604F0200004B0BDE8F04113
S214027F80FFF74CBF022ADCD1DF01DAD4E7E712F0B2
S214027F90A8FE4045D5D1ECE7264B1B78013B012BCA
S214027FA0CFD87378D906CCD502A9384614F09BFEF2
S214027FB0002002A916F06AFEFF2806460BD0A2068B
S214027FC001D413F009FA304608F038FC04F0BAFE81
S214027FD0304614F07FFA284617F00AFAFF280DD02A
S214027FE0FCF766FB14F0200608D112F07AFE28B1E0
S214027FF033460222284602A905F0E0FF12F071FE7F
S21402800000289ED1A3069CD402A94FF6FF73022233
S21402801028460EF0F2FC4FF6FF7203460092284600
S214028020022202A910F0A1FE8BE700BF2D630020FA
S214028030084700202E6300208854002038B50446E6
S2140280400D4616F053FEFF28034615D00B4A12784B
S21402805042B10B4A32F81020520403D514F03AFA11
S214028060002038BD184613F0B7F9204645F0400107
S214028070BDE83840FFF722BE0120F2E72963002060
S214028080205C002038B5054612F08BFC04462846D4
S21402809014F0DFFD411C89B228460BF093F8420625
S2140280A00DD563781B070FD5204614F00FFE014648
S2140280B0002016F0EBFDBDE8384014F00BBA03487A
S2140280C0BDE83840FFF790BE38BD00BFF06B002019
S2140280D038B54FF6FF75A842044617D012F01EFEBA
S2140280E0A04213D04FF6FD72094B198891420DD962
S2140280F0084A1288AA4201D0A24207D11C804FF435
S2140281007A71BDE83840044816F0BCBC38BD00BFE2
S214028110F86C0020146D00209446002008B5044830
S214028120FBF754F84FF6FF72024B1A8008BD00BFE9
S21402813094460020F86C002037B505460C46082306
S21402814069460120064AFBF7BBF815B19DF80630D2
S2140281502B700CB1009B2360BDF8040003B030BD49
S21402816025E1010007B508238DF80600ADF80410D6
S214028170009269460020034AFBF7A2F803B05DF8B6
S21402818004FB00BF25E10100024A13780BB1013B54
S214028190137070471C63002008B512F0CBFD002157
S2140281A04FF6FF72054B08461A80FDF78BFCBDE8BA
S2140281B0084040F6164010F0AABD00BFF86C00203A
S2140281C008B5FBF703F80A4B1B78023B032B08D8CB
S2140281D04FF6FE73074A108898424FF6FF7301D196
S2140281E0138008BD9842FCD0BDE80840FFF7D4BF14
S2140281F02D630020F86C002010B5084B1B78042B6A
S2140282000AD012F06EFD002104460846FFF794FFDE
S214028210231A5842584110BD0020FCE72E63002066
S214028220F0B5002689B00546CDE90566ADF81C60B6
S21402823014F00FFD0A23024604462946009605A8B6
S21402824017F0FAF89DF815309DF814701F2B27D8F2
S21402825003A813F05EF808220DF1160103A8F3F73F
S214028260C1F80646E0B9092F1CD1FFF7C5FFB8B121
S214028270144B1B78A3B1144B1A884FF6FD739A421F
S2140282800ED9124C124A23780433DBB223701278CA
S214028290013AB3EB820F03DD58B20EF003FE2670EE
S2140282A009B0F0BD0A34E4B2214628460AF08AFF35
S2140282B013F0B8F8611C284614F0EEFBFFF708FF2F
S2140282C0EEE700BF746D0020F86C00201C630020EF
S2140282D05A6D002038B5134B1B78033B012B20D96F
S2140282E0114B4FF6FF711B78ABB1104D2B888B42AA
S2140282F017D112F013FD4EF6602104460C4816F014
S214028300C1FB4FF6FE7322462B800021BDE83840A3
S214028310092013F095B8074A13888B421CBF013315
S214028320138038BD2E630020746D0020F86C002088
S214028330944600202E5C002010B5044661B1FF2151
S21402834012F0D0FA0021204612F0D2FA12F000FA09
S2140283500146204612F0D2FA2146BDE8104000221D
S214028360014816F0D2BF00BF905C00202DE9F04114
S2140283700D461746044612F014FB06782846FBF70D
S21402838077F929468046204612F042FA12F0A9FCF6
S214028390A84206D120460121FFF7CEFF0120BDE804
S2140283A0F0812846B8F1000F0AD0FBF7EFF950B972
S2140283B0144B3A462046BDE8F0411978FCF7FABE5F
S2140283C014F017F8F3E706F00306012E08D012F0B1
S2140283D088FC00232246294602F030FF0028D9D125
S2140283E0204612F0D1F9430505D52046BDE8F041F6
S2140283F0002112F0B8BD204613F0CEFFB0FA80F08E
S2140284004009CCE7586D002010B586B0044614F03B
S21402841020FC104B0246186819790290D3F8050022
S2140284205B7A01328DF8143000238DF80C1004901C
S2140284302146009392B2052304A816F0FDFF0522FA
S21402844004A902A8F2F7CEFFB0FA80F0400906B0FF
S21402845010BD00BFBCDA040008B50748FAF7B6FE3E
S214028460064B1B78033B012B05D8BDE808400021CC
S2140284700846F9F75FBF08BD106C00202E63002087
S21402848008B5114812F05CFB104B1B78012B06D87E
S214028490FF2009F0FDFBFCF751FD08F09DFCFCF700
S2140284A06BF902F06BF9FFF701F914F069FD0BF0B6
S2140284B05BFBFCF7F9FE0BF085F810F068FBBDE8F5
S2140284C0084003F0B1B900BF50550020596D002096
S2140284D008B5EFF701FDFF2803D0094B1B78012BE7
S2140284E006D9002009F0D4FBFCF728FD08F074FC3E
S2140284F0FCF742F902F042F9BDE8084003F094B9ED
S214028500596D0020064B1878112806D000F0FD00A1
S214028510A0F141035842584170470120704700BFFE
S2140285202D6300202DE9F0410446FCF7AFFC18B19C
S21402853000263046BDE8F0811D4B1B78033B012B1D
S21402854009D81C4BB3F868104FF6FF739942EFD068
S214028550204612F05DF9184B022120461A88FCF7D5
S21402856029FE06460028E3D0204612F01AFA90F8B2
S21402857007800546043016F05EFE074612F0B1FB91
S214028580414602463846FCF799FCA81C16F053FEF4
S2140285904FF6FF73984202D12046FFF7ABFA2B78CC
S2140285A09B07C6D101212046FFF7C6FEC1E700BFE2
S2140285B02E630020885400208E5C00202DE9F04FA8
S2140285C0002585B00746039512F0EBF906460430FF
S2140285D016F031FE8046B01C16F02DFE33780446A7
S2140285E04046009316F082FB82464046FBF740F870
S2140285F03378BAF1FF0F0CBF83464FF0010B9A0790
S2140286000AD112F06EFB404514BFD9464FF001095D
S214028610B3791BB90320B9E0A946F9E712F061FB6A
S214028620A04205D112F05DFB0446994B1B7836E05A
S214028630984B1B78052BF8D0033B012B03D8964B9F
S214028640B3F86840F1E7204616F0EFFE737840B3C1
S21402865013F00402DFF838820BD198F800301A447F
S21402866021463846D2B2FFF781FE0028D2D000203B
S2140286708CE0384614F0AFFA0146054638460AF052
S214028680A1FD421C52002946384602F0FE0212F0B4
S2140286901DFF737823F00403737098F800300022ED
S2140286A0DDE75B0726D5384614F095FA01460646FE
S2140286B038460AF087FD824606F101091FFA89F953
S2140286C0494638460AF07EFDDFF8C481BAF1000F4B
S2140286D001D0FF2805D10022494638460AF086FD19
S2140286E0DBE7B11C01EB4001C9B2384614F0D4F9FD
S2140286F00446D2E7204603AA02A913F0CAFF05469B
S214028700B9F1000F4AD0009B03F0C003802B0ED1B4
S214028710FF2320468DF809300BF03EFAFF281BD0C7
S2140287200DF109020DF10A010BF02AFC14E0402BB0
S21402873034D19DF808308BB3FF2320468DF80930DC
S2140287400BF02AFAFF2807D00DF109020DF10A01F3
S2140287500BF016FC2D281CD13378404603F03F035D
S214028760337016F062FE10B912F0BBFA8046002390
S21402877042461946204608F04FFE00283FF44AAF0C
S214028780C822072138460AF055FF012005B0BDE889
S214028790F08F9DF80930FF2BDED12546039838B9B5
S2140287A09DF80820002A62D1394B2C461B7856E7E2
S2140287B009F032FA039AFF280346127908D1CDE966
S2140287C000204FF4E171354816F057FCDDE900232E
S2140287D0B9F1000FE4D002F03002102A0AD0202AA3
S2140287E0DED1BBF1000F24D05146184609F016FC24
S2140287F00028D5D1DFF8A89099F80030012B45D093
S214028800204610F08AFE28B92A4621464046F379C9
S21402881013F0C2FEA54212D1039A137923F00C0379
S21402882013719DF80830ABB92C46194B1B783022D1
S21402883015E7039B1B7913F00C0FDBD1B0E799F811
S2140288400030022BE8D0039A137923F00C0343F08E
S2140288500403E5E70121204612F087FC20B92046F2
S2140288600BF09AF9FF280FD0094B1B78DFE701219E
S214028870204612F07AFC00287FF4D7AE20460BF092
S2140288808BF9FF287FF4D1AE02207FE7A542D9E715
S2140288908E5C00202E63002088540020F28E040096
S2140288A0DE63002038B50E4B04461B780D46033BAC
S2140288B0012B10D900F108039BB2012B0DD812F040
S2140288C010FA002302462946204608F0A5FD80F04D
S2140288D00100C0B238BD0120FCE70220FAE700BF63
S2140288E02E6300202DE9F041064610460D4614F090
S2140288F0B0F9A0F11004E7B256FA84F42146EA1B56
S21402890004F10E00F2F774FA2823DFF84480F355D8
S21402891098F80030637301F045FF611C024601209F
S21402892010F035FE08220949601DF2F761FA98F840
S214028930000013F0A4FB05F10E0130463B46002270
S214028940C9B201F0E1FF1220BDE8F081B063002059
S214028950286300202DE9F04F89B0044612F021F872
S2140289600546204611F080FF0746281D16F063FCD8
S2140289708146A81C16F05FFC0390384695F807A0BF
S21402898016F053FD2B780490990761D121460420F6
S21402899002F0C2F800285BD0204614F05AF90146CD
S2140289A020460AF00FFC820752D1204614F051F9F5
S2140289B0014620460AF006FC10F00303059347D151
S2140289C02046FFF721FD002842D0204614F036FA52
S2140289D0461C204615F086FFF6B206F10A0B8345C2
S2140289E080F29F80504A06AB1068516803C3711C20
S2140289F020460AF0E7FB3146804620460AF0E2FBB4
S214028A00594600EB082820460AF0DCFB8346059B05
S214028A102146B21C009306A8082316F00DFD1FFA85
S214028A2088F8204611F020FF5A46414610F0A3FD72
S214028A300122404606A901F09BFB002871D10220C4
S214028A400BF036F8013003D1404606A9EFF712FBC9
S214028A5012F047F948453A46514608D112F0B3FBA0
S214028A6000285ED109B0BDE8F04F01F077BB48465A
S214028A7012F0A9FB002854D12C4B1B781BB939469F
S214028A80484612F03DFD3A4651464846FCF716FA6D
S214028A90002846D0297811F0030102D12046FFF7BC
S214028AA04BFCAB79002B3CD0214B1B78DA1E012AFB
S214028AB037D9062B35D06B78DB070DD503982E7A7F
S214028AC013F07CFB10B3F30803F01C0326F01F061A
S214028AD0334343F001032B724FF6FF71204611F029
S214028AE097FE049BDBB910F040F800F03F0202212B
S214028AF02046FCF75FFB4FF6FF73039A9A4210D1AB
S214028B00204609B0BDE8F04FFEF7F4BF06F01C039E
S214028B101C2BE1D0042B04D9043E2E72DCE7002283
S214028B20E5E709B0BDE8F08FE417040024630020EF
S214028B302E6300202DE9F04385B004460E46174604
S214028B4011F02CFE0C2820467BD111F02AFF0922B8
S214028B50002115F0EBFD00F11005EDB22946204686
S214028B600AF030FB042853D006D8012815D0022874
S214028B7022D005B0BDE8F0837C28FAD1204615F055
S214028B80B1FE0546204615F091FE02463046E9B291
S214028B9005B0BDE8F04310F014B846B913212046DC
S214028BA013F07AFF05B0BDE8F04312F0C3B805B083
S214028BB0BDE8F043FCF7ACBE9D4B1B78013B012B96
S214028BC0D7D82046E91C0AF0FDFA074686B978B9D6
S214028BD0691C204613F060FF0546214613F03DFA55
S214028BE03A462946102005B0BDE8F04316F0ECBA26
S214028BF0002508232146152200950DEB030016F0EA
S214028C001BFC284602A916F041F813F063FCB0E7F5
S214028C10884B1B78022BACD146B9FEF73FFDC20744
S214028C200AD5FEF7D7FC002F08BF3F26304605B010
S214028C30BDE8F0430FF0D1BFFEF714FD0028F0D0D8
S214028C40F1E711F0AEFE8046043016F0F4FA07465D
S214028C5008F1020016F0EFFA4FF6F773984205464F
S214028C600CD8754A138801339BB213800BB9734A2A
S214028C7013801EB1714A13880133138098F800904E
S214028C8009F00309B9F1010F40F08380204613F082
S214028C90E0FF014620460AF095FA043809283FF616
S214028CA068AF01A353F820F0D18C0200738B020048
S214028CB0738B0200F58C0200738B0200738B02002A
S214028CC0738B0200DD8C0200738B0200DD8C0200C7
S214028CD0204605B0BDE8F043FFF7D4B9544B1B78E5
S214028CE0042B7FF446AF0021084605B0BDE8F043EA
S214028CF0F9F720BB4E4B1B78013B012B3FF639AFF1
S214028D00404613F0E3FF00274D4B01465B898DF882
S214028D100A70ADF8083000283FF42BAF384615F03D
S214028D20B5FF0546204613F094FF421C0323214656
S214028D30009792B202A816F07FFB9DF80A30E6B9B9
S214028D403C4A1278022A18D1BBB9FF2DBDF808405A
S214028D500AD03C4A214632F81530284623F480636E
S214028D6022F8153013F095FB204613F073FC002210
S214028D702146102016F028FAFBE6022B3FF4F9AE45
S214028D802BB9304B33F815305B053FF5F2AE28466B
S214028D903BE7B9F1000F7FF4ECAE3146204604F013
S214028DA0BBF8002E3FF4E5AE4FF6F7739D423FF652
S214028DB0E0AE98F80160284616F0040620D113F0BB
S214028DC096FC044628467CB113F013FB0346F0B922
S214028DD00C2200902946384612F0F0FC0C220023A2
S214028DE039462846009308E013F003FB0346B8B959
S214028DF0154A009012782946384612F0DFFCB8E68B
S214028E0013F0F7FA034678B90B220090F3E706222E
S214028E10334629463846009612F0D0FC0622DEE794
S214028E20234600940622E6E74B46CDF80090F9E783
S214028E302E6300202D630020365C0020345C002068
S214028E40BCDA0400205C0020986D00202DE9F04F6B
S214028E5005888BB00446284611F0A3FD80460430F0
S214028E6016F0E9F9074608F1020016F0E4F905A93A
S214028E700190284613F037FF284613F0EAFE014613
S214028E80064628460AF09EF998F80030029003F04B
S214028E900303012B0CBF82464FF0FF0A16F0E1F8DF
S214028EA0B4F806B0814611F01CFF98F8073000901F
S214028EB03846039301F08AF8002838D1019801F069
S214028EC085F8002849D1FCF7B9FAA9EB0B0B1FFA73
S214028ED08BFB8146FAF774FB002844D1FFF712FB9E
S214028EE0002840D1A14B1B78033B012B42D8BAF194
S214028EF0060F00F0BE80BAF1040F00F0BA80FFF74A
S214028F0001FB20B1029B03F00303012B32D0FAF7D8
S214028F10B1FA28B9964B1B7803F00F03062B6FD1D4
S214028F20944B2846B3F8681011F072FC22E02846EB
S214028F3011F037FD023016F07EF94FF6F7739842BD
S214028F4006D9039B23B92846FFF75EFA0028B5D157
S214028F50A37823F00F03A37054E0019816F065FA85
S214028F600028B0D1F4E7A9F104095FFA89F9B9F14A
S214028F70020FB7D8BAF1010F40F0A280284611F0CE
S214028F8031FC4FF6FF7398426AD1002331462846D9
S214028F9007AA13F0C2FA80460028D9D042799DF873
S214028FA02530934209D9711D284689B20AF01EF966
S214028FB0A37823F00F030233A3700FF0D6FD7E23AF
S214028FC0B0FBF3F202FB130303F58073A3809DF854
S214028FD0263013F0180F0BD0A378190708D1009B80
S214028FE0BB4205D0384698F8052005A90FF005FEC5
S214028FF09DF82700003818BF01200BB0BDE8F08F9F
S2140290002823A3800020F8E7584B1B78033B012B4C
S2140290105FD940F6B8339B459AD80FF0A6FDFF23DA
S2140290208DF81330002300F03F00C0F5FA70A080E0
S21402903007A90DF113008DF81C30FBF7A3FF0546B8
S21402904098F80710384612F0B2F8002D80D09DF836
S2140290501C20013A032A7BD8DFE802F0807A697D79
S2140290604FF6F773019A9A4224D898F80130DA0735
S21402907020D4284611F0B6FB16F074F9012808BF72
S2140290803D4BA27809BF1B78FA2303EB830303EB5D
S214029090830302BF9B00FA339BB212097FF458AFD8
S2140290A05B45FFF455AF0FF060FD00F01F00103077
S2140290B0A08053E02D4B1B78033B012BA9D8D8E7A1
S2140290C04FF6F773019A9A429ED898F80130DB075A
S2140290D09AD4BAF1020F53D10123314607AA284681
S2140290E013F01BFA074611F0FCFDBDF82230984239
S2140290F036D1002F3FF42CAF01227B88314628461A
S21402910008F00EFB1D4A13780133DBB288F80730ED
S21402911013707B88BDF81E209A421FBFA37823F0E7
S2140291200F030233A3704FF4C873A38016E0009BAC
S214029130BB4213D000283FF40BAF426801323FF423
S21402914007AFC2789DF813309A42BFF401AF05E02C
S214029150009BBB4202D0A2781209EBD101204CE759
S214029160184616F062F90028C3D182E72E63002063
S2140291702D630020885400206A6D00202B63002097
S214029180BAF1030F7FF475AF009BBB427FF471AF59
S214029190711C284689B20AF015F80C287FF469AFCC
S2140291A0FBF7E2FC4FF6FF73984201463FF461AFCD
S2140291B0284611F02DFB5CE72DE9F34104460088B2
S2140291C011F0EFFB0546043016F035F80646A81CEB
S2140291D016F031F8074615F044FF05463046B4F857
S2140291E0068000F0F3FE064648B9384600F0EEFE6A
S2140291F058B9194AA3781278033A012A0BD8A378E9
S214029200002623F00F03A37021E0384616F00DF96E
S2140292100028EED1F3E71B09F1D1A5EB0805ADB2A4
S214029220B5F5C86FEBD80DF10301384601AA0193D4
S21402923013F02FFA9DF80350014645B94FF6FF7317
S214029240984204D00126208811F0E2FAA580304622
S21402925002B0BDE8F08100BF2E6300202DE9F04188
S21402926005460C4611F09AFA082802D10120BDE8FC
S214029270F081201D15F0DFFF0646284694F8078089
S21402928011F0F2FA0746284611F07EFA010612D5C8
S214029290184B1B78042B0ED1174B1B78022B0AD1C6
S2140292A0164BB3F868204FF6FF739A4203D000219C
S2140292B00846F9F73FF8124B1B78002BD6D1A01CB4
S2140292C015F0B9FF4FF6F773984202D86378DA07BB
S2140292D00DD523789B070AD13A464146304611F00F
S2140292E072FF80F00100C0B200F00100BFE701206B
S2140292F0FAE700BF2E6300202D630020885400206A
S214029300E06300202DE9F04F9DB0044611F046FAC6
S2140293100546204611F042FA08285AD14FF4004377
S214029320102200212046ADF8503012F0CFF8204629
S21402933015F0BCFA0DF0DBFD002321461A460C2080
S21402934000930DF099FB98B3204615F0AFFA14A9D6
S21402935002461020FAF7D6FD0501204615F0A6FAB9
S21402936014A902464020EDB2FAF7CCFD10B1204611
S2140293700FF00FFC204615F099FA14A90246802039
S214029380FAF7C0FDB8B99DB1102517A806F0A2FDE0
S2140293902046BDF8507015F0A5FA0646204615F090
S2140293A085FA29460090F3B2384617AA0FF08FFCCA
S2140293B01DB0BDE8F08FBDF8503017A8ADF85E407E
S2140293C0ADF85C3010F0D1F80028DCD145F080050D
S2140293D0DBE7204611F035FAB0F5006F40F0058164
S2140293E0204611F041FA0646042D40F0018120463F
S2140293F011F0CAF980F40060C0F3C02000223146A2
S214029400400015F0E1FE954B1A78022A0DD0FFF7C0
S21402941079F850B902F0FD03312B06D0043A012A3E
S21402942003D98F4B1B78002BC2D02146022001F0B5
S21402943073FB05900028BBD02046ADF8464011F0DD
S214029440B0FA0446BDF8460011F00EFA0546201D95
S21402945015F0F1FEA31C83461846039315F0EBFEA7
S21402946012A90746BDF8460013F03DFC6378069045
S214029470BDF8460094F80080099313F0EAFB63787F
S214029480064608F0030828460C93FAF7F1F8B8F1F6
S214029490010F0CBF032302230E93724B08BF4FF03B
S2140294A00B091D80237818BF4FF00A0903F03C030E
S2140294B0082B0D907FF47CAFBDF8460015F012FA2B
S2140294C0B0427FF675AFB8F1010F03D02378980744
S2140294D07FF46EAF644BB3F86830AB420DD1634A8B
S2140294E0634BB2F9001093F90030002900F0A58012
S2140294F001EB0313A3EB211313804FF0010AA6F12D
S2140295001003DBB207938DF8453010224846BDF8AB
S2140295104610CDF800A00DF145030DF0ADFA002877
S2140295203FF446AF099B13F002030A9300F00A8148
S214029530504B1B78002B3FF43BAFBDF84690484695
S21402954013F087FB002308904846CDE9173319939A
S214029550ADF8683011F088F9089B039003F10E010C
S214029560484689B213F048FB002870D000234946CB
S214029570089A009317A80E2315F05EFF50460DF1C9
S2140295805D0110F012F89DF869300B9004939DF877
S2140295905C30282B5BD10DF16100FAF7F3FB0F90DC
S2140295A0002854D1049812F06AFD0F9B002867D158
S2140295B0314B049A1B78D31A190648D404F04CFD92
S2140295C050453CD115F052FD2C4E0546346824B168
S2140295D004F048FD2C1B844239D30023FF2219468F
S2140295E01846FCF73DFB356031E04FF6FD76FBE6AC
S2140295F04FF6FF70301A18BF012000223146400095
S21402960015F0E2FD0C2D0DD12146012001F084FA61
S21402961000283FF4CDAE214600201DB0BDE8F04F35
S214029620FDF700B92DB920461DB0BDE8F04FFDF795
S2140296305FBD042D7FF4BCAEE5E61B025CE704F0DA
S2140296400BFD022803D104F0E9FC0028BAD0002260
S2140296501920039915F0B8FDAAE600BF2D63002075
S214029660E0630020AC5C0020885400207E5C002072
S214029670DC63002029630020286300209855002020
S21402968010214846089ACDF800A012F036FB0028B2
S214029690DDD0A64B049A1B78934240F0AA80039929
S2140296A00DF1610214A815F0BDFA012114A8FAF70B
S2140296B043F8824648F2030114A8FAF749F9BAF1C8
S2140296C0000F03D0082114A80FF00AFF484613F033
S2140296D0DEFA03990DF16100FBF7E6FAFE288246F0
S2140296E0B5D0FF280AD1039815F082FEFF288246DD
S2140296F000F087800DF16101FBF750F98B4B049A5D
S2140297001B78934200F0A38050460B99FBF7B2FAFF
S21402971000283FF44DAE50460B99FBF7BDFA23786E
S2140297209A070FD1484613F094FA0146484609F0C4
S21402973049FD00F00300012804D103980DF16101F0
S214029740EEF798FCBDF8460011F01EF8030440F14F
S2140297508580204615F06FFD40F4007189B22046E0
S21402976015F06BFD00224FF40041BDF8460010F0E4
S214029770FCFFDDF81490012310220093BDF846107A
S2140297800E980DF145030DF077F900283FF410AE60
S214029790032866D1204615F04EFD40F4007189B2CA
S2140297A0204615F04AFD284615F03FFE002840F0F8
S2140297B0B780DDF81490B8F1010F40F0C1800320A5
S2140297C0BDF8461001F0A8F9002840F0B9803146ED
S2140297D0BDF8460009F0F6FC0F2801467FF6E8AD14
S2140297E04FF6F7739F423FF6E3AD284611F0D2FEDE
S2140297F0DEE55046049903F049FD00287FF44FAF9A
S21402980025E7237803F00303012B08D1484613F01B
S21402981020FA0146484609F0D5FC082892D0444B67
S2140298201A78444B1B789A4209D20DF161010398CB
S214029830FBF768F8039815F0DBFD82465EE7A01C8E
S21402984015F0F9FC4FF6F7739842EED9FFE650464C
S214029850FBF79AFA00283FF457AF5CE74FF000098F
S21402986089E7284615F0E1FD0028A4D00A9B002BC4
S21402987058D1B9F1000F53D1B8F1010FBDF8460027
S2140298809DD0314609F09EFC8246DFF8B09099F8EA
S2140298900030002B5FD011F024FA87427FF488ADA7
S2140298A0B8F1010F40F08280BAF1070F78D8BAF10A
S2140298B0050F7FF67DAD204B1B78022B02D0043BB2
S2140298C0012B03D899F80030002B4BD00C9B98063E
S2140298D040F1BB800D9B002B40F0B380284615F06C
S2140298E005FAFF2840F0AD805D457FF461AD069B2A
S2140298F0002B00F0A48012AB46F204020124ADF85D
S2140299005C200193214602232846009417AA13F0EE
S2140299107CF900283FF44CAD214611F024FB47E5C4
S214029920DDF81490284607F053FD44E7286300202C
S214029930276300206B6D00202D6300202963002022
S2140299403146BDF8460009F03DFC0A9B824613B933
S214029950B9F1000F99D0A84B1B78022B02D0043B1A
S214029960012BB3D8284600F031FB814600287FF44D
S2140299701FAD11F0B6F9854222D1A04B1B78033BEE
S214029980012B19D89E4BB3F8684011F0AAF94B4642
S21402999001460D222046CDF8009011F00FFF07E594
S2140299A0AAF10E03DBB2012B85D901E50AF0030307
S2140299B0012B7FF4FDAC7EE7012000F0A5FBF7E467
S2140299C0284615F032FD58B911F0A8F94FF6FF7384
S2140299D0984205D015F03AFA10B92846FAF738FF39
S2140299E0284615F022FD88B111F098F94FF6FF735C
S2140299F098420BD015F02AFA40B9B8F1010F02D1FD
S214029A00BAF1060F02D0284607F04CFA069BA3B915
S214029A1019460122584600F0ABFB814600287FF427
S214029A20C7AC204613F052F94A460146384600F0C3
S214029A309FFB00283FF44AAFBAE412A9E9E7069B67
S214029A405AE7637823F0200363704FF6FC739F4255
S214029A5075D16A4B1B78033B012B7FF6A9ACA37921
S214029A600BB1013BA3716378590727D500235846EB
S214029A7017AA14A9179312F00CFE1798F0B108F063
S214029A80CBF88146384615F031F9179A0146137914
S214029A9003F03000102806D003F00C0008281CBF84
S214029AA023F00C031371137903F03303202B05D133
S214029AB0FF2903D00122484608F078FA284615F016
S214029AC015F9FF281EBF00224E4B43F82020099BA3
S214029AD003F001094FF6F7739F4200F21381B9F1C2
S214029AE0000F40F01C812946584611F009FD11F07E
S214029AF0F8F8874200F0DF80384615F096FC00281A
S214029B004AD0B8F1010F30D1BAF1010F20D14A463E
S214029B103146BDF8460007F05FFE384615F085FC74
S214029B20394B1B78002B78D1584615F07EFC00285E
S214029B3070D1384615F079FC00286BD138E44FF620
S214029B40FD739F428BD12D4B1B78042B87D12FE4BC
S214029B50384615F06AFC50B3BAF1030F27D13146E6
S214029B60BDF8460011F062FE22E4384615F05DFCB0
S214029B70384612F03EFC002848D0002339465846A4
S214029B80BDF8462001F05AFB00283FD00021BDF860
S214029B904600FEF7D1FB0BE4384615F046FC18B13A
S214029BA0B8F1010FD8D0E3E7B8F1010FE0D1164BB8
S214029BB01B78002BB8D0BAF1050F2ED111F091F810
S214029BC08DF85C0011F08DF8000A8DF85D00012317
S214029BD0022217A90DF14600F9F74CFA00287FF485
S214029BE0E7AB711CBDF8460089B209F0D9FA0378D2
S214029BF00133037011E000BF2D6300202E630020A6
S214029C008854002018450020716D00209A4B1B785E
S214029C10002B89D0B8F1010FCDD063785A070CD546
S214029C20BDF84640204612F0D6FF411C89B22046B7
S214029C3009F0B6FA0378013B0370904B1B78033B9E
S214029C40012B30D8B8F1010F06D1BAF1050F1FD19A
S214029C5011F047F8834522D1BDF84600FEF7AEFC68
S214029C6002281CD10021584617AA08F021F930B163
S214029C700379458003F03C0343F04003037100235D
S214029C807F4A009339465846127811F097FD06E04F
S214029C90BDF84600FEF792FCBAF1030FE0D10022AF
S214029CA039461C20D6E4BDF84600FEF787FCB8F11C
S214029CB0010FD5D1F0E7B8F1010F7FF467AF0AF1D3
S214029CC0FF330C2B00F2AA8001A252F823F000BF49
S214029CD0339D0200339D02005F9B0200499D0200F5
S214029CE0599D02007D9D02009F9D0200CB9D0200B1
S214029CF0E19D0200E19D0200ED9D0200059E02002C
S214029D00119E0200B8F1010F00F09480B9F1000F25
S214029D1008D1BDF84600FEF71DFEFFF749BBB8F1B5
S214029D20010FCCD0237A03F00303012B7FF440AB60
S214029D30EFE7AAF102035A423146BDF846005A41FD
S214029D4007F04AFDFFF734BB32465846BDF84610C8
S214029D50FEF7D6F8FFF72CBB711CBDF8460089B299
S214029D6009F030FA0236F6B20246BDF846305846D8
S214029D70009612A90AF054F8FFF71ABB3F4B1B785D
S214029D80013B012B3FF614AB079B012100930020F9
S214029D902346BDF8462011F080FAFFF709BB374B81
S214029DA01B785A1E012A07D90120079ABDF84610C9
S214029DB0FCF71AFCFFF7FCBA022B7FF4F9AAF9F7B4
S214029DC0FFFB0028F0D1FFF7F3BABDF8460006F015
S214029DD069FEFFF7EDBABDF84600FEF721FA98E7EE
S214029DE0BDF84600FEF71CFAFFF7E2BA234B1B78D3
S214029DF0013B012B3FF6DCAABDF84600FDF736FD17
S214029E00FFF7D6BABDF84600FDF780FDFFF7D0BAD9
S214029E10BDF846000FF0A3FBFFF7CABA3346224648
S214029E205046BDF846100FF06CFB00287FF4C0AA1F
S214029E305146DAE40AF1FF330C2B3FF6B9AA01A227
S214029E4052F823F0339D0200339D02005F9B02000E
S214029E50499D0200599D02007D9D02009F9D0200C1
S214029E60CB9D0200D79D0200D79D0200ED9D020009
S214029E70059E0200119E0200716D00202E630020D6
S214029E80986D002010B50021114810F000FE04461F
S214029E90E8B110F012FD0F4B1870204610F012FDBC
S214029EA00D4B1870204610F013FD0C4B1870204610
S214029EB010F013FD0A4B1860012015F0DBF820465F
S214029EC0FFF720FABDE81040002015F0D3B810BD09
S214029ED05C5C0020DD630020DC630020DB63002086
S214029EE09055002070B5164E044633680D46E3B111
S214029EF010F054FC0C2818D1204610F052FD09220E
S214029F000021044614F012FC235C042B0DD10D4BE9
S214029F101B78033B012B08D80B4C25B10B4B227840
S214029F201B789A4203D300232370002070BD084892
S214029F30316814F0A7FD2378012001332370F5E77A
S214029F40945500202E630020DF630020976D0020CA
S214029F50106C0020014B93F9010070477E5C0020D4
S214029F60014BB3F8680070478854002070B500248F
S214029F70124D2C70EDF762FEE6B2B04212D8104BCC
S214029F801B78013B012B04D800214FF6FF70FBF72C
S214029F9019FF00220B4B1A700B4B198801B11A805D
S214029FA0012070BD304614F0F9FEC30748BF2B7877
S214029FB004F1010444BF01332B70DBE72663002063
S214029FC02E6300201D630020305C002038B50B4B4A
S214029FD005461B7873B101335C08094B188814F0E8
S214029FE065FC002330F81320AA4205D00133DAB20A
S214029FF0A242F7D3002038BD0120FCE71D630020F3
S21402A000305C002030B5054685B008460C4615F093
S21402A01008FAFF280CD011F039FB01220021034672
S21402A020CDE90112009221462A460720FBF77AFA6A
S21402A030284614F05BFEFF2804460FD014F0AEFE4E
S21402A040C2070DD5204614F0A9FE830708D40B4A92
S21402A05032F8143043F4806322F8143005B030BD71
S21402A06011F014FB012200210346CDE901120092F1
S21402A07007202A46FBF756FAF0E700BF205C0020CE
S21402A0804FF6FA72431E9BB2934270B504462AD824
S21402A090FFF79CFF38BB194B1B78042B23D02046B6
S21402A0A015F0A6F9FF2801D0FAF702FB204612F0B7
S21402A0B0C9FA08B107F0C6FD2046114E04F046FA6A
S21402A0C020460EF098FD31780E4D69B1288814F0BE
S21402A0D0EDFB054601461E220230F0F789FE2C8073
S21402A0E033781E2B07D970BD202014F053FC28802D
S21402A0F00028EBD1F7E702333370F4E72E63002033
S21402A1001D630020305C002037B5134B05461B78D4
S21402A110022B1FD110F0E5FD044610F0E2FDFFF71A
S21402A120AFFF11F0B3FA10F0E8FD0020FBF73CFD9C
S21402A13040F607400EF0EBFD3DB100230D2221460E
S21402A1404FF6FD70009311F039FB03B0BDE83040C6
S21402A15004F032BF03B030BD2E630020034B1B78E1
S21402A16013B90120FFF7D0BF704700BF2463002059
S21402A170F7B504460D46174610F0B3FD0646002D09
S21402A18047D04FF6FB739C4243D82046FFF71EFF8C
S21402A19030B1A64204D1204B1B78033B012B38D9A1
S21402A1A02046FFF713FF10B1012003B0F0BD204692
S21402A1B00EF0F1FCC0B1A642F6D00CB369462046BA
S21402A1C0F9F758FD0246D8B90821684610F01BFD7B
S21402A1D0B0B9082269462846F1F704F980B1294643
S21402A1E0204611F083FADFE7A642E6D12846F9F7C1
S21402A1F0C9FD28B90120FFF787FF06F0DFFDD3E788
S21402A2003FB121462846FAF7E7FB2146284604F0E6
S21402A210B9F90020C9E700BF2E630020044A13786C
S21402A2202BB1013BDBB213700BB9024A13807047A5
S21402A2301D630020305C00200148F8F7D7BC00BF41
S21402A240305C00202DE9F047804617460D468CB05C
S21402A25061B903AE00211B4815F051F84FF0000912
S21402A2600446DFF860A01CB920461DE00E46F1E762
S21402A2700022214624233046CDF8009015F0DCF863
S21402A280082241463046F1F7ADF8A8B9337C9BB9AF
S21402A2906FB945B92A4621460A4810F017FC0A4A01
S21402A2A01388013B138001200CB0BDE8F0873B8881
S21402A2B0B28953405B06ECD52146504615F043F86A
S21402A2C00446D0E7945C0020925C0020024B18887B
S21402A2D0003818BF01207047925C002040232DE909
S21402A2E0F04397B0074611A88946ADF80E300EF037
S21402A2F098FD02238DF84430002304AE31463846DA
S21402A30004937360F9F7B6FC0546002840F0958082
S21402A31038460FF002F9804610F0E3FC04460028A7
S21402A32040F0BB8099F80130042B40F0B980EDF77D
S21402A33091FC022840F08480EDF78CFC022840F065
S21402A3408B8096E8030003238DF8443012AB83E833
S21402A35003009DF85130002143F00603102209A89D
S21402A3608DF85130F0F7F2FC09A911A80EF0EEFEB6
S21402A37040B111A80EF055FD30460DAB09AA11A941
S21402A3800EF0E9FFBDF846300DA943F0040311A80C
S21402A390ADF846300EF033FF102209F10A010DA87F
S21402A3A0F1F720F80546002872D1EDF753FC022893
S21402A3B006D13146FF2009AA0EF0EFFE00286AD128
S21402A3C034240025EDF746FC022808D19DF85130CA
S21402A3D01B0704D430460DF10E0111F0A7FB2146EF
S21402A3E0304611F0CCFB10238DF8183004238DF87C
S21402A3F01A303346002203CBCDF81B00CDF81F10CF
S21402A40006A80B218DF8195010F0E6FA024638B16C
S21402A410002D14BF012303233146384603F078F893
S21402A420B8F1000F09D0342C07D106A832463946B7
S21402A43014F0F8FB06A80FF056F817B0BDE8F08344
S21402A440234621463046009411AA01F05FFE0028FA
S21402A4503FF472AFAD25C6E7EDF7FCFB012891D1BC
S21402A460104B1B6803F08403842B8BD196E8030001
S21402A47002238DF844301023ADF8463012AB83E841
S21402A48003009DF8513043F002038DF8513079E70E
S21402A4903324AD2596E7052494E72C46A325A2E7A8
S21402A4A0AA25A0E7084700202DE9F04336488DB0DC
S21402A4B0F8F78CFE14F0DAFD344D2B68C41A4FF40C
S21402A4C07A73B4FBF3F4A4B214B114F0CFFD28608F
S21402A4D02F4F4FF6FF763B88DFF8B880ADF80A308C
S21402A4E000233B8000210DF10A0010F0D0FA054649
S21402A4F058B9284B1B882BB14FF47A712248714306
S21402A50014F0C0FA0DB0BDE8F0834FF00009242322
S21402A5104A462946CDF8009003A814F08DFFBDF8F0
S21402A5201A30A34294BFDB1A1B1B9BB2ADF81A303B
S21402A530CBB910F0D6FBBDF8183003F04003184331
S21402A54080B218B9322103A80EF0C7FBBDF8183046
S21402A5501B0602D508980EF0CDFDB8F80030013B78
S21402A560A8F80030BEE79E4228BF1E4601234A4690
S21402A5702946009303A8242314F05EFF4A46294680
S21402A580384614F0C2FEADE7144600209C55002063
S21402A590945C0020925C0020F0B50446304A8DB0F0
S21402A5A01068516801AB03C3A378012B54D116225D
S21402A5B000210DF11A00F0F7C9FBD4F82110D4F8E7
S21402A5C01D0003AB03C32388190644BF62680892C2
S21402A5D0DA050BD5221D08AE04F1140735461068BD
S21402A5E05168083203C5BA422E46F7D1ADF8183084
S21402A5F013F0040318BFA3690593EDF749FB002384
S21402A600ADF81A008DF81C3010F06BFBE0B906A905
S21402A61003A811F08BFA0022242103A810F0DCF91B
S21402A6200446D8B10020FFF73FFF002221460D481E
S21402A63014F06BFE0C4A0020138801331380FFF7D8
S21402A64033FF00200DB0F0BD082201A903A8F0F7E1
S21402A650C9FE0028DFD0DAE70220F3E71920F1E787
S21402A660E4170400945C0020925C0020F7B50446D0
S21402A67000200E46FFF718FF104B1B88A34202D895
S21402A680212003B0F0BD00210D4814F038FE00254D
S21402A69001460B4F0029F3D0A54208D100242423FB
S21402A6A022463046009414F0C7FE2046E9E73846B4
S21402A6B014F049FE01350146ECE700BF925C00202B
S21402A6C0945C00200148F8F791BA00BF945C002021
S21402A6D0014B1888704700BF925C002030B5154ABF
S21402A6E08DB051680546106801AB03C307A80EF08B
S21402A6F098FBDDE90101032308AC84E803008DF82A
S21402A7001C309DF8293003A943F0020307A88DF8F0
S21402A71029300EF01BFD10B12D200DB030BD2346A2
S21402A7202868696803C303A907A80EF0F4FC00288A
S21402A730F3D0F1E7E417040070B50C4611460E4A52
S21402A74023781278064613F0200542EA03022270A6
S21402A75018BF611D0822F0F74BFB002D0CBF052029
S21402A7600D20D4F80130B3602378337303F0180356
S21402A770082B08BF013070BD29630020042307B5EB
S21402A78001200DEB0301054AF8F79AFD019B044AE6
S21402A7901B03136003B05DF804FB00BF63E5110002
S21402A7A0F846002010B5064C2368C3F30B0313B912
S21402A7B00448E2F74FF92068431C236010BD00BF2F
S21402A7C0F846002063E51100014B1868704700BF89
S21402A7D0F846002007B50020054B064A18600423F9
S21402A7E00DEB03010190F8F76BFD03B05DF804FB77
S21402A7F0F846002063E511007FB511230A4A0120BE
S21402A80001A9F8F75DFD094B9DF814201A70084B54
S21402A8101B780BB1052B05D10EF0A6F9012007B067
S21402A8205DF804FB0020FAE779EB010028630020BC
S21402A830296300202DE9F04F0646CBB088460088F3
S21402A8400121174614F06AF82E4B3A463188ADF8C5
S21402A850160006A811F026FA0DF1280B5A464146B4
S21402A860C419308811F0A8F9E4B208EB0003A34239
S21402A87008BF044605464FF004091CBFA4EB0804B3
S21402A880E4B223465A460121CDE900090BEB050A3C
S21402A890CDF808B02D1B06A8EDF746FEEDB20BEB81
S21402A8A004030093019523465A464146308811F028
S21402A8B0B1F934883946204608F084FC394600F05F
S21402A8C0F802204608F092FC0121308814F026F89F
S21402A8D001234A46514680B10DF11600F8F7CAFB2D
S21402A8E001210446BDF81620308814F02BF8B4FA7D
S21402A8F084F040094BB0BDE8F08F3046F8F7BAFB5B
S21402A9000446F4E7B06300202DE9F04FC9B00446D0
S21402A91088469246C118224A04A81F46FFF70CFF33
S21402A9204FF00409C519EDB208AB0293A5EB0A0B6A
S21402A930A8EB0A035FFA8BFBA8EB0506DBB2F6B2BE
S21402A94004EB0A02009301215B46CDF8049004A8AA
S21402A950EDF7EAFD06F590730DEB03025A44A2F5F5
S21402A9608072136808A844F80830E35D324623F084
S21402A9700703E3552C442146F0F778FB08ABCDE9F4
S21402A980019308AA00230121009604A8EDF7CCFD46
S21402A9903246204608A9F0F769FB49B0BDE8F08FB9
S21402A9A0B0630020F8B5064612F048FA811C054648
S21402A9B089B2304612F020F9F0B1EDB129463046A0
S21402A9C008F000FC1228074616D80C4B691C1C5CC3
S21402A9D089B2304608F0F6FB2C44052FE4B205D1C6
S21402A9E0052809D8064B1B5C1C44E4B221463046B7
S21402A9F0BDE8F84012F000B90020F8BD02DB040002
S21402AA00FCDA0400F8B5054612F023F90446284697
S21402AA100FF0C7FFA11C074689B2284612F0ECF8D1
S21402AA2000283ED0002C3CD02146284608F0CAFB1F
S21402AA300646611C284689B208F0C4FB0F2E30D8A1
S21402AA40194B9B5DE118731E89B2092B0ED8DFE8FD
S21402AA5003F009050D0D120D0D181E1EC40644BF87
S21402AA60083189B2820601D5083189B22846BDE886
S21402AA70F84012F0C1B87B78DB0612D501EB400134
S21402AA80F3E700F01F0000EB40000144EDE71F284B
S21402AA9005D8092E0ABF4000022080B2F5E7C82872
S21402AAA0E4D00020F8BD00BF15DB0400F8B506466A
S21402AAB00FF077FF09220021054613F037FE00F15A
S21402AAC01004284614F0B7FBE4B207462146304687
S21402AAD008F078FB0546304613F004FFBA05A0EBF3
S21402AAE00403DBB20AD47C2D0AD0082D0AD8064A03
S21402AAF0505D98428CBF00200120F8BD1220F8E776
S21402AB000320F6E7FF20F4E726DB0400014B187863
S21402AB10704700BF996D002038B5114B04461B786C
S21402AB2008469BB9012038BDA24205F101050FD1A6
S21402AB3003EBC1035B6898470028F3D11E20224628
S21402AB404FF6FF7114F040FB0020ECE70025054BA2
S21402AB50E9B213F83120002AE6D11446EEE700BF28
S21402AB60996D0020CCDA04004FF6FF7307B5022277
S21402AB700DF106010348ADF80630E1F7A7FF03B072
S21402AB805DF804FB603202E0002307B5ADF804303E
S21402AB90134B984221D10B88DA0703D5232003B042
S21402ABA05DF804FB9B0748BF4FF47F434FF0020259
S21402ABB00C480DF1060148BFADF80430E1F75AFF24
S21402ABC04FF6FF73BDF806209A42E7D102220548E7
S21402ABD001A9E1F77BFF0020E1E72120DFE700BFC4
S21402ABE01FD1BACA603202E0002313B502220380E4
S21402ABF004460DF106010F48E1F73CFF2D2801D06F
S21402AC00112805D14FF6FF73ADF80630FFF7ACFFFB
S21402AC109DF80630BDF806201BB1238843F00103D9
S21402AC2023800020FF2A82BF238843F0020323806A
S21402AC3002B010BD603202E0034B1B78002B14BF3B
S21402AC40442056200E307047296300202DE9F04F2D
S21402AC508DB0179C06468946CDE90223BDF858708A
S21402AC60D588ADF816103CB9EC0605D500970EF05F
S21402AC70CFF80DB0BDE8F08FC5F380242B054FEA60
S21402AC80043448BF44F40064A80511D544F0800497
S21402AC900A2E00F26981DFE816F09A002F001700EC
S21402ACA0370067016701370010009A0037009E00E0
S21402ACB0E90548BF44F04004EAE74FF001084FF0C8
S21402ACC0020B4FF0000A14E008A95FFA89F011F0AF
S21402ACD036FADDF82500DDF8291006AB03C3A44BCF
S21402ACE033F81930ADF816304FF00008C3460DF1B0
S21402ACF0180A002F5DD125E006AA0DF116015FFAAB
S21402AD0089F003F003FCEFE74FF6F773994540F23C
S21402AD102B8115F4026F40F02781964B1B78022B8D
S21402AD2003D0043B012B00F2218147BB032E4FF0D8
S21402AD3001080CBF4FF00C0B4FF0080BBA4624F478
S21402AD40C074A4B28C4B18884FF6FF73984206D094
S21402AD508A49F8F78FFF10B124F48054A4B2039BFB
S21402AD6038460093BDF81620534644F4027108F0A4
S21402AD7051FAADF82000002838D1192079E7384674
S21402AD8013F0B0FD0246FFF757FF032E08BF013847
S21402AD90824201DD38206CE7032E4FF001080CBF1B
S21402ADA04FF00C0B4FF0080B4FF0000A24F4C0745F
S21402ADB0A4B2029B1B889BB91A463946062000930A
S21402ADC00BF07DFE0028BDD140F6014051E74FF062
S21402ADD00008C34675E74FF001084FF0030B70E713
S21402ADE0002339461A4607200093E9E74FF6FF7319
S21402ADF0614A118899421CD00FF0D3FD03465E4A81
S21402AE0004301188039314F018FA5D49039B0978FD
S21402AE1014F4805FD9715949574A1FBF0868986071
S21402AE204868D8604FF6FF7313804FF0FF330B600D
S21402AE304B605946029A08A808F0A8FA00289CD047
S21402AE40504C2378002B3CD1A7B1384613F04AFD6C
S21402AE500746BDF8200013F045FD23780744002B73
S21402AE6014BF12220022EB1003F0040317443B44E3
S21402AE70842B8FDC15F400570AD0BDF820402046FC
S21402AE800FF082FC40F4806189B220460FF067FC26
S21402AE90A6F10803012B05D801221021BDF82000D7
S21402AEA00FF063FC179BBDF8204043B32046BDF865
S21402AEB016100FF0ADFCBDF82030179A0020138054
S21402AEC0D7E6AA06C0D56B0103F020030A2E14BFEC
S21402AED043F0010363F07E03DBB2B8F1000F08D043
S21402AEE000215246009108A800F086FE0028ABD04A
S21402AEF0BFE61A46514608A810F0FFFFF6E72046BE
S21402AF0011F0A7FE179B02462146042000930BF081
S21402AF10D6FD00283FF458AF0A2E18D84FF4D9634E
S21402AF20F340DB0713D5072E0AD00A2E08D0BDF849
S21402AF30200010F0F5FA80F00100C0B2800098E61A
S21402AF4008A80EF0EDFA0028F1D0042091E617B119
S21402AF5025F04005ADB22B463146BDF820005FFA1B
S21402AF6089F201F01BFF84E6012082E6162080E6C5
S21402AF70785900202D630020166D00209A6D00205F
S21402AF80EB63002029630020F7B50F469DF82810D2
S21402AF900446DDE90B061D46F1B94FF6FF739C42E7
S21402AFA01CBF174B1C804FF000041CBF154B1A70B9
S21402AFB0BDF8240008F080FA00232A46CDE90043B3
S21402AFC0394606209DF82030FFF740FE10B90EB134
S21402AFD0AB7A337003B0F0BD78B14FF6FF739C4284
S21402AFE01FBF074B1C80074B1A7000220FF0F4FCA1
S21402AFF004460028DCD11920ECE72120EAE700BF4E
S21402B000166D0020EB6300202DE9F04788469DF878
S21402B0102810074616461D469DF820A0BDF8249027
S21402B0200B9839B158B300220FF0D6FC044610B97B
S21402B030192025E00C464FF6FF739D421FBF114BA9
S21402B0401D80114B83F800A04FF6F7739E4208D876
S21402B0500E4B4FF6FD761A784FF6FF73002A18BF8E
S21402B0601E46484608F028FA00233A46CDE9084329
S21402B07031464346BDE8F0470320FFF7E7BD2120EF
S21402B080BDE8F087166D0020EB630020CC6200203E
S21402B0902DE9F04786B09DF838600546DDE90FA831
S21402B0A00C4617469946B6BB374B1B78022B1DD16A
S21402B0B025BB4FF6F7739C4214D80026484608F084
S21402B0C0FBF900233A46CDE900632146FF232846D2
S21402B0D0FFF7BCFD38B9B8F1000F04D0BB7A88F888
S21402B0E0003000E0012006B0BDE8F087043B012BEB
S21402B0F0DED908460EF011FA10B31DB3022D31D177
S21402B100ECF796FDA042EDD9204B33F814204FF60B
S21402B110FD739A4219E0BAF1000F32D01A4B1B782F
S21402B120022B05D1FFF788FDB042E6D23820DAE7D7
S21402B130043B012BF6D908460EF0EFF90028F1D1B0
S21402B1401620D0E74FF6F7739C42CBD8002EB4D029
S21402B1503146002250460FF03FFC06460028ADD18D
S21402B1601920C0E7012DBDD104AA0DF10E01E0B2EF
S21402B17003F0CCF9064B1B78A342B3D9BDF80E20D8
S21402B180C5E72120AFE700BF2D63002078590020D5
S21402B190656D002030B5104B87B005460C46186822
S21402B1A0596803AA03C298680C4910609A88DB881B
S21402B1B052BA23F04003ADF812300023CDE9004323
S21402B1C0ADF81020FF23098803AA0720ADF80E5019
S21402B1D0FFF73CFD07B030BDA05C0020AC5C002051
S21402B1E038B50C461146124A124D108022682A6063
S21402B1F062686A60A268AA60E288500616D5EA8883
S21402B200520613D561B1002218460FF0E5FB01463F
S21402B21050B16088FFF7BEFF0522074B1A7038BD93
S21402B220084611F057FCF2E71920F5E70220F6E788
S21402B230AC5C0020A05C0020FC6300202DE9F04FEF
S21402B240074689B0104615461C468A4611F001FD8F
S21402B2500146284607F0B6FF064628460FF0A1FB31
S21402B260043013F0E8FF80460FF03BFD804550D0D7
S21402B270B2074ED1DFF8AC80284605A9B8F800B070
S21402B28011F0EDFD9DF81930A8F8007003BBBDF86B
S21402B2901430EBB928460FF084FB023013F0CBFFD4
S21402B2A04FF6F773984294BF4FF000094FF001092A
S21402B2B001230134E4B22A463846CDF8009005A9A7
S21402B2C0039303F0C5FE039B40B901339C421ED292
S21402B2D00020A8F800B009B0BDE8F08F022CF8D123
S21402B2E0012BF6D10C4A0D4BA3F800A01378591C7B
S21402B2F011700B4A7F3B16F00C01137007D1BDF894
S21402B3001A305B0603D5BDF81600FFF743FF02238B
S21402B310D1E70020DFE700BF2B630020166D002078
S21402B320EB630020AC5C00202DE9F04FABB00F467B
S21402B330ADF81E000FF035FB00F1020A0646504635
S21402B34013F079FFBDF81E400546204611F081FC39
S21402B3500146204607F036FF814600F00308301DFE
S21402B36013F069FF434C20800FF0BBFCA8422DD09F
S21402B3704FF6F7739D4229D87378DA0726D4284603
S21402B38011F037F830B101232946BDF81E20208877
S21402B390FFF754FF0FF0A5FC364B1B8883420FD1F4
S21402B3A0BDF81E40204611F054FC0146204607F028
S21402B3B009FF10F00C0103D1BDF81E0001F0ACFD30
S21402B3C000222D4B1A602BB0BDE8F08F2B49BDF83A
S21402B3D01E0011F044FD2A49BDF81E0011F083FC40
S21402B3E00028274B08BF0023234ABDF81E0013601F
S21402B3F00FF063FA234B1870BDF81E000FF062FAC6
S21402B400214B1870BDF81E000FF067FA1F4B18602C
S21402B41000238DF82230002F3ED0184BDB889B0687
S21402B4203AD50FF05EFC10B3194B1B689D071ED46D
S21402B430B8F1010F14BF082318230DF1220200925F
S21402B44000220DF11E00114600F0D6FB20B3B8F123
S21402B450010F9FD10F4B1B78112B9BD110F0ECFDE7
S21402B460002897D140F61D40F9F7E2FF92E708233D
S21402B470E3E700BFAC5C0020A4550020A05C0020DF
S21402B480E3630020DD630020DC630020905500208B
S21402B490084700202D630020504613F0CCFE82465B
S21402B4A0BDF81E0013F01EFAA0F11005EDB22A46F2
S21402B4B031460AA8EFF7DAFDFF238DF82F304FF654
S21402B4C0F7739A4540F2DF80B8F1010F00F0E7808B
S21402B4D0B8F1020F00F04681B8F1000F7FF45AAFC0
S21402B4E0A44DBDF81E00EB88ADF8240004930FF0BF
S21402B4F058FABDF824600746304611F0AAFB01460A
S21402B500304607F05FFE8DF82300B81C7E7813F0F5
S21402B51092FE07460FF0E5FB06F00106B4F800902F
S21402B52003906C88002E7FF435AF4FF6F77A4246CA
S21402B530494657458CBF0620082013F045FEBDF845
S21402B54024B0584611F085FB59460246434604206D
S21402B550CDF800800BF090FA574583460AD8B5F925
S21402B5600620EB88002A05DB580603D5414620460E
S21402B570FFF710FEBBF1000F3FF40CAF2B88002B39
S21402B5805AD16B79002B57D14FF6F7730DF126017E
S21402B5909F42BDF8240094BF4FF0000B4FF0010B02
S21402B5A010F02CFEDFF8D8A100F1FF38BAF8003010
S21402B5B01FFA88F10593EB88BDF82600069307F07C
S21402B5C001FE069B04990190009322465B4605986D
S21402B5D0C1F340110DF0AEFF00283FF4DBAE0423AA
S21402B5E006200093BDF82610624B5FFA88F20BF035
S21402B5F043FA00283FF4CEAE48F202036A889A4223
S21402B60005D1BDF82410BAF8000000F08DFF594DA0
S21402B61009AA29460DF123000DF08AFF03460028E9
S21402B6207FF4B8AE2104BAF80000BDF8242060D535
S21402B6302346294610F0F7FD9DF823304D4D03F0C2
S21402B6400C030C2B75D1288910F0B8FD00283FF4A6
S21402B650A1AE039B002029894B4514BF0226032670
S21402B66002F02CFE444B18704FF6F7739F42BDF85B
S21402B670240075D8A4F138025342534132463D495C
S21402B68004F066FC86E6B8F1020F6BD0394BB3F9CC
S21402B6900630002B26DAB8F1010F7FF41DAF0FF04B
S21402B6A020FB238883423FF475AE0520BDF81E10AA
S21402B6B0FFF732FA00283FF46DAE2E4AD3885B06B7
S21402B6C007D50023CDE900330A20FF232188FFF7A0
S21402B6D0BDFA3A469DF822302188BDF81E0002F0D7
S21402B6E023F957E629460AA800F070F80028D2D0B7
S21402B6F050E60221DFF88C8088F800102946CDF843
S21402B70000B003F0A5FC132C96D0EB885D0493D40E
S21402B7101A4B1B78D80703D598F80020022A8BD03C
S21402B72099077FF537AE98F80030012B7FF432AEDA
S21402B73082E700222B79124800936B791146008823
S21402B74002F0E4FD0C4B18709DF8233003F00C0356
S21402B750082B89D1039B4B4514BF0426052683E795
S21402B76001238BE74846BDF81E20024901F048FB3C
S21402B77010E600BFA05C0020FB630020CE62002023
S21402B780AC5C0020EC63002010B5002108480FF0E6
S21402B7907EF9044650B101460420FFF7BDF928B1F0
S21402B7A02046BDE810400121FFF7BEBD10BD00BF18
S21402B7B0905C0020034BFF211A7803489200EFF7B3
S21402B7C0C5BA00BF666D00203043002070B545182C
S21402B7D004464FF0FF31AC4212D1104B10481A7893
S21402B7E005460023934211DB0E4C2078431CB3FB24
S21402B7F0F2F602FB163345F82010237000200CE008
S21402B80014F8010BE0F7B6FA0146E4E750F8044BE9
S21402B810A14201D00133E5E7012070BD666D00202C
S21402B82030430020ED630020042307B501200DEB12
S21402B8300301054AF7F744FD019B044A1B03136004
S21402B84003B05DF804FB00BF23E11100A055002001
S21402B850014B1868704700BFA0550020014B1868BE
S21402B860704700BFA055002010B5064C2368C3F3EE
S21402B8700B0313B90448E1F7EDF82068431C236074
S21402B88010BD00BFA055002023E111002DE9F04FA6
S21402B89093B003930023DDE91C79069399F80030F0
S21402B8A083460DA804930E4615460DF0BAFA99F88B
S21402B8B0003013F003043ED0039B0DF1250A8DF8E9
S21402B8C024300022082138460FF09DF9002870D057
S21402B8D028880FF066F899F800301C074CBF043031
S21402B8E0023013F0A8FC07A98046F7F7D7FE9DF8AA
S21402B8F024300446980633D5288806F10D0111F047
S21402B9007BF9A8B100230093384608232988721DC4
S21402B91013F092FD99F8003003F01803182B4AD161
S21402B920B8F1000F47D0A94BB3F86830434542D070
S21402B93040F60A4327E02888711D11F05DF90028B9
S21402B940F6D0009405233246298809A813F074FD20
S21402B9509DF824300DF1240A03F018030393B0E790
S21402B96014BB39464046F8F785F90028D2D099F834
S21402B97000309907DCD0402322462146404610F08C
S21402B98000FD40F6094399F8002012F0030440F047
S21402B990F780288803930EF067FF224601461A2096
S21402B9A013F012FC039BEBE007AB03CB3860796025
S21402B9B0B0E74FF6FF780DF09EFD044620B1042155
S21402B9C03846F7F793FE04461E9B002B5AD00923EF
S21402B9D01E990DA88DF834300DF09DFB209B0BB1FF
S21402B9E0209B0693039B002B40F08E800DA8ECF75D
S21402B9F0FDFD99F800309A0700F09880FFF734FFB3
S21402BA005146024601200DF0C2FD99F800309B0710
S21402BA1010D55946288811F0E8F90BF1090350FAB7
S21402BA2083F35FFA83FB5946288811F0B5F900EBD9
S21402BA300B06F6B299F8003013F0C20F0AF10403AF
S21402BA400DD09DF82420624942F020028DF8242071
S21402BA500A68CAF804204A685A600AF10C030122EE
S21402BA6009A800921B1A324629889BB213F0E4FCFE
S21402BA70324659462846FEF7DDFE002800F0A4802E
S21402BA8000237DE01F9B5BB19E460DF1340CBEE8A1
S21402BA900F00ACE80F00DEF80030CCF800309DE76F
S21402BAA0049B594603F020032888049307F08AFB78
S21402BAB010F0030F0CBF012300230593049B059A85
S21402BAC0003B18BF012342EA430300930DAA06ABCC
S21402BAD038461F9900F01AFB049A034682B10028E2
S21402BAE080D0059B0DAA0093384606AB1F9900F03E
S21402BAF00DFB034699F8002022F0200289F8002068
S21402BB00002B3FF46FAF3EE7039B102B06D1BDF828
S21402BB10363043F00103ADF8363067E7039B182B47
S21402BB204FD1BDF8363043F00203F4E701200DF1A1
S21402BB3025010DF03AFD99F80030824613F0040F05
S21402BB40288821D1069B1BB3002C35D00EF08CFE24
S21402BB5000220146162013F037FB84B17FB14FF660
S21402BB60FF7398450BD000230DA91A4638460DF0F0
S21402BB70F2FB394640469DF835200DF0D4FC0123F1
S21402BB80184613B0BDE8F08F002CDFD1104F01E04D
S21402BB90002CDBD100233246009359463B4610F078
S21402BBA0ACF800283FF4C4AE002C3FF469AF069A06
S21402BBB00AF10103136063E71B685345C6D80124E4
S21402BBC0E8E740F60A43DBE71923D9E78854002062
S21402BBD0B0630020002307B5054A06481360042216
S21402BBE00DEB02010193E0F771FF03B05DF804FB71
S21402BBF0A055002023E111002DE9F04F0446B1B014
S21402BC0000888DF82F3016468A4611F022F8014633
S21402BC108146208811F0C0F800EB0908208811F050
S21402BC200DF900239DF82F505FFA88F815F00107EA
S21402BC300790ADF8363008D101460DF1360220885D
S21402BC4010F094FF08B1ADF8367016B9CDE90E665D
S21402BC500EAEFEF73BFB18B145F020058DF82F50CF
S21402BC600023CDE9033302930DF12F03CDE90063E0
S21402BC702246534641464846FFF708FE0546002838
S21402BC8000F0CA809DF82F3013F0010747D123F049
S21402BC9020038DF82F300FF024F868B17C4A10ABE1
S21402BCA01068516803C3184600F002FA0546FEF70C
S21402BCB00FFDBBB298423BD83A9B13B100233A9A87
S21402BCC01370BDF83630CBB10121208812F026FE63
S21402BCD027880546002800F0CA800121384612F05F
S21402BCE01DFEBDF836700546384612F0FBFD0023F1
S21402BCF000903A461946284610F0BBFE0023CDE9CE
S21402BD00033302930DF12F03CDE900632246534617
S21402BD1041464846FFF7BAFD054600287CD00EF09D
S21402BD20E0FF002840F0BA80284631B0BDE8F08F28
S21402BD3018AB14AA26A9F8B20DF062FB002840F050
S21402BD409480082210A927A8EFF74CFB8346ADB1D2
S21402BD509DF8A53013F0020F08930FD0082212A9FF
S21402BD6027A8EFF73FFB48B9089B590706D53A9B29
S21402BD7013B101233A9A1370089507E03A9B002BF9
S21402BD8061D1BBF1000F70D1002308930DF1740C42
S21402BD9014AB0FCB8CE80F00BDF83630CBB10121C7
S21402BDA0208812F0BBFDB4F800B000284FD0012165
S21402BDB0584612F0B3FDBDF8362083461046099267
S21402BDC012F090FD00231946099A0090584610F08A
S21402BDD050FE304B0DF1740B0493002303930DF1C8
S21402BDE02F03CDE900632246534641464846CDF826
S21402BDF008B0FFF74BFD002837D1002D33D012AA2A
S21402BE005B464FF482714FF4005000F0D9F8089B5D
S21402BE1013B126A80DF000F90EF063FF88B11E4B91
S21402BE201B689A070DD4FEF751FA50B1184A18ABA0
S21402BE301068516803C3002226A918A80FF03AFE1C
S21402BE4000BB002570E700233A9A137099E7BDF805
S21402BE5036200A901046099212F044FDDDE90923C5
S21402BE6007990090B2E72A46CAE701371FE7BDF8EE
S21402BE7036B0584612F036FD2B4600905A463846E3
S21402BE80079939E726A918A80FF050FED3E700BF96
S21402BE90E417040004470020084700209DF82F30CE
S21402BEA003F01103102B7FF43FAF3E4B1B78432B5E
S21402BEB07FF43AAF3C4B1B685B067FF535AF2088B4
S21402BEC008F1050110F098FE834600283FF42CAFD7
S21402BED04146208807F076F9344B10F0200F08BF51
S21402BEE01E4612A800F0E4F80822314612A8EFF720
S21402BEF079FA002852D0314612A80DF0D5FA01235D
S21402BF0026AE00933246002314A912A800F0FEF8CB
S21402BF1000287FF409AF12AB0DF12F07CDE90360BD
S21402BF200290009322465346414648460197FFF741
S21402BF30ADFCA8B3BDF89A30102043F0080318AA47
S21402BF4014A9ADF89A300FF092FD00287FF4ECAEFB
S21402BF5012ABCDE90360CDE9017000932246534649
S21402BF6041464846FFF792FC054600287FF4DCAEC1
S21402BF7018AB4FF49071002012AA00F021F84FF08F
S21402BF800051002010F00DF8BBF1000F3FF459AF3E
S21402BF904FF08051002010F004F852E78346AEE7D7
S21402BFA014ABE6E72D63002008470020F254002079
S21402BFB001461A230120014AF7F782B924E101005B
S21402BFC0F0B5164691B0074609A80D461C46FFF77F
S21402BFD0EFFF3EB1336845F04005CDF82630736872
S21402BFE0CDF82A301B4B1A6822EA070242EA0501FC
S21402BFF019604B040DD5BDF824200B0A03F4E24366
S21402C000C9B222F4E3420B4322F07F021343ADF897
S21402C01024301A230020104A09A9F7F751F9B4B1BF
S21402C02004A80CF0FEFE02236A468DF81030154670
S21402C030234604F11006144618685968083303C4E8
S21402C040B3422246F7D1294604A80DF064F811B08F
S21402C050F0BD00BF0847002024E1010047F2FF10B0
S21402C060044B196841F48042014041F480411A6051
S21402C0700FF097BF0847002000B589B0FEF7BCFB5B
S21402C08001A8FFF795FF0948BDF8042001681302CE
S21402C09021F0FF0103F4E2030B43D2B2134343F44D
S21402C0A08043036009B05DF804FB00BF0847002028
S21402C0B010B50C4B0446186888B0830706D54FF0B7
S21402C0C0FF3323600120636008B010BD10F040000B
S21402C0D0FAD001A8FFF76CFFDDF806302360DDF822
S21402C0E00A30EFE70847002008B5074B02461B68F0
S21402C0F013F0400305D118461946FFF761FF0120E9
S21402C10008BD0020FCE700BF084700202DE9F047E5
S21402C1109EB080460C461D4691469DF898A0A2B158
S21402C120164630460CF07DFE1AF0020F0FD004B908
S21402C13017AC22463146404601AB0DF03FF90DB131
S21402C14000232B601EB0BDE8F0870DAEE9E701AB19
S21402C1503146404605AA0DF0FEF873780AF0010A49
S21402C160FF2B26D0002840F0B68054B105AA09AFAE
S21402C170134603CBBB42206061601A4604F10804F2
S21402C180F6D125B17278554B03EB82032B60BAF1D8
S21402C190000F01D10020D5E7BDF80430D906F9D446
S21402C1A018204FF6FF71727813F00EF840F60E4024
S21402C1B0C8E74B4F3DB10EF094FD10B13B689A07AD
S21402C1C02BD500232B603B6803F03003102B01D0E5
S21402C1D0202B24D117A8FFF7EBFE082240460DF1CC
S21402C1E05E01EFF7FFF820B13B6803F04403402BF3
S21402C1F015D0BAF1000F15D109A80FF0D6FE02230A
S21402C2003370002C4CD1B9F1000FC3D00EF069FD8B
S21402C21060B3301DFFF74CFFBCE7324BD2E740F667
S21402C2200A408FE73B68DB03E6D509A80FF0BDFEA0
S21402C2300223337074BBB9F1000FB1D00EF051FD7A
S21402C240F0B1301DFFF734FFAAE73B6803F0840322
S21402C250842B2CD009AB0DAF1A4603CABA42206013
S21402C2606160134604F10804F6D105E025463B68F2
S21402C27003F08403842B28D0301DFFF719FF26E035
S21402C2803B68012503F08403F4E73B68012503F0CD
S21402C2908403DDE70EF025FD0028F6D00125D9E758
S21402C2A00EF01FFD05460028CFD00025D2E712A8C3
S21402C2B00CF0B7FD022312A88DF84830ECF796F979
S21402C2C0224608214046ECF7E9F810237380002D39
S21402C2D03FF460AF64E72D2034E700BF8C420020B5
S21402C2E0084700200447002049B9084B197849B18D
S21402C2F04EF66023594328B1054812F0C3BB41F2FB
S21402C3008831F8E70248F6F761BF00BFCD62002029
S21402C3105446002070B586B005460EF0E2FC10B911
S21402C320022006B070BDF7F745F80028F8D001A83D
S21402C330FFF7BEFE06460028F2D08DB92E4B1C68CB
S21402C34014F0020406D02D4B1B78112BE8D12C4B8F
S21402C350B3F868404FF481630221ADF80C3023E055
S21402C3602846F7F70FFD0028DAD1234B1C6814F095
S21402C370020406D0214B1B78112BD1D1204BB3F8E7
S21402C38068400822294601A8EFF72CF80028E1D0D9
S21402C3904FF4027300260A21ADF80C302B68CDF854
S21402C3A00E306B68CDF81230002203A80EF014FB94
S21402C3B0024608B91920B4E70F4B196801F030039A
S21402C3C0102B17D0202B14BF01230323490001F0A2
S21402C3D004010B432046002101F09AF80028E9D018
S21402C3E000210120FFF780FF16B10122054B1A70CB
S21402C3F0002096E70323E9E7084700202D63002084
S21402C40088540020E263002030B5002585B0CDE9CF
S21402C4100055F6F7DBFE0EF064FC1E4C60B905F024
S21402C420AFFF0D25002108462170FFF75DFF294664
S21402C43068460CF052FC18E023784BB316491748AE
S21402C4400A780078904223D90132012B0A700ED165
S21402C4502A464FF4A071284602F012FDC0B2B8B9BF
S21402C46041F288310E4812F00DFB05B030BD022BAA
S21402C47009D1284602A9F7F7FDFB0028EED102A84B
S21402C480FFF748FFEAE7032B02D101F0FBF9E5E7E5
S21402C4900425C7E7EE630020EF630020A26D0020AC
S21402C4A05446002070B51B4A1B4D0446516810685E
S21402C4B086B02E7801AB03C31EB10224204606B016
S21402C4C070BDF6F7CFFF0228F7D10EF00AFC00285F
S21402C4D0F3D003A800F03AFE082201A90DF10E00DF
S21402C4E0EEF780FFA0B10D4B32464FF4A0713046F6
S21402C4F01C7002F0C5FC04460028DFD10123084A5E
S21402C50041F2883107482B70137012F0BBFAD5E758
S21402C5102324D3E72FDB0400EE630020A26D002065
S21402C520EF63002054460020F0B50C4600219BB075
S21402C5302B4F0646492207A80691EEF707FC3B78E2
S21402C540012B34D19EBB0DF10E0120460FF056FE94
S21402C5500546BDF80E0012F0C5F9441BE4B2BDF85C
S21402C5600E1023462A46009606A812F065FF3046AD
S21402C57004A9F7F77FFBD0B9CCB19DF81920B2B960
S21402C580BDF8233003F47E43B3F5285F1ED3B3F51C
S21402C590385F0ED31349BDF80E000B6843F4000350
S21402C5A00B6029460CF09AFF18B104233B701BB0AF
S21402C5B0F0BD01220C4B04A81A70FFF7ABFE41F245
S21402C5C088310A4812F05EFA0223EFE711463A7003
S21402C5D0FFF78AFE1E2104A80CF07FFBE7E700BFE8
S21402C5E0EE63002008470020EF6300205446002038
S21402C5F0014B1870704700BFEF630020014B18789C
S21402C600704700BFEE630020014B1870704700BFF2
S21402C610EE6300202DE9F04F0446408891B00E29C3
S21402C6208846ADF81A0079D094F80890A7790EF0EB
S21402C630B8F909A90546BDF81A00E67910F00FFC0C
S21402C640BDF81A000EF0A0F8420542BFBDF82A3027
S21402C65043F40053ADF82A30E379DB0642BFBDF857
S21402C6602A3043F48053ADF82A30BDF82A309806B3
S21402C67013D5022F57D10CA9207A0FF060FDDDF8F2
S21402C6803500DDF8391007AB03C307AA00210423DF
S21402C69000910DF11A00FFF7AFFA0121BDF81A005A
S21402C6A012F03CF9022F824649D1474B33F8195013
S21402C6B0B8F1000F7ED0BDF82A2051067AD54FF683
S21402C6C0FB739D4276D8414B1B78033B012B04D863
S21402C6D03F4BB3F86830AB426CD0D30502D5284640
S21402C6E00FF00FFFBDF82A30D80463D5002F33D1E0
S21402C6F0BDF81A000EF048F8C10663D548F23403B6
S21402C700BDF826209A4209D1324E3078FF2805D04D
S21402C71003222946FBF782FBFF23337000232360A4
S21402C72011B0BDE8F08F012F01BF237A2A4A03EB2E
S21402C730430302EB830314BF00229A1CA6E7012FD1
S21402C74005D10C2303FB09F3234AD55AB0E7A81CEC
S21402C75012F071FD0546ABE7284601F0F7FEBDF87C
S21402C7601A000EF011F8C206C8D463895046059323
S21402C77012F0B8F88346504612F098F8059B0290DD
S21402C7805FFA8BF04A46394601900093404609AB61
S21402C7900CF03BFAB8F1000F14BF0B20092016F07C
S21402C7A0030218BF02F1FF32294618BFD2B212F0B6
S21402C7B00BFDA3E7BDF81A000DF0E6FFC3069DD4F5
S21402C7C0002FD2D1A946D0E7785900202E63002048
S21402C7D088540020A66D0020B858002038B50024E2
S21402C7E00F4B104D2A78A24205D8C2B9BDE8384090
S21402C7F00D48F6F7EBBC598869B9013AD2B2A242A3
S21402C8002A70EFD0121B184603F110011201EEF740
S21402C810EFFA0346E6E701341033E4B2E2E738BD46
S21402C82090420020F2630020306C002070B51A4B54
S21402C8301A4A1D780023DCB2A54200D870BD144601
S21402C84066880133864202F11002F4D1E379A588A4
S21402C850E16003F040028DB9CAB123F00403E3712C
S21402C8600EF09FF8037803F07F03037021880029F7
S21402C870E4D1BDE870400A4812F004B90021658090
S21402C880A180002AE9D1BDE87040FFF7A7BF204685
S21402C890FFF7C0FEF7E700BFF263002090420020D9
S21402C8A0306C00202DE9F047044686B040880F46DB
S21402C8B015460EF076F8A3798046082B52D8DFE8A4
S21402C8C003F0052E1851515151510500023012F055
S21402C8D0B2FC002D4ED06946F7F7CCF9002841D1BC
S21402C8E0684601F0DDFEB0FA80F0400906B0BDE809
S21402C8F0F08702A9207A0FF022FC6B466E46DDF81E
S21402C9000D00DDF81110334A03C3237A32F8139070
S21402C910314AD05C75B131460FF035FCE6E7237A32
S21402C9202E4903EB430301EB830231F82390907AFE
S21402C930961CEFE74FF6FB7AD14515D9304603F041
S21402C940ADFF4FF6FF739842054615D001463046B6
S21402C95001F018FE554508D9E379DA060ED440F6FA
S21402C9602243E3600020C1E74D46294608F1020053
S21402C97012F063FC0120B9E74D46EDE74FF6FC786E
S21402C980454512D103F00C030C2B1CD1DFB1304607
S21402C9904FF6FD7101F0F6FD40F61F412046E160BC
S21402C9A0FFF738FEFFF71AFFDCE74FF6FD739D42EE
S21402C9B009D10023304619461A4602F02DFB41469D
S21402C9C0304601F0DFFDE37943F00C03E37140F6F5
S21402C9D02343C6E778590020D9620020B8580020C1
S21402C9E073B5044640880E460DF0DBFF023012F0A7
S21402C9F022FC0CF092FD18B1A11C201D0CF092FD39
S21402CA00E6B1E5790135EDB2E57115F0400514D0D1
S21402CA10EBF708F90122054600212046FFF742FF00
S21402CA2018B1394B1B882B449DB2384B1B78042B0C
S21402CA3001BF354B1B885B199DB22580002231460B
S21402CA402046FFF72FFF20B360880DF0AAFFE27999
S21402CA502F4922F00C03E3710B7805460133DBB253
S21402CA600B70C3712B4BA61C1B780BB3E37998068D
S21402CA701ED52949097871B159060CD592070AD5EF
S21402CA8000220423114630460092FFF7B5F810B193
S21402CA90E06002B070BD00220123114630460092CB
S21402CAA0FFF7AAF820B1E37943F00303E371EFE757
S21402CAB030460CF035FD0028EAD16088FBF77EFD93
S21402CAC00328E6D8DFE800F0020D1D19E37943F0EB
S21402CAD00403E3711B06DCD5104B1A78104B1A7050
S21402CAE0D7E740F62443E360E37943F00803E371B3
S21402CAF02B7803F07F032B70CBE740F62543E360E9
S21402CB00C7E740F62643FAE7EE6C00202E630020C5
S21402CB102B63002029630020A36D0020D162002031
S21402CB20F16300202DE9F74F064612F09AFA5F4BA2
S21402CB300546B3F8009018805D4BA0EB09041B78FD
S21402CB40A4B2A34298BF00234FF000084FF6FF7727
S21402CB5088BF1B1B564A88BFDBB21370DFF864B16E
S21402CB60A9EB00030093534B5FFA88F219789142BF
S21402CB700ED80EB1FFF732FE4FF6FF739F4200F05B
S21402CB808E8039464C4803B0BDE8F04F11F07ABFAC
S21402CB90BBF80220002A3CD0484B9BF807201878A6
S21402CBA0BBF800A0042818D00020BAF1000F08BF76
S21402CBB0A2462044504523D2BBF80010009B1944DD
S21402CBC0ABF80010002E4ED002F04802482A4AD196
S21402CBD000215846FFF704FF45E00192F6F790FF62
S21402CBE030F01003019ADFD1FAF702FD344B019AB6
S21402CBF0B3F800C08445D7D9ACEB000080B2D4E7C6
S21402CC0002F00C00042807D10022ABF800200BF13A
S21402CC10100B08F10108A6E7510602F0030C02F019
S21402CC2008000ED528B3BCF1030F25D1DEB1DBF820
S21402CC300C105846002908BF4FF44261FFF7EAFC81
S21402CC4011E040B3BCF1010F25D11206EED44FF429
S21402CC50C862ABF800209BF8072022F0030242F0DD
S21402CC6002028BF80720BBF80020974228BF17461F
S21402CC70CDE703208445D9D213060ED50C4B1A787D
S21402CC800AEB0200844208DA4A44521B0AEB02010B
S21402CC90ABF80010E7E70120ECE7012199E7064828
S21402CCA003B0BDE8F04FF6F791BA00BF965C0020DD
S21402CCB0F1630020F2630020306C00202E63002017
S21402CCC0EE6C002090420020F8B500250A4E0B4F6D
S21402CCD03378ECB2A34204D8BDE8F8400848F5F72A
S21402CCE085BF07EB0414A01CF5F780FF201DF5F79F
S21402CCF07DFF0135ECE700BFF26300209042002082
S21402CD008C5C002070B500240B4D0C4E2B78A34291
S21402CD1008D81B1BDBB22B706BB9BDE87040084805
S21402CD20F6F754BA06EB041040F621410134FFF739
S21402CD3071FCE4B2EAE770BDF26300209042002084
S21402CD40306C00202DE9F041002506462F46114C96
S21402CD50DFF8448098F80020EBB29A4203D8BDE888
S21402CD60F041FFF73BBD60880DF01BFE023012F06B
S21402CD7062FAB0420AD16088F8F74AFA00230E2116
S21402CD801846628803F086F92780678010340135DA
S21402CD90E0E700BF90420020F2630020F8B5154E8F
S21402CDA0DFF858E035789EF800E0134FAE454FEABC
S21402CDB0051C07EB051419D0002503F4835343EA38
S21402CDC01323A1712272E371608027F80C50A580AC
S21402CDD006F078FB40F60243E36033786081013365
S21402CDE028463370FFF79EFE2846F8BD40F60340FD
S21402CDF0FBE700BFF263002090420020646D002033
S21402CE002DE9F04F344B0D461C78174685B05CB9B9
S21402CE10B1F90680DFF8C890DFF8C8A0DFF8C8B01E
S21402CE2099F80030A34202D805B0BDE8F08F0AEBAD
S21402CE300416B08800B9708801A910F010F8AA7A12
S21402CE409DF80E309A4244D1B8F1000F0FDA297AD3
S21402CE509DF80C202B89914209D820480078084476
S21402CE60824236DA521A1B0A1341D90731D538469E
S21402CE700FF0E4FFBDF80A3004469A0602D5EB88A6
S21402CE809B06D1D5F37903F00C03042B08D17088E6
S21402CE90F8F7BEF9002372881946184603F0FAF826
S21402CEA000213046FFF7B6FBFFF798FC384611F034
S21402CEB019FD844208D2337A01228BF800302946C3
S21402CEC00023384603F044F8B8F1000FACDA002429
S21402CED0A6E70134E4B2A3E7F0630020636D002006
S21402CEE0F263002090420020FB63002008B512F097
S21402CEF0B8F8074B1B88C01A80B2B0F5807F05D9F8
S21402CF00BDE808400021034811F0BCBD08BD00BFC3
S21402CF10965C0020306C00202DE9F04788B004466D
S21402CF200D460FF096FE0146204606F04BF910F02D
S21402CF30030340F0848010F00C0F06D129462046E9
S21402CF4008B0BDE8F047FFF771BC20460DF01CFCA8
S21402CF50C10659D420460FF07CFE0146204606F054
S21402CF6031F9074620460DF01CFD0646023012F047
S21402CF7062F905A98046204607F00C0796F806A037
S21402CF800FF06DFF73780C2F0CBF032706270121C5
S21402CF9013F0010F204618BF032711F0BFFC2B4BDE
S21402CFA081461B78033B012B1DD9BAF1010F1AD912
S21402CFB04FF6F773984502D8337A1F2B13D9301DD4
S21402CFC012F039F9F17982460EF0F1F8064650462B
S21402CFD0F7F726FDDEB173685A1C04D0834340F689
S21402CFE0284308BF1D461A4B1B88A34212D1B5FA26
S21402CFF085F04009FAF7A6FD20460DF0F3FB002265
S21402D0000146072012F0E0F808B0BDE8F08740F6C7
S21402D0102845E8E706F056FA8246484611F062FCD2
S21402D0200646484611F042FCF6B20290424639469F
S21402D0302846CDE900A605AB0BF0E7FDDCE7012BA1
S21402D040E2D110F00C0FDFD178E700BF2E6300208C
S21402D0508C5C0020002210B5094B1C78094BD1B21B
S21402D0608C4201D8002010BD197A814202D19979EA
S21402D070022902D010330132F1E70120F3E700BFA4
S21402D080F2630020904200200146002210B5084BB1
S21402D0901C78084BD0B2844201D8002010BD187A02
S21402D0A0884202D198790128F8D010330132F1E78C
S21402D0B0F263002090420020002210B40A4B1C7833
S21402D0C00A4BD1B28C4203D85DF8044BFFF786BBFD
S21402D0D0197A814205D19979012902BF0021198066
S21402D0E0598010330132ECE7F263002090420020B0
S21402D0F0044B1B6813F0300F03D0202130200EF0B3
S21402D10050BF704708470020002310B50446084960
S21402D1101A4601EA00414FF07F60FEF751FFE3072F
S21402D12003D5002130200EF03CFF002010BD00BFCA
S21402D13000007207044B5B8823F4784323F08D03C8
S21402D14003800020704700BF0847002008B5002271
S21402D1500346C3F80220C3F806200B4A02301268C0
S21402D160D1B212F0200F18BF41F0100119809307B8
S21402D17001D4FEF79DFF054B1B78023B032B8CBFA9
S21402D1801720002008BD00BF084700202D6300209E
S21402D19038B505460C46FDF72FFB98B10E4B1878AE
S21402D1A078B10E4B1B681A040FD58CB113F0420FE0
S21402D1B000D17DB103F44073B3F5407F0CBF00206D
S21402D1C0232038BD40F60840FBE740F60B40F8E760
S21402D1D02046F6E72320F4E72963002008470020CC
S21402D1E0F0B504468DB007A80D4616460BF019FE9C
S21402D1F01022002103A8EDF7A9FD5CB1234603AC7B
S21402D20003F11007224618685968083303C2BB4266
S21402D2101446F7D1012703A986EA070307A88DF863
S21402D2201C708DF81D300BF067FF80EA070401A81A
S21402D230E4B2EBF739FAB6B101A88DF80650EBF76F
S21402D2405FFA64B1002303A907A88DF81D300BF01E
S21402D25062FF0C4B1B78432B01D1F7F7CFFC0A4B2E
S21402D2601D700DB0F0BD01A88DF80750EBF748FA17
S21402D270002CF6D003A907A88DF81D700BF04BFF03
S21402D280EFE700BF2D63002028630020F0B50125DC
S21402D29093B007460DA80C460BF0C3FD05A90DA8D2
S21402D2A0ADF834500BF052FF01A8EBF7FDF909A9CF
S21402D2B00DA88DF835509DF806600BF047FF0DA8B7
S21402D2C09DF807500BF0D8FE70BB731BDBB2802BA9
S21402D2D028D91FB1A64225D0A54223D105A90DA85B
S21402D2E00BF019FF03A8EBF7DFF903A88DF80F6020
S21402D2F0EBF706FA0122294609A8FFF771FFF7F7AE
S21402D30033FD01214FF4007003F0E6FDFDF75CFAF1
S21402D310B0F1004F01D9FDF75DFA044B18780BF017
S21402D320DAFC012013B0F0BD0020FBE728630020E2
S21402D33070B50E46144605460320FFF765F946F01B
S21402D3400402294620460BF040FF0022014B1A60D9
S21402D35070BD00BF04470020F0B587B007880546B9
S21402D3601022002102A8EDF7F1FC3E4B1B78002BA1
S21402D37076D1BC055ED407F08403842B63D00022EA
S21402D380394C11461046FFF72BFF17F4045F27604F
S21402D39005F102061CD0B9040AD5304605F0A4F9F8
S21402D3A000284ED1236823F4005343F4807323608D
S21402D3B030460EF084FE002842D10BF02EFD18B93E
S21402D3C0236843F480332360236843F020032360FA
S21402D3D022680DF1060042F400432360FFF7AAFE1E
S21402D3E012F4805FBDF8063031D043F02003ADF86A
S21402D3F006302168334611F0400218BF05F12302B9
S21402D4004FF07F60FEF7DCFDBDF80630DA0703D585
S21402D410002130200EF0C5FD23689B0506D50122AB
S21402D42095F8221005F11200FFF7DAFE00200F4BE6
S21402D430186006E005F112000EF041FE00289AD0B0
S21402D440292007B0F0BDB80799D52320F9E723F0C5
S21402D4502003ADF80630FDF7BDF9FEF7BBFBC8E7C3
S21402D4600220EEE72D630020084700200447002034
S21402D47008B5054B1B7833B1FFF73AFEBDE8084006
S21402D4800248FEF731BE08BD29630020B0630020C3
S21402D49010B5154B1B78D3B1144B1B78033B012BED
S21402D4A015D900200FF0CEF8044698B1EAF7EAFB49
S21402D4B0237913F0300F0AD148B1012803F0CF02C6
S21402D4C006D0811E4B424B415B011343237110BDB4
S21402D4D01023FAE7F7F7DAF80028F8D021462046B4
S21402D4E0BDE8104004F096B8296300202E630020A1
S21402D4F008B50DF0F6FB054B18B91868C0F38000A6
S21402D50008BD1868C0F30050FAE700BF08470020BD
S21402D5102DE9F04F064689461046002189B0154689
S21402D520984605F04FFE102807460AD86A4B034174
S21402D530DB0706D4C8F340049DB9002009B0BDE855
S21402D540F08F664B1C78002CF6D0FFF7D1FF002830
S21402D5500CBF4FF4F0744FF4D074FC4004F0010496
S21402D560EAE74FF0000A18F0010F534652462946E2
S21402D5704FF00500CDF800A00CBF4FF0080B4FF49B
S21402D580027B09F09CFA0028D7D0C82332460093C3
S21402D59059465346284605F03DFEADF80E000028D3
S21402D5A0CBD018F0080A4AD14FF6F773A7F10F024C
S21402D5B0D2B29E428CBF09230123012A01D843F02E
S21402D5C04003474A8DF810301378591C11708DF8B5
S21402D5D01130002C4FD09DF81030052F43F0200359
S21402D5E08DF8103033D03F4B1D78002D5AD04FF6B1
S21402D5F0F77300259E424FF00F0248D9012304A973
S21402D6000DF10E00F5F736FD002896D1002C4DD10F
S21402D610BAF1000133463A4618BF0121BDF80E00A2
S21402D620CDF800900BF083FFADF80E00002884D0F2
S21402D63018F0040F4DD031460DF088FF7EE74946BC
S21402D6400DF10E0005F02AF80028ADD175E701218C
S21402D650BDF80E0011F062F9012105F0B3FD0123B9
S21402D660834013F0620F1CD11E4B1B78E3B14FF6BA
S21402D670F7731825BEE71B4B25461B780222002BA4
S21402D680BCD04FF6F7739E42B8D8052FB6D0BAF183
S21402D690000FB3D19DF8103043F040038DF81030E0
S21402D6A0ACE710250F22A9E71825FBE7BAF1000F11
S21402D6B00AD002234A46009029460DF10E00FEF7D4
S21402D6C09BFA0028A4D038E741235246CDF800A0A2
S21402D6D0F2E70DF025FF31E79FFEFEFF29630020EB
S21402D6E02A6300201B6300202DE9DF431E46144BED
S21402D6F080461B680F469B0791460A9C1BD4204611
S21402D70014B10BF0FCFEC0B20622CDE902403B4645
S21402D7100020CDE900890B490FF01BFA024650B1F2
S21402D7200021002E0CBF01230323084604B0BDE8E7
S21402D730D043FFF7EDBE002004B0BDE8D08300BFA3
S21402D740084700208A8E04002DE9F04F8DB08146EE
S21402D7508A461F4693469DF85C803AB903A8FEF7B0
S21402D760A7FCB0BB00200DB0BDE8F08F1546002226
S21402D770232110460DF030F9ADF80A000028F1D04A
S21402D78011F094F80523044618F0100F00F8023B37
S21402D790677020D011220021EDF7D8FA04F11306A3
S21402D7A0032F4FF0080237D159463046EDF720FBDB
S21402D7B0C8F3801306F1090533720BF09CFE0028AD
S21402D7C03ED000232B706B700123033505F8013C15
S21402D7D036E003ADCBE7012610221699EDF708FBDB
S21402D7E006FA07F313F0620F02D104F11206D7E726
S21402D7F007A80BF016FB05A88DF81C60EAF754FF85
S21402D8009DF8162018F0200F9DF8173008BF134613
S21402D81004F11306A374C3E751463046EDF7E8FA5F
S21402D820012306F10802121B28460093BDF80A10CF
S21402D830082392B211F000FE042F06F11005BCD0A8
S21402D8402D1BA9B20DF10A000FF0EBF8002889D1C2
S21402D85018F0040F0BD0484611F048FAFF281FBFF5
S21402D860074A32F8103023F4804322F81030434639
S21402D87051464846BDF80A20FFF74AFE73E700BF46
S21402D880205C002070B5032690B08DF807600DF07E
S21402D89028FA18B90224204610B070BDF5F78AFDA2
S21402D8A00028F7D002AD2846FEF702FC0028F1D089
S21402D8B01B4B1C6814F00204ECD140F20F43194AC9
S21402D8C0ADF82430136804A8CDF826305368CDF896
S21402D8D02A300BF0A6FA95E8030005AB83E80300AE
S21402D8E0062304A88DF81D308DF81060EAF77EFE38
S21402D8F001210DF12E020DF10700EAF7CFFD2246B7
S21402D9001A2109A80DF068F8024608B91924C2E7D8
S21402D910012329462046FFF7FBFD0028BBD1F5E789
S21402D92008470020B06300202DE9F04F06460F4658
S21402D930002199B01F2210A803930F91EDF706FA63
S21402D94030460FF086F90146304605F03BFC8DF86E
S21402D9501B0030460DF025F89DF81B3045788146B1
S21402D960C5F340059806304648BF45F002050FF05D
S21402D97065FA0446304610F0B5FF0023001B5FFA36
S21402D98080FA00935346232B28BF23232246314690
S21402D9900FA811F051FD002840D19E4B9DF83C8007
S21402D9A01B789DF83DB0002B3BD0FFF7A1FD002869
S21402D9B00CBF4FF4F0734FF4D07323FA08F3D90771
S21402D9C02FD5AA072DD4B8F1080F24D1BBF1040F26
S21402D9D024D1FAF797FD08BB01232246009331466D
S21402D9E005200DF11B0309F047F8B8B1A8F10508A8
S21402D9F0B8F10D0F12D8DFE818F02800A001C70111
S21402DA00EC01F5011100110011001100FB019D024D
S21402DA10A902D702D702B8F1050F08D019B0BDE89F
S21402DA20F08FB8F1100F05D1039B002BF6D0FAF752
S21402DA3069FDD1E7FAF766FD0028CDD0B8F1050FEB
S21402DA40CAD0B8F1110FC7D0E8E7BBF1050FE5D889
S21402DA5030460CF009FF059009F1020011F0EBFBCD
S21402DA6081460DF11E00FFF765FB01239DF83D7010
S21402DA70BB4013F06203039305D0BDF81E309B072C
S21402DA8001D5AE07CAD50DF02CF90028C6D0FAF794
S21402DA9039FD08B9002DC1D00DF13E0A50460EF0F0
S21402DAA00EFB039B0490BBB1032F9DF84EB01AD118
S21402DAB00DF14F040DF015F9814540F01781032D45
S21402DAC0ACD19DF856105246003918BF01210DF10F
S21402DAD04E000BF039FDA1E7032FDDF80CB07BD129
S21402DAE00DF14E04E6E74C4B1B689C0729D5FF2236
S21402DAF008210DF157000DF086F8804608BB034654
S21402DB0001460DF157020220FEF75AFA0DF0E9F827
S21402DB1081450DF157060DF14F0422D04FF6F773EB
S21402DB20994540F2E8800022082120460DF06BF865
S21402DB30002800F0E080002259465046FFF750FBCE
S21402DB406CE70DF157060DF14F0430460EF051FA10
S21402DB50002846D00DF0C5F8814540F0C8804FF049
S21402DB6000082046F6F70EF9002800F0C080012FC4
S21402DB7058D0042F7FF452AF0EF05EFA10B1032D88
S21402DB807FF44CAF049B002B7FF448AF3246022151
S21402DB905046FFF7CDFB214B1B7863B1FFF772FEB1
S21402DBA0FEF72CFD022806D10120FEF721FD0121F9
S21402DBB00846FEF799FB1A4B1B78022B1FD103214E
S21402DBC030460BF08AF8FEF719FD014600287FF46E
S21402DBD025AFFEF789FB21E70DF156060DF14E043F
S21402DBE0B3E70F4B1B78432B7FF418AF012F7FF45C
S21402DBF015AF0DF076F8814579D1B846B1E7412BDD
S21402DC007FF40CAF044B1B6858057FF507AFF8F797
S21402DC1061FC03E72963002008470020E263002036
S21402DC202D630020B64C2378022B22D02378412B7A
S21402DC303FF4F4AE049B33B9FAF764FC5946024645
S21402DC405046FFF7CDFAFAF75DFC00283FF4E6AE41
S21402DC500EF0F2F9AB4F98B13B681A0502D423785E
S21402DC60432B0DD1AB070BD440F61A40F7F7E0FB77
S21402DC70D4E60EF0E1F90028D8D0A907D6D4CDE62E
S21402DC80386810F0020002D1059903F0C3FC23782D
S21402DC90112B16D13B685F0513D50020FEF73AFB21
S21402DCA0044600287FF4BAAE0DF0F3FA40F61C40A4
S21402DCB0F7F7BEFB21462046FEF716FBF7F7C4FB36
S21402DCC0ACE6AC0701D5FFF713FAB8F1000F9ED009
S21402DCD00BF0A3F818B94FF480310EF062F9002267
S21402DCE0894B30461A600EF07BF990E70026039BBC
S21402DCF0002B7FF413AF4FF6FF73204608A9ADF84A
S21402DD002030F5F791FF20B120460CF0C5FFADF8A4
S21402DD1020004FF6FF73BDF8200098423FF47EAE17
S21402DD20049B3246002B0CBF042315232146CDE963
S21402DD3000A33B46FFF708FD70E60CF0D2FF002872
S21402DD407FF46CAE714B1B78002B3FF467AEA807CE
S21402DD5004D46C4B1B6899013FF560AEBAF10C0F08
S21402DD600DF1450094BF002412AC11F064FA02468D
S21402DD709DF8470003283FF651AE394600940DF150
S21402DD803D0304F00BFA49E60DF13D00F5F7FAFF04
S21402DD9028B1022239460020FAF740F83EE65C4BEC
S21402DDA01B78013B012B3FF639AE0DF13D0002F028
S21402DDB075FD4FF6FF739842044606D10DF13D00FD
S21402DDC00CF06AFFA0423FF429AE0021FAF736F9BA
S21402DDD024E6EA077FF522AE2A4638460FA904F063
S21402DDE0DBFA1BE69DF83D100120FFF74FFA15E619
S21402DDF0474B1B78013B012B3FF610AEEB077FF536
S21402DE000DAE0DF13D0002F049FD4FF6FF7398424C
S21402DE100546804640F080800DF13D000CF03CFF48
S21402DE2040450546074677D10DF13D00F6F71CFC46
S21402DE30B84205463FF4F2AD304610F053FD0022DC
S21402DE400934E4B2071BFFB2394610460CF0C4FD93
S21402DE50ADF81C0000283FF4E1AD4FF001090023A5
S21402DE602A460821CDF8009005F0D4F9ADF81E0038
S21402DE7000283FF4D3AD214630460EF0B6FF4FF0F1
S21402DE80000A80461622514609A8CDF820A0ECF7D3
S21402DE905DFF434622463146CDF800A008A811F0A1
S21402DEA0CBFA4B46424608A90DF11E00F5F7E2F8FA
S21402DEB000287FF4B3ADA7EB0807FFB2394607A8E0
S21402DEC00EF0AFFD284610F011FFFF2818BF114ACA
S21402DED0444418BF32F81030E4B21CBF23F4804327
S21402DEE022F81030BDF81C00234632460021009767
S21402DEF00EF0BFFD2946BDF81E000DF027FB8DE58E
S21402DF002D630020084700200447002029630020D4
S21402DF102E630020205C0020284610F0E7FEFF2833
S21402DF20074689D0F6F7C6FD002885D0384603F0A6
S21402DF3099F881E71E4B1B78013B012B3FF66EAD2D
S21402DF402A4638460FA9FCF7C9F967E5194B1B782C
S21402DF50022B20D1002F7FF461AD08A8FEF7A8F8A7
S21402DF6000283FF45BAD144B1F709DF83D30002B2C
S21402DF7014BF64246524FEF741FB032806D1384605
S21402DF803946FEF7B1F93846FEF73EFB214608A8A9
S21402DF900AF0A3FE42E5043B012BDBD938460BF020
S21402DFA0BCFA0028D6D139E530460BF0B8FA35E58A
S21402DFB02E6300202D630020E26300202DE9F3414A
S21402DFC005460E46174698460EF036F8044640B109
S21402DFD001233A4631462846CDF80080FFF784FBF7
S21402DFE004460EF029F830B1FFF782FA78B10A4BF0
S21402DFF01B689B010BD400233A4631462846CDF8CF
S21402E0000080FFF771FB002C0CBF0446012404F0CD
S21402E010010002B0BDE8F0810847002070B58AB062
S21402E02005A80AF0FEFE022301AA15468DF8143052
S21402E030084B03F11006144618685968083303C4DF
S21402E040B3422246F7D1294605A80BF055F80AB086
S21402E05070BD00BF37DB0400014B1878704700BF65
S21402E060A46D0020014B1888704700BF186D002071
S21402E0704FF6FF732DE9F043994280460D4685B070
S21402E0800BD000274FF6FD791C4EE9F7D1FDFCB206
S21402E090A0420BD84FF6FF701DE0F5F773FE00287E
S21402E0A0EFD005B0BDE8F0430CF01BBE36F81430D6
S21402E0B04B4517D8694620460EF005F80822414619
S21402E0C00DF10500EDF78EF94FF6FF7360B99D422C
S21402E0D004D136F8140005B0BDE8F08326F81450D3
S21402E0E00DF0BAFF0137D0E79D42FBD036F8143068
S21402E0F0AB4208BF26F81490F4E700BF7859002018
S21402E1002DE9FF4706460F4600254FF6FD79DFF854
S21402E1103C80DFF83CA0E9F78BFDECB2A04202D8C7
S21402E12004B0BDE8F08738F814304B450CD8694681
S21402E13020460DF0C8FF082231460DF10500EDF726
S21402E14051F908B90AF804700135E4E77859002055
S21402E150D9620020014B33F810007047785900202E
S21402E160F0B5064600250D4F85B0E9F761FDECB225
S21402E170A04201D805B0F0BD37F81430B3420BD137
S21402E180694620460DF0DBFF9DF80030022B1CBFCF
S21402E1904FF6FD7327F814300135E6E7785900206C
S21402E1A030B585B004460D46E9F742FDA0420FD9C8
S21402E1B0084B33F814204FF6FD739A4208D8694686
S21402E1C020460DF0BCFF29460DF10500FFF750FF73
S21402E1D005B030BD7859002030B585B00446E9F761
S21402E1E027FDA04219D92046FEF734FF0546B0B9EE
S21402E1F0694620460DF067FF9DF800302BB1694650
S21402E20020468DF800500DF07CFF4FF6FF7200207E
S21402E210044B23F8142005B030BD2820FBE740F657
S21402E2200440F8E7785900202DE9F0410B780546BE
S21402E2300E461BB9BDE8F041FFF7CEBFE9F7F8FC82
S21402E240A84231D92846FEF705FF78BB374617F8AD
S21402E250058B4FF6FF713846FFF70AFF044638462D
S21402E26000F01EFAB0FA80F04009B8F1000F15D09F
S21402E270B8F1030F15D04FF6FF724FF6FD739442B6
S21402E28008BF1C460B4B314623F815400A4B58551F
S21402E29028460DF036FF0020BDE8F0814FF6FF74E9
S21402E2A0F0E74FF6FE74EDE72820F5E740F6044067
S21402E2B0F2E700BF78590020D96200202DE9FF411D
S21402E2C00D4604464FF6FE780F4F0E0AE9F7B0FCED
S21402E2D0A04204D8FF24204604B0BDE8F08137F8F7
S21402E2E0143043450CD1694620460DF0ECFE9DF8ED
S21402E2F00520EBB29A4203D19DF80630B342EAD02B
S21402E3000134E4B2E2E700BF785900202DE9F04F6D
S21402E3100C461746984600254FF6FD7B87B09DF8BB
S21402E32040A0DFF85C900190E9F782FCEEB2B042C2
S21402E33001D8FF2616E039F816205A451ED8304670
S21402E34002A90DF0C0FE3FB99DF80920424515D13D
S21402E3509DF80C20524511D144B939F81620019B7C
S21402E3609A420BD1304607B0BDE8F08F082220460D
S21402E3700DF10D01EDF736F80028F3D00135D3E79D
S21402E3807859002010B514460DF09DFE2046BDE8D3
S21402E390104008220149ECF72BBD00BFB0630020F5
S21402E3A02DE9FF47074615460846082224491E4619
S21402E3B0EDF718F8044600283FD14FF6FF7ADFF84B
S21402E3C08490E9F735FC5FFA84F880450BD385B371
S21402E3D0384608F032FC01250C9B18700120357077
S21402E3E004B0BDE8F08739F8183053451FD06946A7
S21402E3F040460DF068FE7A789DF801309A4216D1B2
S21402E4007A88BDF802309A4211D13A799DF80430E2
S21402E4109A420CD108220DF10501781DECF7E2FFB5
S21402E42028B9002DD7D1404608F022FCD3E70134A4
S21402E430C7E7FF2008F01CFCCEE70020D0E700BFAD
S21402E440B063002078590020F0B50025154E164F0F
S21402E45085B0E9F7EDFBECB2A04201D805B0F0BDFD
S21402E460694620460DF02FFE9DF80030032B06D994
S21402E4700023694620468DF800300DF042FE9DF8D6
S21402E480002062B14FF6FD734FF6FE71032A08BFF5
S21402E4900B4626F81430002301353B55D9E74FF6D4
S21402E4A0FF73F6E778590020D9620020F8B50E46C9
S21402E4B004464FF6FF770C4B0C4D1B7803EB4303D9
S21402E4C005EB8305A54202D800242046F8BD238822
S21402E4D0BB4206D008223146A01CECF783FF002878
S21402E4E0F3D00C34EEE700BF656D0020B85800206C
S21402E4F0044BFF211A78044802EB42029200ECF722
S21402E50025BC00BF656D0020B8580020F8B504464B
S21402E5100C4B0D461B781046A3420DD90C27022140
S21402E52017FB04117C43084E08223144ECF760FCCA
S21402E530335B00202B80F8BD0023136053604FF638
S21402E540FF73F6E7656D0020B858002038B504461C
S21402E5504FF6FD75FFF704FE0022084B1878084BAD
S21402E560D1B2884200D838BD33F80C1C0132A14221
S21402E57008BF23F80C5C0C33F2E700BF656D002081
S21402E580C458002070B505460E460846FFF7DEFF63
S21402E59031462846FFF76CFD29460648FFF786FFF8
S21402E5A000B970BD044624F80C6B0DF055FD2946E3
S21402E5B02046F3E7B858002010B5082286B0234953
S21402E5C00446ECF70FFF20B906B0BDE810400CF089
S21402E5D088BB082220461E49ECF704FF20B91D4BD3
S21402E5E0B3F8680006B010BD0023012221464FF69C
S21402E5F0FF700093FFF78AFEFF2806D0164B33F80B
S21402E60010004FF6FB739842ECD903A8FEF79EFD66
S21402E61058B9BDF80C305B0607D5082221460DF125
S21402E6200E00ECF7DFFE0028DCD021460B48FFF791
S21402E6303DFF40B14FF6FB724FF6FF7300889042E3
S21402E64088BF1846CEE74FF6FF70CBE7B0630020D0
S21402E650F25400208854002078590020B858002030
S21402E66070B5002204464FF6FB7608460A4B1D7824
S21402E6700A4BD1B28D4201D8002009E01988B14276
S21402E68007D8A14205D10822991CECF7B1FB01205C
S21402E69070BD0C330132ECE7656D0020B8580020DF
S21402E6A037B5014605460E48FFF700FF044640B15F
S21402E6B0807A29460DF067FD80F00100C0B203B0F3
S21402E6C030BD03460090012229464FF6FF70FFF741
S21402E6D01DFEFF2816BF034B2046185CE9E700BF65
S21402E6E0B8580020D96200202DE9F341224B044697
S21402E6F01B780F468342154638D9FEF7C5FCB8BBD1
S21402E7004FF6FD739D421D4E0ED004EB440326F8D1
S21402E71023504FF6FF739D421FD12046FEF7CCFCD6
S21402E720002002B0BDE8F0810DF106013846F5F78B
S21402E7307BFA4FF6FF72BDF806303846934218BF92
S21402E7401D460C236343F55206EB0308FFF7A8FFAA
S21402E750B0FA80F0400988F80A000C2303FB046034
S21402E760082239460230ECF743FBD9E72820D8E7DF
S21402E77040F60540D5E700BF656D0020B85800207A
S21402E78038B504460D46FFF7BBFC21460448FFF7A2
S21402E7908DFE00B938BD857221460C30F7E700BF02
S21402E7A0B85800200023074A1370074A1370074A16
S21402E7B0118801B11380064B1A880AB100221A800A
S21402E7C0704700BFF4630020F36300209C5C0020C7
S21402E7D09A5C00202DE9F04F4C4C9846238889B06D
S21402E7E005900F4610469DF848A05BB952B10EF050
S21402E7F031F920804FF4FA61454809B0BDE8F04F80
S21402E80010F040B9DFF81C91B9F80050002D69D01D
S21402E810284610F067F8C0F34704284610F046F87A
S21402E820DFF804A10294BAF80030DFF800B10193D1
S21402E830BBF80030054600930022434601203549C6
S21402E8400EF087F9ADF81E0010B305EB440801245C
S21402E850454512D1E4B9BDF81E50CDB12E4B1B78FA
S21402E8602BBB2B4600223946059800F043FA0023BC
S21402E870ABF80030AAF800300AE0012329461A460F
S21402E8800DF11E00F4F7F6FB023504460028DFD031
S21402E8900023224AA9F800301378013BDBB213703A
S21402E8A0002BA7D109B0BDE8F04FFFF77BBF0CF0F5
S21402E8B0E1F90146284604F085FC0A2180462846EE
S21402E8C004F080FC0646A64202D8FF2CCFD1C8E749
S21402E8D0284604F10B0104F075FC8045C1D80134CA
S21402E8E0E4B2F0E70E4C237823B910F0AFFA08B979
S21402E8F001232370524641460520F5F757FC0028AF
S21402E900D0D1207009B0BDE8F08F00BF9C5C00201B
S21402E910506C0020908E0400F5630020F463002003
S21402E920F36300209A5C0020345C0020365C0020F2
S21402E93030B5154D87B02C889CB923464FF4A0728B
S21402E94048F2380103A80DF001FD21462046F9F7EA
S21402E950F3FB22460D4B009403A9FFF73BFF07B0DB
S21402E96030BD20460CF01DF8043010F064FC03A9FC
S21402E970044628880EF073FA0023009320462A885D
S21402E98003A900F065FBEAE79C5C002000F8FF079D
S21402E99037B5002001A9F9F7CFFB0D4C01462378C5
S21402E9A00C4D7BB10C4B019A1878F9F7DBFB2078FB
S21402E9B0F7F716F9002323702B700848F4F706FCC5
S21402E9C003B030BD2B78002BF7D0FFF7B1FFF4E78A
S21402E9D0F7630020F4630020F6630020506C0020EA
S21402E9E008B50548F4F702F90448F4F7FFF8BDE85D
S21402E9F008400348F4F7FAB89C5C00209A5C0020B2
S21402EA00985C00202DE9F04F89B089460446CDE98E
S21402EA1005239DF84870139E30B316F801ABBAF181
S21402EA20000F23D00AF1FF34A400E4B231460120DD
S21402EA300AF0BBFDC00E1BD1DFF838B1314601200B
S21402EA400AF0B3FD9BF8005034442279BDB1002F82
S21402EA5047D180234846CDE90277CDE900773E4A82
S21402EA60059900F047F93CE08246DFE75446DDE7C9
S21402EA701B28ECD9314601200AF097FDE7E7DFF8BC
S21402EA80F880FF2A00EA08080BD14246E379A1790A
S21402EA90607901EB032189B209B0BDE8F04FF9F7BE
S21402EAA061BB2E4909688B070AD5FE2A35D1012398
S21402EAB00135EDB2202D4FEA43030AD1FF250AE0C5
S21402EAC0294628460792F9F737FB4845BFD1079AE9
S21402EAD0EBE79845ECD1224B1B78FF2B04D0AB42D8
S21402EAE004D009B0BDE8F08FFF2DFAD029460020E9
S21402EAF0F3F774F80028F4D09BF800306479002B02
S21402EB00EFD1FFF74FFE17484FF410510FF0BAFF40
S21402EB10154B8BF800501C70E3E7052A97D8BAF11C
S21402EB20010F94D8B8F1000F91D0002FD9D1737984
S21402EB30002BD6D00D49098821B9082B28BF0823F7
S21402EB400B490B70434648461292DDE9051209B09E
S21402EB50BDE8F04FFFF73EBE908E04000847002047
S21402EB60A56D0020506C0020F66300209C5C0020FF
S21402EB70F4630020F763002000F8FF07014B1880BB
S21402EB80FFF7D6BE9A5C002037B5184B1B78022BCF
S21402EB9003D01725284603B030BD00210DF107002B
S21402EBA0F4F798FC05460028F3D1114B1B78013B7D
S21402EBB0012B01D90225EDE7F4F7F6FB0028F9D080
S21402EBC009F0D3FF0446F4F7EFFB0A4B4FF47A71D1
S21402EBD018700B23B4FBF3F203FB12440A34A4B2FC
S21402EBE0614305480FF04EFFD4E700BF2D630020B7
S21402EBF02E6300201E630020344600202DE9F043D9
S21402EC00384B00241E784FF4F813374FA5B0039301
S21402EC103D78ADF81040F7F78FF8BDF90E30ADF835
S21402EC201200A342ADF8144006DB304B1C780134C8
S21402EC30E4B21C7044F080048DF82C40A9460224ED
S21402EC404FF000088DF82D60B14529D300222146E9
S21402EC500BA83D708DF82D800BF0BEFEE8B1B8F122
S21402EC60000F09D000234FF6FC71CDE9000303AA7A
S21402EC70FF230620FBF7EAFFB5422FD209F075FF05
S21402EC800B23B0FBF3F24FF47A7102FB13000A3047
S21402EC9080B2414316480FF0F5FE25B0BDE8F0837A
S21402ECA0484606A902F004FA98B9512C11D804F184
S21402ECB090030DEB0302083406AB013508F1010898
S21402ECC003CBE4B242F8640C42F8601CEDB25FFA81
S21402ECD088F809F101095FFA89F9B5E70448F4F7FB
S21402ECE075FADAE71E6300201F630020F96300202E
S21402ECF0344600200CB42DE9F04F8BB014AA0E4611
S21402ED0052F8041B07460992002940F08F80BDF88E
S21402ED105400ADF82200002800F0A18033794FF6A7
S21402ED20F778002B40F0868047458CBF4FF00908E5
S21402ED304FF008084C4B1C78FF2C40F08380B6F945
S21402ED400230002BA9BF494B347A1C780134A2BF8B
S21402ED50E4B21C7044F08004DFF81CB122460021A5
S21402ED6004F044FA9BF80030BDF82200002B6CD069
S21402ED70DFF808A14FF00009BAF8003007930FF049
S21402ED80B1FD0546BDF822000FF090FDEBB2CDE9CD
S21402ED900193FF23CDE90309009322463346394601
S21402EDA00798FCF7F1F84FF6FF7305468BF80090CC
S21402EDB0AAF80030382D33D13246394640460DF196
S21402EDC022030AF0B2FB00284BD04FF6F7739F429D
S21402EDD026D8B6F902307088002B21DA48F20402EF
S21402EDE02349244B4FF00008904214BF89469946A7
S21402EDF00BF077FF494603468A220120CDF80080B1
S21402EE000DF0A7FE814658B12246414604F0EEF9BF
S21402EE10FF23324639464046CDE90098FBF716FFF7
S21402EE2028460BB0BDE8F04F02B0704701200DF047
S21402EE306DFE6EE7002347458CBF4FF006089846E6
S21402EE40337177E7FF221A7086E7CDE90003324670
S21402EE50FF2339464046FBF7F9FE0546AAE7192581
S21402EE60DEE70546DCE700BFA76D0020F963002059
S21402EE70A18E0400968E0400F86300209E5C00209B
S21402EE8070B54FF4003300240546164688B0ADF838
S21402EE901A100DF10F0204A90593ADF81840ADF84B
S21402EEA01C4004948DF80F400AF016FB9DF80F30B4
S21402EEB028460193049B044A009305A93346FFF7AC
S21402EEC019FF08B070BD00BF9A8E040030B54FF42B
S21402EED08035002487B00395BDF82850CDE900128E
S21402EEE08DF81030074A034603A9BDF82C008DF8AA
S21402EEF01140ADF81250ADF81440FFF7FBFE07B014
S21402EF0030BD00BFA68E0400B1F1006F2DE9F043BC
S21402EF1014462CBF392238228BB01D464FF0000310
S21402EF20ADF81E204FF480022CBF4FF0010999461F
S21402EF30FF2C0646ADF81C300892ADF824304FEA96
S21402EF4011471FFA81F80FD10CF061FAB9F1000FE0
S21402EF5019D1154ACDE9020543463046CDE900747B
S21402EF6007A9FFF7C7FE1AE0FE2C0AD10CF04FFAEB
S21402EF700130C0B20CF056FAB9F1000F12D00B4AAB
S21402EF8002E0E8B2F8E70A4ACDE903050123304673
S21402EF90CDE90174CDF8008007A9FFF7ABFE0BB0F0
S21402EFA0BDE8F083034AD5E79E8E0400A48E0400D3
S21402EFB09D8E0400A58E04004FF498124FF08063D5
S21402EFC010B586B0CDE903230023ADF814300BF05C
S21402EFD088FE0446F6F7B0FE054B01900093054AFC
S21402EFE0234603A94FF6FD70FFF784FE06B010BD58
S21402EFF0B0630020AA8E040008B5064B1B78022BCD
S21402F00002D0043B012B03D8FFF7D6FF002008BD31
S21402F0100220FCE72D63002030B500244FF4806503
S21402F02087B0CDE900128DF81030084A034603A9CE
S21402F0304FF6FD708DF811400394ADF81250ADF8FE
S21402F0401440FFF757FE07B030BD00BFAE8E040077
S21402F0502DE9F04F9BB00E4605460EA91046CDE9A7
S21402F0600A329DF890700DF0C9F8BDF838A08046B7
S21402F07050460FF037FCB6F902300446002BB6F8BD
S21402F0800690B6F802B004DA0022B24B1A700020DC
S21402F09049E050460FF026FC4045F5D3A4EB0804A1
S21402F0A0E3B2002F18BF4FF4A079152B099328BF9F
S21402F0B015230024013308F1FF325146DBB292B227
S21402F0C0009414A810F0B8F96FEA4B436FEA534362
S21402F0D0A1499DF8502008684968ADF846300FAB44
S21402F0E003C3ADF84840ADF84440ADF84A90ADF8D9
S21402F0F04C20BBF1000F24D10DF15100F4F742FE73
S21402F100A0B10BF0EEFD5C4606460DF1590A0DF174
S21402F11051030A9A9AF80080012A2DD157B384F037
S21402F120010404F001001BB0BDE8F08F0DF15100A0
S21402F13001F0B4FB4FF6FF74011B4C4206464C41ED
S21402F140E3E7BBF1010F40F09480BDF851600BF08D
S21402F150C8FD86420AD030460FA90DF025F980F088
S21402F1600104E4B20DF1530A0FABD2E77B4B0DF16B
S21402F170530ACEE70A9CD4E797B3002C75D1B8F1B0
S21402F180010F72D837D10BF0ACFD0BF0AAFD224668
S21402F19006469AF80170714B00210120CDE9006104
S21402F1A002976F490DF0D5FCADF83A0000285CD006
S21402F1B0002C53D1B8F1010F50D12646DFF8B8A182
S21402F1C09AF800305FFA84F8434538D940460FF083
S21402F1D0E5FDC20702D5BFB1013FFFB20134EFE73A
S21402F1E0B8F1010F05D1002CCDD081229AF801701A
S21402F1F0D2E7002CF9D1B8F1010F94BF0022012208
S21402F2009AF80170D201C7E7404601F017FB0123C6
S21402F210ADF8340002220DA90DF13A00F3F72AFFE9
S21402F22018BBBDF83A000FF05DFB804648460CF06E
S21402F23057FE08F1010801368045F6B2CEDBB6B1BC
S21402F24032460C21BDF83A0003F0D0FF00222846D1
S21402F250BDF83A3011A9FFF74DFD06E00C210DF17D
S21402F2603A000DF0DEFB0028F0D001205BE70D210E
S21402F270F5E70A9B002B7FF40AAF7388342B57D12D
S21402F280099B092B7FF403AF002F7FF400AF9DF993
S21402F29059603A46B41008210DF1510004F02004DA
S21402F2A00BF0B1FCD0B12F4B1B78012B3FF4EFAE25
S21402F2B0022B27D12C4B1B6813F0807F25D12A4BBB
S21402F2C01B685B0201D5002E30DA00232846274A47
S21402F2D011A9FFF70FFD264B1C70D8E60DF1510061
S21402F2E0F4F750FD0028DED10DF1510001F0D6FAF8
S21402F2F04FF6FF73984208D02146F8F79FFE034662
S21402F30018B903E0033B012B06D9C8232846174A3F
S21402F31011A9FFF7EFFCBAE6164BB3F86830AB421A
S21402F320CDD0114B1B6813F0805FC7E78D23EDE746
S21402F330099BCDE9059204930DF15103CDE90283B1
S21402F34031462846CDE9007A0B9B11AA00F058F800
S21402F3509DE600BFEC630020E4170400B0630020C3
S21402F360B28E04002E630020084700209445040055
S21402F370A66D002088540020726D0020024B18787B
S21402F38040F08000704700BFF963002038B50A4B92
S21402F39005461C7824B10BF0A4FCB0FA80F464098C
S21402F3A0F8F72AFF08B144F04004E8F74DFC44EAB7
S21402F3B04020284038BD00BF29630020014B18803A
S21402F3C000207047206D00204FF6FF71034602882A
S21402F3D01B798A4217BF074901200A8041881EBF4F
S21402F3E0054A00201180FF2B1EBF044A002013701E
S21402F3F0704700BF1C6D00201A6D0020FA630020C3
S21402F4002DE9F04FB7B09946BDF80431439C0D93F1
S21402F4109DF8083183460E93BDF8143120460F93AB
S21402F4209DF81831B1F802A00F4690469DF800519B
S21402F43010930FF000FFBAF1110F064600F28A8011
S21402F4400BF04FFCB04200F08F80BAF1060F19D1D4
S21402F4504FF6FD739E423ED0DDB9BC4B1B78033B94
S21402F460012B36D930460FF041FCFF2814BF892302
S21402F470812300224146CDE900625846B44AFFF78E
S21402F48039FC06E02DB9BAF1030F08D8BAF1010F1C
S21402F4900AD80022AF4B1A7037B0BDE8F08FAAF137
S21402F4A00403022BF5D8D8E7A84B1B78033B012BA5
S21402F4B00DD930460FF01AFCFF2814BF892381238A
S21402F4C041465846A44A0096FFF714FCE1E780231B
S21402F4D0F6E78023CDE7A14B1B7859074CD40BF0F7
S21402F4E000FC0026034632460120994900960DF09C
S21402F4F030FB2379ADF86C000F930028CCD0DDE901
S21402F5000E320D9803EB42090FF0ECF95FFA89F917
S21402F51009F10507FFB28742BED239460D9803F0BD
S21402F52051FE109007EB40070D980FF0DBF987426B
S21402F530B2DADDE90F321343DBB2002B40F032823F
S21402F540002DA9D12F463A460421BDF86C0003F0DF
S21402F5504DFE76E1814BBAF13A0F1B7811D948F28B
S21402F5603B039A4508D014E07C4B1B785A070BD510
S21402F570AAF10403022B07D8FB8843F48043FB80DE
S21402F5808AE7BAF11B0F1ED8AAF102039AB2132A0F
S21402F5905ED9109B494602930F9B5046CDE9005315
S21402F5A00E9A5B4609F0A5FF0F287FF475AF01227D
S21402F5B0684B1A70694B1B789B0740F1D982002D65
S21402F5C07FF46AAFD8E7AAF11C021E2AE1D801A18D
S21402F5D051F822F0F9FD020093F5020093F50200BD
S21402F5E019FA020093F50200F9FA0200F9FA02008B
S21402F5F093F5020093F5020093F5020093F50200DC
S21402F60093F5020093F5020093F5020093F50200CB
S21402F61093F5020093F5020093F5020093F50200BB
S21402F62093F5020093F5020029FB020029FB020073
S21402F63095FD020093F5020093F50200AFFD02006D
S21402F64093F5020049FE02005FFE02006DFE020014
S21402F650132B9ED801A252F823F000BFADF602008B
S21402F66075F7020093F7020071F80200DFF4020059
S21402F67093F5020093F5020093F5020093F502005B
S21402F68093F5020093F5020093F5020093F502004B
S21402F69093F5020093F5020093F5020093F502003B
S21402F6A0B3F9020093F5020025FE020000241BAB0C
S21402F6B05A4648460E9900931DAB1D948DF86C4031
S21402F6C009F00BFF0BF00DFB204B05461B78012BB8
S21402F6D003D0022B14BF02240124E8F7B5FA162839
S21402F6E094BF0020012044EA4014F6F725FB1C4B89
S21402F6F00646B3F800A0FBF79FFA1A4B07464FF6EA
S21402F700FF70B3F80090FFF741FE174B9DF86C2090
S21402F7101988124B1B7813F002031CBF134B1B787D
S21402F7200B921D9ACDE90701CDE9093240234146E5
S21402F730CDE9014358460023CDE90579CDE9036AB0
S21402F7400B4A0095FFF7D6FAA6E600BF2E63002006
S21402F750968E0400EC630020A18E0400CE62002088
S21402F760206D00201C6D00201A6D0020FA63002018
S21402F770B88E04000BF0B5FAA34BA44A1B88CDE959
S21402F780400300234146584637B0BDE8F04FFFF726
S21402F790B1BAA4781DA9631EDBB2EF2B204610D99E
S21402F7A0F22C0ED008F095F982240BF09AFA002378
S21402F7B04146CDE90003964A23465846FFF79AFA91
S21402F7C06AE608F086F9002850D00BF08AFA9DF80F
S21402F7D078209DF87A100492BDF8762049000392AC
S21402F7E0BDF87420C9B2CDE901429DF879200346DE
S21402F7F05200D2B208320A44009201200022854901
S21402F8000DF0A7F99DF87930ADF86C008DF86730E9
S21402F81000283FF441AE002601230DF167011A4687
S21402F8201BA8F3F727FC054600287FF435AE9DF8A3
S21402F8306730EAB2934209D89DF87A308DF867307D
S21402F84016B1BDF86C3033E00126E5E731462046B6
S21402F85008F041F90123ADF8680002221AA91BA894
S21402F860F3F708FC01350028E1D015E683249CE76F
S21402F8700BF037FA044608F04DF9234600900022B2
S21402F880012063490DF065F900283FF405AE002516
S21402F8902C46ADF8740008F03DF9EEB2B0420DD831
S21402F8A022460421BDF8740003F0A0FCBDF87430B3
S21402F8B0002241465846FFF71DFAEDE5304608F0AD
S21402F8C006F9FF288DF86C000AD0012301341A4687
S21402F8D01BA91DA8E4B2F3F7CDFB00287FF4DCAD2C
S21402F8E00135D8E75046B4F8029008F0F0F8FF2841
S21402F8F08DF8680000F0CF821DA908F0EAF8BDF87E
S21402F90074304B4507D04FF6FF72914540F0C382E4
S21402F9101B0400F1C0829DF8793012930E9B0533CA
S21402F920DBB213930F9B1493002311934FF000093D
S21402F9304B4613E017934900139BC9B219440D981E
S21402F94089B20DF0A9F84FF0000A179B159012998C
S21402F9505FFA8AF28A4217D309F10109149A5FFA0A
S21402F96089F19142E6D39DF87A201292169A139262
S21402F970002B40F08582119B002B40F08C820123E5
S21402F9801193109B1493D1E711999DF86800179371
S21402F99008F0A1F8159A179B0AF1010A824208BFDD
S21402F9A00123D4E709F106095FFA89F3374616936D
S21402F9B072E2A71C39463046A57A09F0EEF8012213
S21402F9C039463046FAF7D4FB30460CF043FE38464A
S21402F9D000F064FF2288824207D04FF6FF72904200
S21402F9E003D00FF083F90CF075FD85F00804C4F31C
S21402F9F0C00421463846FEF7C3FE2146384637B0D5
S21402FA00BDE8F04F09F0A2BD1E6D0020C58E0400B1
S21402FA10968E0400C98E0400AD4B1B78033B012B67
S21402FA207FF63AAD0BF05DF958453FF435AD09F077
S21402FA309CF80B23B0FBF3F24FF47A7102FB13002F
S21402FA400A3080B24143A3480FF01CF8F3F7ACFC2F
S21402FA5000283FF421AD0123002218469E4994F85F
S21402FA6000A00DF076F8ADF8680000283FF414AD5B
S21402FA700026354634460E9B1BAF01330E93F2B278
S21402FA80524514D3002C3FF407AD01232A461DA984
S21402FA901AA8F3F7EFFA00287FF4FEAC22460221FA
S21402FAA0BDF8680003F0A2FBBDF8683000E74FF02F
S21402FAB000090E99D200D2B20A4408230D9938469C
S21402FAC0CDF800900FF0B8FC394648460FF0DEF845
S21402FAD0FF280FD0814B1B5C0F2B0BD997E8030036
S21402FAE005F1D8036B44643B83E803000835013410
S21402FAF0EDB2E4B20136C2E7002D7FF4CDAC1807B2
S21402FB003FF53AAD534622464146584603F066FE56
S21402FB1000287FF4C1AC842341465846704A37B069
S21402FB20BDE8F04FFFF7E6B823780F9810930CF075
S21402FB30D7F900210646584604F0BAF9644BBAF1E2
S21402FB40310F1B780746A3F103030BD1012B13D900
S21402FB50644B654A1B7812781344DBB20D93162366
S21402FB600E930DE0012B03D9604B1B780D9353BB0C
S21402FB70002D7FF491ACCEE701231621CDE90D319D
S21402FB800024109B224600930120234658490194E4
S21402FB900CF0DFFF00283FF47FACF61BF3B22646DC
S21402FBA0544FDFF85C911193ADF86C000F940D9BE7
S21402FBB0E5B2AB4209D832460221BDF86C0003F02A
S21402FBC015FB0F9AC0E40523CAE7162200211DA8DA
S21402FBD0EBF7BCF8BAF1320F3DD13B7903F00302E2
S21402FBE0032A21D18DF87620109B0136F6B2B34255
S21402FBF015D2BDF86C000EF075FE0E9B1844119BD4
S21402FC0098420CDC01230E9A1DA91BA8F3F732FAC0
S21402FC1000287FF441AC0F9B0133DBB20F93013413
S21402FC20083709F11209C2E7B9790029DCD132494D
S21402FC30C3F3C203CB5C1DA8012A08BF43F001032D
S21402FC4039888DF876300FF0F8FA79880DF177005A
S21402FC500FF0F3FAC8E71DA80BF05BFB4FF0FF337B
S21402FC60CDE91F331F4B1B78AB4261D999F804309C
S21402FC706F2BD4D828461FA9F4F7D0FF0028CED081
S21402FC801E4BB9F80020B3F8683092B9003B18BF93
S21402FC9001235B0143F004038DF8863002238DF8BE
S21402FCA08730B9F802301B0A11468DF8893021A830
S21402FCB0CEE79B1A18BF01235B0143F005038DF8BC
S21402FCC0863002238DF887300F238DF88830E8E7D8
S21402FCD02E63002034460020D38E0400D262002019
S21402FCE0944504002763002026630020706D0020E0
S21402FCF0D18E04008A5B002048DB04008854002072
S21402FD00105A00200132D2B2551EEDB22846139385
S21402FD1012920FF043F8DDE9122310F0010FF1D032
S21402FD2063490978611A994205D00133DBB2E9E7E3
S21402FD3001220023E8E75F4B1FA918782844C0B2C7
S21402FD40F4F76CFF00283FF46AAF284600F076FD11
S21402FD50129028460FF022F810F0010F129A0FD1D7
S21402FD6016238DF88630544B1B780133DBB20F2BEB
S21402FD7028BF0F238DF88830504B33F8153092E7A2
S21402FD80284612920FF00AF810F0020F129AE7D1E4
S21402FD901223E6E71A073FF5EFAB23465A464146DB
S21402FDA00F9803F073FD00287FF476ABE0E695B17A
S21402FDB0434B1B78033B012B7FF66EAB0AF091FF99
S21402FDC018B9BBF1000F7FF467AB207837B0BDE8F7
S21402FDD0F04FF5F721BE0AF084FF20B1384B1B78AE
S21402FDE0033B012B01D8802396E62B464146584614
S21402FDF0344AFEF77FFFE8E70AF073FFB0427FF46B
S21402FE004BABA01CF3F7BEFF00283FF445AB0AF04D
S21402FE1068FF04460AF065FF2B4B2C4ACDE94003E7
S21402FE202346AFE420460FF006FAFFF7AFFA0028A3
S21402FE303FF432AB4090002341465846244A37B03E
S21402FE40BDE8F04FFEF756BF4B46424659460020E5
S21402FE50CDE9405437B0BDE8F04FFEF7D3BD4B4670
S21402FE60424659460120CDE94054F3E72B464A461E
S21402FE7041465846409437B0BDE8F04F09F06BBB98
S21402FE8001231AA91A461BA8F3F7F4F800287FF4F0
S21402FE9003AB0137FFB2013607F03CFE5FFA86FA83
S21402FEA050453FF61FAD002F3FF44AABFFF74BBB62
S21402FEB0276300206B6D0020E1630020125C0020A7
S21402FEC02E63002094450400B0630020D68E040002
S21402FED0A18E0400F8B5164B04461D88154B20F873
S21402FEE0025B196879B10822EAF782FF124B0C20EE
S21402FEF01B78124EA372124B19780023DAB2914283
S21402FF0005D8FF2209E0C4F802104160EEE701338B
S21402FF1000FB03F7F75BAF42F0D10A4BE2721B78A5
S21402FF202373094B1B786373084B1B682361F8BD68
S21402FF30AC5C0020A4550020FB630020AC580020D7
S21402FF40656D0020DD630020DC63002090550020F4
S21402FF50F0B589B006460C4615460CF06FFF0DF15B
S21402FF600A02014630460CF001FE144F0346F0B971
S21402FF7001223A702288BDF80A102AB10246009081
S21402FF80072006F079FD90B103A8FFF7A3FFBDF89E
S21402FF900A000EF0A7FC0646BDF80A000EF086FC24
S21402FFA021460090F3B2284603AA08F028FE002352
S21402FFB0034A3B70136009B0F0BD00BFFC6300202B
S21402FFC0A455002073B5ADF806000DF106000AF040
S21402FFD015FD014608B102B070BD0DF106000AF02B
S21402FFE056FD04460EF062FCC67A002EEDD120467F
S21402FFF00CF0EBF9FF28E8D00EF0B8FE054BD3F86C
S2140300008850002DE1D03346224641213046A8478A
S214030010DBE700BF8854002073B5002200210C20C4
S21403002000F0C2FC002119480FF069F901250446C7
S214030030164E84B120460CF0C8F9FF2805D1214698
S21403004030460FF080F90446F3E7042200230095B8
S21403005000F07EFCF3E721460D480FF050F901252A
S21403006004460B4E0CB902B070BD20460CF0ADF939
S214030070FF2804D008220023009500F069FC2146DF
S21403008030460FF060F90446ECE700BFB05C002092
S214030090B25C00202DE9F84F10460E4617469946E7
S2140300A00AF08DFB254A264B0021B0F5006F14BFDE
S2140300B09046984640460FF022F94FF0000A044651
S2140300C0DFF880B00CB9BDE8F88FBC4228D12046D3
S2140300D00EF0ECFB857A80F80BA0013DEDB285723D
S2140300E016B13F2E00D02DBB0EF0D2FE054620469D
S2140300F00AF065FBB0F5006F4FF00002214615D1FC
S2140301000F480AF0E3FCFFF787FF28460EF0BBFE16
S214030110DBF8885025B14B463A4631460020A847BF
S214030120214640460FF00FF90446CBE703480AF092
S214030130CDFCEAE7FFF770FFF2E700BFB25C0020F2
S214030140B05C00208854002000232DE9F3470646C0
S2140301500F464FF6FF78284CDFF8A090ADF8063030
S21403016020460AF04BFC054648B9294620460FF0C0
S214030170C6F882460EF09AFB0389B34217D94C455C
S21403018001D1FFF749FF002120460FF0B8F80546D6
S21403019007F1FF3A5FFA8AFAD5B94C4516D1BDF88E
S2140301A00600FFF70FFF404602B0BDE8F0877B1E50
S2140301B0DBB2FD2BD4D9294620460AF068FC2A4632
S2140301C051460DF106000FF0A0F8C9E74C46C7E705
S2140301D0BAF1FD0F09D928460EF068FB03899B1B6D
S2140301E09BB2984528BF98460381294620460FF0C0
S2140301F0AAF80546D0E700BFB25C0020B05C00203A
S21403020008B50EF02EFF0B4AFF2113881080C31A81
S21403021098B2FFF799FF4FF6FF73014699420648D7
S21403022003D1BDE80840F2F7D1BFBDE808400EF0A1
S21403023029BC00BFB45C0020706C0020174B00285C
S2140302402DE9F041164D18BF1D460F4628464FF0C0
S21403025000010CBF4FF008084FF002080FF04FF8EC
S214030260044610B92046BDE8F08120460EF01EFB7A
S214030270C37A064623B1214628460FF064F8EFE713
S21403028020460AF0CBFA424601463846EBF7AAF870
S2140302900028F0D1B378002BEDD1E3E7B05C002063
S2140302A0B25C0020014B1860704700BFA8550020C1
S2140302B010B504460548F2F789FF0023044A138065
S2140302C0044A1380044B1C8010BD00BF706C0020D2
S2140302D0B25C0020B05C0020AE5C002008B5044889
S2140302E0F2F784FCBDE808400248F2F77FBC00BF83
S2140302F0B25C0020B05C00202DE9F341044688463A
S2140303000EF0AFFE324B074620461E880CF05DF813
S214030310054620460AF053FAB0F5006F32D1FF2D9A
S21403032006D00123042200932846002300F010FB86
S214030330B8F1000F1DD10EF0ABFD2146054625484A
S2140303400AF061FB28460EF09EFD23480FF005F8E1
S214030350224BA8B31988711A17FA81F086B2204681
S2140303600EF0A4FA032306818372002002B0BDE8D0
S214030370F0810EF08DFD00222146054615480EF04D
S214030380C4FFDFE716480AF070FB04281ED8FF2DCB
S21403039006D00123082200932846002300F0D8FA4B
S2140303A0B8F1000F05D10EF073FD214605460C4843
S2140303B0C6E70EF06DFD0022054621460848DEE737
S2140303C0314605481F800EF05DFBC8E71C20CDE7CD
S2140303D0AE5C0020B05C0020706C0020B45C002093
S2140303E0B25C00202DE9FF4708460C460AF0CCF91C
S2140303F000F4805820460AF04DFA054620460AF0D7
S21403040020FAB0F5404F1BD1B8F1000F14D029469F
S2140304100020FFF713FF054670B10EF047FA0023DE
S214030420404A81780446009218462A460193F1F71B
S214030430A5FF08B90123E372012004B0BDE8F087E5
S21403044028460EF0F8FE81460EF050FCFF280746BD
S21403045037D00125A0F12006C0F12003324925FA42
S21403046003F305FA06F61E438540D1E900232A4323
S2140304703343C1E900230EF053FC044638B1384633
S2140304800EF08CFC10F00C0F14BF01240024B8F1FE
S214030490000FD1D04FF0000A03A90120ADF80C904D
S2140304A0FFF7CCFE81460EF001FA8046B9F1000F45
S2140304B01ED1BAF1000F14D1FF2FBDD0002CBBD133
S2140304C028E01A4B1B684BB148469847044628B1A8
S2140304D0B8F1000FB0D000252E46DBE7B8F1000FC9
S2140304E001D10020A9E7002501242E46A246D3E722
S2140304F074B100230B4A8178009218464A4601934A
S214030500F1F73CFF002897D1012388F80B3093E7D7
S214030510FF2F91D0064BD3E9001229433243C3E998
S214030520001289E79500030060160020A8550020F6
S2140305305816002038B504460AF041F90546204609
S2140305400AF06CF9A5F50063044601465842584183
S214030550FFF774FEB0B9B5F5006F01D0002038BDC3
S21403056020460EF068FE0EF0C1FBFF28F6D0064BC1
S21403057000B21B6833F8100000F4E260003818BFBE
S2140305800120ECE70120EAE7AC5500202DE9F7430C
S2140305904FF000090746ADF804900EF0FFFB10F08D
S2140305A00C0F29D04FF00208154D2B88A5F80090A4
S2140305B0ADF806300DF106000AF020FA044630B115
S2140305C0B8F1010F14D04FF001080E4DEDE72146A8
S2140305D00DF106000AF05BFA06460BF0F6FEB8428B
S2140305E02246314614BF284601A80EF08EFEE1E7E8
S2140305F0BDF80400FFF7E6FC03B0BDE8F08300BFD8
S214030600B25C0020B05C00202DE9F04FDFF82081BB
S21403061085B0D8E9003213437CD105B0BDE8F08F2E
S21403062002EA040103EA0700014327D022EA040290
S21403063023EA0703C8E90023DAE9002304EA0205EC
S21403064007EA030C55EA0C056FEA04006FEA070194
S21403065024D130460EF0A2FBC2070FD530460EF06B
S21403066085FBDBF89C30002B45D11D46304600F059
S214030670E5F8DBF884300BB12946984724197F4107
S21403068009F10109284B5FFA89F61B78B342C4D9EE
S214030690D8E9002352EA0301C2D1BEE702400B4069
S2140306A03046CAE900230EF079FBC307E6D51F4B95
S2140306B030461B6833F8163003F48873102B10D0BB
S2140306C00EF054FBDBF89C3013BB1D4601231022AF
S2140306D000933046002300F03BF90020F1F7BCFD01
S2140306E0C4E70EF043FBDBF89C300125002BBDD09E
S2140306F00122039502E000252A4603950392002172
S21403070030469847039A002AB0D0002DAED1DDE7D5
S2140307100025EDE74FF0000901244F46DFF814A04B
S214030720DFF814B0AEE700BFA86D0020AC5500207C
S214030730601600205816002088540020F8B503469B
S214030740084613B309B3402A1FD8114900260B6085
S21403075010490027086010494FF0FF350A70002142
S2140307600C460433914205DB00215200EAF7EEFA09
S2140307700020F8BDC3E9036703F8044C23F8024CD2
S2140307801D605D6001311833ECE72120F1E700BFFF
S214030790B0550020AC550020A86D0020F0B5144CD1
S2140307A0DDE905672568EDB1F0B91248007888429F
S2140307B01AD901EB41014FEAC10C05EBC10415F848
S2140307C0311011B92169C90710D4002005F80C00AF
S2140307D062801A6846F0010662605A68C4E90467D4
S2140307E0A260F0BD0220FCE72120FAE72E20F8E7FE
S2140307F0B0550020A86D00200E4B30B51A68A2B184
S2140308000D4B1B78834212D900EB400002EBC0036A
S214030810C100002400200025C3E9044550544FF0CE
S214030820FF3258805A609A6030BD0220FCE72120D0
S214030830FAE700BFB0550020A86D0020094B1B68DF
S21403084063B1094A1278824208D900EB400003EBF1
S214030850C0031A69D20701D5588870474FF6FF7050
S214030860704700BFB0550020A86D0020094A034614
S214030870106870B1084A12789A4209D903EB430309
S21403088000EBC303186910F0010002D0181D70476F
S21403089000207047B0550020A86D0020F8B50E4B19
S2140308A005461C6834B128B100260C4B1F78F3B2FA
S2140308B09F4202D84FF6FF7009E008222946201D02
S2140308C0EAF790FD20B92369DB0701D56088F8BDF8
S2140308D001361834EBE700BFB0550020A86D0020A2
S2140308E00C4B1B689BB14FF6F77291420DD80A4A20
S2140308F01278824209D900EB400003EBC0031A6961
S214030900D20704D500205980704721207047022063
S214030910704700BFB0550020A86D00200A4A034662
S214030920106878B1094A12789A420AD903EB43034E
S21403093000EBC300036913F0010003D0C3F30010F8
S21403094070470020704700BFB0550020A86D0020F8
S21403095070B51C46124B9DF810601968D1B1114B47
S2140309601B78834218D900EB4000551E01EBC001EB
S2140309702543D1E9040301D0C5070FD52EB1104393
S2140309802343C1E90403002070BD20EA020023EAE2
S2140309900403F6E70220F7E72120F5E72D20F3E727
S2140309A0B0550020A86D0020134BF0B51B6803B3A9
S2140309B000266FEA000C6FEA010E104C2778F4B29B
S2140309C0A74201D80020F0BDD3E9044514F0010F77
S2140309D007D014F0020F04D132B104430D43C3E928
S2140309E0044501361833EAE70CEA04040EEA050563
S2140309F0F5E70220E7E700BFB0550020A86D00200A
S214030A000B4B70B51B682BB100240A4A1678E2B26A
S214030A10964201D8002070BDD3E9042502400D405C
S214030A202A4304F1010403F11803F0D00120F2E78E
S214030A30B0550020A86D00202DE9F0470026FF27BB
S214030A40B246164DDFF8588098F800305FFA86F9FC
S214030A504B4502D83846BDE8F0872B792F2B0FD9A4
S214030A6028460AF06DFB2B796C7903F0070304F034
S214030A70030483422CBFE4182418E4B2A24506D923
S214030A805446B946A2464F4612350136DCE7288857
S214030A9001F0A6F80028F3D1F4E700BF105A0020AF
S214030AA0276300202DE9F04F89B0814609F0DCFE6C
S214030AB0029048460CF0CDF80024411C054689B246
S214030AC0484602F07FFBA246A346A046274600F010
S214030AD01F00023500EB4000EAB27D4E50FA85F562
S214030AE0EDB2AA4274D9DFF8FCA19AF8003033B10C
S214030AF0A400E4B2B4FBF3F4042C08BF0324029866
S214030B00F3F7C4FD054600283CD1FFF795FFFF2801
S214030B105BD0704B05B2049018780AF0F8FA874257
S214030B202CBFE1192118002F14BF01230223684E9E
S214030B3005EBC50506EB450553FA81F328460393F3
S214030B400AF0FEFA95F804C06B790CF0070103F07F
S214030B50030388422CBF1B185B18039ADBB29A4226
S214030B6033DA049A2FB921B19AF80030033B5B4578
S214030B702BDC104602990AF08BFA05B205EBC50585
S214030B8006EB45052B791E09002F00F081803946B8
S214030B9028460AF0FFFA032128460AF001FBB8F1BB
S214030BA0000F09D1002E40F0868007F0DEFFC0F369
S214030BB00B0149480DF066FF6B79484623F00303A3
S214030BC01C446C7109F0E5FDA87309B0BDE8F08F0D
S214030BD050D0424B49461B8807A8ADF81C304FF04F
S214030BE000038DF81E3000230093032303920EF0B8
S214030BF023FC9DF81E30BDF81C101B09039A18BF72
S214030C0008F10108CDE9041318BF5FFA88F80392C8
S214030C100AF067F80499039A8842059B03D19DF866
S214030C201E7007F00F072E4890F800C016E016F85F
S214030C300E0C10F0070003D00BF1010B5FFA8BFBD1
S214030C40AA4207D036F812EC8E4503D113B108B189
S214030C500134E4B20AF1010A5FFA8AFAAA4206F1FB
S214030C6012060BD1D4450FD916F80E0C10F0070058
S214030C70E2D1EFE700234FF6FF71D4E736F8120C04
S214030C80884201D8D445D2D80332123ED2B228E7DE
S214030C90022E14D95B0707D0394628460AF080FA95
S214030CA0B8F1000F81D087E7032128460AF078FAC7
S214030CB0B8F1000F80D1062E3FF677AF7CE73146BA
S214030CC028460AF06DFA58EA06063FF46EAF73E755
S214030CD0105A0020DD6300207446002050DB040019
S214030CE0276300206B6D00202DE9F04308230024C2
S214030CF085B08DF808300646022301214FF6FC70B6
S214030D00CDE9004402AA0BF080FFADF80A00D8B183
S214030D102746DFF8A080DFF8A09099F80020E3B21A
S214030D209A4224D8BDF80A4020460BF092FF411C95
S214030D3047F06002204689B202F058FA0022BDF856
S214030D400A001146F4F736FA07F00FFF184AC0F305
S214030D500B01137801F55A51013113B1013B890890
S214030D601370304605B0BDE8F0430DF08BBE18F89F
S214030D700E5C6F2D17D8404630F8123D2D01ADF8A6
S214030D800C300AF0DDF905F0700528448DF80E00E6
S214030D900123032203A90DF10A00F2F76BF90028D9
S214030DA0D2D10137FFB2013408F11208B5E700BF0C
S214030DB023630020225A00202763002010B5054C29
S214030DC02046F2F703FA2046BDE8104000210DF056
S214030DD059BE00BF744600202DE9F0432A4D87B064
S214030DE0F6F7F8FB2A7829492948FFF7A7FC0921D3
S214030DF02A782848E9F7AAFF0026244FDFF89C80C4
S214030E00DFF89C902B78F4B2A34202D807B0BDE873
S214030E10F08304F582300B2203A900F5C070DBF7DC
S214030E2029FE4FF6F670BDF814209DF81630511EB5
S214030E3089B2814215D80020C3F3C003DB1840EB08
S214030E400001CDE90031214603ABFFF7A7FC0028DC
S214030E50DCD14FF4805327F8143048F8240029F8DF
S214030E60140004F5833001220DF10A0100F58070A9
S214030E70DBF700FEBDF80A20064B01361A55802222
S214030E80054B1A55BEE700BF726D0020205C00209C
S214030E9080130020D262002014630020184500202F
S214030EA0125C002010B50A4B1C780DF01FFFFF28BC
S214030EB00DD0012C38BF0124064A230232F8101045
S214030EC019B101EB1313A3EB111322F8103010BD65
S214030ED0DD630020125C00202DE9F047002506465E
S214030EE00F46AA46DFF84490DFF8448099F80030AE
S214030EF0ECB2A34202D85046BDE8F08720460DF078
S214030F004DFFC2070CD520460DF048FF830707D4D4
S214030F1038F8143037B133434FF0010A28F8143049
S214030F200135E3E723EA0603F6E700BF726D002008
S214030F30205C002010B5084B084A1C780023D9B261
S214030F408C4201D8002010BD32F8021B013330EA70
S214030F500101F4D10120F6E7726D0020205C002029
S214030F60F0B50C464FF6F77187B08A4286461D46A3
S214030F709DF8306002D9002007B0F0BD59681868A4
S214030F800DF10C0CACE803002C49ADF814200978DD
S214030F90A142F0D900218DF81660B61006F00206BD
S214030FA00191704621460096FFF7F8FB0028E2D130
S214030FB0234B244A43F824009DF83830224E1B0264
S214030FC022F814304FF4A04304F582300B2226F89F
S214030FD0143003A900F5C070DBF778FD9DF83430B4
S214030FE01A4913F0040F17BF0123194B0B5536F894
S214030FF014300CBF1B7843F0080304F583300CBF92
S2140310000B5526F814300122214400F58070DBF7D7
S2140310105DFD00210F4B104A1B782846234442F8F7
S2140310202310E7F713F80D4B1855284607F0E8FE8C
S2140310300B4A01201378013313709DE7726D00206D
S21403104018450020125C0020205C0020D26200209D
S2140310505B6D00206B6D0020444400201463002069
S21403106026630020054B1B78834206D90021044BD8
S214031070044A1B78034442F823107047726D00201D
S2140310806B6D002044440020074B084A1878002361
S214031090D9B2884200D870471188013321F48051B1
S2140310A022F8021BF4E700BF726D0020205C0020CC
S2140310B030B585B004460D46E6F7C0FDA04202D81B
S2140310C0172005B030BD20460DF068FEC007F7D5E3
S2140310D004F582300B2201A900F5C070DBF7CAFCC9
S2140310E09DF80E2001AB03CB69609107286030D4CE
S2140310F012F0080F0CBF042303232B722046FFF7BE
S2140311009DFB154B68811B5D20466B730DF02EFE11
S214031110124A2873135D4FF47A7103F00F03AB730F
S214031120135D002013F00F031FBF03F1FF320223EA
S21403113093403C2218BF5343094A08BF0A2352F878
S2140311402420B2FBF1F29A422CBF00239B1A2B6198
S214031150B7E70223D1E700BF14630020D262002062
S21403116018450020F8B51F4E04463378834237D01F
S214031170FFF764FB4FF6FF77B84231D02046347052
S214031180FFF704FA2046FFF759FB054609F0A9FDC9
S214031190012301461A4628460BF0F4FE2046FFF7C5
S2140311A02BFB0546E0B9104A1378013B1370F4F79E
S2140311B0B5FB294620460BF06CF980220B4B2046E4
S2140311C023F814500A4B1A550A4B23F8145009F007
S2140311D013FD2A46394611200DF0F6FFFF23337020
S2140311E0F8BD00BFA96D002026630020205C002008
S2140311F014630020125C00202DE9F04F0E461546BE
S2140312004FF000098BB01F469DF854309DF850A050
S214031210DFF84CB1049005939BF800205FFA89F43D
S214031220A24207D84FF6F7739D421CD817F0020B5D
S2140312303FD01AE02046FFF701FB804604F58230D4
S2140312400B2207A900F5C070DBF714FC4FF6FF72FC
S2140312507EB9904516D14FF6F7729DF82630954223
S21403126003F0EF0311D94FF6FF7528460BB0BDE820
S214031270F08F904506D00822304607A9EAF7B2F861
S2140312800028E8D009F10109C6E79F4207F00208E3
S2140312902CD0F3F70FFC002857D12D4B2D4A1B7883
S2140312A0234412F823B020460BF014F9B8F1000FCC
S2140312B0DBD1E6F7C3FC284B1B788342D3D000214F
S2140312C008460DF0E3FCFF280446CCD0059B0146F8
S2140312D0CDE901A32A46334604980097FFF740FE5C
S2140312E00028C0D0F4F71AFBD8460FE02046FFF7D5
S2140312F0A5FAA842CDD1B8F1000FB6D13046E6F72D
S214031300A5FE164B1855304607F07AFD5146204683
S2140313100BF093F82046FFF791FA054609F0E1FC37
S21403132000230146012228460BF02CFEF3F7C2FBEE
S21403133028B9074B074A1B78234442F823802046E4
S2140313400BB0BDE8F04FFFF779BA4FF0000BAAE7F2
S2140313506B6D0020444400202663002014630020A5
S214031360726D0020F8B50026104F3C78F5B2AC42FB
S2140313700FD800250E4B6400224629460D481D70E3
S214031380E9F7E4FC22462946BDE8F8400A48E9F7AF
S214031390DDBC2846FFF7FAF8002128460BF079F85B
S2140313A02846FFF729FA0136DFE700BF726D0020F3
S2140313B026630020205C0020125C0020024B802164
S2140313C01A780248E9F7C2BC726D00201463002045
S2140313D038B50DF08BFCFF28044616D00B4D35F8B8
S2140313E010301B0711D50A4B0A491B7801220B54F0
S2140313F0014400F5833000F58070DBF767FB35F8B2
S214031400143023F0080325F8143038BD205C002080
S2140314105B6D0020D26200202DE9F04F794B054624
S2140314201B788946022B17468BB004D0002630461D
S2140314300BB0BDE8F08F0DF0F8FF06460028F5D197
S2140314404FF6F9739D4262D04FF6F8739D4276D0FD
S2140314502B0A28460DF11E018DF81C308DF81B5003
S214031460F2F708FC002814BFB0464FF02008B34636
S21403147014BF06230E23022229463846039300F0A0
S214031480EBFC01220446039B002840F0B880DFF8FB
S21403149080A18DF818209AF800204946CDE900006F
S2140314A08DF81A208DF81D0006AA4FF6FC708DF8ED
S2140314B019800BF0AAFB81460028B7D009F011FC6F
S2140314C0B8420FD0484609F06CFA394604300DF09E
S2140314D0B4FE384604A90AF067FF70B1484604A96B
S2140314E00BF021FC484B1B78033B012B2BD84FF604
S2140314F0FF7148460AF02AF806469AF80030FF2B92
S2140315000EBF01230133DBB28AF800308FE74FF0BA
S21403151008084FF0200B3C4B1B78033B012B85D967
S21403152009F0DFFBB84281D109F0DBFBFC238DF821
S2140315301B30FF2305468DF81C3006239BE74FF030
S2140315401008C346E7E70BF08EF880460028D4D091
S21403155009F0C7FBA8422DD12C4B1A7852BB0321A6
S2140315604846F3F727FE0028C7D09AF80030A8F8B5
S214031570007088F80430002388F8053088F80830AF
S21403158009F0AFFBA84202D1204B1B7853B109F0F8
S214031590A8FBB84206D12CB1237923F0030343F00A
S2140315A00103237100224FF6FF710C200DF00CFE91
S2140315B00126A2E75946284608F1070200F078FC00
S2140315C00446002899D0002203214846F3F7F2FD8B
S2140315D00028CAD1237903F00303012B8DD109F028
S2140315E080FBA84203D1094B1B78002B85D02379B7
S2140315F043F0030323714FF6FF7323807DE71646FC
S21403160015E700BF2D6300202E630020AA6D00207F
S214031610FD63002037B50E4B05461B780C46033B8F
S214031620012B11D9E6F72EFB01280FD0821E534259
S2140316305341590128460DF1070200F039FC18B151
S214031640002144800AF0F6FF03B030BD1021F1E715
S2140316502E6300202DE9F0438BB0857AB0F8069010
S21403166004460E46174609F03CFB8145804605F0C6
S214031670400541D10021608809F077FD0246002E1F
S21403168044D1082304A9C14501EB03060CBF234933
S21403169002A90868496803C6A2B3022100268DF88A
S2140316A0172001228DF81010217A45F020058DF8B9
S2140316B01210A18808338DF81310090A8DF8141038
S2140316C0E188CDE900268DF81510090A8DF8161065
S2140316D06088314604AA8DF811500BF096FA054639
S2140316E080B1618809F094F879003246284601F003
S2140316F0FE01F3F75FFD06E0E08802A90AF054FE58
S2140317000028B7D100200BB0BDE8F08330687168BD
S21403171006AB03C345F010051023B3E7B063002000
S2140317202DE9F74389461E460746904609F039F9E0
S21403173000210446304609F018FD054609F1070165
S214031740384601F02DFD7DB1B8F1000F02D10378C4
S2140317501D44EDB2057063781A0716D56946304600
S214031760F2F788FA024618B1002003B0BDE8F0830A
S2140317700821684609F047FA0028F5D120460BF001
S214031780A5FA08226946E9F733FB09F0AAFA0146E7
S214031790201D0DF052FD6378DB0603D538460C4951
S2140317A00BF0C1FA3146A01C0DF047FD3146384612
S2140317B009F02EF8074A13780133DBB21370E3718E
S2140317C0A3790BB10120D0E70123A371FAE700BF89
S2140317D0B06300202B630020FF232DE9F04F8FB06A
S2140317E08146164605918DF822301AB301230BAABB
S2140317F00AF093FE9DF836500446EF0625D50027DB
S214031800059BBDF8308003F108024946D2B208238F
S214031810009709A8CDE909770DF00EFE3A46404633
S21403182009A9F8F7A5FC002840F08C80A90627D55F
S21403183010220DE013460BAA0AF06FFE9DF83650F1
S2140318400446A80663D5062202E0AA0618D508228F
S21403185000230599BDF832700A44CDE90933494699
S2140318600093D2B2082309A80DF0E6FD384686F0A9
S214031870010209A9F8F77CFC002863D1002E46D0A4
S214031880BDF8307009F02DFA874249D038460DF07E
S214031890CCFD8046002E45D1BDF82EB0002158461B
S2140318A009F063FCBDF82C300390184606930DF040
S2140318B0BCFD064609F015FA069B834242D0B64B9A
S2140318C01B78033B012B3DD915F04003049339D114
S2140318D0039B0BB9002E35D09DF83570039B05F09E
S2140318E018051F44FFB2082D8DF835706CD12023E0
S2140318F00493002C40F041810AF0B5FE054608B378
S214031900002E40F0B28033460126B24674E0BDF89E
S214031910327009F0E6F98742B8D14FF00108BBE709
S2140319204FF00108002C43D09C4BE279678803EB09
S214031930C20633F83220BDF832309A4205D04FF64D
S214031940FF7323800FB0BDE8F08FBDF82EA0B8F16B
S214031950000F08D0002130460AF06CFEA6F802A05D
S2140319600AF07AFBEEE7BDF830000AF06BFE054698
S214031970414630460AF05EFEA6F802A0884E2DB118
S214031980414628460AF056FE63886B800AF064FBDD
S2140319903378002BD6D03B46002248460599FFF7FE
S2140319A0BFFE0028CED03946484609F0CFFDC9E72A
S2140319B00AF052FB7A4B1B78002BC3D0B8F1000F0A
S2140319C0C0D14FF6FF77E6E7102D01D1049590E7D7
S2140319D0B8F1000F8DD1002C3AD0C2460021BDF8D5
S2140319E032000DF1220200F063FA03460028A9D064
S2140319F0002E40F0CA8025460499BDF830000DF14C
S214031A002302079300F054FA044600289AD0644A47
S214031A10079B1278002A78D0BAF1000F26D1024627
S214031A202C466179B9427ED92546A4F802B067717F
S214031A301446002B00F09E809DF82230EA799A42E5
S214031A4000F09880002E40F08E80EB7100253FE07A
S214031A500AF009FE044600283FF474AF4FF0010A6B
S214031A60BCE7002201261346DBE70126B8F1000F88
S214031A701ED107F07AF87E23B0FBF3F202FB1300C5
S214031A8005993A4605315FFA80FA484601F0AEFBFF
S214031A904FF6FF71484608F0BBFE039B032B2CD979
S214031AA0AAF17E0A022148465FFA8AF2F3F782FB1E
S214031AB0069BA5F802B02B809DF834306F712B710E
S214031AC000232B72002E42D19DF82230EB710125A4
S214031AD0B8F1000F3FF436AF484609A90BF003F9F7
S214031AE000283FF42FAF2A4609A90BA8FFF7B2FD3B
S214031AF028E7002625463446BBE7039B012B94BF05
S214031B000AF1020A0AF1420ACCE7BAF1000FCFD172
S214031B106979B94209D9A5F802B06F71002B8BD148
S214031B20002E93D024E025461446049A002A3FF458
S214031B3009AF8F427FF406AF039307F016F88307C7
S214031B407FF400AF039BA5F802B06F7171E7FF2324
S214031B50EB71002CBBD001252379A4F802B023F047
S214031B6003032371B4E7FF23EB71002C3FF46EAF3E
S214031B700025F1E7002CD3D168E7002E7FF471AF80
S214031B80B24625460126534636E7BAF1000FB0D1D2
S214031B905646524645E700BF2E6300208A5B002068
S214031BA0716D002070B50C4B4FF6FF751C78002343
S214031BB002460A489C4201D1002005E00688964268
S214031BC006D1AA4201D10B7070BD8679002EFAD0D9
S214031BD001330830DBB2EDE7706D00208A5B00202E
S214031BE0002210B50A4B1C780A4BD1B28C4201D89E
S214031BF0002010BD5988814204D11979890701D183
S214031C00997911B108330132EFE70120F1E700BFFC
S214031C10706D00208A5B002010B5084B01461C78C7
S214031C200023074AD8B2844201D8FF2010BD914250
S214031C3003F10103FAD00832F4E700BF706D002009
S214031C408A5B002038B50446FFF7E6FFFF28054603
S214031C5003D13F210B480DF010FA4FF6FF732046D1
S214031C602380A37103210AF0E5FC074B07481A7883
S214031C7000210732D21002FB0500BDE83840E9F721
S214031C8065B800BFDA8E0400726D0020036300207F
S214031C90F8B504460026124D124F3A78F3B29A422C
S214031CA009D800224FF6FF710F4B1D780F4BD0B2A9
S214031CB085420BD8F8BDFF2C02D0AB79A34202D1E4
S214031CC02846FFF7BFFF08350136E6E7FF2C02D0AC
S214031CD0187AA04201D1198019720A330132E6E755
S214031CE08A5B0020706D00206F6D0020625B002011
S214031CF0FF28F8B504462CD0164B1B78834203D82E
S214031D00802115480DF0B9F94FF6FF75134A32F8DE
S214031D10341002EBC4000379A94203F0030318D07E
S214031D20012B16D100220E4B1F780E4BD6B2B742AC
S214031D3003D8BDE8F840FFF785BF1E88AE4205D03E
S214031D4093F807C0A44504D0B14202D00A33013247
S214031D50ECE7F8BD706D0020DA8E04008A5B002085
S214031D606F6D0020625B00202DE9F74304F0C0F995
S214031D70324B1B78033B012B21D9314B1D88451B66
S214031D80ADB2E5B118804FF6FF7700202D4A1378E1
S214031D902B44C3F3C81403F07F0313702A4B2B4A58
S214031DA01E78C3B29E420DD800264FF6FF77284C06
S214031DB0DFF8A09099F80020F3B29A4216D803B041
S214031DC0BDE8F0831388BB420DD0137999070AD177
S214031DD004EB9311022928BF022103F03F0389B2C3
S214031DE043EA8113137108320130DAE734F80A8CB8
S214031DF0B84506D014F8043CAB4205D95B1B04F87F
S214031E00043C01360A34D5E708F06BFF804534F806
S214031E100A3C04F8027C24F80A7C09D018460DF123
S214031E200701FFF7BFFE18B19DF80700FFF760FF35
S214031E3014F8030CFFF75CFFE3E700BF2E630020F4
S214031E40B65C0020FE630020706D00208A5B0020D5
S214031E506C5B00206F6D0020F0B500244FF6FF7713
S214031E6003461048DFF844C006780F48E5B2AE4292
S214031E7001D800200FE005889D4210D13AB1012A0F
S214031E8016BFC57905793CF83550A94207D1BB4240
S214031E9002D114238371F0BD057A002DFBD00A30DE
S214031EA00134E3E76F6D0020625B00208A5B00204D
S214031EB0F8B50D46114607461646FFF773FE00288B
S214031EC036D102464FF6FF7C1E4B1F4C1978D3B211
S214031ED0994206D800231C4C8B4221D1F8BD083406
S214031EE0F5E7B4F800E00132E645F8D13370012394
S214031EF0278023710021A17165B1144B45F00805B5
S214031F001A782571D31DDA103078114B02FB003096
S214031F10E8F71CFF2379204603F03F032371DDE730
S214031F2022799209022AE1D001330834DBB2D3E7DF
S214031F30037904469A071EBF23F0030343F0010305
S214031F400371D7E7706D00208A5B0020726D002056
S214031F500363002073B50DF107010546FFF722FE64
S214031F6040B103799A0705D113F0300404D043F047
S214031F700303037102B070BD28460AF06BFB094BDE
S214031F804FF6FF711D7823469DF80760064AD8B2C0
S214031F908542EFD9D0790133B04204BF1180117264
S214031FA00A32F4E76F6D0020625B002030B50A4BFF
S214031FB0CC081B78094D0733DB1000FB03400123D5
S214031FC001F007018B402C5CDBB212B11C432C548E
S214031FD030BD24EA0304FAE7726D00200363002091
S214031FE070B50B4B04461B78834204D840F24B2152
S214031FF008480DF042F80025074E3378E8B28342CE
S21403200000D870BD00222146FFF7D0FF0135F4E764
S214032010726D0020DA8E0400706D0020FF2810D049
S214032020FF290ED0084BCA081B7801F007010733B7
S214032030DB1000FB0323054AD05CC84000F0010018
S21403204070470020704700BF726D002003630020B6
S2140320500148F0F7CBBD00BFB85C00202DE9F04780
S2140320601E464D4B8CB01B681546074688469DF8A2
S214032070509003F0080A08F034FEA8423FD1B9F1A5
S214032080000F14D06EB9ADF806603D460424224610
S214032090414628460AF07AFB00F001000CB0BDE882
S2140320A0F0870023ADF806303D4606243AE038466E
S2140320B00CF01CFEFF28044605D0F2F7FBFC10B11B
S2140320C02046FEF7CFFF96B10023ADF80630F8F7AB
S2140320D0FDF80028E8D0062440460DF1060202A9C2
S2140320E009F0E8FCD8B94046F8F7F8FA17E0ADF877
S2140320F00660F8F7EBF80028C7D00424ECE73EB3F5
S214032100BAF1000F2ED000230B24ADF80630B9F138
S214032110000F0AD1F8F7DAF82F460028DCD13D463F
S214032120002EB4D0BAF1000FB1D004F00402414639
S21403213042F0110228460AF029FB2246064641468B
S21403214028460AF023FB002814BF30460020A3E7E6
S214032150BAF1000F14D00124ADF80660B9F1000FF0
S21403216095D1D7E70B24284602A9F1F783FD074646
S21403217068B902A807F068F920B9ADF80600EDE7DC
S2140321800124F0E744F00204ADF80670E6E7002306
S214032190ADF80630E2E700BF084700202DE9F04718
S2140321A01E46744B8CB01B7807460D461446DDF866
S2140321B05080002B3ED008F094FD30B36E4B1B6866
S2140321C0980722D44FF6F7739C4233D843463A46D1
S2140321D031462046FBF7F2FE08F083FD854200F009
S2140321E0C5803046FEF75AFBA04203D10CF07EFDB5
S2140321F00AF070F9BA1E534253412946002220467C
S2140322000CB0BDE8F0470AF0BDBEE7B1F91ED1F148
S214032210000949EB01094FF6F7739C4216D90321CF
S214032220204606F0B3FC03233A4631462046009583
S21403223006F09BFD08F055FDA84200F097804FF688
S214032240FF739C42CBE74FF00109E4E72B463A467F
S2140322503146204604F0D1FB2146CDE900082B4643
S2140322603246384607F040F980460146204606F0D7
S2140322708DFCB8F1000F61D1B9F1000F12D1002324
S2140322803A4631462046009506F06FFD88F0010376
S2140322902A4631462046CDF8009003F00103FFF7A7
S2140322A0DDFE99E7002FEAD003AA9246334B03F1EB
S2140322B0100E9446186859680833ACE80300734553
S2140322C06246F6D107A806F0ACFD032330687168B2
S2140322D08DF81C3008AB03C39DF8293007A843F0DC
S2140322E002038DF8293006F0C7FE90B13068716896
S2140322F008AB03C3042307A88DF81C3006F0BCFE06
S21403230038B1022307A88DF81C3006F0B5FE002866
S214032310B5D1514607A806F0EFFE0028AFD0F4F774
S21403232095FB0028ABD103233A4631462046009559
S21403233006F01BFD08F0D5FCA84250E743463A4694
S21403234031462046009506F010FDB8F1010F9DD0EA
S214032350B8F1020F7FF440AF284607A9F1F78AFCCD
S21403236020B93246284607A90AF0D7F90CB0BDE8CB
S214032370F08700BF29630020084700205ADB0400CB
S214032380044B1A880AB100221A8000210846F9F77E
S214032390ABBF00BFB85C002000232DE9F0478EB02A
S2140323A004460D46CDE903334F7808F09AFC50B146
S2140323B0B64B1B689A0706D4092103A806F08DFCC2
S2140323C00EB0BDE8F087204603A9F1F753FC064696
S2140323D0002840F05781022F3DD0042FECD1E5F7BB
S2140323E039FC002846D0E5F735FC022840F0228168
S2140323F00DF12408334632464146304606F0ABFF1D
S214032400012103A89DF8255007F098F82840FF28D7
S21403241000F0348105AD284608F000FC002840F0A3
S2140324202F8195E80F0088E80F003A46414603A837
S21403243006F0CBFE0246002840F02081032303A9C2
S214032440CDE9005320463B46FBF77EF900280CBF38
S21403245013210621B1E78D4B1B689B07ACD40235CD
S214032460082229468A48E8F7BDFF0028A4D0E5F7E6
S214032470FDFB08B91121A0E7864B874E1B78FBB9F5
S214032480FFF77EFF3088002860D103AF2946384621
S21403249006F0C5FC002800F0CA8028460DF10A01A4
S2140324A0F1F7C2FB40B90DF1240A504608F0B6FB1B
S2140324B08046002800F08780FFF762FF0F217CE745
S2140324C03088002842D101460CF064FA3080002898
S2140324D03AD001230822304603A9F0F7CBFD98BB78
S2140324E00123082229463046F0F7C4FD60BB0123CA
S2140324F00222694809A9ADF82440F0F7BBFD03465C
S214032500308823B1002848D04FF0100920E00CF0A3
S214032510E9F961490746204601F0CAFC30880CF009
S214032520E1F9FFB2874209D1FF238DF82430012356
S21403253059481A4609A9F0F79DFD28B9002101203C
S214032540F9F7D2FE0C2138E73088DBE74FF00709AE
S2140325500CF0ACF9074630880CF0A8F93488112142
S21403256000F10808204600F02DFE10218246204682
S21403257000F028FE0822044603A94046E8F732FF87
S214032580002840F08180082229463846E8F72AFFCB
S214032590002879D1B9F1070F01D010210DE704EB1C
S2140325A00A244546A4B271E730884FF0010828B1E3
S2140325B0122100F007FEFF2881461ED12A46B9469F
S2140325C02046402304E03A46A9464346BDF80A009F
S2140325D043F00303CDE900A349460323FBF7B4F80E
S2140325E000283FF469AF0721484606F076FBB8F1AA
S2140325F0000FD9D0FFF7C4FEE2E6002108460CF030
S214032600C9F9ADF8140048B1204605A901F050FCFD
S214032610BDF814000CF066F90028CFD114230093FC
S2140326204A4639462046338801F0FAFBC6E7FFF7E9
S214032630A7FE1FE7E5F70EFB012801D00621BCE63F
S21403264005AD324633462946009603A8F9F75EFDE4
S214032650024608B10A21B0E60C4B20461B6803A9C4
S2140326605B0003F0040343F00303CDE900533B464A
S214032670FBF76AF80028E1D113219EE605219CE6C4
S21403268012219AE60B2198E60E2196E608470020CB
S214032690B0630020CD620020B85C0020012330B573
S2140326A00D4C85B022788DF80430D5188DF80520AA
S2140326B00E228DF806200A682570CDF807204A6892
S2140326C001A9CDF80B200B22F0F7D4FCB0FA80F06A
S2140326D0400905B030BD00BF2A630020014B1878BF
S2140326E0704700BFFF630020142230B58BB0054649
S2140326F00DEB02011548DAF7BDF910BBBDF814302F
S214032700DA0720D413F0060FC3F3410208BFC3F35E
S21403271041220F4B0DF116019C5C68462246E8F7F2
S214032720A5FCBDF8263004F128026A4402F8283CCA
S21403273002341B0A02F8273C69462A46E0B209F02F
S21403274096F90BB030BD2320FBE700BF703214E0D0
S2140327506ADB040010B58AB0ADF826200022CDE966
S214032760052204920CAA02924FF6FF720446AC218D
S21403277001200192064A039004FB01226032009274
S2140327804CF620010DF126020AF022F80AB010BD1D
S2140327908854002000B58BB0ADF824309DF8303057
S2140327A003208DF82630002303900A4909A8CDE9B3
S2140327B00130CDE90533049301F160030093B1F8CA
S2140327C05C3002204CF660410AF002F80BB05DF86C
S2140327D004FB00BF8854002010B54FF6FF741E4A52
S2140327E08AB0B2F86800B2F85E10A042ADF82600D0
S2140327F0B2F85C304FF6FD70ADF8241018D0814265
S2140328004FF0000094BF48F660014CF66001CDE936
S2140328100500CDE90300CDE9010094BF09AA6032A3
S21403282000920DF12602042009F0D2FF0AB010BD73
S21403283081424FF000008CBF603209AA00928CBF21
S2140328404CF6604148F66041CDE90500CDE903004A
S214032850CDE90100014AE6E788540020F25400203F
S21403286000B50E4B0022B3F85E308BB0ADF82430C3
S2140328704FF6FF73CDE90522CDE90322CDE9012208
S21403288009AA00924FF400610DF126020720ADF865
S214032890263009F09DFF0BB05DF804FB885400203A
S2140328A030B58BB08DF825301B0A8DF82630002303
S2140328B00D4991F85840CD6DB1F85C00CDE905336C
S2140328C0049307236031039308ABCDE9010300911A
S2140328D04FF6FF734CF62041082008958DF82440E8
S2140328E009F076FF0BB030BD8854002070B54FF664
S2140328F0FE76294C1D46B4F85E10B4F85C30B1423F
S21403290094F85C00A2B04FEA132321D14FF4404160
S2140329106034ADF808108DF80B008DF80C3003CC3E
S2140329200DF11504CDF80D00CDF811102270120A22
S2140329306270002211461046A270E270ADF80620BF
S21403294008F00DF8ADF8060090B9002022B070BD6F
S2140329504FF400448DF80D10090AADF808408DF8C1
S2140329600B008DF80C308DF80E100DF10F04DDE71B
S214032970043402A9621A012392B20DF10600F0F79D
S21403298079FB0028E1D1BDF806002A4601210BF0A9
S214032990D9FFBDF80600D9E788540020202A10B5D1
S2140329A0144614D8012A04D10C88B4F5004418BF81
S2140329B00124620030B10748E8F71AFA064B0020F4
S2140329C01C7010BD0548E8F713FA054BF7E72120FE
S2140329D0F7E700BFBA5C002000640020FA5C002022
S2140329E0016400202DE9F047104617460CF023FC3F
S2140329F0DFF814A1DFF814919AF8003099F8002054
S214032A000546134302D10020BDE8F08710F4406862
S214032A1000F0400619D186BBB0F5804F5CD24FF468
S214032A20807400239AF80000344AD9B288425DD8ED
S214032A30002399F80000324AD9B28842E3D932F823
S214032A40021B0133A142F7D155E0F81C0CF0F3FB4F
S214032A504FF6FF73984214BF0124022486B105265D
S214032A6005F44043B3F5004F44F0080424D0B5F50D
S214032A70804F23D244F4807420E044460326EFE7D5
S214032A80B5F5804F4FF00506F4D3B8F5406F14BF85
S214032A9002200820304438440CF0CDFB194B05F4D3
S214032AA04045B3F85C3083420CBF44F0080444F05E
S214032AB00404B5F5004F01D144F08004B8F5006F67
S214032AC00ED1B8190CF0B7FB0E4BB3F85E30834249
S214032AD0A7D144F01004A4E7444603260220D9E70E
S214032AE0B8F5406F08BF44F020049AE732F8021B9B
S214032AF00133A14299D1012086E700BFFA5C00208A
S214032B00BA5C002088540020016400200064002082
S214032B102DE9F04F104685B0164698460CF08BFB11
S214032B205D4F00F00803B7F85C10044600F0070991
S214032B30F01C02930391B7F85EB00CF07CFB06F131
S214032B40050A054650460CF076FB03464FF6FF7023
S214032B50854218D00399A1EB050CDCF1000545EB83
S214032B600C056D004FF6FF718B420ED145F0040540
S214032B700CF06CF9029B6BB1B9F1000F11D0422037
S214032B8005B0BDE8F08F0125ECE79B4508BF45F08F
S214032B900805EDE7B9F1030FF1D8DFE809F0021BEA
S214032BA0795D0CF053F908B9A807E8D524F00804B2
S214032BB0A4B2B4F5004F05D0B4F5624F02D0B4F515
S214032BC0404FDCD10025294697F8A820002007F0BF
S214032BD0C6FE3CE0D7F88030E3B90021324608460B
S214032BE0FFF700FFD8B948F6410224F038039BB23A
S214032BF09342C4D10A2D49D0062DC0D197F8773019
S214032C00023B012BBBD8EEF7AFFF0028B7D140F647
S214032C10040505E04146304698470028DDD00825E0
S214032C20E20648BF45F08005A30648BF45F4805535
S214032C3005F00C03042BC6D1F01D0CF0FCFA97F834
S214032C40A8303246009341462B4607F05DFE08B394
S214032C500E9B1880002093E7A90705D14FF6FF7354
S214032C60B7F85C209A428AD104F44063B3F5006F48
S214032C700AD0B3F5406F82D1082250460749E8F7D9
S214032C80B1FB00287FF47BAF0C25C9E70425C7E713
S214032C90432075E7192073E788540020E854002082
S214032CA0034B1A781AB1FF2A04BF00221A70704722
S214032CB00364002070B5084C084E2378F55C1DB1FC
S214032CC03E2107480CF0D9F9FF2223782846F25410
S214032CD00023237070BD00BF02640020036400203D
S214032CE0E88E0400034B044A1B78D05CFF3818BFF9
S214032CF00120704702640020036400200023074A73
S214032D0007491360074A1360074A1360074A1160AE
S214032D100121074A1170074A13607047C055002007
S214032D205BC90300BC550020B8550020906C0020FA
S214032D30AB6D0020C85500200E2A70B50C4606461B
S214032D401546194603D9FFF7D9FF502070BD012851
S214032D5007D10020EEF722FFB0B1FFF7CFFF212007
S214032D60F4E780220021224B1A70224B1960224B73
S214032D701B684BB134200BF00DFE204B188018B99E
S214032D80FFF7BCFF0120E1E724F0FF6323F4FF23F2
S214032D901BB1FFF7B3FF4F20D8E774B92046EEF711
S214032DA017FF0124032510F0800F43B21BBF00F06A
S214032DB01F039C409C4044F078440020104B24F0B2
S214032DC078441E700F4B10491D70104B1C60104B3F
S214032DD01870104B1A68EFF797FA18B1FFF78EFFC3
S214032DE00420B3E79DF810200B4B1A70AEE700BF24
S214032DF004640020C4550020B85500203A5D002026
S214032E000964002007640020FD300300C855002035
S214032E1008640020C0550020056400207FB5244BBD
S214032E2000251A7801232348234903FA02F200787F
S214032E301A440A60ADF80E5020B3984236D11F4CA0
S214032E401F4B20781B680DF10E0198471D4EBDF8E9
S214032E500E20307092B11C4B29460093284602235D
S214032E600195EFF78BFA3278237822B1012A12BF45
S214032E701B230133DBB2237004B070BD013818BFC7
S214032E800120F0E778235A43013A0A6008220F49E3
S214032E900BF0C6FC0B49094A0978137821B10129BE
S214032EA012BF1B230133DBB21370E5E71846E3E7D3
S214032EB00764002009640020CC5500200864002025
S214032EC0906C0020AB6D002039310300D9ED030070
S214032ED0024B1868003818BF01207047B855002009
S214032EE037B505461C460BF0B1FF68B974B1084BFD
S214032EF01A60084B0A461C600123294600930323E5
S214032F00FFF71AFF03B030BD4D20FBE72520F9E796
S214032F10B4550020BC55002013B504460BF096FFAD
S214032F2058B962B1074B1A6001230A46009321463B
S214032F300323FFF701FF02B010BD4D20FBE725205A
S214032F40F9E700BFB85500202DE9F0410446DDE956
S214032F5006861D469DF820700BF078FF88B99EB153
S214032F60A2B10B4B01201A600A4B0A46C3F8008035
S214032F70094B21461E602B460697BDE8F041FFF736
S214032F80DBBE4D20BDE8F0812520FBE72120F9E7D5
S214032F90906C0020C0550020BC5500200148EFF778
S214032FA025BE00BF3A5D00202DE9F0410020EFF773
S214032FB019F9114B114C1E68114B20881D68114BD3
S214032FC0114FD3F8008010B13978EFF7E9FF0020EE
S214032FD03870FFF793FEEFF723FC0EB14046B04779
S214032FE03DB12088A84700232380BDE8F0410CF0BC
S214032FF0BFB8BDE8F08100BFBC5500203A5D002095
S214033000B8550020C85500200A640020F8B52F489C
S214033010F0F7DCF82E4B187830BBEEF7D9FD2D4FC2
S21403302006463B6803B32C4B2C4D1C6824B195F91C
S21403303000301A461946A047294B1B6883B1294C12
S2140330402378312B0CD8284B18880BF02FFC2378C9
S2140330505A1C22702A78C25423785A1C2270C654EB
S21403306080232B7000233B60204C23781A2B22D816
S2140330701F4A1278012A09D100211E4A156825FA2B
S21403308003F0C007DAB20ED501B122700020EEF7C6
S2140330909FFD2178884212D10022174B1A70FFF742
S2140330A0BDFE40B9F8BD0133D8B21A284FF001016E
S2140330B0E5D90A442270BDE8F840FFF775BF002043
S2140330C0EEF798FD0028E7D0F5E700BF946C0020E4
S2140330D009640020C4550020B45500200464002071
S2140330E0B85500200A6400203A5D002008640020DA
S2140330F0AB6D0020C85500200664002008B50B4BB6
S214033100187880B90221EEF737FD094B1B782BB1EF
S21403311000214FF6FF720846EEF710FDBDE80840A3
S2140331200448FFF773BF00210846ECE70964002054
S21403313005640020946C002038B5144B0C461D78AB
S214033140012D21D181B90846EEF742FD104A05FA52
S21403315000F013680F4923EA0003136020462A464B
S214033160BDE838400BF05CBB0B4A13780133DBB287
S214033170022B137004D9BDE838400848FFF746BF52
S214033180FFF74CFE0028F6D138BD00BF09640020C7
S214033190C8550020D9ED030006640020946C002077
S2140331A038B50C4605460BF09DFBA04203D82D21EF
S2140331B003480BF062FF28460BF078FB204438BD2B
S2140331C0FC8E040070B506460D460BF06FFB0446F6
S2140331D048B130460BF086FBA84203D83521024897
S2140331E00BF04BFF605D70BDFC8E040070B50C46A3
S2140331F0064615460BF076FBA04203D83E2104484C
S2140332000BF03BFF30460BF051FB00B1055570BD8C
S214033210FC8E04002DE9F0431E46574B8FB01B78F7
S2140332200746033B012B0C4615469DF8588007D8E6
S214033230F4F718FA20B1F0F71DF908B144F4005476
S2140332404E4B1B7813B924F40074A4B2200509D599
S21403325046B9284604A9F0F70DFD002846D024F405
S2140332600064A4B2ADF81840ADF81A5007F039FD63
S214033270434BADF81C00B8F1000F02D01A78424554
S21403328001D293F800803F4AE105137848BF0DF159
S214033290210103F10103DBB2137058BF08A922050D
S2140332A08DF81E808DF81F3006D53368083141F837
S2140332B0083C736841F8043CE30407D5324A0831F6
S2140332C0136841F8083C536841F8043C0DF11808AC
S2140332D0A1EB08005FFA80F9002148460BF05AFB81
S2140332E0064628B900200FB0BDE8F08304AEB9E760
S2140332F00BF0DCFA41464A46E7F7B8FE30460BF0D9
S214033300F1FA804630460BF0D1FA002302460093CA
S2140333104FF6FF7004235FFA88F107F0F5FAADF86D
S2140333200E000028DED040F201131C421AD14FF6DD
S214033330F7739D4216D80BF0D5FA0DF10E0104462D
S214033340284600F0B5FDBDF80E000BF0CBFAE4B24C
S214033350A04207D9BDF80E0007F023FB437843F0DD
S21403336004034370BDF80E003A4601210BF0EAFA57
S214033370BDF80E00B7E700BF2E63002029630020C8
S2140333805D6D00202B630020B0630020F0B5082994
S214033390D58889B028D00C2926D0AE0424D405F0CD
S2140333A040030B43424C267816B105F02004234312
S2140333B02FB2002FB8BF43F08003032920D1122376
S2140333C0AC068DF80430937A10D48DF805300DF1E1
S2140333D0060401A9621A012392B2EFF74BFEB0FA74
S2140333E080F0400909B0F0BD0B46DBE732228DF8CA
S2140333F005308DF80420002EE9D00DF11304E8E71C
S2140334000C298DF804300ABF138953798DF80530DB
S214033410548805BF1B0A8DF806308DF805300DF16C
S214033420070318BF0DF106031C70240A5C7014888A
S21403343002399C70240ADC70147901291C7111D896
S214033440917A002F597131DA022112899971DA7152
S214033450120A03F109041A72002EBAD0AB06B8D5C5
S2140334600534B6E7A9071AD4002F0CDA117A51B13E
S214033470917A59711189127A03F1080492B10222E2
S2140334809A71D971E8E70B4C217801F1010C84F8A5
S21403349000C091729C1D002F5971DDDAEAE7917A1C
S2140334A09C1DF8E70122090A9A71EAE79C1DD3E7F7
S2140334B0296300202A630020014B1880704700BF51
S2140334C03C5D0020014B1888704700BF3C5D002020
S2140334D02DE9F84307460BF0C9FD05461B480BF0DC
S2140334E03CFF1B4B60B31C683C1B2C44A4B200225D
S2140334F0184BDFF868901B78174D03EB830399F896
S214033500006005EB43055FFA82F846450AD9AB88A7
S21403351005F10A00A34216D90A23B21A29465A43CA
S214033520E7F766FC013689F80060AC80B8F1000F57
S21403353003D1394605480BF0A5FA2846BDE8F883BB
S2140335403C461D60D3E705460132DCE7B46C002039
S214033550D05500200B640020DE5900200C640020A8
S2140335601FB5154A154C1378013BDBB2137061681F
S214033570206801AA03C221891180114A1278D21841
S21403358005D00A2320465A43E118E7F731FC9DF895
S21403359006301B070DD0BDF80C00FFF799FF034656
S2140335A08288ADF8082001AA03CA128818605960F9
S2140335B01A8104B010BD00BF0B640020DE59002042
S2140335C00C640020002108B5084B09481970094B04
S2140335D01970094B1A7802EB82025200E7F7B6FB22
S2140335E0BDE808400548EFF7F1BD00BF0C640020B6
S2140335F0DE5900200B640020696D0020B46C0020A7
S214033600F8B50024084D094F094E3B783178E2B2ED
S2140336100B449A4204F1010400DBF8BD2846EFF799
S214033620E5FA0A35F1E700BFDE5900200C640020F6
S2140336300B640020F8B516460C4B0D4A1B7812781F
S214033640074613440B4A0D46127893420CD0304675
S214033650FFF73EFF013506810780857004460BF0B1
S21403366000FDE0800120F8BD0020FCE70B6400208D
S2140336700C640020696D002010B5064C207828B134
S2140336800548F5F799FD10B1034B188810BDFFF7F1
S21403369067FFF3E70B640020DE59002008B50A4AEB
S2140336A00346107860B1094A1088984209D121B9B7
S2140336B09378103323F00F039370FFF751FF012025
S2140336C008BD0020FCE700BF0B640020DE59002085
S2140336D02DE9F74F00260BF0C9FCDFF8F890B24649
S2140336E099F80070B3463A46DFF8EC801FFA80FE7E
S2140336F0B8F800C0344CAEEB0C039BB201932378AE
S214033700324D009303EB830305EB4303ACEB0E0C44
S2140337105FFA86FEBE4515D3BAF1000F01D0009BB3
S2140337202370BA422AD3002F37D00A222378C8F848
S214033730000002FB03532648998803B0BDE8F04F08
S2140337400BF0A0B9B3F804E001998E4512D84FF0F8
S214033750010A009993F802E001310EF1FF3EC9B267
S214033760013AA3F804B083F802E00091D2B20A3318
S2140337700136CDE7E644A3F804E0F8E789F800202D
S2140337804AB10A222378C8F8000002FB0353104804
S21403379099880BF077F9237813B903B0BDE8F08F57
S2140337A0FFF76AFF06460028F5D007F01BF8014628
S2140337B0304607F0CBFE20B100212888FFF76EFFC6
S2140337C0E9E740F60241F8E70B640020DE590020E3
S2140337D0B46C00200C640020D05500202DE9F04185
S2140337E092F808801F4608F1FF33DBB2EF2B05463D
S2140337F00E46144688B00BD982238DF80E30314618
S21403380028469DF80E30204AFBF774FA012037E06D
S2140338100E22002104A8E7F799FAB4F809308DF8C8
S2140338201180ADF81230E37A03F07F02032A08D042
S214033830012B24D103238DF81030A389ADF815305E
S2140338400EE0032B14BF022301238DF81030E36828
S214033850CDF815302369CDF81930237D8DF8143053
S214033860A7F121014A420DF10E034A410093214676
S2140338700DF10F0304A8FAF793FD0028BFD100202B
S21403388008B0BDE8F08100BF944504002DE9F04F71
S21403389000241D7895B0CDE9020104922346224602
S2140338A00120CDE90054404909F053F9ADF81E0054
S2140338B0F8B1A346264627460DF120090DF1380A2E
S2140338C0E4F7B6F95FFA84F8404516D83A4602217B
S2140338D0BDF81E00FFF78AFC32460421BDF81E0021
S2140338E0FFF784FCDDE903100022BDF81E30FBF76A
S2140338F001FA012015B0BDE8F08F4A4640460AA9F2
S214033900FAF740FD9DF8282022B12DB1013DEDB216
S2140339100137FFB20134D3E7BBF1000FF8D199E8C2
S21403392003009DF829308AE803008DF84030BDF87F
S2140339302A30032A8DF841304FEA13238DF842309C
S21403394017BF032301238DF843309DF82C30DDF891
S2140339503110DDF82D0014BF8DF84C308DF8433050
S21403396011AB03C302980CBF4FF00E084FF01508B7
S21403397008F0B6FA0590BDF81E000AF0B3FF0599E5
S21403398000EB080399420BDB0123424651460DF137
S2140339901E00EFF76FFB0028ABD10136F6B2B7E790
S2140339A04FF0010BB4E700BFD18E040038B50546CF
S2140339B00D4B0E481C88EFF7F5FB012D0CD10C4B75
S2140339C01C88FA21614358B1884209D28408012C25
S2140339D0204638BF012038BD022D08BF0224F0E779
S2140339E002480BF04FF8F2E7DA590020D4450020DE
S2140339F0D8590020012208B5054B06481A70002145
S214033A000BF040F8BDE808400020FFF7CFBF00BF2B
S214033A10FA620020D44500201E4B73B51A8802F1C3
S214033A2008039BB2012B02D81B4B1B7823B902B0A9
S214033A30BDE87040EFF7CABB0024184B184D1C7046
S214033A40184B1C702B787BB14FF6FC73164E009305
S214033A50224623462146308808F080FC4FF6FD7345
S214033A602C70338001200FE0104B10461978F4F7C2
S214033A7019FF0028F6D10C4B1A884FF6FD739A42AD
S214033A80F0D0012302202B7002B0BDE87040FFF790
S214033A908DBF00BFDC590020FA620020FD620020C3
S214033AA0FB620020FC620020D6590020FE62002044
S214033AB0012808B50AD002280CD020B9084B187084
S214033AC00848EFF783FB4FF0FF3008BDBDE808401A
S214033AD0FFF790BF0020BDE80840FFF767BF00BFB1
S214033AE0FA620020D445002002280CD859B1064AB1
S214033AF013780133DBB21370044A12789A4202D861
S214033B000220FFF7D5BF7047FC620020FF6200204B
S214033B1038B5A0F61343012B04460D4615D80E4AB6
S214033B2013780133DBB213700C4A12789A420CD81E
S214033B304FF6FD720A4B00201988914201BF0022FE
S214033B401D80084B1A70FFF731FF29462046BDE853
S214033B50384005F058B800BFFD620020006300201F
S214033B60D6590020FB62002000234FF6FD71054A5C
S214033B701370054A1370054A1180054A1370054AE7
S214033B8013707047FD620020FC620020D6590020A7
S214033B90FB620020FA62002030B5094B02461B7810
S214033BA033B1084B084C19780023D8B2884201D3A6
S214033BB0FF2004E0013334F823509542F5D130BD9D
S214033BC0686D002002630020B65900200022FF2102
S214033BD0044B05481A70054B1970054B1A7892006A
S214033BE0E7F7B4B802630020BA5900200163002047
S214033BF0686D0020F7B58DF807100DF10701044630
S214033C0002F0A6FF234B1D78002D41D02046FFF778
S214033C10C3FF214EFF283178204B05D1204A107868
S214033C2085422DD9451C1570884219D01C4A1B4D58
S214033C3092F800C00022D7B2BC450CD92F4697F89D
S214033C4003E00132864505F10405F4D102B203EB25
S214033C508202D278FA7002B203EB8202D17030701D
S214033C6002B203EB820123F82240FF228A709DF8FA
S214033C700720FF2A02D003EB8203987003B0F0BD3F
S214033C800A46104603EB8202D278FF2AF9D1CBE725
S214033C90FF20F3E7686D002001630020BA59002077
S214033CA0026300202DE9F843FFF776FFFF2804465A
S214033CB069D04FF6FF72354F03B2DFF8DC80344E1F
S214033CC027F8232098F80050A54202D10020BDE82B
S214033CD0F883337820B28100A34207EB800090F884
S214033CE003E010D00023294A5FFA83F94D45944632
S214033CF006D99CF803900133A14502F10402F3D1DF
S214033D008CF803E001E086F800E0013DEDB22A1BE3
S214033D10D2B2043192003944E7F76AF888F80050C3
S214033D203378FF2B04D0A34224BF03F1FF33337051
S214033D3000214FF6FF70154BCAB2AA420CD30023DC
S214033D404FF6FF71134ADCB2AC42BBD2013332F8F2
S214033D5023008842F7D1B5E79A78A2420BD11880A0
S214033D60DA78FF2A04D0A24224BF02F1FF32DA70C7
S214033D7001310433E0E7FF2AF2D0A24224BF02F166
S214033D80FF329A70ECE72D20A1E700BFBA59002056
S214033D9001630020B659002002630020F8B51C4BCF
S214033DA005461B78084673B3FFF7F6FEFF2804465E
S214033DB029D02846FFF7F0FEFF2806D0154B164EEF
S214033DC01A780023D9B2914218D3FF212846FFF769
S214033DD011FFFF28014616D00546104F23B207EB06
S214033DE0830237F823009678FFF704FFA84208BF3C
S214033DF0FF25FF2E214608D12846F8BD013316F8C5
S214033E0023108142DED1FF25F6E73446E6E700BFFE
S214033E10686D002002630020B8590020BA590020BC
S214033E202DE9F04180460E461F46002386B001A8C2
S214033E3014469DF830508DF80330FCF74BF8ADF878
S214033E4004802EB13368CDF806307368CDF80A3097
S214033E5038460AF02BFD0DF103034219214601A84B
S214033E6004F0DDFE9DF8033093B931464046E4F78F
S214033E7001F90E4B1B785BB10B2C09D8FF2140468A
S214033E80FFF7B8FE064605EB4404E4B2A54202D1AA
S214033E9006B0BDE8F0812946384608F0FDFD3146F8
S214033EA0FFF7A8FE02350646EDB2EFE7686D002081
S214033EB000232DE9F3470DF107028DF8073004467A
S214033EC00E4602F030FE9DF80730054663B92046DD
S214033ED0FFF762FE04465EB130880AF003FD5FFA20
S214033EE080F8FF2C45D10025284602B0BDE8F087B0
S214033EF0B046F6E701320C2AF5D02DB207EB85055E
S214033F00AD78FF2DF6D112F0FF0AECD04FEA4A0542
S214033F100235EDB2002EE7D0304605EB080108F077
S214033F2080FD0028DFD1524641463088FFF75EF910
S214033F300AF1FF3208F1010108F102093088D2B212
S214033F40C9B25FFA89F9FFF751F924B207EB840483
S214033F50A478FF2CC8D023B2494637F823203088EC
S214033F6008F0AAFD0028BED109F102095FFA89F913
S214033F70EBE725460022014FBFE700BFBA590020F2
S214033F80FF2818BF064B10B51BBF03EB800433F89E
S214033F9020302D200B801EBFA3780020137010BD89
S214033FA0BA59002008B5D1F71FFDD1F715F900F06F
S214033FB022FAD2F70BFDBDE80840D0F7C7BE10B50E
S214033FC0044601880120D1F7CDFDE3880BB9C82349
S214033FD0E38010BD37B50446D1F7D2FD6588854228
S214033FE00ED8A188E288814205D3431B5343491B5D
S214033FF0B3FBF1F39AB280B240EA024003B030BD9D
S2140340000022F8E770B50C46088800F04BF994F8E0
S2140340104430054683420FD004F11C06304600F0B8
S2140340207CF984F8445000F07CF9618BA064304638
S214034030BDE8704000F06CB970BD38B5044690F822
S21403404044108378826CCB1A59425941D0F7E4FE68
S214034050E37893B1257985B900F063F90346A2683E
S214034060218A04F11C009C1A8C4236BF521829463A
S214034070D11ABDE8384000F04BB938BD09B100F09D
S214034080FDB800F005B938B58388044603B3E37872
S2140340900088A17804F10C05A3B10023B1FA81F1DD
S2140340A0E3704909FFF7EAFF4FF6FF72A3882189F9
S2140340B093421CBF03F1FF33A3802846BDE8384074
S2140340C000F026B90123E370FFF7D8FFE188F4E791
S2140340D038BD10B5044681780088FFF7CFFF01236B
S2140340E0E3700023A38010BD10B581780446B1FAAF
S2140340F081F100884909FFF7C1FF0023E370A3801D
S21403410010BDFFF7F1BF70B50446054600262B46E3
S21403411055F8040B10B11B1B0C2B00DD70BD237C64
S2140341208680002BF3D0637C13B1FFF7D2FFEEE754
S214034130FFF7DAFFEBE7FFF7E6BF70B50446054681
S2140341404FF6FF762B4655F8040B10B11B1B0C2BB2
S21403415000DD70BD8388B342F4D04FF4FA724FF695
S214034160FF731146D0F7ACFEECE709B100F086B852
S21403417000F08EB810B50446C0600830D1F764FE70
S21403418021792088B1FA81F14909FFF7EEFFA37977
S21403419043B121796088B1FA81F1BDE8104049093D
S2140341A0FFF7E3BF10BD00F0A9B80346184613F89F
S2140341B0012B8A4201D0002AF8D1704710B53B2163
S2140341C004460068FFF7F1FF0022034603F8012BBD
S2140341D02068236010BD10B540B1421E0A2400209B
S2140341E012F8013F303BD9B2092900D910BD04FBB0
S2140341F00030F5E708B500F07EF808B540F2BA429D
S21403420000211020D1F72CFC41F2E823584340F656
S214034210FF7300F2FF70B0FBF3F080B208BD50F8F6
S2140342200C3C23B150F8041C30F80E0C18477047AA
S214034230084619B1FF21103002F072BB704773B500
S21403424005460E466DBA1446D1F734FDADF8045054
S2140342507EB1012C04D0032C09D00022012101E0F9
S2140342602246022101A8D3F705FC02B070BD002246
S214034270F7E7042132460DEB0100F4E707B540BA31
S214034280ADF8040001A8D3F729FC03B05DF804FBDE
S21403429007B540BAADF8040001A8D3F74BFC03B04A
S2140342A05DF804FB002307B540BAADF804000DF132
S2140342B0030101A88DF80330D3F768FC9DF80300CB
S2140342C003B05DF804FB007800F0DF03552B07D03E
S2140342D0642807D0663818BF4FF0FF30C0B2704767
S2140342E0012070470320704718B12D280CBF01200A
S2140342F002207047704708B501F004FF08B500F0C8
S2140343006FF8BDE8084004F050BC50E90230184787
S2140343100A460830FF2102F0FABAFF21083002F0FD
S21403432007BB08B50AF001FFBDE8084009F072BBF9
S2140343302DE9F041044600274FF00C0E8F4202DBB6
S2140343400020BDE8F0812078904204D1002594F83F
S2140343500780454502DB01370C34EFE70EFB05F615
S214034360D4F808C00CEB06003CF806609E42E8D082
S2140343700135EEE7F0B585B005460E461746D1F78C
S214034380B9FD0446A0B131462846D1F76BFD8378C4
S2140343903A46002BA36831460293A3782846019336
S2140343A04FF0000300930CBF80234023E0F776F81A
S2140343B005B0F0BD08B51288D1F79CFD50B102795F
S2140343C0BDF80C309A4207D881680298E6F710FDCC
S2140343D0002008BD8620FCE78920FAE7D1F788BECF
S2140343E0002004F066BC08B504F0D3FC002814BF14
S2140343F00320002008BD704708B502F06DF9FFF7EB
S214034400D1FDD1F7DBFE642004F01CF8642004F031
S21403441018F802F063F9D0F7C5FC08F055FFF8E783
S214034420F8B5D0E90176437B04460D4613B133460F
S2140344303E461F46FFF775FF012D206438460ED112
S214034440D0F7A4FD3046D0F7C5FD257360784FF44A
S2140344507F42BDE8F8404FF48171FFF78BBF022D12
S21403446005D1D0F7B7FD3046D0F790FDEDE7D0F78E
S214034470B1FD3046D0F7AEFD0025E6E738B5037B41
S21403448004468B420D4607D190F844305BB3BDE833
S21403449038404830FFF741BFFFF743FF216C431A0C
S2140344A0C72B0CD80123C83184F8455084F8443010
S2140344B0091A04F14800BDE83840FFF729BF0DB1DB
S2140344C0237B2BB929462046BDE83840FFF7A8BF13
S2140344D000212046FFF7A4FF0123C82184F8455096
S2140344E084F84430E5E738BD90F84510FFF7C6BFBB
S2140344F00121FFF7C3BF0221FFF7C0BF0021FFF76B
S214034500BDBF4FF60173994210B5044602D1002190
S214034510FFF7B4FF2046BDE81040D1F7F1BF0329EB
S21403452010B504462BD0007B30B9012903D00229ED
S2140345300CBF0120FF2010BD032A07D8DFE802F0D6
S2140345400208101401291CD002291FD0FF20F2E70D
S2140345500029FBD1B4F85C20012A12D0022AF4E722
S21403456004290ED00529F0E7042914D0052914D010
S2140345700029EBD1B4F85C20111F0129ECD80220E6
S214034580D9E75A1E534253415800D4E7022B0CBFB7
S21403459002200120CFE70020CDE70120CBE730B58E
S2140345A087B005460C46D1F791FD012820D11CB1F2
S2140345B0611E4B424B4158006B784FF480728DF866
S2140345C004304FF48273ADF806304FF48173ADF8C0
S2140345D0083001238DF80B30002385F8900001A8DE
S2140345E0CDE903238DF80A408DF81430D1F7A6FDE4
S2140345F007B030BD41680346C978027B99B9816824
S214034600C97899B9002A08BF0321D2F73DB89B7B26
S214034610002B0CBF01210221F7E79B7B002B0CBF6D
S21403462002210121F1E7012AF1D17047012AF4D1D1
S2140346307047042910B5044604D831B1BDE81040CC
S214034640D2F7A6B805290DD010BD037B5522002B43
S21403465008BF0321A0F85C1040781221FFF78AFEFA
S2140346602046EBE743681A8A83681A82E6E7012343
S21403467003730378013343734FF44073C3810323F7
S21403468003740023A0F85C3080F89030704710B5B0
S2140346900446806BD8B1E278022A04D0636B5B7958
S2140346A072B984F83C3094F83C306BB1FFF711FDD7
S2140346B060784FF60272BDE810400621FFF75ABE37
S2140346C0B3FA83F35B09ECE7FFF70EFDF0E710BDE3
S2140346D010B50446406BD0F759FC2046BDE81040A1
S2140346E0FFF7D5BF10B50446406BD0F773FC2046E2
S2140346F0BDE81040FFF7CBBF10B50446406BD0F7BC
S2140347008FFC2046BDE81040FFF7C1BF10B5044636
S214034710002206214078FFF72DFEA378022B01D056
S214034720FF2B04D12046BDE81040D2F7CFB910BD09
S2140347304FF60273994210B5044601D1FFF7A7FF5F
S214034740E378022B02D02046FFF7A1FF2046BDE800
S2140347501040D2F7BBB910B5D0F8A4407CB10379AA
S2140347601BB14079D2F772FA48B9A3883BB9322213
S2140347702046BDE8104001231146D0F7A1BB10BD6B
S21403478010B50446FFF7E7FFA278237982B913B181
S2140347902046D2F781FA2046D2F7BEFA0323607882
S2140347A0A4F86C305522BDE810401221FFF7E2BD95
S2140347B0012B02D12046D2F76FFAA379012B02D13F
S2140347C02046D2F7A9FA0123E9E710B58378044611
S2140347D0ABB9FFF7C0FFA3788BB9237913B1204693
S2140347E0D2F77AFA2046D2F7DBFA04236078A4F8E5
S2140347F06C305522BDE810401221FFF7BBBDB4F85C
S2140348006C30022B0DD02379032B02D12046D2F72E
S21403481043FAA379032B02D12046D2F77DFA00236D
S214034820E4E72046D2F7FEFAF9E7827883685AB9B6
S214034830DB78002B14BF03230423A0F86C30552227
S21403484012214078FFF796BD1A7922B9DB78003B30
S21403485018BF0123F1E70223EFE77FB500239E6A23
S2140348600446B6F5804F0D460CD201A8D2F786FC57
S214034870039B5B0506D529462046336C04B0BDE88A
S2140348807040184704B070BD00239B6AB3F5804F91
S21403489005D21B6BB3F5804F01D29B6818474FF4C4
S2140348A0817070471FB500239A6AB2F5804F04D310
S2140348B040F2011005B05DF804FB126BB2F5804FB1
S2140348C0F6D2012201A8CDE902338DF80420D2F7EF
S2140348D055FC039BDB03EBD5029B1A0EE8D0012A9B
S2140348E003D1C3F307430A2BE2D900239B6A1B6B4E
S2140348F01B6C9847DEE708B50AF0DEFDB0FA80F0D9
S214034900400908BD134610B542B103439B0707D1C0
S2140349100AF0D6FDB0FA80F0400910BD0120FCE78E
S2140349200020FAE700230360704703680B6001600A
S214034930704710B538B132B129B100230139D45CC0
S21403494014B90023037010BD8B42FAD200F8014B52
S2140349500133F4E7034638B10020814204D01A5CE1
S21403496002B970470130F8E770474FF0FF31FFF7A1
S214034970F1BF70B50C461646054660B15AB151B143
S214034980FFF7F3FF844206D9211A32462844BDE8CE
S2140349907040FFF7CEBF70BDFEE7FEE700239A42E6
S2140349A000D1704710B550F8234041F82340013337
S2140349B09A42F8D110BDD3F741B84369426CD91C6B
S2140349C0143AB1FBF2F103EBC1000330B0FBF2F093
S2140349D00230704738B505460C46FFF7EEFF6A6CA3
S2140349E0E31D143AB3FBF2F3013304EBC30402FBF7
S2140349F0004038BD38B5054644692146FFF7EAFF4F
S214034A006A6CE31D143AB3FBF2F3013304EBC304FD
S214034A10204438BDF7B507460E4600257C6CA8191A
S214034A20644280EA06031C4003D02C46204603B0AB
S214034A30F0BDFB6B01225B6901A99847019B01331B
S214034A40F4D10435EAE770B505460C46D4F7CCFD39
S214034A50EB6B2046BDE87040DB68184770B5002551
S214034A60044686B00562E369AB4202D8206A06B004
S214034A7070BD666C2068E36B05225B6901A906FBC3
S214034A800500984701A800F023FC00F046FC10B18F
S214034A90236A013323620135E5E738B50446456CDE
S214034AA0006804F1400305FB0101E06B00F042FCE3
S214034AB005462046FFF7D2FF284638BDF0B5054623
S214034AC0002687B0EC69013CB44203D80C46204666
S214034AD007B0F0BD01B14C1E6F6C2868EB6B052266
S214034AE05B6901A907FB0400984701A800F0F0FBE7
S214034AF000F013FC0028EAD121460136E2E7F0B5C0
S214034B0004460D46466CE36B006887B005225B6976
S214034B1001A906FB0500984701A800F0D9FB00F0A1
S214034B20FCFB20B101A800F0AAFB07B0F0BD2946A4
S214034B302046FFF7C3FF0646676C2068E36B052233
S214034B405B6901A907FB0600984701A800F097FBDD
S214034B50431CEAD0B54238BF0130E6E72DE9F043FF
S214034B604FF6FF79D0F8248004460E46C84514BF96
S214034B7045460025002787B0E369BB4202D807B045
S214034B80BDE8F083E26B2368606CD2F814C000FBC8
S214034B900530052201A9E04701A800F099FB022889
S214034BA006D0C8450CD1721C29462046FFF775FF70
S214034BB0E3690135B5FBF3F2013703FB1255DBE777
S214034BC029462046FFF79BFFB0F1FF3F14BF02467E
S214034BD032460132E8E70368F0B5CC1A436C064662
S214034BE0B4FBF3F4002587B0F36937685A1E954281
S214034BF0706C08D3706C336800FB043007B0BDE8F4
S214034C00F04000F095BB0134B4FBF3F203FB12440F
S214034C10F36B05225B6901A900FB0470984701A8A2
S214034C2000F056FB00F079FB0028E3D10135DBE703
S214034C3010B423F0030422449B070A44436C18BFB2
S214034C4004325B4281EA0204234203D05DF8044B3C
S214034C50FFF7C1BF10465DF8044B70472DE9F041DE
S214034C60D0E90A369E42044686B028D11422C36988
S214034C70456802FB1355284606B0BDE8F081206858
S214034C80676C331AB3FBF7F3E26B07FB0300D2F848
S214034C90148001A90522C04701A800F019FB0128CA
S214034CA004D0636C1D44013B3340ED1A3146204665
S214034CB0FFF791FF0646A36AB342E0D1DBE7002580
S214034CC0F9E708B508301346D1E90012D4F712FC09
S214034CD0012008BD13B50C460021217600936168B8
S214034CE013462246D3F700F818B1E37D03B1A07E3E
S214034CF0A075A07D02B010BD73B5164600F1080579
S214034D000C46284609680DF1070200F098F9032EB1
S214034D1006D16368834203D12846216800F076F9FA
S214034D20012002B070BDD01E009B42424241187E55
S214034D30824211D11A688A420ED85A688A420BD325
S214034D405A6901325A61D3E9030282423FBF986827
S214034D5040F8221001321A610120704710B5032A69
S214034D60029C07D1A26A5340626C5242134201D19D
S214034D7000F04CF9012010BD08B5C3680020984721
S214034D80BDE80840D4F738BC012814BF042002202D
S214034D9070B5002442431C70CC7D101D02F0020245
S214034DA04CB91AB1012220F003001A7000F108036F
S214034DB04868184470BD1AB1012220F003001A7027
S214034DC000230C7E01F12005DAB2A24201D30020B3
S214034DD0F0E735F833205E1C824206D901EBC303A5
S214034DE000F10802D8691044E4E73346801AEBE77B
S214034DF073B5054690F842601C4630460DF1030332
S214034E00FFF7C2FFEB6B012E5B690DD1324601A99A
S214034E1098479DF8033013B1BDF806300193BDF8EB
S214034E200430236002B070BD0122214602B0BDE803
S214034E3070401847F0B5054600244868EB6B87B00A
S214034E400E4601225B69029402A90830984727465A
S214034E5095F84230012B40F0AC80632C00F2AB8017
S214034E60612C08D805AB224631462846FFF7C0FF1B
S214034E709DF814305BB305AB2246314628468DF8C1
S214034E801070FFF7B5FF95F84230012B059B7FD1D5
S214034E904FF6FF72934256D0082205A904A800F0E5
S214034EA063FA059B9DF81010C3F3072291424AD17B
S214034EB0DBB2029A1A44029245E0DCD005AB2246E6
S214034EC031462846FFF794FFBDF81430D2E795F82D
S214034ED04230012B39D1612C2ED822463146284642
S214034EE003ABFFF785FF3146284604AB621CFFF78A
S214034EF07FFF3146284605ABA21CFFF779FF102239
S214034F0008230DEB02010DF107008DF8073000F0C2
S214034F102BFA102205A90DF1070000F025FA039BD2
S214034F20DAB24AB99DF80720B2EB132F04D1DDE9B4
S214034F30043203EB0243029395F84230012B14BF6D
S214034F40012302231C44013482E7302CF4D8224682
S214034F503146284603ABFFF74BFF3146284604ABE2
S214034F60621CFFF745FF102320220DEB03010DF112
S214034F7007008DF8073000F0F7F9039B9AB2002A72
S214034F80DAD19DF80720B2EB134FD5D1049BD2E7B5
S214034F900133D8D0102205A90DEB020000F0E4F986
S214034FA0059B9DF81010C3F307429142CBD19BB2E9
S214034FB07FE7312C81D9029807B0F0BD13B50024E2
S214034FC00194049C0094D3F76BFB02B010BD13B599
S214034FD001240194049C0094D3F762FB02B010BD35
S214034FE000234FF0FF3230B544689C4202D10023C1
S214034FF0037230BD016801EBC30541F833206A60D4
S2140350000133F2E7C0E90012FFF7EABF0023F0B569
S21403501045689D4210D00468DF0054F8332004EB43
S214035020C306B2F1FF3F08D0C2F31302914204D184
S2140350304FF0FF33E3517360F0BD0133E9E700231C
S214035040F0B545689D4202D14FF0FF300EE004688C
S214035050DE0054F83340671C09D0C4F31307B94283
S21403506005D1240D1470036833445868F0BD01332A
S214035070E8E7704770B59400224605460E460AF0E8
S2140350801FFA431C0AD058B9224631462846E6F78B
S214035090A9F9002814BF3D20002070BD6E20FCE750
S2140350A07120FAE713B5044601A8D5F723FB9DF84C
S2140350B0063023804FF480736380D5F729FB606046
S2140350C0002002B010BDD5F799BA08B5D5F78AFA0D
S2140350D0002008BD10B5044644EA010313F0030399
S2140350E0084609D1934201D1002010BD54F823107D
S2140350F040F823100133F5E721469200E5F7B6FFA3
S214035100F2E710B504460AF0D7F9431C10D088B965
S214035110D5F7FEFA234620F003002044984201D137
S214035120002010BD53F8042B0132F7D03E20F8E7D9
S2140351306E20F6E77120F4E7704713B500230446A4
S21403514001461B220DF107008DF8073000F00CF91D
S21403515022689DF80730B3EBD26F0CBF0120002006
S21403516002B010BD13B500230446014620220DF1FC
S21403517007008DF8073000F0F7F80DF107001A2244
S214035180211D00F0F1F862689DF80730B3EB926FCB
S2140351900CBF0120002002B010BD0068431C58421B
S2140351A058417047006810F07E0F0CBFC0F3C16013
S2140351B0002070470068C0F3D3107047006800F003
S2140351C07F0001288CBF002001207047036813F07E
S2140351D07E0F14BF042008207047036813F07E0F69
S2140351E003D1406820F07C40704713F078001CBF62
S2140351F003F07F03D81F7047006800F07F007047F6
S214035200032809D0022803D1C1F10201C8B27047AE
S21403521000290CBF07200020704737B5054601F16B
S2140352200C0443696946012220469847BDF80030BE
S214035230012201932046AB6901A9984703B030BD0C
S21403524037B501F10C044369012269460546204639
S21403525098474FF6FF72009B99B291420DD16FF3B8
S2140352600F0343F4254343F0A5030193012220468D
S214035270AB6901A9984703B030BD0020FBE737B5FB
S214035280044600251B22011D0DF107008DF807506B
S21403529000F06AF860689DF80720B2EBD06F03D180
S2140352A020F0784003B030BD0DF107001B2204F157
S2140352B008018DF8075000F057F8A0689DF80730EE
S2140352C0B3EBD06F01D1C043EAE74FF0FF30E9E715
S2140352D04BF29A22036810B5B2EB134F044613D170
S2140352E09BB2012B13D1FFF7CAFF01300CD04FF648
S2140352F0FF72E068B2EB104F4FEA104309D180B259
S214035300C01A18BF012010BD2368013303D0042040
S214035310F9E70220F7E70320F5E701288CBF002012
S21403532001207047033801288CBF002001207047F6
S214035330143070472DE9F041054698460369084640
S2140353400E4617469847044638B943463A4631460A
S2140353502846D4F7C1F9044618B131462846FFF764
S2140353605CFF2046BDE8F0811F2A0B689EBF4FF006
S214035370FF3191408B43590801F055315B1A03F016
S21403538033319B0803F033330B44017803EB1313D9
S2140353900A444FF0013103F00F334B43A2EB136281
S2140353A00270704708B507F037FEBDE808400021D5
S2140353B0D4F79CBA02210320D4F796BC70477047F3
S2140353C07047704770B5054614460E4609F053FD00
S2140353D02B685C4034405C402C60BDE8704009F0AC
S2140353E045BD10B5002422B1032A0CD00360047116
S2140353F010BD11F4000218BF4FF07F4221F07F4327
S21403540013430C0EF2E721F0FF03CCB2EEE730B500
S214035410012400F5805345685C60CB784A785B04CA
S21403542043EA02230A7813438A78120402F480328A
S2140354301343C0F89830EB075CBF00F50050446098
S21403544030BD70B501260C46054600F500535E6078
S2140354500B78497803F0070343EAC103E17843EA8C
S2140354600123A178090101F030010B430367C36AE6
S214035470A17923F48B3323F4807343EA0143217920
S214035480090201F4E0610B436179090301F48051D9
S2140354900B43C3621146FFF7BAFF05F580535E6000
S2140354A0E37903B1EE6070BD08B50A6FC96F02F009
S2140354B00702FFF796FF08BD13B5044601A8D5F704
S2140354C019F9042C04D8DFE804F0061603101300B9
S2140354D0002002B010BD40F29C4040F2BA439DF853
S2140354E00520012A08BF1846F3E740F6B830F0E770
S2140354F04FF41660EDE740F2E240EAE74FF0502340
S2140355004FF400321A6770474FF0B0435A6812B12F
S2140355109A6A002AFAD1704770B5054614460E46B5
S21403552009F0A9FC2B685C4034405C402C60BDE865
S214035530704009F09BBC0122417803788A403021F1
S2140355404B4342F2100103F1A04303F570335A5064
S214035550704721FA00F2D20730B5034600F0FC0488
S2140355600FD500220132D2B2042A02D14FF0FF3007
S21403557008E0831803F00303234421FA03F5ED0739
S214035580F0D4184630BD0020704700207047002036
S21403559070470020704701207047012070470F2096
S2140355A07047E6F739BC002307B5CDE9003301237E
S2140355B069464FF0FF308DF8023004F0C8FB03B0A5
S2140355C05DF804FB0020704710B508B9212010BD14
S2140355D00029FBD0036813F0704205D1C3F30E0312
S2140355E00B607BB10020F2E703F05044B4F1004FA8
S2140355F005D0B2F1304F02D0B2F1404FE6D103F0FE
S2140356007F03EDE74368002BE0D00B60EAE737B58E
S2140356100C46054610B9212003B030BD0029FAD048
S214035620002301A90193FFF7CFFF0028F4D12968CF
S214035630019A11F0704102F1030222F0030201D134
S2140356402260E9E7AD68B1F1004FC5F38033C5F3D7
S214035650403504D103EB450353432360DCE7B1F144
S214035660204F01D12B44F7E7B1F1304FFAD0B1F117
S214035670404FF7D0CFE737B50C460546002800F075
S2140356808780002900F0848000230B60036803F002
S21403569070430B60C26822B1032A79D143F080635A
S2140356A00B60AB689A0149D403F08073EA680AB9C1
S2140356B0002B6DD1226822F0407213432360EA6800
S2140356C0032A05D12A69F62A62D962F317432360AF
S2140356D0AB681B0442BF236843F400432360EB68B4
S2140356E0032B1FBF23682A6862F30E0323602B680D
S2140356F0AA68002B2ADB12F4C84F49D12B6803F0A3
S214035700704303F10043B3F1804F05D2530542BF04
S214035710236843F4806323600023284601A901938A
S214035720FFF752FF40B92B6813F070421FD123686E
S214035730019A62F30E03236003B030BD03F0407397
S214035740B3F1407F18BF4FF00073AFE7500402F485
S214035750005105D4E1B1236843F400532360CDE739
S214035760236843F4804323600029C7D0F3E703F09C
S2140357705043B3F1004F05D0B2F1304F02D0B2F12F
S214035780404F05D1019B5A1E236862F30603D2E7F6
S2140357902120D1E738B131B101234B604FF00053DC
S2140357A000208B6070472120704737B50C460546AE
S2140357B008B9212016E00029FBD001234B60C368FB
S2140357C0A3B901A90193FFF722FF58B9019B6A69A0
S2140357D09A4209D32A69002AEBD0226043F0005389
S2140357E00020A36003B030BD1D20FBE7032BE0D1F0
S2140357F00023F5E7436813B9416070475B685A684E
S214035800012AFBD159607047FFF7DCBE08B5FFF7E6
S214035810D9FE002814BF6FF09200002008BD13467F
S214035820428870B50732072A0C464FEAD20101D0E8
S214035830A14222D146680588202218460021E5F7B2
S21403584085FA360A0346DEB9BCB141F20102954237
S21403585005D0B5F5885F02D0B5F5905F02D100207C
S2140358605C6070BDB5F5105F0DD1182C03D0202CED
S21403587001D0102C01D11C60F1E76FF08600F0E731
S2140358806FF08B00EDE76FF08500EAE7F0B51C4696
S214035890436806461B0A0F46154689B035D122468D
S2140358A02946FFF7BCFF68B9EB1C23F00303C4E9E2
S2140358B00307636145B9202200212046E5F746FA2F
S2140358C06FF0860009B0F0BD014620226846E5F772
S2140358D03DFA6A4629463046FFF7A1FF0028EAD17B
S2140358E02368009A9A42E6D16368019A9A42E2D103
S2140358F0A368029A9A42DED1A369069A9A42DAD13B
S214035900E369079A9A42DDD0D5E76FF08B00D9E7B3
S214035910D5F738BAD5F752BB70470020704700203A
S2140359207047C3681944836853F8210030F8023B74
S21403593013607047012310B580F888300378044657
S21403594053B100F061FA21462046D5F729FC2046DC
S214035950BDE8104000F04DBA10BD38B50D460446FC
S214035960D5F706FC6B682046C4F8B032A96800F089
S21403597096F94FF0FF332046C4F8B432FFF7CDFF55
S21403598038BDD0F8B43210B50133044601D0002038
S21403599010BD00F0BCFAC4F8B4020130F7D194F895
S2140359A0B80280F00100F3E708B5D5F71DFC08BD83
S2140359B00A7801382D2A0ABF012200228918D5F752
S2140359C06FBC07281BD8DFE800F0060A0D10131576
S2140359D004170120704700220820D5F761BC002277
S2140359E01020FAE700222020F7E70820FFF7E0BFA1
S2140359F01020FBE72020F9E70846D5F7B3BC0020C4
S214035A0070472DE9F74307280C46DDE90A769046EA
S214035A101D4608D8013806280AD8DFE800F01D27F7
S214035A20303A44574A00212850D003B0BDE8F083EB
S214035A30002220461146E5F755F93368C0B205EB58
S214035A4083013A6845F82300013348F8221033608F
S214035A503B6801333B60E8E7002220461146E5F742
S214035A6041F9336880B205EB8301EAE7002220465A
S214035A701146E5F737F9336805EB8301E1E70022C2
S214035A8020461146E5F7DCFA336840B205EB83019E
S214035A90D7E7002220461146E5F7D2FA336800B26C
S214035AA005EB8301CDE7002220461146E5F7C8FA49
S214035AB0E1E7002389461E461D468DF8063019F891
S214035AC0013F7D2B06D125702D0A65703B6848F88B
S214035AD02340BDE7202BF2D006F00102013612B9AF
S214035AE08DF80430EBE71022002101A88DF805306D
S214035AF0E5F7A6FA631901359870ADB2DFE72DE92D
S214035B00F04F9B46002385B08B45814688469246D8
S214035B10CDE902336BDC1A461E4619F80340212CE6
S214035B2009D81F2C04D8103C072C98BF012200E08C
S214035B3001260133F1E7FF2CFBD15B4436B1013B71
S214035B4043450ADD2B2005B0BDE8F08F62B1013B6B
S214035B504345F7DC3546374602E000252F462E46FA
S214035B60454504DB0020EEE79845F3D0EAE75D45BC
S214035B703BDB19F80730202B18D109EB07035B78BA
S214035B80FF2BDFD1CEB920465AF82510FFF719FFB1
S214035B9078B303AB019302AB00932046DDE90E23F3
S214035BA05AF82510FFF72DFF0135D9E7212B0ED123
S214035BB009EB07035B78FF2BC4D1029B5AF8252019
S214035BC00E99012641F8232001330293ECE7A3F153
S214035BD01004072C02D91C460137D3E709EB070349
S214035BE05B78FF2BAED1E4B2CCE70624CAE72120CC
S214035BF0A9E72620A7E72DE9F04F07460E461546E8
S214035C009846044685B0DDF84490DDE90FAB20687E
S214035C1008B3DAF80020D8F800108A421BDA0E9B85
S214035C2053F82210D1F73EFE48BBDAF800200132C3
S214035C30CAF800206268117BFE291BD10E9B1068F0
S214035C40012100932A464346CDE902B9CDF804A0C4
S214035C50FFF7D1FF04462B7843B999F800302BB9E8
S214035C607EB101233C4689F800302B70204605B0F0
S214035C70BDE8F08F01238BF800302B70EBE70C3474
S214035C80C5E73446F2E710B50446236803B910BDEA
S214035C90237A13B92046D5F79BFB0C34F5E710B5EA
S214035CA041B10A7932B901249C300C71FEF73DFEEE
S214035CB0204610BD0020FCE72DE9F041BAB00546AA
S214035CC00AAA084603A900F05FF90446B0B90DF125
S214035CD00A0301930DF10B038DF80A0000930AAA39
S214035CE0284604AB03A9D5F723FD9DF80A20B2B1D5
S214035CF09DF80B2048B12AB1D5F76AFB20463AB087
S214035D00BDE8F081FFF7BFFFF8E7D5F89C50002DFC
S214035D10F4D0A86808B1FFF7B6FF2D68F7E700B31D
S214035D2046681AAB06F10C082AAF01934046049B5B
S214035D30039900970AAAFFF7E2FE04460028DDD17E
S214035D40039B05A8CDE90637049B0595CDE90838DE
S214035D50D6F7B6FF05A83368984705A800F03FFDB9
S214035D60CCE72D24CAE710B50446AC30E4F7EAFEC8
S214035D7004F1AB031A180020934200D110BD13F8A8
S214035D80011F0029FAD00A2908BF0130F4E70023CF
S214035D90F0B50B6013600646D0F8AC0278B196F8FF
S214035DA0AC0060B1012406F1AC07D6F8AC0284421D
S214035DB010D306F1AC00B3F5007F10D30120F0BD7D
S214035DC00D6801350D60156801351560F85C013303
S214035DD00A2802D0B3F5007FF2D30134E5E7C15CAD
S214035DE00A29EBD00029E9D011680133013111608B
S214035DF0E1E710B50021D0F88C200446E4F7A6FFAF
S214035E000023C4E9243310BD73B5044600F1AC0582
S214035E1080212046FEF79EFD4FF400710646284675
S214035E20FEF798FD0136C0F50070864220461FD85F
S214035E30E4F788FE06462846E4F784FE013629463C
S214035E40421CA819E4F7D4FF2046E4F77BFE21465C
S214035E5002462846E5F70AF92046E4F773FE0A23C6
S214035E60204480F8AC300023C4F8AC3202B070BDD6
S214035E70FFF779FF01AAC4F8AC0269462046FFF78C
S214035E8086FF0022009B234483F8AC20C0E773B54B
S214035E900D460446FFF767FF6B1C19D1D4F8AC32E6
S214035EA013B1013BC4F8AC3200252046E4F74AFEA2
S214035EB0A84215D82046FFF79CFFD4F8AC322BB186
S214035EC06946204601AAFFF762FFA0B902B070BD7B
S214035ED0012DFBD1D4F8AC328342F7D20133E1E78C
S214035EE0082000F023F8202000F020F8082000F017
S214035EF01DF80135D9E7009D04F1AC06019BAB42C2
S214035F00E4D9715D2046D5F741FD0135F6E707B5BF
S214035F1000200DF1070100F0E7F820B99DF807000F
S214035F2003B05DF804FB4FF0FF30F9E710B5C1B2DC
S214035F300446002000F0C8F800280CBF20464FF0A7
S214035F40FF3010BD0FB407B504AA52F8041B002097
S214035F500192D5F7B7FE002003B05DF804EB04B05A
S214035F60704710B54C1C0B460119045D222C03D058
S214035F707B2C01D05C2C05D1D21A1844E4F738FFE9
S214035F80012010BD0020FCE72DE9F04705469146A9
S214035F908846E4F7D7FD2A460646134619780132A3
S214035FA02029FAD0C9F800305C1B01236FF0404A61
S214035FB0C8F80030A64201D8002014E02F5D291946
S214035FC07B2F12D0222F2ED1D8F80030621C5344D8
S214035FD02A4449F82320012C09D911F8013C13F06F
S214035FE0DF0F04D02120BDE8F0877D27F3E70134D7
S214035FF02B5DBB4209D12B195B7813F0DF03F1D17C
S214036000222F00D12B550134D4E75C2B07D132461F
S21403601021462846FFF7A5FF0028E3D0013E0134BA
S214036020A642E5D8DEE75C2F08D13246214628464D
S214036030FFF797FF0028D5D0013EE4E7202FE2D1F3
S2140360400022631CB3420A70DDD2EA18EB5C202BF5
S214036050D9D0D8F800300F2B05DC49F823200133BC
S214036060C8F80030CFE71E20BDE700F000B80020D8
S2140360707047D1F705BC70B50C46154610B9D5F771
S21403608015FE38B143682BB12A462146BDE8704059
S21403609000681847232070BDF7B50D4616461C4604
S2140360A038B9D5F703FE04B901AC20B9232003B0F1
S2140360B0F0BD03B901ACC768002FF7D023463246BC
S2140360C029460068B847F2E707B501228DF807109E
S2140360D00DF10701FFF7CFFF03B05DF804FB0B4696
S2140360E001461846FFF7F0BF00230122FFF7D4BF8F
S2140360F008B508F0BBFFFA23B0FBF3F080B208BD87
S2140361000420704740F20160D5F7C6BE70470120F1
S21403611070470020704749BA89B280EA0103C3F387
S21403612003125340180380B258405B0103F4FF5335
S2140361305840704708B5D6F77BFA58B1A0F1590313
S214036140042B06D8042B04D8DFE803F00404040366
S21403615004005C2008BDD6F7C3BB7047F8B50C46F1
S2140361608D18073552421540A5F1080706463846EE
S21403617000F0DFF9A188381B628801EBE00189B2E1
S214036180A2EBE00225F8041C25F8062CA288C3100F
S214036190AAB1A4EBC202B2F802C0D18003EB0C0191
S2140361A05180E28892B1D31A9BB204EBC20425F85D
S2140361B0023CA380B3680344B3603846F8BD15F8C1
S2140361C0082C42F0020205F8082CEAE725F8022C10
S2140361D0F0E72DE9F04F4FF0000887B09946531CBF
S2140361E0109B0546174614BF14460824CDF81480A2
S2140361F0002B00F0C580C3F80080002900F0C280A1
S21403620042688A4240F2BE80073121F0070608F052
S2140362103FFE05AACDE9008282463A464B46314602
S214036220284600F08AF9059F834607B130B95046E1
S21403623008F029FE192007B0BDE8F08FB7F80280F2
S21403624029694FEAC802C0EBC8080139B8F1270F1D
S21403625029617AD9B9F1000F51D1864206F10808AF
S21403626048D0224639462846FFF778FF044605906D
S214036270059B9844404600F05CF9059906F10F002B
S2140362804A88C308A2EBD002A8F80220CA88A8F856
S2140362900430002A30D0D31A9BB201EBC202A8F80E
S2140362A0063093808B88F608A380B8F804303A4605
S2140362B0E380414600232846668000F0A6F9AB68D3
S2140362C00833AB60237843F0010323702B69013353
S2140362D02B616288AB68504603EBC203EA68AB6087
S2140362E0934288BFEB6008F0CEFD109B0834002075
S2140362F01C60A0E73C46BBE7A8F80620D2E707EBFE
S21403630008042046039200F014F90BF10703DB0898
S2140363100599638008F10703DB08A380CB8893B154
S214036320DB00039AD81D821A5A44C2F3CF020B44E9
S214036330E2809A80A38808F1FF384FEAD808A1F8CC
S2140363400280CB80BBE7E380F4E7B9F1010F1BD1F2
S21403635007F10803B3FBF4F204FB1233B3B122468E
S21403636039462846FFF7FAFE044623783A4643F0B2
S2140363700103237021460123284600F046F9A8E7C7
S214036380222058E7212056E78642E8D13C46ECE730
S21403639007B500224FF0FF3101AB0192D5F700FF9E
S2140363A0019803B05DF804FB2DE9F74F04460D464C
S2140363B0002900F0AB80D0E9056808F069FD15F800
S2140363C0087C35F8061CFB07009000D531B9009809
S2140363D008F059FD012003B0BDE8F08FA368D4F898
S2140363E0109035F804ECA3EBC10B09F10103A5F1FA
S2140363F0080C4A1CC4F808B02361BEF1000F7BD01A
S214036400ACEBCE03D888B3F802A00190187807F057
S2140364100207C00765D4002F64D10198A0EB0A07D2
S214036420012F69D18A1CABF108075244C4F81090B7
S214036430A76035F802ECBEF1000F61D0D4E9007016
S2140364400CEBCE0A07EB0009CA4559D21CF83EC02E
S21403645057461CF0010C15D1AEEB0101012911D1F1
S214036460BAF80210AAF802C001310A44BAF80610B4
S214036470002943D00AEBC107216901392161A168CC
S2140364800839A16015F8081C013A21F0010105F846
S214036490081C002125F8061C5A801A7861F30002AE
S2140364A01A707FB3C3F107023A44C2F3CF02DA800D
S2140364B0BA804EB3B34227D37288002A08BF1E465B
S2140364C0B8F1000F06D0434504D8B8F80220002AD6
S2140364D018BF43460098C4E9056308F0D4FC0020BF
S2140364E079E74FB115F8087C724427F0020705F8E0
S2140364F0087C00279F809CE763469AE70F46BBE726
S2140365000027BFE7DF80D4E71E46D9E7222062E7ED
S21403651010B50446D5F75CFE2146BDE81040FFF7EC
S21403652043BFFFF7F5BF0846FFF732BF0846FFF73E
S214036530F8BF0023036043607047F0B5D0E9055405
S214036540561C08BF0822002B4FF0000008BF2C463D
S214036550DDF818C0CCF80000002C37D09DF8147076
S2140365606588FF0007EBC505C2F1000E2078C0075B
S21403657008D51BBBE088A0B104EBC004658807EB15
S214036580C505F3E78D42F4D363B904F10806B6FBF9
S214036590F2F002FB106670180EB1A842EAD8CCF8E7
S2140365A00040F0BD082A0FD06088013004EBC0001D
S2140365B0461A06EA0E06801B8542F0D2A0880028FB
S2140365C0EFD0A4EBC004D9E70846E8E72046E8E79F
S2140365D003460069C0B10AB951B91A681046037870
S2140365E0DB0711D531B9C3885BB100EBC300F6E70F
S2140365F09A69F3E7012904D1838823B1A0EBC3008A
S214036600EDE700207047184670472DE9F041D0E9C2
S2140366100554074688461646ABB1954200D00ABBDA
S214036620424600213846FFF7D3FFB442054600D062
S2140366302EB9424601213846FFF7CAFF0446C7E98A
S2140366400554BDE8F081954208D08D4228BF0D461B
S214036650B44205D0444538BF4446F0E70D46F7E755
S2140366604446ECE79442EAD1E3E770B500261C46BD
S214036670C3E90001C3E90266C3E905001E611A7790
S2140366805E62FFF756FF23690139C908013341806B
S2140366902361A36830460833A360E3680833E360E6
S2140366A070BD002307B5684600938DF80430D3F712
S2140366B00BFD03B05DF804FB10B508F0DCFB0446E5
S2140366C006F03CFD2046BDE8104008F0CFBB7047FF
S2140366D04FF4C870D5F7DCBDD5F78EBE00F01CB8F6
S2140366E07047704708B503F07BF903F083F903F0AE
S2140366F08AF903F099F9BDE8084003F0A8B9704792
S21403670008B503F068F903F067F903F066F903F0D8
S21403671066F9FFF7F4FF08BD08B503F099F903F02F
S21403672098F903F098F9BDE8084003F09BB9704761
S214036730012070472DE9F34112F00105044688460F
S21403674022D110F0030525D12F465208BA4209D1AB
S214036750D3F748FF0026B74204EB860008D1D3F7E9
S2140367604DFF11E054F8273001330CD10137EDE724
S214036770042258F826300DEB0201019308F0A0FE20
S21403678030B1D3F73BFF3D25284602B0BDE8F08184
S2140367900136E0E70125F7E77047B0F1006F0FD346
S2140367A000F07843B3F1006F0CD000F06040B0F116
S2140367B0404F09D0B0F1604F14BF04200320704748
S2140367C00020704701207047022070470020704762
S2140367D01AB111B180B2D6F783B82120704701F001
S2140367E094BEDEF733BFFFF78DBCD0E9023253F811
S2140367F0223000211878DEF77BBB704702F0D5B94C
S21403680001F015BEC3688268013BDBB252F8233041
S2140368105B78652B02D10020E0F7BABE6E2B01D160
S2140368200120F9E7662B01D10220F5E7704710B582
S214036830D0E90232044653F82230187802F09FFA61
S214036840E368A268013352F82330BDE81040187895
S21403685002F093BA10B50446C0B2D7F70FFA200A6F
S214036860BDE81040D7F70ABAD0E9023253F822300F
S2140368701878D7F70BBB02F032BADFF787BB08B539
S21403688001F0F6FEBDE80840E0F770BDD0E902323D
S21403689053F82230186801F0E9BE0020E0F76CBE1A
S2140368A00120E0F769BE0221D7F786BA0321D7F79E
S2140368B083BA0521D7F780BA08B501460C20D7F767
S2140368C057FABDE80840D7F7E5B908B501460020F2
S2140368D0D7F74EFABDE80840D7F7DCB907B5C26864
S2140368E08368043253F8223001211B880DF1060217
S2140368F0ADF806300023D7F7E3FF03B05DF804FBDB
S21403690008B508F0C7FBBDE80840EDF749B910B570
S2140369101446D8F7F1FA2146BDE8104008F0B2B89D
S21403692008B5D8F7E9FABDE80840002108F0AAB888
S21403693008B5D8F7E1FABDE80840ECF747BC08B558
S214036940D8F7DAFABDE80840ECF72CBC7047704776
S21403695008B508F09FFBFFF7FAFF03F0DDF8BDE884
S2140369600840D8F715BB70470120704701207047D1
S21403697008B5D8F7A9FB00280CBF0420012008BDE2
S21403698070472DE9F34104460D4616461F46DDF8CB
S214036990208008F017FC3B46324629462046CDF8B1
S2140369A0008003F0BAF83B46324629462046CDF827
S2140369B00080FFF7E5FF02B0BDE8F04101F0A5BD9A
S2140369C02DE9FF4704460D4616461F46BDF83080A0
S2140369D09DF83490DDF838A008F0F4FB3B463246C9
S2140369E029462046CDE9019ACDF8008001F040F80B
S2140369F004B0BDE8F04701F088BDF8B504460D467F
S214036A0016461F4608F0DEFB3B463246294620461E
S214036A10DDF7A8FF044601F078FD2046F8BD704771
S214036A202DE9F34104460D4616461F46BDF8208061
S214036A3008F0C8FB3B46324629462046CDF8008080
S214036A4003F06EF833464246294620460097FFF782
S214036A50E6FF02B0BDE8F04101F057BD704708B548
S214036A6008F0B0FB03F05DF8FFF7F8FFBDE8084059
S214036A7001F04BBD012070472DE9F74304460D4650
S214036A8016461F469DF8289008F09CFB3B46324668
S214036A9029462046CDF80090FFF7ECFF80463B469C
S214036AA0324629462046CDF8009003F03BF801F025
S214036AB02CFD404603B0BDE8F083012070472DE966
S214036AC0F74304460D4616461F469DF8289008F0E1
S214036AD079FB3B46324629462046CDF80090FFF721
S214036AE0ECFF80463B46324629462046CDF80090CA
S214036AF003F019F801F009FD404603B0BDE8F08342
S214036B00F8B504460D4616461F4608F05BFB3B46A3
S214036B1032462946204603F007F8BDE8F84001F060
S214036B20F4BC00207047F8B504460D46164608F038
S214036B3049FB324629462046FFF7F3FF074632460F
S214036B402946204602F0F1FF01F0DFFC3846F8BD87
S214036B5038B504460D4608F035FB2946204602F0B4
S214036B60E5FFBDE8384001F0D0BC10B5044608F098
S214036B7029FB204602F0DBFF2046FDF72FFCBDE88D
S214036B80104001F0C2BC704738B504460D4608F005
S214036B9019FB2946204602F0D9FF29462046FFF76F
S214036BA0F2FFBDE8384001F0B0BC704770B504464C
S214036BB00D46164608F006FB32462946204602F0E6
S214036BC0C7FF324629462046FFF7EFFFBDE8704071
S214036BD001F09BBC704738B504460D4608F0F2FA40
S214036BE02946204602F0B6FF29462046FFF7F2FF65
S214036BF0BDE8384001F089BC70472DE9F3410446EF
S214036C000D4616461F469DF8208008F0DBFA3B46E5
S214036C10324629462046CDF8008002F09DFF3B46CB
S214036C20324629462046CDF80080FFF7E5FF02B03E
S214036C30BDE8F04101F069BC704738B5054608F079
S214036C40C1FA284600F0E1FE04460146284601F054
S214036C50AAFF01F05AFC204638BD38B504460D4657
S214036C6002F07BFF29462046FFF7E6FF38BD704754
S214036C7038B5054608F0A6FA2846DEF793FC044620
S214036C800146284601F08DFF01F03FFC204638BD43
S214036C9038B504460D4602F061FF29462046FFF745
S214036CA0E6FF38BD704710B5044608F08BFA204659
S214036CB002F055FF2046FFF7F5FFBDE8104001F050
S214036CC024BC704738B504460D4608F07BFA2946BF
S214036CD0204602F045FF29462046FFF7F2FFBDE8AF
S214036CE0384001F012BC704770B504460D46164690
S214036CF008F068FA32462946204602F032FF32464A
S214036D0029462046FFF7EFFFBDE8704001F0FDBBC4
S214036D10704738B504460D4608F054FA294620460F
S214036D2002F020FF29462046FFF7F2FFBDE8384071
S214036D3001F0EBBB704738B504460D4608F042FA3F
S214036D402946204602F00FFF29462046FFF7F2FFAA
S214036D50BDE8384001F0D9BB704710B5044608F0CB
S214036D6031FA204602F000FF2046FFF7F5FFBDE8A4
S214036D70104001F0CABB704710B5044608F022FA6B
S214036D80204602F0F2FE2046FFF7F5FFBDE810406E
S214036D9001F0BBBB7047704770B504460D461646F8
S214036DA008F010FA32462946204602F0E1FE324643
S214036DB029462046FFF7EFFFBDE8704001F0A5BB6C
S214036DC0704710B5044608F0FDF9204602F0D1FEE0
S214036DD02046FFF7F5FFBDE8104001F096BB70476D
S214036DE038B504460D4608F0EDF92946204602F06C
S214036DF0C1FE29462046FFF7F2FFBDE8384001F002
S214036E0084BB7047F8B504460D4616461F4608F081
S214036E10D9F93B4632462946204602F0ADFE3B46AC
S214036E20324629462046FFF7ECFFBDE8F84001F05E
S214036E306CBB704770B504460D46164608F0C2F99B
S214036E4032462946204602F098FE32462946204618
S214036E50FFF7EFFFBDE8704001F057BB70472DE921
S214036E60F34104460D4616461F46DDF8208008F01B
S214036E70A9F93B46324629462046CDF8008002F063
S214036E807DFE3B46324629462046CDF80080FFF776
S214036E90E5FF02B0BDE8F04101F037BB0E207047B6
S214036EA00E20704738B5044608F08CF92046FFF7E5
S214036EB0F7FF0546204602F062FE2046FFF7EEFF88
S214036EC001F023FB284638BD704710B5044608F08A
S214036ED079F9204602F054FE2046FFF7F5FFBDE899
S214036EE0104001F012BB002070470020704738B5F1
S214036EF0044608F067F92046FFF7F7FF05462046E5
S214036F0002F03FFE2046FFF7EEFF01F0FEFA2846AA
S214036F1038BD704708B508F055F902F033FEFFF7A1
S214036F20F8FFBDE8084001F0F0BA0020704770474C
S214036F30704708B5D8F79AF900280CBF042001203B
S214036F4008BD70470B68DA7B1AB9DB7C0BB9D8F738
S214036F50B1B98120704708B5D8F7C4F9BDE8084031
S214036F60D8F7CEB97047D8F7BDB9D8F7C9B9082846
S214036F7008D84FF48B73C34013F0010F0CBF2120C6
S214036F8000207047212070470121D8F7ABBA0221B1
S214036F90D8F7A8BA0421D8F7A5BA0821D8F7A2BA11
S214036FA01021D8F79FBA01207047D0E9023253F870
S214036FB022301878D8F742BC0868C37B1BB9C37C59
S214036FC00BB9D8F76BBC81207047D0E9023253F86F
S214036FD022301878D8F7A4BC704730B50546044667
S214036FE015F8100B85B0029565691D44CDE900259B
S214036FF00B46A21D618801F036FE05B030BD704712
S21403700010B492F80A4192F8053103EB04230B817E
S21403701000235DF8044B1A4601F023BE1FB5044651
S214037020084671B12178FF290BD0238B029363693D
S2140370300193237C00936288A31DDEF7CFFAFF2318
S214037040237004B010BD0868C37B73B9C37C032BDD
S2140370500BD8DFE803F002080406D8F761BFD8F7B9
S21403706091BFD8F7C1BFD8F76FBF8120704770476D
S214037070704700207047137810B5032B0CD1547952
S214037080CBB29C4208D19379B3EB112F04D153783A
S2140370901B1A5842584110BD0020FCE77FB5054631
S2140370A00E4600246946E0B201F083FD28B96A461D
S2140370B031462846FFF7DFFF18B90134202CF1D1FB
S2140370C0002004B070BDFFF7E9BF0868C37B9BB917
S2140370D0C37C052B10D8DFE803F0030D070B090567
S2140370E0D9F726B8D9F762BAD9F7BCB8D9F70EBA22
S2140370F0D9F78CB9D9F75EB881207047002070475E
S21403710030B5102587B001AA00210195FEF709FCCA
S21403711004462A46002102A8E3F718FE2A4621461B
S21403712002A8E3F765FE012102A8D9F71DFC07B004
S21403713030BDD9F7ABBB7047FFF7FDBF0B68DA7BF3
S2140371405AB9DB7C012B04D0022B04D02BB9DAF717
S2140371502FB8DAF739B8DAF743B881207047002337
S21403716007B5012101A80193D0F7E2F908B9D0F7D2
S2140371701BF8012003B05DF804FB08B502F06EFAB5
S214037180052803D0003818BF012008BD0220FCE7FD
S2140371907047D0E9023253F822301878003818BF07
S2140371A00120DBF79DBBDBF7A1BB00207047002067
S2140371B070477047FF207047FF20704700207047D6
S2140371C00020704700207047704706207047DAF7A4
S2140371D045BE0868DBF71EBB70B50D4604460021A6
S2140371E02846164601F076F93246208002212846C4
S2140371F001F070F9324660800421284601F067F9F1
S2140372000023A360E3606060082070BD034641B1BD
S21403721081424FF0640005D94343B3FBF1F0C0B29B
S214037220704708467047DBF76FBBDCF765B9DCF7DA
S2140372306DBAB0F5807F05D0A0F50073584258416B
S214037240400170470820704730B599B00D4669462F
S2140372501446DCF7BFF930B915B1BDF802302B6020
S2140372600CB10D9B236019B030BD2DE9F04788B0F3
S2140372700E46904604A905AA07461D46FFF7E4FFF7
S214037280044638BB28800DF10C09DDE904A39A45B2
S21403729020D2062251463846CDF8009006ABDCF7DE
S2140372A0B5F9D8B9039B062B18D12A88DDF81A300E
S2140372B042450ED2BDF8181026F832102A8806EB7F
S2140372C0C20253602A885344013206332A80049349
S2140372D0DBE7F7D9204608B0BDE8F0870124F9E7D5
S2140372E02DE9F0438FB00F46904601A900220446CD
S2140372F09946FFF7A9FF18B101200FB0BDE8F08348
S214037300062220460DF1020302A9FFF7AEFF00286E
S214037310F2D105460246BDF80210019CEEB28E423B
S214037320EAD20EAB03EBC60656F82C3C36F8306CA6
S2140373300634BE4217BFE418012213460022013565
S21403734022B1C8F80040C9F80030D6E71A46E5E788
S21403735070B50024012602F05BF9E5B2C26806FAAE
S21403736005F59542234604F10104F4D3D8B270BD63
S21403737070B586B0DBF77CFF00F11006E1F770FB13
S21403738000240546142201A9301902F048F91CB955
S2140373909DF80430FF2B16D0002303F118026A442D
S2140373A012F8142CFF2A06D11C44601E90FBF5F03D
S2140373B080B206B070BD2B44DBB2132BEDD9143468
S2140373C0B4F5826FDED14FF0FF30F2E7DBF786BD10
S2140373D007B504220DEB020102F021F9019803B070
S2140373E05DF804FB37B5054608460C46FFF7F0FF85
S2140373F0A84206D0042220460DEB02010195E1F7D0
S21403740081FB03B030BD07B50B4600920021024650
S2140374100120DBF7F5FD03B05DF804FB08B5012199
S214037420DBF726FDBDE80840E1F718BDDCF764B8D6
S21403743008B5FFF7F3FF002008BD08B513460A4654
S21403744001461846DBF770FE80F00100C0B208BDA7
S21403745000207047704708B1DCF76EB9704730B448
S214037460DDE902451DB1029430BC00F0C6B930BC5C
S21403747070471F2804D8142200F5A030D5F7FABAAF
S21403748070471F2804D8142200F5A030D5F71EBB7A
S2140374907047152808B505D1FFF7DCFFBDE808409F
S2140374A0DCF790BA08BD10B5142486B02246002136
S2140374B001A8E3F74BFC2023224601A94FF4A03092
S2140374C001F095FC06B010BD0020704713B50023ED
S2140374D00C461A460146CDE90033E0B2DDF736F82E
S2140374E002B010BD13B50023144601900122009389
S2140374F0E0B2DDF72BF802B010BDD0E9023253F844
S21403750022301868DDF79AB9194491420ADC42180A
S214037510002003B9704712F8011D013B01EB002060
S214037520DBB2F6E7002070472DE9F04F4FF0000A74
S21403753085B0019381460F4615465346019A117846
S2140375405FFA8AF2914203D8002005B0BDE8F08FB7
S214037550019909EB050801EB4202517892F802B053
S21403756011F04004009101F03F061BD0AC19BC4259
S214037570D4BF0024012433466400A20740F1888068
S214037580009B1B0640F192800E9B324603EB0B00DA
S2140375900021E3F7DBFB3D4600231D44ADB20AF1B1
S2140375A0010ACBE7042E07D866B1B31E022B0BD80D
S2140375B0DFE803F0122130003E2E37D03F2E5BD09B
S2140375C03D2E4BD00320C0E7BD4234BF0024012428
S2140375D0012664003346D0E7AB1CBB4250DC0223D3
S2140375E03A4629464846FFF78FFFADF80A000223BE
S2140375F00DF10A08C1E7EB1CBB4243DC03233A4602
S21403760029464846FFF780FF0390042603230DF11F
S2140376100C08B2E72B1DBB4236DC04233A46294648
S2140376204846FFF771FF03900423F0E77A1E95425E
S2140376302CDA02233A4629464846FFF765FF4FF6FB
S214037640FF7380B298420EBF0223023083B25C19E6
S214037650A742B4BF0324012404268EE7BD4215D2F5
S21403766098F80030FF2B0CBF01230133EC18BC4203
S214037670CCBF03240124EFE70124042600237CE780
S2140376803446B4E70224C0E70224CDE70324E3E745
S2140376900E9A02EB0B0014B142F80B807DE73246DC
S2140376A041460093E3F7E2FC009B76E702204CE7B3
S2140376B010B5144686B018811A460A9B0291CDE986
S2140376C0034301230193099B014600930320BDF85E
S2140376D02030DDF7D1F906B010BD1FB500240294A3
S2140376E0079C0194BDF818400094FFF7E1FF04B02F
S2140376F010BD2DE9F0410E461746054686B098B3F1
S21403770091B38AB34FF0000802A95FFA88F001F03C
S21403771050FA044640B99DF80830032B08D008F108
S2140377200108B8F1200FEFD1204606B0BDE8F0817E
S2140377309DF809202B799A42F1D1BDF80A206B886F
S2140377409A42ECD19DF80C30BDF80D006B71288180
S2140377502B4622464FF6FF71CDE90067FFF7BDFFC4
S2140377600028DCD00446DFE72124DDE710B586B029
S2140377700A9C04949DF824400394BDF82040029488
S2140377800124CDE9003413460A4601460620DDF7F8
S21403779073F906B010BD1FB5044608461946002304
S2140377A00094CDE90123079BBDF81820FFF7DEFF01
S2140377B004B010BDF0B5022805460E4614461F4613
S2140377C08BB00AD106A9F0B201F0F3F998B99DF887
S2140377D0193023719DF81C306371119B2246049364
S2140377E00023CDE902330193109B314600932846CC
S2140377F03B46DDF741F90BB0F0BD13B50024019409
S214037800049C0094FFF7D6FF02B010BD2DE9F045A7
S2140378100646884614469A46002701258BB006A9D5
S214037820F8B201F0C6F920BB9DF81830012B19D128
S2140378309DF8192033799A4214D1BDF81A2073881B
S2140378409A420FD19DF81C3032467371B9B2CDE916
S214037850030ACDE90100434602200094DDF70CF944
S214037860054610B90137202FD9D128460BB0BDE8FD
S214037870F0850546F9E70023FFF7C8BF10B50446B1
S214037880DDF7D8FE0021631E04F10F0213F8010F83
S214037890FF2808BF19709342F8D10023237410BD44
S2140378A00020704770B506461D46DDF737FD0446D3
S2140378B008B9212070BD3046DDF7FEFF0028F8D05A
S2140378C0A0682A46FF21FFF722F89DF81030002013
S2140378D063719DF81430A371ECE713B59DF810405F
S2140378E0CDE9003413460122FFF7DCFF02B010BDDA
S2140378F008B5DDF713FD28B18068FF21FFF718F8F8
S214037900002008BD2120FCE70122FFF7F1BF1FB5C9
S2140379100B466A460146184601F041F96A460823B3
S214037920002032F8021B013B13F0FF0380EA01003C
S214037930F7D1012838BF012080B205B05DF804FBFB
S2140379402DE9F04F87B0DDE9109B0546884648468B
S21403795019461F461446BDF848609DF84CA0FFF72D
S214037960D6FF042D0346ABF800001AD8022D1DD906
S214037970042D07D04FF2F222A188914222D1E28849
S21403798091071FD5E17A0022CDE901372046334619
S214037990CDE90392CDF800A001F056F907B0BDE893
S2140379A0F08F6A1F012A11D92120F7E700224146EA
S2140379B0CDE9119228462246109707B0BDE8F04F4E
S2140379C001F051B94FF6FF760C21DCE7052D0ED1F9
S2140379D00023E17A0022CDE90137CDE90392009135
S2140379E0234652464146304601F021F9D6E74FF288
S2140379F0F222A188914204D1E288920701D5E17A66
S214037A00E8E74FF6FF760C21E4E7F0B585B00546C8
S214037A10DDF744F948B16B88B3F5006F05D1681DEF
S214037A2005B0BDE8F04000F0EFBC284600F003FDCB
S214037A300446C8B9E7B26946384601F0BAF878B9D9
S214037A409DF8006066B92946384601F0B6F820B1BD
S214037A5040F60443984207D08C26304605B0F0BD66
S214037A600134202CE6D1F7E78D26F6E7DDF7FCBADE
S214037A702DE9FF4704460D460146184617461E469F
S214037A80BDF830809DF83490DDF838A0D8F788F834
S214037A90D0B92146284601F036F933463A462946F8
S214037AA02046CDE9019ACDF80080DDF781FB334609
S214037AB03A4629462046CDE90D9ACDF8308004B0E3
S214037AC0BDE8F04702F02BB804B0BDE8F087DDF759
S214037AD019BDDDF7D1BCDDF7F5BC10B5044601F0E2
S214037AE01EF9082201462046BDE81040E3F780B998
S214037AF001F017B9002101F014B901F026B90020EE
S214037B00704720207047EBF70BB8EBF755B8EDF747
S214037B10F7BC7047DDF742BE70B506460C46154601
S214037B2000F04CF850B13CB135B1204600F0D8FC1B
S214037B30013080B2A84200D9002070BD304600F064
S214037B4043F840B1002CF7D0012DF5D9204600F0BC
S214037B50CCFC0230EDE73046DDF780FDEAE7F8B50A
S214037B60BDF8185010B3967855B9D478A6F14107E6
S214037B70012F07D8621ED2B200F0D1FD0020F8BD57
S214037B802C46F3E7433E012E04D8A21E92B200F021
S214037B90DEFDF3E7D27813B90DB1AA4206D811B9C0
S214037BA0E3F7D4F8EAE7E3F723F9E7E78920E6E71C
S214037BB0413803288CBF0020012070474138012834
S214037BC08CBF002001207047433801288CBF00205B
S214037BD00120704700207047002070470388B3F5E4
S214037BE07C4F01D3FFF7F8BF0846FFF7F3BF10B586
S214037BF04A880488A2420DD1037B0C79234009D01E
S214037C00B2F57C4F08D3FFF7E7FF0B891B1A5842E0
S214037C10584110BD0020FCE70120FAE738B50D886F
S214037C20D488A5420AD10388B3F57C4F08D2FFF760
S214037C30D5FF13891B1A5842584138BD0020FCE76C
S214037C400120FAE72DE9F04715460446B8B149B1D5
S214037C50EAB100264FF0140AB04690F80490F3B247
S214037C60994501D800240AE027680AFB06773846B8
S214037C70FFF7BDFF013628B13C46A5F80080204635
S214037C80BDE8F0877B8943441FFA83F8E7E7144689
S214037C90F5E72DE9F0470E4615460446B8B149B157
S214037CA012B300274FF00C0AB846B0F80890BBB2E0
S214037CB0994501D800240AE06368324620460AFB49
S214037CC00731FFF7ABFF28B10C46A5F80080204626
S214037CD0BDE8F0870B79013713F0300F02BFCB787E
S214037CE043441FFA83F8E2E71446F0E72DE9F04130
S214037CF086B00D461446984604AA05AB03A9064665
S214037D00DDF782FD40B30DB1049B2B6034B3049DB5
S214037D1003982946FFF762FF2B88074602467188B9
S214037D20307800F050FBD8B1297911F010030BD04E
S214037D30EB782A46CDE900433B4671883078FCF75A
S214037D4039FB06B0BDE8F0812A4620460599CDF8F2
S214037D500080FFF704FFF4E78620F2E72046F0E70B
S214037D607E20EEE71FB51C460023ADF80A20BDF8BB
S214037D7018208DF80400ADF80610ADF80C206946FF
S214037D801A4601A800938DF80840FFF7AFFF009846
S214037D9004B010BDF0B587B00E4605AB04AA03A920
S214037DA00446DDF731FD08B3049D03982946FFF723
S214037DB015FF2B88074602466188207800F005FBEE
S214037DC0B0B1297911F0100108D000963B462A4637
S214037DD061882078CEF75EF907B0F0BD00910123E5
S214037DE02A4631460598FFF7BAFEF5E78620F3E7FD
S214037DF07E20F1E72DE9F041064600254FF01408F2
S214037E000779E8B2874201D800241AE008FB05F098
S214037E10D6F800C00CEB00043CF8000081421AD1EF
S214037E2032B1802A10D194F90CC0BCF1000F12DADB
S214037E30B0F57C4F05D32046FFF7CEFE834200D035
S214037E404BB92046BDE8F081402A04D194F80CC013
S214037E501CF0400FECD10135D3E70121DDF710BC50
S214037E6008B513460022DDF739FD003818BF012098
S214037E7008BD08B513464022DDF730FD003818BFAD
S214037E80012008BD08B513468022DDF727FD00381C
S214037E9018BF012008BD08B540220023DDF71EFDEC
S214037EA0003818BF012008BD08B580220023DDF77F
S214037EB015FD003818BF012008BD0023DDF70EBDF1
S214037EC00021DDF77BBD10B504460121DDF776FD05
S214037ED02046BDE8104001F056BE7047F8B516467A
S214037EE01F469DF81820BDF81C300546DDF7F6FC46
S214037EF078B10421DDF7E0FD044650B1284600F0D2
S214037F0010FB3A4631462846A047BDE8F84000F045
S214037F10FCBAF8BD2DE9F74F1E46DDE90C9B074674
S214037F2088461446BDF838302AB3B9F1000F22D07C
S214037F300EB392F804A099F80020504612F0080FEA
S214037F400CBF802240226188DDF7C8FC98B1082167
S214037F50DDF7B2FD054670B1504600F0E2FA33464F
S214037F60224641463846CDE9009BA84703B0BDE804
S214037F70F04F00F0CABA03B0BDE8F08FF8B5BDF80D
S214037F80187016461A463B460446DDF7A7FCE0B1D2
S214037F9077B90221DDF790FD0546B0B1204600F023
S214037FA0C0FA31462046A847BDE8F84000F0ADBA0F
S214037FB01021DDF781FD054638B1204600F0B1FA01
S214037FC03A4631462046A847EEE7F8BD73B5BDF8F6
S214037FD0184016461A4623460546DDF77FFCB8B119
S214037FE0C4B92021DDF768FD044670B1284600F0C9
S214037FF098FA099B3146009328469DF820309DF851
S2140380001C20A047044600F080FA204602B070BD4C
S2140380108624FAE70024F8E72DE9F041866804464B
S214038020007800F07EFA002514273279EBB29A42E4
S21403803003D8BDE8F04100F068BA7B433268207885
S214038040D15A02EB030800F0C2F901214046DDF7DE
S21403805033FD034608B1207898470135E5E72DE957
S214038060F04F1C4689B09DF84C30BDF8488001930C
S2140380709DF85030924602932246434607460D46E5
S214038080DDF72CFC8DF814700646ADF816508DF807
S2140380901840ADF81AA0ADF81C8018B9012009B035
S2140380A0BDE8F08F05A9FFF7A2FD0028F6D000254E
S2140380B02F46A8462C4634E00C231FFA85F903FB0B
S2140380C009F931887368B1F57C4F33F8092003EB5F
S2140380D0090B1AD333F8090050452CD3019BA3424E
S2140380E02DD900F0BAF99BF80200DEF791F9029B4E
S2140380F043B19BF8043013F0010F0CBF0520072093
S214038100DEF786F90134A4B219E0ADF81A20594611
S214038110304605AA0393FFF781FD039B0028D9D1B8
S21403812001353289ABB29A42C6D804EB0800C31BAA
S21403813058425841B3E708F101081FFA88F8013797
S214038140BFB2EDE710B5012488B006949DF83C4015
S21403815005949DF8384004949DF8344003949DF8A4
S214038160304002940B9C0194BDF828400094DDF740
S214038170E7FD08B010BD2DE9F04786B0BDF838809E
S214038180DDF83C909DF840A0CDF80080CDE9019A3B
S21403819004460D4616461F4600F013F9B8B1431EB3
S2140381A0DBB2012B10D800230122811E484248412E
S2140381B0CDE90432CDE902A03B46324629462046A5
S2140381C0CDE90089FFF7BEFF06B0BDE8F0870120C2
S2140381D0FAE730B50024012587B0CDE904450395B9
S2140381E09DF82C5002950A9DCDE90045FFF7AAFF9E
S2140381F007B030BD30B50024012587B0CDE904456E
S21403820003959DF828500094CDE901354023FFF7E8
S21403821099FF07B030BD10B5012486B0CDE90444FC
S214038220002403949DF828400294099C0194BDF809
S21403823020400094FFF786FF06B010BD1FB5089CCC
S21403824003949DF81C400294069C01940024009419
S214038250DDF772FE04B010BD70472DE9F84F022912
S214038260074688460C9D04D84FF0000A5046BDE8E2
S214038270F88F1BB10429F7D942F004023A702BB3E6
S21403828003247B701B0ABB70DFF76CF94FF0000901
S2140382909DF82830385504F1020A01343B550B9AF1
S2140382A05FFA89F3D45C002CE0D0732C10D82E46EA
S2140382B04C2C56F804BB3DD0532C15D0622C45D11C
S2140382C0AC8805F1080600231A4616E00124DBE70E
S2140382D0A4F17503032BC7D8763C2E1D022C52D867
S2140382E0DFE804F0565A58006A6805F1080694B2A7
S2140382F0D2B2B2F1FF0318BF01230AEB04011944FB
S2140383008845B1DB50461946002947D153441FFA26
S21403831083FA5CB1BBF1000FA6D0224607EB0A0036
S2140383205946E2F7A3FE54441FFA84FA354609F188
S2140383300109B4E74FF6FF736A6805F1080694B2BD
S21403834022469C4214BF02230023D6E76C2C05D199
S214038350584600F0CAF8841CA4B2B4E7732C04D1C0
S214038360584600F0BDF8441CF6E7A4F13003DAB231
S214038370092A01D89CB2A6E7A4F14103062B3FF6CF
S21403838073AF373CE8E7012300242A68A346B4E723
S2140383900223F9E70323F7E70423F5E700F1010CCB
S2140383A001393A54C9B2120A1FFA8CF0ACE700201E
S2140383B0DDF7B6BF0022DDF7D3BF0023DDF7E6BF48
S2140383C070470120704701207047012070477047AF
S2140383D00020704700207047002070470020704739
S2140383E0002070470020704770470E20704700201B
S2140383F07047002070470020704700207047704782
S214038400FF2070470E2070478420704770477047E0
S21403841000207047002070470020704700207047F8
S21403842000207047002070470020704770470E20DA
S2140384307047002070470020704770470020704741
S21403844070477047704770470E207047704700208C
S2140384507047812070477047704738B50546C0B2ED
S214038460DDF7D6FF0446280ADDF7D2FF14B100284D
S21403847008BF0024204638BDF8B50546C0B2DDF770
S214038480C7FF0446C5F30720DDF7C2FF0746C5F35B
S2140384900740DDF7BDFF0646280EDDF7B9FF24B11A
S2140384A02FB136B1002808BF00242046F8BD3C464D
S2140384B0FBE73446F9E710B4CC18944203DC5DF8C6
S2140384C0044BFFF721B800205DF8044B70470423E4
S2140384D0FFF7F1BF08B50223FFF7EDFF80B208BD33
S2140384E00078FF2808BF0020704708B50222002145
S2140384F0FFF7F0FF4FF6FF73984208BF002008BD52
S214038500003818BF0120400070470020704708B5A8
S214038510FFF7A3FCFF284FF0FF3018BF0020C0B2C0
S21403852008BD08B5FFF7F3FFFF280CBF2120002086
S21403853008BDF8B506460C4615461F4600F011F86A
S21403854010B12544AC4200D1F8BD3946304614F884
S214038550012BDEF74FF8F5E7014600220220DDF790
S214038560D9BF0120704737B50546DCF763FA0446E2
S21403857001950CB981201CE0237823B12046DCF753
S21403858061FA0446F5E72B6862685B889A42F5D180
S214038590A368EA7B99B272B12A8A9142EED16A7DC8
S2140385A0B2EB134FEAD10020E36801A9984781286C
S2140385B0E4D003B030BD4FF6FF72EEE72DE9F84383
S2140385C004460F46904699460BB3012A1FD80C2043
S2140385D0E2F7C2FD064610B91920BDE8F88310205D
S2140385E0E2F7BAFD18B93046E2F7BEFDF4E7012319
S2140385F0002547EA084770600570C0F80C90446091
S214038600876033803046DCF70DFA2846E5E72120FD
S214038610E3E738B50446436808460D469847B4F979
S2140386200830002B02DB2B78042B06D100232046D0
S2140386306360BDE83840DEF76FBB38BD30B54FF436
S2140386408A5587B0ADF816200DF116041A46029522
S21403865043B100230122CDE90033234600F01EFA7E
S21403866007B030BD019401240094F7E7FFF7EBBE93
S214038670FFF7BDBE0020704708B500F014FB20B915
S21403868000F05BFB08B9DBF76BFBFFF7CFFEBDE83B
S2140386900840FFF7DBBE0020DEF7A6BF0021DFF7AA
S2140386A043B80022DFF702B81FB5D2880B4612F094
S2140386B0200F4FF6FD7114BF49245224ADF806105F
S2140386C0510544BF083CE4B2110544BF083CE4B27C
S2140386D0120444BF023CE4B2032805D8DFE800F0E6
S2140386E0020F161CADF80630BDF80600FFF788FE2D
S2140386F0FF281CBF241AE4B2204604B010BD02AA09
S2140387000DF10601D8B200F08CFAEDE7D8B200F00E
S21403871052FAADF80600E7E7013CE4B2E4E7F8B541
S214038720064617460D4681B10C78FF2C0BD008463B
S214038730FFF7D6FEB84228BF3846C4B22246691CA5
S214038740701CE2F755FB3470F8BD0C46FBE770B5BA
S214038750044615460E4611B94170017070BD0B787C
S214038760FF2B05D14B78FF2B02D103704370F5E73F
S2140387703046FFF7BAFEA84228BF284685B22A46E7
S214038780B11CA01CE2F734FB25702D0A6570E5E7E3
S214038790F0B523B9013A531C2FD1002020E0042A58
S2140387A0FBD800231C46551E6E1C1AD1042A10D073
S2140387B00121D200501E01FA00F020421EBF914054
S2140387C049420C4318421EBF4FF0FF3101FA02F232
S2140387D013439C421EDCB4BF4FF0FF30002040B270
S2140387E0F0BD40B1465DEF00BE4034434E5D013DF3
S2140387F0BE403343D8E70646F5E78C5C38B90346F4
S214038800A34202F1FF32C6D24FF0FF30E8E7835CA3
S214038810A342F5D90120E3E7283807288CBF0020B8
S214038820012070471D2810D004D840B11C2804D05E
S214038830552070471E380128FAD81A2901E00B394B
S2140388400F298CBF5520002070470829F9E7002020
S21403885000217047F7B59DF820400546082C1046C2
S21403886019469DF8246036D8002213462C44AC42A1
S21403887008D106F0FD04382C0ED10096FFF7E7FF6B
S21403888003B0F0BD14F8017D1B0243EA1263120223
S214038890BA1843F10003EAE7392E10D107EE100A9F
S2140388A007EE902AB4EEE77AF1EE10FACCBF77EE35
S2140388B0677A77EEC77A002117EE900AE0E78242DE
S2140388C073EB010403D2801A61EB0301D8E7101A95
S2140388D063EB0101D4E700200146D1E738B5C3684E
S2140388E014461944836853F821501AB12846E2F710
S2140388F029F92070284638BD2DE9F3411C46164653
S2140389000DF107029DF82050FFF7E8FF9DF80730AA
S2140389108046A34288BF8DF807409DF807700DB1C7
S214038920E41BE5B22A4600213046E2F70FFA3A4640
S21403893041467019E2F75CFA384602B0BDE8F081AA
S2140389402DE9F3411D46164601AA9DF82040FCF783
S214038950E8FF019B80469D4238BF0195019F04B105
S214038960EC1B224600213046E2F7F0F93A46414630
S2140389703019E2F73DFAF8B202B0BDE8F08173B5FC
S2140389800024154601AA1E460194FCF7CAFF019B64
S214038990072B0AD92146CCB216B1C4F10704E4B2B8
S2140389A0425C013108292A55F5D1D8B202B070BD10
S2140389B01FB5030A8DF80E300323009303AB8DF81F
S2140389C00D0000F0BBF805B05DF804FB1FB58DF88D
S2140389D00F100421030A8DF80E30009103AB8DF8B7
S2140389E00D0000F0ABF805B05DF804FBF0B589B0F8
S2140389F016689DF83C50CDF809608DF8113056681E
S214038A00BDF83830012D109FBDF84440CDF80D60F9
S214038A10ADF812308DF8145014D0032D19D13B68DD
S214038A20CDF815307B68CDF819309DF848308DF8B1
S214038A301D3016230093BDF84C2002AB00F07EF8E1
S214038A4009B0F0BD8DF81540240A0F238DF81640A3
S214038A50F0E70120F4E71FB50446084611461A4618
S214038A6002238DF80D100093214603AB00F066F841
S214038A7004B010BD10B514461A460B6886B0CDF880
S214038A800D304B683421CDF811300A23009303AB25
S214038A908DF8154000F052F806B010BD2DE9F041F0
S214038AA0B6B014461D4606460F469DF8F080DFF71F
S214038AB05FF803AA8DF80C001046330A8DF80F7082
S214038AC03F0A8DF80E308DF80D602B468DF810702A
S214038AD08DF8114005EB4405AB4202F102021FD1AB
S214038AE06200D2B2931DDBB23D99D8336B44073292
S214038AF003F8CC8C01EB4805D3B250FA82F2A942B4
S214038B0002F1020212D103EB48030090062130461D
S214038B10BDF8F820DBB2DFF735F836B0BDE8F081F4
S214038B2033F8021B1171090A5171D5E731F8024B6C
S214038B3002F8024C240A02F8014CE0E72DE9F04162
S214038B401C4605460E4617469DF81880DFF710F8B4
S214038B50207043463A46314628460694BDE8F0411F
S214038B60DFF710B8002070477047D3F7EDBA08B5A3
S214038B70E9F7D4FA002840F6124018BF002008BDD3
S214038B8070477047704770477047704770470020BC
S214038B90704770477047002070477047704702F071
S214038BA066BFFEF775B8FEF758B803F0D7BAF5F701
S214038BB013BB03F0C4BAF5F7CDBAF5F735BBF5F733
S214038BC0EFBAFEF737B9FEF71DB910B49DF80440A7
S214038BD001945DF8044BFEF710B8FEF764B8FEF791
S214038BE071B8F1F7B7B9F1F7BBB9EEF727BDEEF7F2
S214038BF02BBDEAF7AFBBFEF7B0B8FEF775B8FDF7C7
S214038C00C0BEFEF798B8FEF784B830B4BDF8084087
S214038C109DF80C50CDE9024530BCFDF7D1BEFDF7FB
S214038C206FBFF5F773BCDEF7FDBFF5F739BD70B45C
S214038C309DF80C40BDF810509DF814600394CDE9E0
S214038C40045670BCF2F7A0B970B49DF80C40BDF89A
S214038C5010509DF814600394CDE9045670BCF2F7E7
S214038C60D3B9F2F7BDBA10B49DF8044001945DF889
S214038C70044BF2F70DBA10B49DF8044001945DF866
S214038C80044B01F0BABF01F0BABFFDF77DBFFDF795
S214038C908DBFFEF71AB9FDF79EBFECF7E1BFEDF700
S214038CA039BFEDF70BBFECF705BC02F051BBEDF790
S214038CB0BDB902F0A7BBEDF749BBECF7ADBEEDF7C8
S214038CC02FBFEDF7ABBEEDF7C7BEEBF76FBAFEF7F8
S214038CD0C6B8FEF761B8FEF774B8FEF781B800F0C1
S214038CE036BC00F02FBCF4F731BAF1F77DBFF4F7CA
S214038CF00BBAF4F731BBF1F747BFEAF717BBF3F745
S214038D00D1BBFFF732BFFAF7EFBEFEF703B9FDF7A5
S214038D102CBFFEF731B801F020BDDEF7E1BEEBF75E
S214038D202DB8EAF7D7BB01F0DCBF01F0B3BFEAF713
S214038D3025BCEAF773BFEAF79DBFEAF793BBDEF7F6
S214038D40EBBEDEF7FDBEDEF7D5BEEAF733BBDEF7D6
S214038D50DBBEF6F739BB01F09BBF01F062BFEAF753
S214038D602FBBEAF7F5BFEAF785BB10B4BDF804409E
S214038D7001945DF8044BFDF753BEDEF77DBFDEF7C7
S214038D806FBFF6F7C1B8F6F7F9BA03F0FABA03F00D
S214038D9000BBF6F731B9F6F711BB00F06DB900F07A
S214038DA0ABB900F0D3B900F0B9BA00F029BB00F0B4
S214038DB092BADFF779BC00F0F0B900F01DBA00F004
S214038DC030B810B51C4601F0ECFD06F034FA00236B
S214038DD0C0F340202370400010BD002208B50B46A8
S214038DE01146FFF7EEFF023818BF012008BD00202A
S214038DF070477047B1FA81F0400970470120704709
S214038E0070477047002070477047002070477047D0
S214038E100E207047012070477047012070470120DD
S214038E20704714220021E1F791BF704770B50546DD
S214038E300C468AB0252200210DF10300E1F786FFD8
S214038E406B68CDF81D30AB68CDF82130234601ACF6
S214038E5003F11006224618685968083303C2B34262
S214038E601446F7D101236A7B8DF8023012F0040F03
S214038E700CBF4FF480734FF4A073110748BF43F43D
S214038E808063ADF80030930748BFBDF800306846EE
S214038E9044BF43F00803ADF80030F1F77DFB0AB09A
S214038EA070BD30B5427B0D46D10704468BB007D55F
S214038EB0407801A9F1F7DAFBD8B12D200BB030BD0D
S214038EC09307FAD5C2F3800310074FEA8313ADF86E
S214038ED0023044BF43F48063ADF80230BDF802208D
S214038EE0201D0AB10DF1020201A902F0DDFD0028E2
S214038EF0E3D001AB03CB9DF81430A1602373BDF818
S214038F0010306060590642BF627B42F0040262730F
S214038F105A0542BF627B42F0080262731B0742BFD8
S214038F20637B43F0020363732B4606AC0AAD22460B
S214038F3003CAAA4218605960144603F10803F6D11F
S214038F400020BBE7F0B504460D4693B0252200216A
S214038F500DF12300E1F7FAFE636804F1040CCDF883
S214038F603D30A36809AECDF841302B4605F1100716
S214038F70324618685968083303C2BB421646F7D10F
S214038F8005238DF82230637B5B0103F40073ADF891
S214038F9020306378FF2B1AD1002360461A4601A9B6
S214038FA000F0D9F99DF80530FF2B0DD1002301A958
S214038FB01A46184600F0CFF99DF80530FF2B03D16B
S214038FC01C26304613B0F0BD9DF8053063700020B4
S214038FD0617808AA00F0B4FA06460028F1D1607852
S214038FE001A900F03EFA2B4603AD2A4618685968D5
S214038FF0083303C2BB421546F7D1637B6078DB06B2
S21403900048BF9DF81C3001A944BF63F07F038DF869
S2140390101C3000F03DFAD4E710B504468AB024228B
S214039020002101A8E1F792FE637B590744BF402263
S214039030ADF810201A0742BFBDF8102042F4806234
S214039040ADF81020DB070FD5607801A9F1F70EFB0A
S21403905010B12D200AB010BD01AB03CB637B60605B
S21403906043F00203A160637304A9201D02F01EFDF2
S2140390700028EED00020EDE71FB5694600F066F83D
S214039080002818BF2D2005B05DF804FB73B50D4608
S21403909014460646DEF730FF6B881A071AD52246B3
S2140390A03146102002F0E3FC2046DEF725FF6B88EE
S2140390B0D90717D50023224601210DF107008DF8A5
S2140390C00730DFF7EBF96B88002B0CBF212000205D
S2140390D002B070BDDE06EAD522460821281DDFF75A
S2140390E0DDF9E1E79A0701D50223E4E75B07EAD552
S2140390F00323E0E70F2070471FB50C46694600F0D0
S21403910025F8102221466846E2F76CF9B0FA80F09B
S214039110400904B010BDB8B1B1B14388A3B9037810
S214039120013B082B10D8DFE803F00507090B0F0FE8
S2140391300F0F0D00DFF7B4B8DFF70EB9FFF776BEF3
S214039140FFF700BFDFF79CBA2120704738B50D46FE
S21403915009B300B30378013B082B1AD8DFE803F002
S214039160050D1013191919191600DFF7D1F804465F
S214039170284602F099FE204638BDDFF70DF9F6E7DC
S214039180FFF78FFEF3E7DFF73DF9F0E7DFF782FA45
S214039190EDE72124ECE72124EDE770B586B006461B
S2140391A001A80C461546FFF73CFE04238DF8043051
S2140391B01CB12068616802AB03C3294601A88DF879
S2140391C00560FFF7A8FF06B070BD70B586B004460D
S2140391D001A80D461646FFF724FE032320686168A0
S2140391E08DF8043002AB8DF8116003C3294601A83D
S2140391F0FFF791FF06B070BD0022FFF7E6BF30B55C
S21403920085B00D4669460446FFF7A0FF20B92A46F7
S21403921021466846FFF73AFF05B030BD30B5437BBD
S214039220044613F001020D468BB007D0407801A91F
S214039230F1F71CFA70B12D200BB030BD9B07FAD5A1
S214039240ADF8022001A90DF10202043002F02CFC55
S2140392500028F0D000210E22A81CE1F777FDBDF808
S21403926010302B80039BAB60BDF81230AB819DF8AA
S2140392701430237301AB03CB6060A1600020DBE7EF
S21403928070B5437B0446DB070E468AB003D42D2510
S21403929028460AB070BD6946407800F04DF9054689
S2140392A00028F4D1DDF81D300E226360DDF821308E
S2140392B00146A360637BB01C43F002036373E1F7CC
S2140392C045FDBDF80030069A43F004033380059B42
S2140392D0B2607360DCE70B4610B50446102200212B
S2140392E01846E1F733FD2278032A09D0042A0DD065
S2140392F0022A11D101462046BDE81040DFF730BAF6
S21403930001462046BDE81040FFF788BF01462046C9
S214039310BDE81040FFF7B4BF262010BDF8B50746DA
S21403932008460C4616461D46FFF77BFD04232370AE
S214039330637B314643F00103204667706373FFF790
S21403934005FF08B12D20F8BD29462046FFF7C3FFC9
S2140393500028F8D0F6E7F8B5054608460C461F463B
S2140393601646FFF75EFD0423237025B1082229461F
S214039370E018E1F73DFD637B43F0020363734EB9E8
S21403938032460121284600F0E4F8FF28607007D132
S2140393902D20F8BD31462046FFF7D8FE0028F7D12A
S2140393A0637B43F0010363730DB90020F1E7002FDD
S2140393B0FBD039462046FFF78EFFF6E7F8B50C4696
S2140393C00746084616461D46FFF72BFD0323204691
S2140393D0394600F8043B0822E1F70AFD637B314671
S2140393E043F0020320466373FFF7B0FE08B12D2057
S2140393F0F8BD29462046FFF76EFF0028F8D0F6E7AB
S214039400F8B5074608460C4616461D46FFF709FDFF
S21403941003232370637B314643F0010320466770C2
S2140394206373FFF793FE08B12D20F8BD2946204647
S214039430FFF751FF0028F8D0F6E718B18022012184
S21403944000F087B8FF207047002307B51A46194671
S2140394500093F2F75BFEB0FA80F0400903B05DF8C4
S21403946004FB0B4610B519220446FF211846E1F704
S2140394706DFC7E2C01468CBF04F5C43004F58330A6
S2140394804FF01902BDE8104088BFAD30D3F7F2BAEB
S2140394907E2888BF00F5C4304FF0190294BF00F54C
S2140394A08330AD30D3F712BB30B589B00D46FFF726
S2140394B0C4FFFF2804460DD001A9FFF7D2FF286892
S2140394C0696801AB03C3204601A9FFF7E1FF00204B
S2140394D009B030BD2D20FBE770477047002070476A
S2140394E070470F20704770479DF8000070470F20A5
S2140394F070470F207047002070470F2070470020EA
S21403950070470020704784B08DE80F00002004B039
S21403951070470020704770477047002070477047B9
S214039520002070477047002070470120704770473F
S21403953000207047012070470E207047FF207047B9
S2140395400E2070470E2070470020704770470E208D
S2140395507047FF207047704770470020704770477A
S2140395607047704700207047704700207047002000
S2140395707047002070477047704700207047704759
S214039580002070470020704770470020704710B5D2
S2140395900024E3B210B9C3F10303DBB20134042C95
S2140395A0CA544FEA1222F4D110BD10B50B784C788A
S2140395B08A78C97828B910462246044608461946CA
S2140395C0034642EA012043EA042343EA004010BD6F
S2140395D07047DFF779B908B5CDF7E8FE002814BF62
S2140395E08620002008BD08B5CEF7B0F8003818BFAF
S2140395F0012008BD08B5CEF769F8003818BF01206A
S21403960008BD08B5CEF7EEF8003818BF012008BD30
S21403961008B5DFF739FABDE80840DFF7E7B970B5F4
S21403962004460D461646DFF72FFA0420DFF7D0F977
S214039630324629462046FFF7DDFF04460220DFF7C1
S214039640C7F9204670BD08B5DFF71EFABDE8084027
S214039650CEF720B8DFF750BDDFF730BD08B5DFF72C
S2140396602DFD20B1BDE808400020DFF765BE1120C0
S21403967008BD10B5044608B1DFF740FF2046BDE835
S2140396801040FCF74EBF10B50446006A10B1616A7D
S214039690FFF7EFFF0020C4E9080010BD38B5054604
S2140396A0FFF7F1FF2B7E0446012B0ED0023B012B66
S2140396B00ED8EB69012B18BF6FF096042822002101
S2140396C02846E1F743FB204638BDEB69002BF2E75B
S2140396D06FF09604F2E718220021E1F737BB7047D4
S2140396E02DE9F84F9846DDE90B490D9B15469A0779
S2140396F006460F4623D02A460A9B03EB040A144465
S214039700A24220D10D9B9B0705D5A2EB050AD145A6
S21403971005EB0A0420D82046BDE8F88F43463946B1
S2140397202020B0470AF1010ACA450AEB0B02F5D31B
S214039730A9EB04024C4588BF00222A44DCE7A24674
S214039740A5EB040BF0E702F1010B434639461AF882
S214039750010DB0475A46D3E74346224639462020F2
S214039760B0470AF1010AD2E72DE9F047DDE90D76A5
S21403977016F0020F9DF82880DDE90854DDE90BCECC
S2140397801FD106F001094FB1B9F1000F06D0B8F1A9
S214039790000F02D116F00C0F00D0013F4FF0300A35
S2140397A004E0202C04D005F804A001347445F8D353
S2140397B0B9F1000F05D04FF03009A74201D9202C8C
S2140397C02DD116F0100F1FD016F4806F2CD15CB37A
S2140397D0744501D0BC4227D1B4F1010E23D0BCF1AD
S2140397E0100F46D1023C16F0200F28D1202C28D08B
S2140397F04FF0780C05F804C00134202C21D04FF02C
S214039800300C05F804C00134202C1AD0B8F1000F30
S21403981023D04FF02D0C05F804C0013412E005F8F0
S21403982004900134C9E77446BCF1100FDBD0BCF1D9
S214039830020FE2D1202C04D04FF0620CDAE7202C82
S21403984008D12024CDE90A76CDE90854BDE8F047CF
S214039850FFF746BF4FF0580CCCE716F0040F02D0C4
S2140398604FF02B0CD7E716F0080FEBD04FF0200C79
S214039870D1E7BCF1020F7446C1D1DDE72DE9F04311
S21403988091B0189D1A9E1D9F0DB927F010077C05F1
S21403989000D515B317F0200F14BF4FF0410E4FF04D
S2140398A0610EAC4600250DF12008AEF10A0EBCFB96
S2140398B0F6F906FB19C95FFA89F4B9F1090F94BFE3
S2140398C030347444E4B2B44508F8014B05F101059D
S2140398D0BCFBF6F401D3202D10D11C9C06970594EF
S2140398E01B9CCDE903649DF86440CDE9015408ACA4
S2140398F00094FFF739FF11B0BDE8F083A446D6E71E
S2140399002DE9F04F95B0269ECDE90A23DDE91E74B6
S214039910DDE9229B57EA040308BF26F0100672050A
S214039920CDE9080102D557EA040337D016F0200F15
S21403993014BF4123612300250DF1300AA3F10A0861
S21403994021464A465B463846E0F794FED2B2092AD9
S21403995094BF303242444F45D2B274EB0B0405F148
S21403996001050AF8012B01D3202D14D1259B069659
S2140399700593249BDDE90801CDE903939DF8803028
S214039980CDE901530CAB0093DDE90A23FFF7ECFEA8
S21403999015B0BDE8F08F07460C46D1E70025E5E78E
S2140399A008B100F014B8704710B1D1E90031184778
S2140399B0704738B5441E14F8015F25B90A2000F035
S2140399C006F8284638BD284600F001F8F3E70146B6
S2140399D00020FCF779BB70477047E9F7BBB87047C0
S2140399E008B5FCF742FBCDF7E1FCBDE80840CFF72E
S2140399F0F1BD704708B5CEF721F8FAF7DCFFBDE8EE
S214039A000840DFF741B808B5FBF7FEFEDFF7AAFD0F
S214039A10FBF7D8FDE0F748F9E0F734F9E0F7B6F8D6
S214039A20BDE80840D3F700B808B5D1F717F8FBF739
S214039A30B8FDD1F71FF8FBF7B6FDD5F707FAD5F74C
S214039A40ADFAD5F7B5FBBDE80840D5F7D3BA7047EE
S214039A507047E0F7C1B808B5FCF752FFBDE8084009
S214039A60FCF776BF704707B5002203461146012070
S214039A700092D4F765FB03B05DF804FB07B50092CC
S214039A800B46027D81898068FDF74EFD003818BFBE
S214039A900120C00103B05DF804FB08B50020DBF726
S214039AA05DFC0020DDF7EEF90020D5F729FF002046
S214039AB0D6F716FA0020D6F73FFF0020D9F76EFA3E
S214039AC00020D9F7D9FF0020DAF7CEFDBDE808401D
S214039AD00020DAF7B9BE08B50120FDF73CFABDE869
S214039AE008400120D6F7FCB908B50220DBF72AFDAB
S214039AF00220DAF7C3FE0220DDF7D2FC0220FFF7CE
S214039B00ABFD0220FDF792FC0220D9F7B5FFBDE8B6
S214039B1008400220DBF7B6B97047FDF7A7BF7047CA
S214039B20704770477047704770477047704710B567
S214039B300446DBF7C1F82046D7F710FA2046D8F7D5
S214039B4063F92046BDE81040FDF7A3BCFDF7BEBC95
S214039B50FDF7C8BCDAF792BD704770477047704789
S214039B6070477047704770477047704705F029BBCA
S214039B7070477047DAF71CBE7047704770477047E8
S214039B807047704770477047CCF7D6B9FEF748BCA6
S214039B90704700207047FEF745BCFEF74FBC704782
S214039BA0431E012B03D9031F584258417047012017
S214039BB0704700F021BC4FF4D0720021E1F7C6B81D
S214039BC070B50446E3F79AF90546A8B9A169F1B159
S214039BD0238AD3B1204604F11002E3F73DF838BBDD
S214039BE0E16919B3638AA3B1204604F1120200F0B7
S214039BF0CAFA78B1054603E00023A3612361E36153
S214039C00002328466361236270BDA061E8E72082D3
S214039C10E6E7E361216A0029F2D0A28A002AEFD0A0
S214039C202046E38ABDE8704000F06FBA6182F1E730
S214039C306582E561DEE711B9D0F8DC1021B1CB68A7
S214039C4013B18B68D88970474FF6FF707047E2F7F9
S214039C5039BA10B50C461146E2F75AFAE3F788FC10
S214039C60012801D1002010BD002CF7D10520FAE70A
S214039C7000F0CFB900F0E3B970B500232425D0F87F
S214039C80DC00C4689C4201D1212070BD826805FBBC
S214039C900322D6898E4202D8128A8A4201D201331F
S214039CA0F0E70020F1E7F8B506460D46E1F7A6FC17
S214039CB0D8B94FF6FF734FF0240CEF68C1B28F424A
S214039CC008D81C4621463046E1F74EFE00F09AFBC4
S214039CD02046F8BDAA680CFB0122D4899C4202D216
S214039CE0002CEFD023460130E8E70024F0E7C08DD0
S214039CF070470A7838B505461046FFF751FF60B13E
S214039D004C782046FFF74CFF38B12243530704D460
S214039D102846BDE83840E2F747BC212038BD10B5D9
S214039D2004460878FFF73CFF58B14A781046FFF719
S214039D3037FF30B1042A04D02046BDE81040E2F7CE
S214039D4051BC212010BD00F0E8B8E2F7B3BF0846C7
S214039D5000F008BBE2F7F2BA38B504460D4600F049
S214039D608EF850B129462046E1F7FEFD30B9294664
S214039D702046BDE83840E2F7A9BA0E2038BD70B5D4
S214039D8016460C4605F077F8314605462046E5F7B5
S214039D908BFC0446284605F069F8204670BD00F0A3
S214039DA032B970B5044600200E4600F027FBD4F8FF
S214039DB0F0503DB1002331462046AC46BDE8704026
S214039DC01A4660472B46012231462046E2F716FD27
S214039DD0284670BD38B5044648880D4600F00EFB8D
S214039DE0D4F8F0302BB929462046BDE83840E2F7D0
S214039DF013BC022038BD00F003BB00F03CB9E2F709
S214039E0033B9E4F72BBC70B5BDF81060054606B150
S214039E106BB1334428469BB200F077F9044620B969
S214039E201EB13146284600F0ABF9204670BD21240A
S214039E30FBE7E3F799BFC0F8EC1000207047E2F7A2
S214039E4025BE00F05EB910B4BDF8044001945DF879
S214039E50044B00F09FB80B4610B514461846A1688D
S214039E609288E1F703F9E168034631B1A088628876
S214039E70121A92B21844E1F7F9F8002010BD03460F
S214039E80408A18B1188A003818BF01207047084660
S214039E90E4F7F0BC00F0ECBA00F0EABAE4F7FCBE74
S214039EA0084708B5E2F728F9C0B208BD022A01D868
S214039EB000F0E2B921207047022A01D800F0EDB97C
S214039EC021207047022A01D800F0F9B921207047F3
S214039ED0E3F73CBC0846E3F757BC00F018BA00208B
S214039EE07047002070477047D0F8943003F0600343
S214039EF0402B0DD0602B03D0203B5842584170476F
S214039F0049B10B68012B06D9486940F00100704738
S214039F1040F20110704700207047F7B5044610461C
S214039F20D4E954C7DDE908268CEA020587EA060168
S214039F300540194085EA0C057940C4E954510025CB
S214039F4023F4004106EA010320F0010043F4007302
S214039F50024043F00203CDE90055E6F76FFA94F8A2
S214039F6024309A0713D5D4F854319B050FD54FF4F4
S214039F708811204600F058FB94F82430024665F317
S214039F80410384F8243020460B46E2F789F8002084
S214039F9003B0F0BDF0B587B01C461746BDF8306079
S214039FA01AB90024204607B0F0BD002BF9D00029CB
S214039FB0F7D001AAE3F7D8FE0028F2D0BDF80630A2
S214039FC0A2199A42BDF80850C4BF9B1B9CB2B54267
S214039FD012D90399AD1BADB23144A5420391ADF836
S214039FE008500DD22A463846E1F740F80499621B1A
S214039FF07819E1F73BF8D5E70499761B31440491C9
S21403A00022463846F5E70846E5F7EEBA0220E4F7B7
S21403A01039BE08B5D0F8E4304BB11A68022A06D91F
S21403A02093F825204AB1186AB0FBF2F008BD4FF446
S21403A03046624C210020E1F7F9FC0020F6E7D0F851
S21403A040E42008B57AB11368022B0CD9536A13F4CB
S21403A0507F4FC3F3072106D0126ADBB253438B420A
S21403A060B3FBF1F006D2002040F67F424C21E1F725
S21403A070DDFC002008BD0346D0F830010860B3F8C5
S21403A080343100208B80704790F830310C2B14BF8E
S21403A09090F82B00FF20704738B50C464FF400614C
S21403A0A00546E7F76FFA70B17CB195F81E3173B9C0
S21403A0B04FF480724FF480712846E7F74FFA003862
S21403A0C018BF012038BD2202F4E72246F2E700203B
S21403A0D0F8E74FF48071E7F755BA08B54A024FF42C
S21403A0E00071E7F73BFA002008BD08B58A024FF473
S21403A0F08061E7F733FA002008BD4FF40071E7F7F5
S21403A10041BA062300208B717047B2F5805FF8B51D
S21403A1100F460646154619462ED89A422CD33F2A92
S21403A12026D9B2FA82F40122C4F11F03DBB29A40A5
S21403A13092B2AA422CBFC4F11904C4F11A04E2B2C3
S21403A1400124931DDBB29C40A4B2AC4212D096F815
S21403A150F5309BB9012096F8243060F3C71386F8D0
S21403A16024303846E3F714FC00203762B582F8BD86
S21403A1700022ECE70020EEE72120F8E70E20F6E7C2
S21403A1800846E3F725BC70B505460E46144602B3EB
S21403A19013883F2B1DD9B3FA83F3C3F11901C9B250
S21403A1A0062901D8192B12D0062928BF0621012318
S21403A1B08A1DD2B2934030462380E3F711FC2388EE
S21403A1C02846EE616B82E3F795FC002070BD002104
S21403A1D0EDE72120FAE710B5144608460121E5F716
S21403A1E0D9F82046BDE810400121E5F7D3B8F8B505
S21403A1F004460E46174604F03EFE3A4605463146EA
S21403A2002046E5F785FB0446284604F02FFE204645
S21403A210F8BD0220704703207047E4F72BBD10B546
S21403A2200023E2F7ABFF044608B9E6F725FB204612
S21403A23010BD704770B505460E46144600F0E3F8A9
S21403A24031462846FFF72FFD00F0DDF8230704D537
S21403A2500B2C9CBF24F00804A4B221462846E1F741
S21403A26051FF00224FF400312846E7F777F9002024
S21403A27070BD8021E7F786B97FB5531C05AAADF8F4
S21403A2801410029202210022DBB2CDE9002111460E
S21403A290E7F782F907B05DF804FB7FB5531C05AA00
S21403A2A0ADF81410029204210222DBB2CDE900219C
S21403A2B000220121E7F770F907B05DF804FB1FB52C
S21403A2C0531C029100220821CDE900210122DBB2B2
S21403A2D01146E7F761F905B05DF804FB07B591F899
S21403A2E02830009391F82B3091F8292091F82A1002
S21403A2F0E3F7F2F903B05DF804FB10B50446E1F7A3
S21403A300FBFE01462046BDE81040E1F7FBBE0029F0
S21403A31014BF21200020704738B5054610460C466A
S21403A320E3F760FAD5B1D5F8E030BBB15B69ABB102
S21403A330421ED2B2FD2A13D90A68013204BF6FF057
S21403A34001020A600A68FF281A6007D162680132B0
S21403A35002D16FF00102626062685A60002038BD65
S21403A3600128F2E738B50546E5F7FAFA0446002170
S21403A370A878E3F79FFA204638BD2DE9F74F012565
S21403A3801C469DF83030064601930368174603F0D3
S21403A390070306339D4005F1FF380B46A1B141681C
S21403A3A004EA080BA5EB0B0A41F00059524509EBEA
S21403A3B00B0114D952461846E0F758FE49467A1B55
S21403A3C05A445044E0F752FE019B2BB13C4448EA02
S21403A3D0050804EA0804F46003B0BDE8F08F1846E5
S21403A3E0F0E737B5002514460095FFF7C6FF20466D
S21403A3F003B030BDE3F772B8002070470020704703
S21403A400002070477047704730B54900044605681A
S21403A41012B102291FD90339C90395B9E1B1B1FABB
S21403A42081F3C3F12003C3F10F00012838BF0120D5
S21403A43003F01F03D940A94201D901384908216016
S21403A44030BDB5FA85F339B1B1FA81F29B1A002B08
S21403A450E9DC0F20EFE700210F20F0E7012805D9FC
S21403A460023818BF4FF0FF30C0B270470120704764
S21403A47008B5E4F759FDBDE80840E4F77DBD38B5F7
S21403A4800446FFF7F5FF0546FFF7F2FF431BA3421B
S21403A490FAD338BD38B50D460446E4F745FD35B165
S21403A4A0844200D90139204601F0030138BD8442B5
S21403A4B038BF0131F7E708B50121FFF7EBFFBDE829
S21403A4C00840E4F759BD0B0C23F48053B3F5284F2B
S21403A4D0F7B50D468FB2064699B216D04AF6010373
S21403A4E0994214D04AF60203994212D0B1F5204F8E
S21403A4F014BF04240324D6F8E0300BB1196851B90D
S21403A500D6F8DC3093B928680EE00024F3E701247C
S21403A510F1E70224EFE7234668463A46E4F788FD68
S21403A520DDE90003002BEBD103B0F0BD1968002969
S21403A530E9D0234668463A46E4F77AFDDDE90003A8
S21403A540002BE0D1F0E702F06FBD0204C0F38913DD
S21403A55007D56FEA83536FEA935313F5007F18B258
S21403A56006D0A3F1C8006FF4FF739842B8BF18462D
S21403A57070474FF0384359699A6903F500530A4008
S21403A5805A6170470E207047E6F76ABBE6F768BB6A
S21403A590E6F766BBE6F764BB08B50846E6F786FF4C
S21403A5A008BDE6F75DBB0220704702207047002017
S21403A5B0704701207047002070470E207047002028
S21403A5C07047E2F7D5BF084611460122FFF741BBA5
S21403A5D070B505460C4611461A46E7F719F806689D
S21403A5E02B462046B446BDE87040604710B5E7F7F3
S21403A5F00FF8BDE8104083681847FFF710BEE2F770
S21403A600DFBEFFF7A9BBE2F7E9BB70B504460D460C
S21403A61016464FF4881100F01CF8324629462046A9
S21403A620BDE87040E3F7FEB838B505460C4604F0BF
S21403A63022FCD5F890301C40D5F88C302343C5F85F
S21403A6408C3004F013FC211E18BF012100204902A0
S21403A65038BD38B504460D4604F00DFCD4F89030EA
S21403A6601D40D4F88C3023EA0505C4F88C5004F05A
S21403A670FDFB284638BD38B504460D464FF4881111
S21403A680FFF7E7FF29462046BDE83840E3F7F2B870
S21403A69073B50D7806460C4635B304238DF804309F
S21403A6A02379304601A98DF80530FFF738FB0546B8
S21403A6B0B8B92278A37952BB8DF80430E3793046D3
S21403A6C001A98DF80530FFF714FB054648B9237832
S21403A6D03BB161883046E2F79FF901213046FFF728
S21403A6E0DBFC284602B070BD2946FFF7D5FC294699
S21403A6F03046FFF7F2FC29463046FFF7F6FC237890
S21403A700002BCAD123798DF804306379C9E7022276
S21403A7108DF80420D3E7FFF7E0BCFFF7EEBC00207C
S21403A720704710B50446E7F70DF821460020E7F713
S21403A7306BFEBDE81040002000F03EB970470120D4
S21403A740704708B5E8F78EFC80F00100C0B208BD7C
S21403A7504FF0FF30FFF79EBB70470020704710B5E1
S21403A7600C4604F0A3F8048010BD38B50C46154615
S21403A77004F09CF803881DB11C43A1B2018038BDC8
S21403A78023EA040189B2F9E708B504F08FF80088D4
S21403A79008BD08B504F08AF8C07808BD08B504F00B
S21403A7A085F8008800F00C0008BD08B504F07EF8B4
S21403A7B0008800F00C00031F5842584108BD38B506
S21403A7C0054604F073F804462846FFF7EEFF30B953
S21403A7D004F1100004F02FFD00F4406038BD4FF480
S21403A7E00060FBE738B5054604F060F804462846E3
S21403A7F0FFF7DBFF014648B910342046042203F076
S21403A80095FF2044BDE8384004F015BDA08838BD48
S21403A81010B50C4604F04AF8848010BD38B50546DA
S21403A82004F044F804462846FFF7BFFF014608B184
S21403A830201D38BD10340422204603F077FF204441
S21403A840F7E738B5054604F031F804462846FFF71F
S21403A850ACFF30B904F1100004F0EDFC00F4404006
S21403A86038BD4FF40060FBE738B5054604F01EF824
S21403A87004462846FFF799FF014648B91034204698
S21403A880062203F053FF2044BDE8384004F0D3BC4F
S21403A890A08838BD38B5054604F008F804462846AF
S21403A8A0FFF783FF014608B1201D38BD103406228A
S21403A8B0204603F03BFF2044F7E708B503F0F6FF16
S21403A8C0007A08BD08B503F0F1FF90F9090008BD4A
S21403A8D008B503F0EBFF807A08BD08B503F0E6FF82
S21403A8E0C06808BD10B50C4603F0E0FF047210BD47
S21403A8F010B50C4603F0DAFF447210BD10B50C46D3
S21403A90003F0D4FFC46010BD2DE9F8430F4680461C
S21403A910002107F110001646994604F03BF804465A
S21403A920D0B103F0C3FF0546204603F0DBFF00214A
S21403A93002462846E0F70AFA00232046AB7049F0A1
S21403A9400401FFF70CFFA5F804802EB13A46314602
S21403A95005F11000E0F78AFB2046BDE8F883F8B55A
S21403A96005460F461020002104F014F80446B0B143
S21403A97003F09CFF0646204603F0B4FF0021024680
S21403A9803046E0F7E3F9002339462046B370FFF775
S21403A990E6FE25B12A460121204603F0D3FF2046D2
S21403A9A0F8BD08B503F082FF103008BD08B503F004
S21403A9B099FF1038C0B208BD0020E7F74DBC08B5B4
S21403A9C0E7F7A8FE002008BD4088C0F30C0003305C
S21403A9D0800840000430704770B50E4605461146A1
S21403A9E0304603F0D7FF044635B128B103F05EFFC7
S21403A9F032462946E0F7FCF9204670BD0088B0FAD7
S21403AA0080F04009704738B505880022044604F0F4
S21403AA107CFC05B1258038BDF8B507460D46008891
S21403AA200021164603F07AFFB042044605D12946B4
S21403AA303846BDE8F840FFF7E6BF0021204603F09E
S21403AA406DFFB04205D02046002103F067FF0446A1
S21403AA50F3E72A462046002103F074FF32462846D1
S21403AA60BDE8F840002103F06DBF38B5044638B1A1
S21403AA70002104F044FC002301465D1C09B998B28A
S21403AA8038BD204604F05FFC2B460146F5E7F8B5D3
S21403AA90058807467DB1CCB22146284603F03EFF23
S21403AAA08542064609D100233B80002221463046D4
S21403AAB003F048FF35462846F8BD214603F02EFF2F
S21403AAC021460246284603F03DFFEEE72DE9F04710
S21403AAD007888246884614465FB3384603F002FF6B
S21403AAE03D460646E4B22146284603F017FF404596
S21403AAF0814616D1214603F011FF21460246284619
S21403AB0003F020FF474504D1454508BF0025AAF8B2
S21403AB10005000222146404603F014FF3046BDE8AD
S21403AB20F0878742FAD003F0DDFE30444D4686B206
S21403AB30D9E73E46F2E700220123C0E90023704727
S21403AB40F8B504460127002604F0A2F923683BB9AA
S21403AB5004F099F900226368012B0ED16360F8BDF7
S21403AB601D691F61266004F08EF9012DF2D02B4675
S21403AB702D691E61012DFAD1E6E719691A610B46A4
S21403AB80EAE7036823B94068012803D0E8F70ABB5D
S21403AB90002070474FF0FF307047F8B5054604F0C5
S21403ABA065FA012306460027A8602B7304F070F9A4
S21403ABB02B6802467BB11C692169A1420CBF2F603A
S21403ABC019612761104604F05EF9012C08D020466F
S21403ABD063689847EAE76C68012C04D104F053F9DC
S21403ABE000232B73F8BD6169711AB1F1004FF5D8D4
S21403ABF0216969602361E5E77047022070470220F8
S21403AC007047002070470144884201D101207047F5
S21403AC1010F8013B9342F7D0002070470821FDF758
S21403AC20A6BF70B50146064692B00020E6F7B6FF0B
S21403AC30044670B9FDF796FF054601466A46204668
S21403AC40E7F700FB6A46294620468DF80260E7F7D9
S21403AC50AFFD204612B070BD00B593B0FDF782FF7E
S21403AC606A4601460020E7F7EDFA9DF9020013B0A5
S21403AC705DF804FB00B593B0FDF774FF6A46014622
S21403AC800020E7F7DFFA9DF8000013B05DF804FB39
S21403AC90E7F79CBA012070477FB54FF6FF7101AA0C
S21403ACA0E8F75CFD20B1BDF80C0007B05DF804FBC7
S21403ACB04FF6FF70F9E708B504F084FB003818BFB9
S21403ACC0012008BD08B51046E9F71CFEBDE808409C
S21403ACD0E9F7D6BE704770477047704770477047AE
S21403ACE07047002100B593B06A460846E7F7AAFA0C
S21403ACF0BDF8060013B05DF804FB002110B592B052
S21403AD0004466A460846E7F79DFA00216A4608465F
S21403AD10ADF80640E7F74CFD12B010BD002100B5B4
S21403AD2093B06A460846E7F78DFABDF8040013B0F9
S21403AD305DF804FB002110B592B004466A46084647
S21403AD40E7F780FA00216A460846ADF80440E7F7BD
S21403AD502FFD12B010BD704773B50646E9F724F809
S21403AD6004463046EBF7A2FF224603460021304650
S21403AD70F7F7BCFD0546D0B1FFF713FE0446284699
S21403AD8003F094FD0023E21D121A294608200093BF
S21403AD90D2B2FBF794FE0138C0B2012807D80122CD
S21403ADA02946304602B0BDE87040E9F733B802B032
S21403ADB070BD134610B50A4600210446F7F770FD2A
S21403ADC0014628B12046BDE810400222E9F722B822
S21403ADD0012010BD07B5009313460A460021F7F776
S21403ADE0D9FC28B1002103B05DF804EBF5F784BA6B
S21403ADF0012003B05DF804FB2DE9F04F87B00C4645
S21403AE0091460746FFF7CAFC0546661C304604F023
S21403AE1012FA042D40F090803846FFF7C2FD0378FF
S21403AE20092203F00303012B14BF0223032301218A
S21403AE302046039303F07AFC0922002105462046A8
S21403AE4003F074FC21788DF81700013900222046A0
S21403AE5089B2FFF7C1FD04EB09088346F0B14FF052
S21403AE60010A2A460146CDF800A003980DF1170300
S21403AE70FBF725FE0228054626D1584603F032FD89
S21403AE8000222070C0B2431E00929BB2524659461F
S21403AE90304604F0D1FA2378534423703846FFF73C
S21403AEA073FC020424D498F8013021789B071FD53D
S21403AEB00139A1EB09013A464046C9B2EDF712FD46
S21403AEC023781844207013E020B92070284607B072
S21403AED0BDE8F08F032809D1404604F0ACF920F40E
S21403AEE0007189B2404604F0A8F9D7E70428D5D103
S21403AEF00125002220462178FFF76EFD074600282D
S21403AF00E4D04FF000080146434601224046CDF800
S21403AF100080FBF7D4FD022819D1384603F0E2FC83
S21403AF20C2B2013A207093B2394601223046CDF8B8
S21403AF30008004F081FAC9E780F0800520F08000E5
S21403AF4081B23046C5F3C01504F077F9D1E700287F
S21403AF50BCD12070BAE708B50020FFF7F2FB80F0FB
S21403AF600100C0B208BD0A4608B501460020E8F74E
S21403AF7051FFB0FA80F0400908BD0020E7F74CBD4A
S21403AF8000210846E7F7F0B90020FFF7D8BB70B5F5
S21403AF90044604F050F9042200210646204603F036
S21403AFA0C5FB204404F047F903220546002120464A
S21403AFB003F0BCFB204404F03EF94FF6FF73054054
S21403AFC0ADB29D4214D1F30712D5062200212046C6
S21403AFD003F0ACFB204404F02EF90446E8F78CFF9C
S21403AFE0844214BF02240624E8F780FF204070BD85
S21403AFF02046FBF77CFFC400E4B2F5E708B5FFF78D
S21403B000C6FF003818BF012008BD0120704710B5E1
S21403B0100446FEF7B5FA08B9FEF7B4FA03050FD4EB
S21403B0200C231B2B01D1002009E020FA03F1C907EA
S21403B03003F1010206D5DBB2E31A5842584110BDAC
S21403B0400B23F9E71346ECE710B50C46098819B944
S21403B0500846F7F705FC2080012010BD08B510460A
S21403B0601A4600F0B8FABDE8084004F082B870B596
S21403B07004460D46164692B06A46E7F7E3F86A4674
S21403B080294620468DF81F60E7F792FB12B070BD85
S21403B09010B50C46E9F70CFB2046BDE81040E9F76F
S21403B0A01DBA0129F8B505460C461DD003291ED046
S21403B0B0052920D0072922D00026002400270120B6
S21403B0C0E7F704F8304485421DDA0320E6F7FEFF6F
S21403B0D02044854219DA0520E6F7F8FF384485420E
S21403B0E0B4BF07200520F8BD6FF00406E5E76FF050
S21403B0F004040526E2E700266FF00407DFE70024D2
S21403B10005272646DBE70120EDE70320EBE738B506
S21403B110054600242046E6F7D9FF0134A842E4B2E8
S21403B12002D9062CF6D10724204638BD38B1437918
S21403B130490023F00C0301F00C010B4343717047E5
S21403B14010B5044678B141794088490801F00601F4
S21403B1500131000AFFF7A5FF024601462046FFF726
S21403B160E5FF104610BD0722FBE738B50D46E9F7A5
S21403B1708DFA044608B9002038BDFFF7E1FF002D1D
S21403B180FAD1237913F00703F5D0984238BF18464F
S21403B190C0B2F1E7037923F007031943017170473F
S21403B1A0037903F00F0343EA011303717047002288
S21403B1B0E9F710BE0021012208B5E9F70BFE401A95
S21403B1C018BF012008BD38B51546FFF7F0FF044643
S21403B1D0284604F00DF984B1FF2804D0626822FAE9
S21403B1E000F3DB0701D5012038BD01238340134359
S21403B1F06360E3780133E370F5E72046F4E7EAF7A4
S21403B20053B810B503F052FB00F11004204604F0C7
S21403B21012F820F4007189B22046BDE8104004F00D
S21403B2200CB82DE9FF411546019101218DF80D302B
S21403B2301B0A8DF80E309DF82C308DF80C008DF817
S21403B2400F3028460423009103AA9DF828809DF812
S21403B25030709DF8346001F0D8FC044670B129467E
S21403B260FFF7D6FAB8F1000F02D12046FFF7C9FF61
S21403B2702FB146B931462046F5F73EF8002420465E
S21403B28004B0BDE8F081002220461146E9F792FF9C
S21403B290F4E74FF47A70EAF7E7B8F0B5064687B0F6
S21403B2A010461C460F461546FFF77BFB9DF83030CD
S21403B2B0184443789CB16178012211F0020F0CBF49
S21403B2C0032100210020CDE90142CDE90310072226
S21403B2D0394630460095EAF763F907B0F0BD2246D3
S21403B2E02146EFE708B5E7F771FFBDE80840002001
S21403B2F0EAF792BB00B58BB06846EAF791F8009B75
S21403B300BDF8060004A90693EAF730F80BB05DF81B
S21403B31004FB1FB504466846EAF782F802AB03CB84
S21403B3202060616004B010BD1FB5062304468DF887
S21403B3300C30EAF701FD00238DF80D00CDE900334C
S21403B34001210223204603AA01F05FFC04B010BDCE
S21403B35070B50C4605460120EBF7E2FB237B4BB1A9
S21403B360FFF7BFFC014623462A46BDE8704001208E
S21403B370EAF790BF4FF6FE71F5E7F8B50E460746B7
S21403B380FFF70FFB054603F056FF00F44040B0F509
S21403B390404F14BF0022062202F10A03EB5C0B3275
S21403B3A05C0004F00E045B08144403F038033846CC
S21403B3B01C44FFF7FBFA844208D2001BC2B20F2AD2
S21403B3C028BF0F2230462919DFF750FE2046F8BD66
S21403B3D040F62740ECF7D6BA13B5F5F72FFA6946C9
S21403B3E0044600F0E1FF58B1FFF77BFC40B1E7F7F6
S21403B3F0E1FF28B10023022269462046F2F7DEFD6C
S21403B40002B010BDFF224FF6FF71ECF707BD07B57C
S21403B41000210DF10700ECF78FFE9DF8070003B03F
S21403B4205DF804FB13B5044601A90020ECF784FE7F
S21403B430019A01462046ECF795FE204602B010BD61
S21403B440F0B50F46002187B0044608461646ECF7CB
S21403B45073FE012305460DF10A008DF808408DF8AA
S21403B4600930FFF756FF092C1DD131460DF11200A6
S21403B47003F0E3FE05AB002102AA9B1A2846CDE99A
S21403B4800011DBB2642101F0C0FB0546E0B1092CD4
S21403B49015D1ECF7B1FE044688B12846ECF7C0FE9A
S21403B4A0204607B0F0BD31460DF113008DF812703B
S21403B4B04FF6FF7503F0C1FE0DF11503DBE72846D3
S21403B4C000F02EF80446EBE70446E9E77FB50D46A1
S21403B4D01646ADF80E0003F005FA841BE4B2BDF879
S21403B4E00E20631B9BB2104629460093731901F086
S21403B4F0C0FA21460DF10E0001F093FA04B070BDB8
S21403B50038B504460D4603F090FF40B1AC4206D072
S21403B510204603F0EBFBBDE8384000F0DBBF38BD48
S21403B52010B50446FFF73DFA023003F084FE4FF6EB
S21403B530F7739842204603D9BDE81040ECF7F2BFF4
S21403B540EDF73CF8B0FA80F0400910BD0022ECF7A6
S21403B5500DBF70B50546FFF724FA0646284601F0E8
S21403B56078FB01462846F7F72DFE04462846FFF7E4
S21403B57039F94FF6F773984208D8337803F0030384
S21403B580012B05D1A31E5842584170BD0120FCE78C
S21403B5900020FAE741F2033330B585B00D46ADF827
S21403B5A008300446FFF79DFB8DF80A00FFF799FB6A
S21403B5B00021000A8DF80B0005232046CDE9001173
S21403B5C002AA8DF80C5001F020FB10B12146FFF7BC
S21403B5D0BDFF05B030BD2DE9F041044617460D46C4
S21403B5E0E1B13F294FF0000600D135462046FFF76C
S21403B5F0D5F8082814D10121204603F08FF9064612
S21403B60003F070F90446304603F050F93B46014612
S21403B6102A46E0B2BDE8F041FDF75BBB0126E5E74D
S21403B6202046FFF7BBF8024630B9BDE8F0414FF6B7
S21403B630FF71012003F0C8BD2046FFF7C0F8B0F540
S21403B640006F0ED12046FFF7CDF84FF6FF739842F2
S21403B650014617D0002D0CBF03200520002203F05F
S21403B660B3FD29462046E9F75DFE68B9294620461C
S21403B670EEF738FC40B9324629462046BDE8F0418D
S21403B680EDF758BA0120E9E7BDE8F08137B54FF684
S21403B690F675FDF76AFA431E9BB2AB420446F8D82A
S21403B6A0E8F7F4FF0028F4D169462046E8F7E2FA03
S21403B6B00028EED0204600F0DCFF0028E9D1204623
S21403B6C0FFF778FD0028E4D12046EEF77FFC00283C
S21403B6D0DFD1204603F0A9FE0028DAD12046FDF785
S21403B6E05AFA0028D5D1204603B030BD73B50446B8
S21403B6F00E46EEF76BFC054688B92046EEF7C0FC0F
S21403B70021462B460D224FF6FD70009500F056F8A5
S21403B7103146204602B0BDE87040EEF773BC02B077
S21403B72070BD37B5054614460C2914D8DFE801F07A
S21403B7302C132C1313130713131313242400694613
S21403B740E8F798FA18B901216846F3F719F8412083
S21403B7502946F8F7DDF9D4B12046FFF722F902307F
S21403B76003F069FD4FF6F773984210D9204603B0ED
S21403B770BDE83040EDF7EEB840F6144040F613430C
S21403B7800B2908BF1846E3E7F6F7E4FBE3E703B045
S21403B79030BD1FB50346084603218DF80D308DF8DE
S21403B7A00C1001230021ADF80E20CDE9003103AAC9
S21403B7B0042301F02AFA05B05DF804FB2DE9F341F2
S21403B7C006460F4614461D469DF82080FFF789FA65
S21403B7D0B04207D100222146384602B0BDE8F04108
S21403B7E0FFF79FBF3A4631462046FFF7D2FFADF834
S21403B7F0060060B10D2C05D100224FF6FF712820FC
S21403B80003F0E2FC35B9BDF80600FFF789FE02B087
S21403B810BDE8F0810123424629460DF10600E7F70D
S21403B82029FCBDF80630002BEDD1F0E7F7B50C4642
S21403B8300546FFF7B6F8611C06462846F7F7C2FC2E
S21403B840A11C0746284601F027F901460446384658
S21403B850FDF7D7F90D2F34D12046EEF7B7FB78B1B5
S21403B860301D03F0E8FC04462846F679FEF7FCFF95
S21403B87031460246204603B0BDE8F040FFF7A3BCBE
S21403B880B01C03F0D8FC4FF6F773984202D928464B
S21403B890EDF760F82046EEF7F3FBFFF722FAA04237
S21403B8A005D1002003B0BDE8F040EEF72DBC6B4693
S21403B8B0B068F16803C369462046EEF7A3FB03B0FE
S21403B8C0F0BD2A463946204603B0BDE8F040FFF7F0
S21403B8D028BF14220021DFF739BA2DE9F04F11F003
S21403B8E00F0704460E4615468FB05CD10120DCF7E1
S21403B8F0ABFE09A8FDF795FA092309A88DF82430AD
S21403B900FDF793FA09A8DCF771FE01A909A8FDF76C
S21403B9101DFC26F00F08A84404F1100904F10F0AD1
S21403B920454511D1236901A93344236109A8FDF7CD
S21403B930F2FB0020DCF788FEB6F1005F28BF27275E
S21403B94038460FB0BDE8F08F05AA234696469446C0
S21403B950186859680833ACE803004B456246F6D1CD
S21403B9602B46224605F1100B53F8041B5B4542F8A1
S21403B970041BF9D1714609A8FDF7CDFB09A8DCF72E
S21403B98035FE224621460120DCF71AFE013D631EE2
S21403B99013F8012F15F8011F534582EA01021A70A6
S21403B9A0F6D15D46BCE70227CAE7F0B5174685B071
S21403B9B005460C46102200216846DFF7C7F9BFB3D9
S21403B9C0C4B30F2C04F00F0608D924F00F043A462C
S21403B9D021462846FFF781FF40BB274432463946B7
S21403B9E06846DFF743FB80222F6906F110033744CE
S21403B9F06B44B7F5005F03F8102C2F61C6F11006F1
S21403BA001AD3062E1FDDFB001A0E8DF80A201A0C19
S21403BA105BBA8DF80B20ADF80C306A461021284629
S21403BA20FFF75BFF00202B69103B2B6105B0F0BDD1
S21403BA303E46D8E72646D6E7022E04DDFB005BBA71
S21403BA40ADF80E30E9E76A4610212846FFF745FFB2
S21403BA502B691022A3F11004002168462C61DFF73E
S21403BA6075F9B7F5005F4FEAC403CDD2E7E770B5C3
S21403BA700E46054686B001A81446FFF72AFF32464F
S21403BA80294601A8FFF791FF2246054601AB05AEFE
S21403BA901C4603CCB44210605160234602F10802F0
S21403BAA0F6D1284606B070BDEEF7CCBB0A46002199
S21403BAB0EEF7C8BBF0B58BB00C4601A9EEF7C2FB98
S21403BAC0054680B325220021E01CDFF73FF901235A
S21403BAD0A3700E23BDF810702380FA0510D52346F5
S21403BAE04FF4877206AE23F8042B0DF1280C32466A
S21403BAF003CA624518605960164603F10803F6D177
S21403BB003B0605D5238843F080032380069B6360AA
S21403BB1001AB03CB039BC4F81D00C4F82110A3613B
S21403BB20EFF79CFE606128460BB0F0BD30B50546C6
S21403BB300C4687B001A8FDF774F92868696802AB5C
S21403BB4003C39DF8113043F002028DF8112074B13F
S21403BB502288510644BF43F006038DF8113053057F
S21403BB6042BF9DF8113043F008038DF8113001A849
S21403BB70FDF752FAB0FA80F0400907B030BD70B551
S21403BB808AB00D46002201A90446EEF75BFB88B196
S21403BB90204604A9FFF7CAFF60B1BDF81060FFF79F
S21403BBA0A0F838B9720601D5730503D52946204691
S21403BBB0FDF793F80AB070BD2DE9F3410F4605462D
S21403BBC0164602F08FFE4FF00008C41BE4B2294667
S21403BBD023463A463046CDF8008003F02DFC01217B
S21403BBE0284602F09BFE88B10121284602F096FE05
S21403BBF0074602F077FE0546C3B242463019394679
S21403BC00CDF8008003F018FC2544ECB2204602B0C1
S21403BC10BDE8F0812DE9F04F85B00C460546914608
S21403BC201F464FF0010ADDF838809DF83CB002F05D
S21403BC3059FE22463B4629460646CDF800A048460E
S21403BC4003F0FAFB5146284602F068FE3C4418B35C
S21403BC505146284602F062FEF6B2B442814610DA36
S21403BC60E7B2F31BDBB2404622462946CDF800A0D6
S21403BC7003935F4403F0E0FB039BBF1B984407F06A
S21403BC80FF0B012300220E9349465B46404605B050
S21403BC90BDE8F04F03F0D0BB5B4622462946CDF8FD
S21403BCA038A0F3E72DE9F041002686B0074608469C
S21403BCB00C4615469846CDE9026604968DF8146040
S21403BCC002F010FE411BCBB20D2B28BF0D232A46D4
S21403BCD02146009602A803F0AFFB424602A9384667
S21403BCE0EEF72AFD0646294620469DF80820F7F774
S21403BCF07DFA304606B0BDE8F0812DE9F04F0E46DA
S21403BD00CBB00121054617461C4602F007FE234624
S21403BD103A462946814606A8FFF7C4FF0DF1280ACE
S21403BD2000EB070B5246314628465FFA8BFBFFF7BC
S21403BD3043FFB34503D200204BB0BDE8F08FABEB17
S21403BD4006085FFA88F808F104039842F3DB331F0A
S21403BD5018440423C4B20193A31BDBB200935246D8
S21403BD6043460021CDF808A006A8DCF7DDFB002833
S21403BD70E1D1A4EB0B040AEB0803E4B252462846CF
S21403BD803146009301944346FFF744FF394628465D
S21403BD90F7F718FA394600F0F8022846F7F726FAB6
S21403BDA00121284602F0BAFD002818BF4D46284652
S21403BDB0ADF8165002F096FD011FC9B20DF116003C
S21403BDC000F02FFE0120B7E72DE9D841064600F024
S21403BDD040FF411C044689B2304600F00DFF98B37D
S21403BDE094B321463046F7F7EDF900F00C03042B25
S21403BDF0074629D000F00308B8F1020F00D11BBB99
S21403BE00384600F0AFFF3B060444A4B216D5611CC7
S21403BE10304689B200F0F0FEB0B121463046F7F75F
S21403BE20D1F9B8F1010F014600F003030CD0032B40
S21403BE300AD0384600F0A5FF03199CB221463046C7
S21403BE40BDE8D84100F0D8BE0020BDE8D881F8B5DB
S21403BE50064600F0C0FE054604463046FEF7A1FD42
S21403BE6043785B0718D5AC1CA4B22146304600F0D5
S21403BE70C3FEB8B129463046F7F7A4F90746691C4E
S21403BE80304689B2F7F79EF91FB1874201D8FF28DB
S21403BE9008D104EB4704A4B221463046BDE8F84077
S21403BEA000F0AABE0020F8BD13B5044601A8EEF7BD
S21403BEB09BFEBDF80430DA0710D49B0707D4102284
S21403BEC00021204602B0BDE81040DEF73FBF224601
S21403BED021461020FFF7CBFD0028F0D102B010BD9D
S21403BEE0024608B5EEF7A8FE510544BF0838C0B2AF
S21403BEF0130544BF0838C0B208BDF0B5D3070546DE
S21403BF000C468BB04AD5008800F0A3FE00230646F5
S21403BF10029314B9CDE9034403AC0022082120465A
S21403BF20FEF771FEA8B12888FEF73BFD023003F04A
S21403BF3082F921460746E7F79DFE50B100224023CB
S21403BF401146384600F01DFA40F6094528460BB060
S21403BF50F0BD31462888F7F735F910F0030F0CBF0C
S21403BF6001260026EEF7B2F946EA4000C0B200907A
S21403BF700021204602AB05AAF0F7C8F80546EEF7FF
S21403BF80A5F90028E2D0002DE0D000212046009637
S21403BF9002AB05AAF0F7BAF80546D7E740F60A4516
S21403BFA0D4E700231A46F0F70BB830B58BB005ADCF
S21403BFB004462846FCF735FF0223284601A98DF8D8
S21403BFC01430FDF7C3F8234601AA144603CCAC424B
S21403BFD018605960224603F10803F6D10BB030BD52
S21403BFE008B50023024619461846EFF7E9FF012075
S21403BFF008BD37B504466846F0F75AF8054648B113
S21403C000082221466846DFF7EDF9B0FA80F04009CA
S21403C01003B030BDFF2208212046FEF7F4FD034699
S21403C02028B106212846FFF7BCFF0120F0E7224689
S21403C0300146EFF7C5FFF8E707B56846F0F738F8A7
S21403C04010B16846FDF700FA00F0010003B05DF892
S21403C05004FB0120F0F766BD704737B50446084673
S21403C060FEF7DCFB0546FEF73CFE00230146009385
S21403C07022462B460120F6F791F803B030BD30B5C3
S21403C0800124054689B003A8FCF7CBFE01A88DF86A
S21403C0900C40DCF709FB9DF806209DF80730AA4202
S21403C0A009D0AB4209D103A88DF80D40DCF79EFA00
S21403C0B0012009B030BD0024F5E70020F9E700228F
S21403C0C01021FEF7A0BD7FB50D4600F582300D2288
S21403C0D0694600F58070D0F7CDFC6B462A4602AE63
S21403C0E01C4603CCB44210605160234602F108029A
S21403C0F0F6D1206810602379137100236B7304B0A4
S21403C10070BDF0B585B06A4605460B46164601F186
S21403C1100807144618685968083303C4BB42224606
S21403C120F7D118680D2220601B7905F58230314659
S21403C130237100F58070D0F7C9FC05B0F0BD38B5A3
S21403C14004460D46DBF774FDA04205D92046294672
S21403C150FFF7B9FF002038BD2820FCE730B50024E0
S21403C16085B08DF80040DBF763FDE5B2A84204D83E
S21403C170F2F76AF9002005B030BD69462846FFF796
S21403C180C0FF0134EFE738B50446002002F07EFD19
S21403C190FF2805460FD002F001FE10F0010009D07B
S21403C1A0284602F0FBFD400840EAC17080F001001B
S21403C1B000F0010038BD04F00100FBE70146F8B5C6
S21403C1C006460020F2F77AF8FF2801D00120F8BDD2
S21403C1D0DBF71EFD00240546871CDBF71DFDE3B2D7
S21403C1E0984201D80020F2E735F82430B34203D151
S21403C1F017F82430002BE9D10134EEE738B50D46A5
S21403C2000121044602F08AFB30B10121204602F0E8
S21403C21085FB2880012038BD20462C8000F00EFECA
S21403C2200130C0B2F7E72DE9F04788B007468946E4
S21403C23010460DF10A011D469046FFF7DFFF4FF04B
S21403C240000ABDF80A6004463046CDE905AACDF8D3
S21403C2501BA002F047FB031BDBB20B2B28BF0B23F1
S21403C26022463146CDF800A005A803F0E5F848F2CB
S21403C2701F039D4243D00BD885F40043012B15D9E9
S21403C28023464246494628460097FDF730F933E0F1
S21403C29048F23A039D42F3D1FEF723FDB8422BD072
S21403C2A02246414605A8FDF757F925E09DF81430C8
S21403C2B013BBBDF81D40DDF81500DDF8191003AB00
S21403C2C003C3204603A9DBF7D5FE0122204603A9B4
S21403C2D0EDF74EFFA74206460ED0012103A8F2F75C
S21403C2E04FFA48F201039D4206D12EB93346324631
S21403C2F03946204600F046FE08B0BDE8F0879DF8B4
S21403C3001450002DF8D12F469DF815800234EAB25A
S21403C3104245F1D2D200D2B222440823314692B229
S21403C320009703A8CDE9037703F086F803A8F4F78C
S21403C330B5FA02F0DBFC00F0CDF80135E7E708B507
S21403C340E6F744FFBDE80840F2F758BC10B50024F2
S21403C350418084800480C280038110BD13B5BDF87C
S21403C3601040CDE900340023F2F7B0FD02B010BD53
S21403C37013B5BDF8104001900094F2F7A7FD02B084
S21403C38010BD07B500930123FFF7F2FF03B05DF876
S21403C39004FB0123F2F740BE0121F3F7ADBF0146CC
S21403C3A04FF6FF70F3F7D0BE10B50C4602F09EFCB6
S21403C3B0FF2808D0F4F75AFA20B1036823604368CD
S21403C3C00120636010BD0020FCE710B50446FEF7AD
S21403C3D0F6F9B0F5006F204605D1FEF703FABDE87F
S21403C3E0104002F083BCFEF719FABDE8104003F0D4
S21403C3F018B808B502F07AFCFF280CD002F0CEFC81
S21403C40010F0010309D0400840EAC17080F0010033
S21403C41000F0010008BD0020FCE71846FAE71FB548
S21403C42000F582300B2201A900F5C070D0F722FB7D
S21403C4309DF80E0005B05DF804FB30B589B001F039
S21403C440010503A90446F4F733FE9DB190B92046CF
S21403C45002F0A4FC10F0010109D0204602F09EFC75
S21403C460430843EAC17383F0010303F0010103A801
S21403C470F2F786F92046F5F7B3FD9DF81430294602
S21403C48000932046BDF8162003ABFCF79EFB09B0CD
S21403C49030BD7FB50C460546F4F7D0F9A04217D059
S21403C4A04FF6F7739C4213D805F5823606F5C07629
S21403C4B00B2201A93046D0F7DDFA01A90B2230463C
S21403C4C0ADF80C40D0F702FB21462846F4F708FAED
S21403C4D004B070BD10B50446DBF7B0FBA0420FD91D
S21403C4E02046F4F7ABF94FF6FF73984208D0204680
S21403C4F00021FFF7A2FF2046BDE81040F4F732BE46
S21403C50010BD10B50446FEF7ECFB002302461946A1
S21403C5102046BDE81040F4F77FBF2DE9F0411446EE
S21403C5200F4605469846FEF73CFA0646043002F0E8
S21403C53082FE20802846FEF797F96080B379791C3F
S21403C540E372C9B22846F6F73DFEB91CA072C9B21B
S21403C5502846F6F737FEFE1C2072F6B2B8F1000F37
S21403C56018D03146284600F097FA0537FEB2314612
S21403C570A080284600F090FAB11CE080C9B2284695
S21403C580F6F720FE6072217AA0880122BDE8F0410A
S21403C590F5F762BC2088EAE72DE9F04186B09046BD
S21403C5A01E4604460D46FEF79CFB4FF6F77398456A
S21403C5B0074632D80523A0428DF80C304FF001020F
S21403C5C014BF012300234FF0000118BF8DF80D3070
S21403C5D0CDE9002114BFADF80E008DF80D302846C6
S21403C5E014BF0423022303AA00F00FFB0546A0B1E1
S21403C5F0A7421AD0FEF7D5F9074621460430803EF7
S21403C60002F01BFE2046FE7104A9FFF7CDFE40B9DB
S21403C610204604A9E7F742F818B9002006B0BDE89B
S21403C620F081284604A900F07EFB41462846FEF723
S21403C6308DFFF3E7037923F00303194301F03F016A
S21403C6400171704707B50DF10701F5F7ABFA03B0B3
S21403C6505DF804FB08B5FFF7F5FF18B1BDE8084021
S21403C660F5F7F0BA08BD00224FF6FF701146F5F74E
S21403C670F3BB10B50446FFF7E5FF024638B901469B
S21403C6802046F5F7E9FB003818BF012010BD01204E
S21403C690FCE7F8B5174604460E46FFF7D3FF0546F4
S21403C6A0386068B1037903F00303337023B93A683B
S21403C6B0137903F03F0313713B685C882046F8BD8B
S21403C6C001462046FEF751FD074628B1E8F7ECF988
S21403C6D0874201D83570F1E731462046FCF701FF63
S21403C6E00028EBD003234FF6FF743370E6E707B555
S21403C6F001AA0DF10301FFF7CCFF9DF8033053B9F0
S21403C700019828B1037913F0300F14BF01200020DD
S21403C71003B05DF804FB0020FAE72DE9FF41064667
S21403C720104688461546F4F7B9F80746FEF7D9FAD1
S21403C730044648BB4FF6FF739E4225D09F4206D061
S21403C7400146384604B0BDE8F041EBF777BC072353
S21403C7508DF804302B680246CDF805306B68092146
S21403C76001A8CDF80930FEF737F9024618B91920A3
S21403C77004B0BDE8F081012341463046F0F7C8FE19
S21403C7800028F4D02046F3E70220F1E72DE9F04332
S21403C79090460F4606464FF0010991B00BA803AD2D
S21403C7A0FCF73FFB07AC29460BA8ADF82C90FCF72B
S21403C7B0CDFC95E80F0084E80F004B46002239466F
S21403C7C03046CDE90048F0F7BFFF11B0BDE8F0836F
S21403C7D02DE9F04F002785B081460C467E2039466A
S21403C7E09846BDF83CB09DF844A0BDF84C50019265
S21403C7F0ADF80E7002F0CEF80646002800F0AA80C8
S21403C80002F054F839467E22DEF7A0FA304602F0EC
S21403C8104DF80090304602F049F8B9F1FF0F0CBF0F
S21403C820274644F003073B0A14F44062077043703C
S21403C8305FD14FF00808C31C184642460199DEF73D
S21403C840D7FA034604F44044434484B1790606D435
S21403C85019464FEA1B2201F802BB5A700B46B4F581
S21403C860004F56D0A4F5404254425441E4002246B9
S21403C87018460E99DEF7BCFA009A03462044A0EB4E
S21403C88002085FFA88F89DB14FF47C521A53841C51
S21403C890284602F00BF88346284602F023F8C5B272
S21403C8A02A4659462046DEF7E1FB60190235EDB20B
S21403C8B0B9F1FF0F2FD05246109900F8019BDEF70F
S21403C8C0D5FB08F101015AFA81F129443046E6F70F
S21403C8D067FB0C210022FF0007F080071046394350
S21403C8E0FEF73DF8ADF80E00E8B9002005B0BDE848
S21403C8F0F08FB2F5006F80F803804FEA182880F8AF
S21403C900048000F1050314BF4FF008084FF0020837
S21403C91092E70224ABE708EB0A0129443046E6F720
S21403C9203FFB0821D6E7304601F0C0FF04463046F9
S21403C93001F0D8FF0123024621460DF10E00E6F76B
S21403C94099FB0028D1D10121BDF84820BDF80E007F
S21403C95001F0F8FFBDF80E00C8E710B50C460988CD
S21403C96021B90846F5F77CFF208008B1012010BDE9
S21403C9700220FCE72DE9F04780460F4606460024D2
S21403C98002F1FF39BC4202D219F8015F25B9A6EBC2
S21403C990080080B2BDE8F0879A46A5F13102012A65
S21403C9A05AF8041B10D83246322D02F8011B06D162
S21403C9B00134A4B2A74232D30912B21C71700134F7
S21403C9C053461646A4B2DDE7342D0CD10334BC42DD
S21403C9D0DDDA0B0A317073700B0C090EB370321D5F
S21403C9E0F170A4B2EBE7A5F13302062A0DD8303D69
S21403C9F0ADB22B19BB42CADA2A463046013CDEF7F3
S21403CA00F7F915FA84F47219EBE7A5F14102062A41
S21403CA1001D8373DECE79D8803F1080AE9E7164697
S21403CA20B5E770B5054600880C4601F05BFFA042EB
S21403CA3028880AD201F056FF0023221A19462846F0
S21403CA40BDE8704092B2E6F715BB2146E6F7A8FAB2
S21403CA50002070BD38B5054601F028FF0446284679
S21403CA6001F040FF002201462046BDE83840FDF7AE
S21403CA70B3BFF8B516460C461D46BDF8187001F050
S21403CA8015FF0444304601F011FF3A46411920468B
S21403CA90BDE8F840DEF7ACB970B50C46013189B293
S21403CAA00646F6F78FFB214605463046F6F78AFB21
S21403CAB000EB052080B270BD1FB50123ADF80C2036
S21403CAC000930A460223014603A802F0B5FC05B00C
S21403CAD05DF804FB0FB437B5069D0021A8B201F03C
S21403CAE059FF044601F0E2FE2CB1002207AB019386
S21403CAF0D1B28D4205D8204603B0BDE8304004B01D
S21403CB00704753F8041B81540132F1E773B50446AA
S21403CB100D4640200021164601F03CFFADF8060006
S21403CB2001F0C4FEBDF8063013B9002002B070BD94
S21403CB30402133462A462044FFF71CFF211889B2BA
S21403CB400DF10600FFF76DFF0028EED1BDF80600D5
S21403CB50ECE70EB403B503AA52F8041B0192FFF7E1
S21403CB60D5FF02B05DF804EB03B070472DE9F74339
S21403CB700F4601218146164601F0D0FE054658B100
S21403CB80FFF768FF308088B9284601F0ABFE68B12E
S21403CB90192003B0BDE8F083484601F0A3FEFF2F3B
S21403CBA0A0EB0704E4B214D014B934800020F0E7F5
S21403CBB02A4621462846FDF70FFF80460028E7D081
S21403CBC03B464A4629460094FFF753FFA6F80080E3
S21403CBD0ECE70120DDE708B5FDF7E3FE437803F055
S21403CBE001001A074CBF10300830DB0644BF08307C
S21403CBF0C0B21030C0B208BD10B50C4601F072FECC
S21403CC00A04234BF0020012010BD7FB5144600911A
S21403CC10024641F2092141F609209DF820601D468F
S21403CC20002E18BF0146099B0020F6F7F3FAADF86D
S21403CC300E0010B9002004B070BD01232A46214619
S21403CC400DF10E00E6F716FA0028F3D1BDF80E0034
S21403CC50F1E738B50546FFF7BEFF0446284601F060
S21403CC6041FE631C9BB283420FD82846FDF799FE0C
S21403CC7043785B0707D521462846F6F7A3FA013023
S21403CC8004EB4004E4B2204638BD0024FBE71FB59E
S21403CC90ADF80E0001F026FE0446BDF80E00FFF7C1
S21403CCA0D8FF00F10E03DBB2BDF80E200146E01AF2
S21403CCB080B200901046FFF7DCFEA4F10E0189B2A5
S21403CCC00DF10E00FFF7ADFE04B010BD427803462B
S21403CCD012F0080006D0D20702D403F1080070470A
S21403CCE003F10900704737B505460C46FDF759FEB4
S21403CCF0437813F0100212D09CB103F001021B0715
S21403CD004FF000032946009320464FF0080354BF14
S21403CD101832203202F090FB012003B030BD1046DB
S21403CD20FBE72046F9E773B505460C46FDF739FEE3
S21403CD30437813F0100211D094B1012603F00102D8
S21403CD401B0729464FF00803204654BF18322032EB
S21403CD50009602F071FB304602B070BD1046FBE74A
S21403CD602046F9E700F00303012B08D0C30606D4D8
S21403CD7000F00C000C2814BF08200920704702207E
S21403CD807047034611F0030005D003F00303022B9C
S21403CD9014BF022003207047F8B50C46064601F080
S21403CDA0A1FD631C834202D900252846F8BD21460F
S21403CDB03046F6F707FA0746FFF7D4FF3B06054665
S21403CDC0F3D50444304601F08DFDA4B2631C9BB238
S21403CDD08342E9D821463046F6F7F4F90146384649
S21403CDE0FFF7CFFF2844C5B2DFE770B506460D460A
S21403CDF0FFF7D2FF044610B90024204670BD29462B
S21403CE003046F6F7DFF98206F7D5304601F06AFDBD
S21403CE102544ADB26B1C9BB28342EDD829463046FF
S21403CE20F6F7D0F900F01803082B14BF05340634C0
S21403CE30E4B2830644BF0834E4B2DEE738B50546F9
S21403CE40FFF707FF044608B9002038BD0146284609
S21403CE50FFF7CBFF0028F7D02044C0B2F5E72DE953
S21403CE60F04387B005460C46FDF79BFD804602F06F
S21403CE70E2F907462846FFF7ECFE06460146284633
S21403CE80FFF78AFF0022034600922946324602A88D
S21403CE9002F0D2FA9DF8086006F00C030C2B06F09D
S21403CEA003090BD0B9F1010F59D0F10657D49DF8F9
S21403CEB009300DF10A050020637107E0FF230DF129
S21403CEC00900637102F0B7F90DF10B05208198F89C
S21403CED00130DA0704D508F1020002F0ACF920812C
S21403CEE0B9F1010F5FFA89F83DD0F3063BD4284623
S21403CEF002F0A1F96080A81C02F09DF9053515F82B
S21403CF00013C208023712B78B006A37206F0400301
S21403CF1048BF43F02003390627D543F40073F804CB
S21403CF2048BF43F48063390548BF43F400633206C1
S21403CF30E38011D56A7812F003020DD06FEA4343FB
S21403CF406FEA5343A978B8F1020FE3800B4611D179
S21403CF50EB7841EA0321218107B0BDE8F083FF2384
S21403CF600DF10905A7E7FF23CCE77A0648BF43F48C
S21403CF708073D4E7012A04BF0B029BB22381EBE73D
S21403CF80F6F724BE0BB1F6F78DBE0AB9F6F706BF61
S21403CF90FF21F6F72FBE431C08BF0020DFF78CB92E
S21403CFA0034B5868C0F30800003818BF01207047C9
S21403CFB000ED00E0014B1868704700BF8067002053
S21403CFC0084B1B6F03F00703022B04D0032B05D07B
S21403CFD0012B05D0FEE7044B18687047034BFBE7AD
S21403CFE00348704700800050806700208867002051
S21403CFF0002D310108B5FFF7E3FF054B1B6FC3F3A5
S21403D00001330133B0FBF3F0024B186008BD00BFD9
S21403D010008000507C6700200048704700B4C404BA
S21403D02000487047002D3101014B1868704700BF58
S21403D03088670020174A9368C3F304430C2B0AD867
S21403D040DFE803F00B0909090909072119091B1D64
S21403D0501F001148704700207047936803F0407321
S21403D060B3F1807F11D0B3F1007F10D0002B0B48B3
S21403D07018BF002070470A4870470A4870470A4896
S21403D08070470A4870470A4870470A4870470A4874
S21403D090704700BF0040015A405DC60000093D00CE
S21403D0A0C0EA210180BA8C010048E801005A6202F6
S21403D0B00024F40080841E0040420F00014B1868D1
S21403D0C0704700BF8467002007B500F065FC6A461A
S21403D0D000F0C2FC18B14721034801F0CEFFDDE99A
S21403D0E0000103B05DF804FB00FC03000229F8B559
S21403D0F096BF104B00245C5C012805460E4608D0FC
S21403D100022809D008B944F002040B4B1F6837B94C
S21403D110F8BD44F00804F8E744F02004F5E77B681C
S21403D1201A68144203D0314628465B6898473F681E
S21403D130EDE700BF6A930400803C002038B5104D2D
S21403D1402B78ABB10F4C23781BB100F031FA0023D8
S21403D1502370002001F0A4FF0B4C50B100F07AFAC4
S21403D1600023012120782B70FFF7C0FF01232370D3
S21403D17038BD0122054B1A702278054B1A70F7E763
S21403D1806F5D00206D5D0020745D0020705D0020E3
S21403D190715D00200E490B78FF2B01D198B17047C3
S21403D1A00BB990B97047002814BF0122FF2213441D
S21403D1B00B7060B1074B1B78012B08D9064B1B7805
S21403D1C02BB9FFF7BBBF1A46F1E70122EFE770471B
S21403D1D0735D0020745D0020705D002010B501F0C3
S21403D1E04AFE064B04461B781BB1BDE8104001F00F
S21403D1F03DBEFFF7A3FF2046F7E700BF6C5D0020A8
S21403D20002282DE9F04147D029480378FF2B41D166
S21403D210002941D11A461344DBB2037000293BD0E0
S21403D220244E3278012A37D9002B3ED001F023FE54
S21403D230214F04463B780BB3204D2B781BB90122B4
S21403D2402A701F4A1370DFF87C8098F8003023B1E9
S21403D25000F0AEF9002388F80030204601F006FE01
S21403D260012001F01DFF01F006FE2B7804461BB1DA
S21403D27000F0F0F900232B7000233B70204601F0EA
S21403D280F5FD01243078A04206D02146FFF72EFF95
S21403D290347001E013B931B9BDE8F081002914BF39
S21403D2A00122FF22B7E70122B5E70224EAE700BF1F
S21403D2B0735D0020745D00206F5D00206C5D0020B0
S21403D2C0705D00206D5D00202DE9F04385B0EFF31F
S21403D2D0108572B6AFF3008001F0B7FF002800F0A8
S21403D2E09280624E624F337823B10020FFF752FFDD
S21403D2F000233370387878B903A900F01DFB044681
S21403D30050B95C4B039A1B689A4200F28480012052
S21403D310FFF740FF012333703B78002B40F09980E2
S21403D320554B1B78002B00F091804FF00208534CAE
S21403D330DFF868912078404507D099F8003013B994
S21403D3404146FFF7D3FE84F80080B8F1020F0FD1F1
S21403D350DFF8248198F8003053B9494B1B7823B97A
S21403D36000F020F90122474B1A70012388F8003099
S21403D370207800F0F7F899F8003013B1424B1B7889
S21403D3802370AFF30080284601F085FEEFF3108587
S21403D39072B63E4B1A7852B100221A703A4B207876
S21403D3A01B78984203D101212170FFF79FFE38486E
S21403D3B000F082FA01F05DFF8046002893D12E4FDD
S21403D3C03B789BB189F80000DFF8B89099F80030F5
S21403D3D01BB100F0EDF889F80080002001F060FE34
S21403D3E0002839D000F036F900233B70337823B198
S21403D3F00020FFF7CFFE0023337000212078FFF7CD
S21403D40075FE00232370AFF30080284605B0BDE801
S21403D410F04301F040BE1F4BD3F8008000F048F9FC
S21403D420039B80449845BFF472AF00F03BF982003B
S21403D430039942F0020292B2CDE900422346164A0D
S21403D440A1EB0801124801F02DFE65E700F09CF8F9
S21403D4506BE74FF001086AE7012000F083F82846DF
S21403D46001F019FEEFF3108572B6B6E76E5D002085
S21403D470735D0020883C00206F5D0020745D0020F3
S21403D480725D00206D5D0020715D00206A5D0020E6
S21403D4908C3C0020843C0020DDD10300705D00201E
S21403D4A010B501F0E8FC0022054B1C781A7001F059
S21403D4B0DDFC00F005FBE4B22043C0B210BD00BFA4
S21403D4C06B5D002038B501F0D6FC094B05461B788A
S21403D4D0012B04D801F0CAFC0024204638BD054BB6
S21403D4E01C6800F0E5F80444284601F0BFFCF4E7A6
S21403D4F0745D0020843C00201549164A0B6F10B556
S21403D50003F007031360144A144C9269032B02F0CA
S21403D5100200C2F34002227017D0D1F8203103F084
S21403D5200703022B11D0D1F8803203F001030C4A13
S21403D530137048B143B9064BD3F8003103F0030325
S21403D540591E4B424B41137010BD0123EFE700BF3A
S21403D55000800050E83C002000C00150795D0020A8
S21403D5607A5D0020012805D00238012808D800205B
S21403D570CCF78ABD034A136923F00403136130BF53
S21403D580704700BF00ED00E0044B054AD3F8203196
S21403D59003F007031360F7F713BF00BF00800050C4
S21403D5A0F03C00200122014B1A707047785D002082
S21403D5B0F8B51F4B1B78002B39D01E4C2378B3B914
S21403D5C01D4B9A6DD10302D5DA6D92072FD49B6D4E
S21403D5D0DB072CD401F0A9FD184B194A1860136F0A
S21403D5E023F0070343F003031367FFF703FD01F07C
S21403D5F09CFD124B134D1B68134EC01A2B78134F0A
S21403D60056F8232046F82300111A3A681048521A8F
S21403D6100A213A600932B2FBF1F20133DBB202604F
S21403D620B3FBF1F201FB12332B7000232370F8BD1A
S21403D6307A5D0020775D002000C00050E03C0020AB
S21403D64000800050765D0020B83C0020B43C0020EB
S21403D650B03C002008B5F7F7B4FE0D4A0D49136F2A
S21403D660096823F007030B4313670B49D2F82031ED
S21403D670096823F007030B43C2F82031074B1B78D6
S21403D68013B10122064B9A62BDE80840FFF7B2BC0D
S21403D69000800050E83C0020F03C00207A5D00202B
S21403D6A000E00050014B1878704700BF7A5D0020F9
S21403D6B0054B187818B1054B186800EBD000044BDF
S21403D6C01B681844704700BF7A5D0020B03C0020FA
S21403D6D0E43C002008B50D4B1A7892B100221A706C
S21403D6E00B4A136F23F0070343F001031367D2F8C3
S21403D6F0203123F0070343F00403C2F82031FFF779
S21403D70079FC0122034B5A6708BD00BF785D0020F1
S21403D7100080005000E000500D490B68A0B10022C5
S21403D720A3B1834203D1836822B90B6003E01A4690
S21403D7309B68F5E7936083680BB9002070475A69C6
S21403D74041690A445A61F8E722207047022070476D
S21403D750FC3C002010B501F004FD0A4C0A4B196886
S21403D7602368C31A09B9206010BD002BFBD04A6991
S21403D7709A423ABF9B1A0022D21A4A6128BF002354
S21403D7808968EFE7F83C0020FC3C002038B5154DCF
S21403D7902B682BB35B69B3B1134A022014681C448D
S21403D7A000F088FA204600F047FA00220F492B685B
S21403D7B00A70012A05D823B1D88880070AD5012321
S21403D7C00B70002038BD022000F074FA022000F02F
S21403D7D093FAEAE79B68002BF3D058690244E8E71C
S21403D7E02220EFE7FC3C0020F83C00207C5D002074
S21403D7F0C38870B504460D463BB9FFF763FE854202
S21403D800064602D2F8F758FF35460E4A6561136896
S21403D8109BB91460A3600FE02D1A986819466561DA
S21403D820034618B15869A842F6D941B18C60A36083
S21403D83013B15A69521B5A6170BD0021F2E7146096
S21403D840F5E700BFFC3C002070B516469DF8142093
S21403D850C0E903360271049ABDF81830026000224C
S21403D86004460D468260C38006BB01F07AFC28445A
S21403D870A0613DB9E368656113B120462168984706
S21403D88096B1354601F0F7FA0646FFF763FF2946D9
S21403D8902046FFF7ADFF074B1B68A34201D1FFF7F6
S21403D8A075FF304601F0E2FA002070BD01F059FC26
S21403D8B03044DDE7FC3C0020F8B50546D0B101F066
S21403D8C0DAFA0646FFF746FF0B4B28461F68FFF7B4
S21403D8D023FF044620B1304601F0C8FA2046F8BDBF
S21403D8E0AF42F8D1FFF752FF2228F4D1022000F00E
S21403D8F0EDF9F0E72224F1E7FC3C002038B50C46AE
S21403D9000546A8B1A1B100230B7001F0C1FA0121AD
S21403D910084B1B6833B901F0B6FA002038BD9D42A8
S21403D92004D121702278002AF9D0F4E79B68F1E746
S21403D9302220F3E7FC3C0020F8B506460F4601F02C
S21403D940A7FA00250446124B1B6823B9204601F0AC
S21403D9509AFA1B2011E05A691544DA88B2420DD1AF
S21403D96001F0FFFB0B4E3368C01AA8420AD300230C
S21403D97020463B6001F087FA0020F8BDFF2EEFD06B
S21403D9809B68E2E701F0EDFB33682B441B1AEFE7D5
S21403D990FC3C0020F83C002070B501F079FA0646FE
S21403D9A001F0DFFB084B044601201D6801F0C9FBAC
S21403D9B018B101F0D6FB04460135304601F063FA90
S21403D9C02046294670BD00BF043D0020014B186861
S21403D9D0704700BF003D0020F8B50C4B05461B689A
S21403D9E00E4683420FD3002440F2E7302146084B0D
S21403D9F04FF47A721F680023E5FB0701DCF73AFE53
S21403DA0030602046F8BD2120FCE700BFF43C002030
S21403DA10003D00200F4B10B51A689AB14FF47A7187
S21403DA20531E1342A0FB01010ED1B2FA82F2C2F1D9
S21403DA301F04531CD243E04001FA03F3184321FAB0
S21403DA4002F20243104610BD0023DCF713FE024623
S21403DA50F8E700BF003D002038B5164B1446834256
S21403DA60154B8B4123D3154B1A6802B34FF47A75C3
S21403DA70A0FB050305FB0131531E134211D1B2FA75
S21403DA8082F3C3F11F055A1CDB4301FA02F2E84096
S21403DA9021FA03F310431843E940C4E900010020C8
S21403DAA038BD0023DCF7E6FDC4E90001F7E72120D3
S21403DAB0F6E700BFEFA7C64B37894100003D0020BD
S21403DAC010B501F0E5F9034B1C7801F0DCF9E4B27C
S21403DAD0204610BD7B5D002008B5084B1B7803F07D
S21403DAE0FF004BB101F021FB054B1B689B69C01A75
S21403DAF002288CBF0020012008BD00BF7C5D0020EB
S21403DB00FC3C0020C2072DE9F843044607D5474AE4
S21403DB10136801331360FFF71DFEFFF737FEA307F5
S21403DB2040F1818001F0B4F94FF0000805464646FF
S21403DB30FFF710FE3E4F3C680CB16369A3B10022A9
S21403DB403C4B012E1A7003D118F0020F18BF1E703B
S21403DB50FFF71CFE222802D1022000F0B7F8284661
S21403DB60BDE8F84301F08FB923465A693AB91A79E2
S21403DB702179914288BF1C469B68002BF5D1284625
S21403DB8001F081F9D4F81080B8F1000F3FD001F00E
S21403DB90E8FAA269851AEB17454573F1000337DBEC
S21403DBA023691344A36101232269CAB1C3B9A38BB2
S21403DBB0B8EB050833B1E28B13449BB2B3F57A7F17
S21403DBC01CD2E38301F064F9054641462046FFF77D
S21403DBD00FFEA369226928461344A36101F053F993
S21403DBE0E36813B1204621689847B4F8068001F02D
S21403DBF04FF901360546FFF7ADFD9CE7A3F57A73AB
S21403DC00E383A36918F1FF38013BA361DAE74546CE
S21403DC1001F03EF981462046FFF77EFD484601F0B7
S21403DC2032F90023C0E7BDE8F88300BF043D0020B7
S21403DC30FC3C00207B5D002010B5044601F01BF978
S21403DC404FF0B042936A1907FCD4136A116C5269F9
S21403DC50120704D4CA1A032A01D899420ED1E21A2B
S21403DC60022A98BFDC1CB4F1FF3F38BF013C4FF0DB
S21403DC70B04308221C6403F580539A6101F0F6F85A
S21403DC80054A13783BB14FF0B041CB6B43F0020328
S21403DC90CB630023137010BD256D002007B5044B1E
S21403DCA001A9187901F08DF9019803B05DF804FB1A
S21403DCB0A891040000F001038207034A48BF43F01B
S21403DCC008039361704700BF00100058820700F0F6
S21403DCD001030AD50121064A43F0080311704FF0E9
S21403DCE0B041CA6B22F00302CA63024A93617047CB
S21403DCF0256D002000200058830742BF0822014BF1
S21403DD005A6170470010005873B502AB164603E914
S21403DD100600044600F052FF0546204600F05EFF6C
S21403DD209DF800208DB1202C33780ED8012B2ED8E9
S21403DD304FF6FF752D4803EB4313234430F81310B7
S21403DD40A94202D0013120F81310294B294E33F88B
S21403DD50141036F81400814232D34FF6FF75A942E9
S21403DD604FF0010502D0013123F8141004F0FD0131
S21403DD70092927D1998AB68A0A44B242B4BF9A823D
S21403DD809E8233F81430834227D202B070BD022B32
S21403DD90DBD14FF6FF704FF6FF75144B33F81410B4
S21403DDA0814218BF013104F1210018BF23F8141073
S21403DDB033F81010A9421CBF013123F81010C4E732
S21403DDC00025D0E71D2CDCD1598F8E18864203DA46
S21403DDD001390A445A87D4E75887002DD5D12046FF
S21403DDE002B0BDE8704001F0D7B900BF8C570020E1
S21403DDF0645800201058002038B50D46044601F03C
S21403DE0047F8064A13889BB22DB123431380BDE817
S21403DE10384001F038B823EA0403F7E7525C0020E1
S21403DE200022034B01214FF480701A70FFF7E4BF02
S21403DE30AA63002008B5054B1868FCF7C2FB00F080
S21403DE400300C31E5842584108BD00BF8454002037
S21403DE5038B5044601F03EFA0C4B05461978187996
S21403DE6081420FD0631E082B0CD8DFE803F0050DA4
S21403DE700B0D0B0D0D0D0D0000220146044B18680B
S21403DE80FCF79DFB284638BD0022F7E7536D0020BC
S21403DE908454002038B54FF0FF300C46FFF77BF86C
S21403DEA00A4B05461868FFF776F8641B241A20B257
S21403DEB010F1630F06DB10F1240F05DA64308000DF
S21403DEC0C0B238BD0020FCE7FF20FAE784540020E8
S21403DED008B5134B1B78062B04D040F621011148D6
S21403DEE001F0CBF8104B1B881B0704D440F6220125
S21403DEF00C4801F0C2F80D4B2A201978FFF7A8FF4B
S21403DF0000210820FFF778FF0222094B1A70094BFD
S21403DF101868E3F7C7FBBDE8084001F02AB900BF5D
S21403DF20AA6300200E8E0400525C0020A763002024
S21403DF30886D00208454002010B50E4C236823B946
S21403DF4040F6A3410C4801F098F82068013001F030
S21403DF5072F900F0070003280AD124680922012178
S21403DF60204600F0E3FB205C031F5842584110BDD7
S21403DF700020FCE7745400200E8E040038B50C46CF
S21403DF8040B100210420FFF737FF01F0F2F8012C1F
S21403DF901DD038BD244B1B889B07F6D50129234A81
S21403DFA02FD1117869B30139C9B2117011B9202084
S21403DFB0FFF722FF00210220FFF71EFF04221C4B5F
S21403DFC000211C481A7000F05DFD01F0D2F81A4CCF
S21403DFD02068013001F02FF900F44060B0F5006FBF
S21403DFE01FD1246801210422204600F09FFB204411
S21403DFF001F021F90146BDE838400022202001F057
S21403E000E3B800210D4D02201170FFF7F5FE2B78C3
S21403E010FF2B04D040F29961094801F02EF82C70CA
S21403E020B3E74FF6FF71E6E7525C0020A9630020D2
S21403E030AA630020886A002074540020896D00209B
S21403E0400E8E040038B5134C05462388580709D5A9
S21403E050FFF7F0FE01460720FFF7FAFEFF21012037
S21403E060FFF78CFF238899070BD50B4B28461978A7
S21403E0708A1F51425141FFF7EBFE01210020FFF7B3
S21403E0807DFF23881B0703D5BDE83840FFF720BF75
S21403E09038BD00BF525C0020AA630020F7B5124CBF
S21403E0A0D4E9006586EA020C85EA03070CEA000C4D
S21403E0B00F405CEA070E15D086EA0C067D40C4E9DD
S21403E0C00065CDE900230B46084902460868FBF7BE
S21403E0D03AFE38B14FF4FD71054803B0BDE8F04091
S21403E0E000F0CBBF03B0F0BD5016002084540020D0
S21403E0F00E8E040008B50A4B1B88DB0604D440F6D4
S21403E1004701084800F0B9FF00211020FFF774FE0E
S21403E110002000F06BFBBDE8084001F02AB800BF02
S21403E120525C00200E8E04002DE9F04F5706804601
S21403E13014461D4691B005D5FFF77CFE0146012027
S21403E140FFF786FEEE0403D500212D20FFF780FEA1
S21403E150A00224D54046FCF7E0FA0146F8B9402071
S21403E160FFF74AFE40460AA9FBF7B4FEB8B99DF886
S21403E1703030022B40F0D980BDF8280000F0B6FD01
S21403E180FF2808D14046FBF7A3FE40B901214020F3
S21403E190FFF732FE03E000F0C3FD0028F2D1A1032F
S21403E1A005D5FFF747FE01460320FFF751FEE201C0
S21403E1B004F0807640F1C080854B1B889B072DD5E5
S21403E1C0844E3068FBF71BFE40BB834B834F1870AF
S21403E1D03B78FF2B04D040F25761814800F04DFF97
S21403E1E04FF0000900210220FFF706FE87F8009093
S21403E1F07C4F3B78062B07D101210820FFF7FCFD57
S21403E20049462820FFF724FE3B78052B06D100213C
S21403E2102B20FFF71DFE3068E3F744FA00F0A9FF52
S21403E220220717D56B4F0321386805AAFBF701FEB3
S21403E230064620B940F2C961694800F01EFF9DF802
S21403E2401430072B00F0D080FFF7F4FD01460420BE
S21403E250FFF7FEFDE10505D5FFF7ECFD01460420BB
S21403E260FFF7F6FD14F4863F05D0FFF7E3FD0146FE
S21403E2700220FFF7EDFDA20113D5FFF7DBFD0146F4
S21403E2800820FFF7E5FD00210420FFF7B5FD554BF9
S21403E2901B78012B03D14F4B1868E3F703FA00F002
S21403E2A068FF14F0084F09D0FFF7C4FD01460720A6
S21403E2B0FFF7CEFDFF210120FFF760FEA30009D57F
S21403E2C0FFF7B8FD01460620FFF7C2FDFF21012038
S21403E2D0FFF754FEA70705D53D4B1B881E0701D540
S21403E2E0FFF7F6FD6C0603D500210A20FFF7B0FD05
S21403E2F0280602D50120FCF721FAE90540F18581BD
S21403E30040460AAA05A9FCF758F99DF81430222BB3
S21403E31000F06D8100F28281152B40F26A8140F68F
S21403E3200A112F4800F0A9FE6FE1032B7FF437AFE5
S21403E3300AA801F06AF830E705F0020756EA070371
S21403E3400DD0284B26201978A1F1060EDEF1000128
S21403E35041EB0E01FFF77CFD0121304611E004F08E
S21403E360805656EA07030FD01E4B26201978A1F1D4
S21403E370060CDCF1000141EB0C01FFF769FD0221FD
S21403E3803846FFF7FBFD4BE704F0884151EA0603E6
S21403E39009D0144B272019788F1F79427941FFF74C
S21403E3A057FD0221D9E705F008030B4302D02320CB
S21403E3B0FFF74EFD680703D500212420FFF748FD2D
S21403E3C0E9077FF52DAF00212520FFF741FD27E75D
S21403E3D0525C002084540020A9630020896D00202D
S21403E3E00E8E0400AA630020314638680AAAFBF79B
S21403E3F026FD20B14FF4DA619E4800F03EFEBDF8DC
S21403E4001630386802330AA9ADF82C30FBF719FD2D
S21403E41020B140F2DF61974800F02FFE00230093FF
S21403E42031460423386804AAFBF70DFD042804D0FC
S21403E43040F2E4618F4800F020FEDFF8589299F826
S21403E4400030C3BB0DF1110000F0F5FE00F007002D
S21403E450022830D1FFF7EEFC01460920FFF7F8FC4F
S21403E460854B1B78062B23D1844B9DF813201B78F2
S21403E4709A421DD19DF8353023B940F2FA617D48A2
S21403E48000F0FBFD0DF1110000F0D5FEC0F3001601
S21403E49031462920FFF7DCFC00210820FFF7ACFCFF
S21403E4A0774B1E70FFF748FD10B93868E3F7FAF8A4
S21403E4B000F05FFECEE6BDF816000121083080B2FC
S21403E4C000F068FA039030B9FFF7B4FC0146042065
S21403E4D0FFF7BEFCECE700F0E9F905AA014606469D
S21403E4E03868FBF7B8FC99F800A0BAF1000F22D100
S21403E4F006F1010B584600F09EFE83065AD538688F
S21403E500FCF70BF90746FFF795FC05370146F8B20B
S21403E510FFF79EFC584600F08EFE00F00700032827
S21403E520584F2DD001210420FFF766FC4FF0FF3033
S21403E530FBF7B0FC386000225349BDF81630097863
S21403E540F718F1549DF83630BB709DF83730FB70E2
S21403E5500A9B190E3971190C7971FB71190A99F80E
S21403E5600030B97123B9737892B343F02003737004
S21403E570002000F069F97870039800F071FA97E7C5
S21403E58001210922304600F0D1F8305C012104282D
S21403E590C9D1FFF731FC4FF0FF30FBF77BFC3B4B59
S21403E5A038601B885806C6D551464020FFF724FC22
S21403E5B00122C1E7FFF73EFC01460920FFF748FCAE
S21403E5C02D4B1B78012BB6D13868E3F76BF8B2E70F
S21403E5D023F02003CBE701227E33DBB202FA03F3F8
S21403E5E013F00A1F31D113F0011F3FF498AE272012
S21403E5F02CE0012202FA03F3254A1A402ABB13F041
S21403E600041FF4D1DA077FF58AAEAB052FD50121B7
S21403E610802011B0BDE8F04FFFF7EEBB652B1AD88C
S21403E620622B12D8452B0CD8422B0ED8352B06D886
S21403E630322B0AD8252B08D9322BD8D06FE6422B9B
S21403E640FBE7552B05D8522BF7D92620FFF7FAFC04
S21403E650DBE7622BF1E7952B3FF661AE812BBAD849
S21403E660722BC4D0733B022B3FF659AEEDE711B0C5
S21403E670BDE8F08F0E8E0400AA630020A663002078
S21403E680886D0020705400208A6D0020525C0020A4
S21403E6903A003800AD630020024B1878B0FA80F0D9
S21403E6A040097047AA63002008B5064B4FF0FF31B8
S21403E6B01868FBF7A8FF0028B8BF033040F38700AD
S21403E6C008BD00BF8454002008B5074B1868FBF745
S21403E6D0CFFA30B1054BB3FBF0F083B20BB118465B
S21403E6E008BD0120FCE700BF8454002040420F0011
S21403E6F038B510200C460121FFF77EFB064B1D683C
S21403E700FFF7E2FF012200FB04F1044B2846FBF768
S21403E7105FFF002038BD00BF84540020F5E00300EF
S21403E720014800F0AABC00BF288E0400032A70B577
S21403E730144602D82C4B985C70BD81F0010519B9BC
S21403E7400D2A07D1FF20F7E70D2A03D100780538F5
S21403E750C0B2F1E7084400F06EFDC5F1040110F401
S21403E76040660246C9B209D1042C0846E4D0052CFB
S21403E77016D112F0400F18BF0846DDE7C5F10603B1
S21403E780042CD8B2D8D0B6F5006F03D1C5F108056E
S21403E790E8B2ECE7B6F5406FE9D1C5F10E05F7E749
S21403E7A012F4404107D1062CC6D0072CC4D0082C3F
S21403E7B013D10130CCE755065CBF831CD8B2062CB8
S21403E7C0BAD0B1F5004F02D1831CD8B2EDE7B1F54C
S21403E7D0404FEAD100F10803F7E7130744BF0530BB
S21403E7E0C0B20C2CA8D9ADE794D90400AC2370B5FD
S21403E7F0094C054603FB00435E6D26B940F2FD3126
S21403E800064800F03AFCAC2303FB0544002363658B
S21403E8103346BDE87040184788540020658E0400D0
S21403E82010B40C461146AC22064B02FB0033586D5F
S21403E83020B95C655DF8044BFFF75ABF02205DF80C
S21403E840044B704788540020AC22034B02FB003372
S21403E85093F8A800704700BF8854002028B1034BE4
S21403E8601B68C01A4010013080B27047485500201C
S21403E87030B1044B00F100401B68013803EB400045
S21403E880704700BF48550020064B1B68834206D8D6
S21403E890054B1B68834294BF00200120704700206D
S21403E8A0704700BF485500204455002010B5044665
S21403E8B008B9002010BD00F01BFD20B940F2CD4181
S21403E8C0074800F0DAFB2046FFF7D2FF0028F0D017
S21403E8D00388DB0B14BFD0F80A000830EAE700BF52
S21403E8E03C8E040010B508B9002010BDFFF7C0FF2A
S21403E8F0044600F0F4FC20B94FF49D61064800F08E
S21403E900BCFB002CF0D02388DB0B0ABF6088208971
S21403E910C0F30C00E9E700BF3C8E040038B5FFF7F0
S21403E920A7FF0D46044650B100F0D9FC20B940F2CB
S21403E9304151034800F0A1FB023534F8150038BDF9
S21403E9403C8E040070B5FFF793FF0C46164605464B
S21403E950B0B100F0C4FC20B940F24D510C4800F0B1
S21403E9608CFB3046FFF784FF00F0B9FC20B940F279
S21403E9704E51074800F081FB023425F8146070BD41
S21403E98040F25251BDE87040014800F076BB00BF2C
S21403E9903C8E04002DE9F8430746884600F00FFC3A
S21403E9A020B940F28E512A4800F067FBFC1CA408ED
S21403E9B0284B64000434B7F5005F1E68A4B204D382
S21403E9C040F29551224800F058FB00F061FA2249C4
S21403E9D081460B687BB9214B1D68761BC6F34F0631
S21403E9E0B44227D90025484600F04DFA2846BDE82C
S21403E9F0F843FFF733BFB8F1000F11D0174A156875
S21403EA005A1BC2F34F029442ECD81448620005EB3B
S21403EA1044040460B8F1000F0FD113440B600CE0FC
S21403EA20F61AC6F34F0676B940F2A651084800F028
S21403EA3024FBD7E705EB44041C6000236F80AB8000
S21403EA40EB802B80CFE7B442CCD8044A1568DCE7CA
S21403EA503C8E04004C5500203455002044550020BD
S21403EA6038B5054600F014FA044629460448002241
S21403EA7000F04BFC2046BDE8384000F004BA00BF67
S21403EA80585C002082684B4B2DE9F0419A420446BD
S21403EA900E46056815D121B140F21311464800F021
S21403EAA0ECFA00F0F5F923691BB92B682BB924613E
S21403EAB02C60BDE8F04100F0E6B91A6922611C61DA
S21403EAC0F6E700F0D3FA8046FEF76AFA20B14FF471
S21403EAD09571394800F0D1FA6FF000439E422169E0
S21403EAE04BD22B7B08EB0602002B4DD0AB68934230
S21403EAF04AD1531C002949D06169994242D01EB9B4
S21403EB00521AB2F1004F3DD9636123696E689C4285
S21403EB1003D19D21284800F0B0FA2F460023B442C3
S21403EB200BD0002B41D172696169891AB1F1004F8C
S21403EB3032D83269374694422CD12269BD420CBF83
S21403EB406A603A617BB92669B44203D1B8211A4890
S21403EB5000F093FA3B46012E05D062697169521A9A
S21403EB60B2F1004F23D99D420BBF6B681A6923612C
S21403EB7022610CBF6C601C6104E0434431B16269DE
S21403EB809342C1D1BDE8F0811346B3E76A682261B8
S21403EB906C60B9E71646C6E7A8EB0202B2F1004F6F
S21403EBA0C7D93B4637463669B9E71F46F9E73346C2
S21403EBB03669D0E799310200508E04000823064ACE
S21403EBC012F8011B814205D0013B13F0FF03F7D176
S21403EBD0184670470120704745DA04000823064AA2
S21403EBE012F8011B814205D0013B13F0FF03F7D156
S21403EBF018467047012070473DDA040010B5082216
S21403EC0007490446DCF7EEFBB0FA80F04FF6FF73D5
S21403EC102289400940009A4208BF40F0010010BD17
S21403EC2056DA040030B504460D4685B002B9084AE4
S21403EC301068516801AB03C301AB03CB20602046C9
S21403EC40ADF80C501B886160238105B030BD00BF52
S21403EC50E4170400002270B50A4B1C780A4BD5B2A1
S21403EC60AC4202D800200C7008E01E8801328642AF
S21403EC7005D30D701B881B1A5842584170BD1233BA
S21403EC80EDE700BF27630020105A0020F8B5154BA8
S21403EC9004461D680E46E5B1134B1F78874218D904
S21403ECA000EB400305EBC30526B92B69DA0712D43C
S21403ECB02046F8BD08223146281DDCF793FB50B9E1
S21403ECC02B69DB07F4D40134E4B2A74205F1180537
S21403ECD0F0D1FF24ECE70134E4B2A74205F11805AE
S21403ECE0E2D1F6E7B0550020A86D00200A4B014696
S21403ECF01B6830B52BB1094A14780022D0B284427F
S21403ED0001D8FF2030BD5D888D4202D11D69ED0715
S21403ED10F8D401321833F1E7B0550020A86D00206F
S21403ED200F4A03461068D0B10E4A12789A4215D994
S21403ED3019B203EB430300EBC300036913F00100AE
S21403ED400DD0094A126832F8112002F4E2622AB999
S21403ED5013F00C0F14BF01200020704701207047EA
S21403ED60B0550020A86D0020AC550020094B1B6849
S21403ED706BB1094A1278824209D900EB4000C200FF
S21403ED8003EBC0000169C90701D5985C7047FF20F3
S21403ED90704700BFB0550020A86D00200C4A0346FC
S21403EDA0106890B10B4A12789A420DD903EB4303CD
S21403EDB000EBC300D0E9043213F001004FF000016A
S21403EDC004D018461146704700200146704700BF1E
S21403EDD0B0550020A86D002010B5164B187860B10A
S21403EDE0154C2368CBB14FF4707200201349FFF71C
S21403EDF017FD2368013B236010BDFFF755FC104940
S21403EE00104A91F90040136884420B4C03F1010346
S21403EE1013602368B8BF087053B90B4800F09DFA17
S21403EE200028E9D1BDE8104001460748FFF72ABE8F
S21403EE300822DAE709640020CC550020D9ED030048
S21403EE4004640020C4550020946C0020054B1B6806
S21403EE502BB9054B1868003818BF012070470120EE
S21403EE60704700BFBC550020B855002010B962B6E5
S21403EE70BFF36F8F7047EFF3108072B6704730237F
S21403EE8083F31188704780F31188BFF36F8F704741
S21403EE90EFF31180302383F3118870470020704707
S21403EEA04FF4004070474FF47A7070470122417860
S21403EEB003788A4030214B4341F2100103F1A0430B
S21403EEC003F570335A507047B0F5802F24D010D80E
S21403EED0B0F5003F22D006D828B3B0F5803F14BF64
S21403EEE0012048207047B0F5403F14BF01202C2076
S21403EEF07047B0F5302F13D008D8B0F5E02F11D0F7
S21403EF00B0F5202F14BF012010207047B0F57F0FF7
S21403EF1014BF0120062070474B2070472A207047F5
S21403EF20112070472120704708B570B100F022F811
S21403EF304FF098435A6CD202FCD5586D10F47020EB
S21403EF4004D0BDE80840FFF7BFBF212008BD08B5C1
S21403EF5028B128220021DBF7F9FE002008BD212076
S21403EF60FCE7036A042B9FBF00EB83020133D160E7
S21403EF7003627047036A052B14D84FF09842116C4E
S21403EF80C902FCD504339B0013650168103B11606E
S21403EF904168116050F8081F11604FF0984203440F
S21403EFA0984200D1704750F8041F1160F8E7836851
S21403EFB013B9816070475B685A68012AFBD15960B0
S21403EFC0704709B100F008B822207047012100F00D
S21403EFD046B8002100F043B870B506460D46FFF765
S21403EFE057FF04461D2E37D8DFE806F00F18361CE9
S21403EFF01E203622243636362628362A2C2E30363F
S21403F00036363634363636363632FDF7D9FF0026F0
S21403F01028602046FFF737FF304670BD0120CAF749
S21403F020CDFDF4E70320FAE70420F8E70C20F6E723
S21403F0300220F4E70620F2E70720F0E70820EEE7D1
S21403F0400520ECE70920EAE70A20E8E70D20E6E7D3
S21403F0501020E4E70B20E2E700202126D8E7002073
S21403F060704708B5FEF730F880B208BD08B5FEF75E
S21403F0702BF808BD704742DE704738B504460D4688
S21403F08000F008F8FFF7FBFE29462046BDE83840A7
S21403F090FFF7F1BF704710B962B6BFF36F8F7047C3
S21403F0A0012070472DE9FF410D4616461F460446CC
S21403F0B0A8B14FF00008C0F81C80FEF7FDFBBDF8B2
S21403F0C02C30424602939DF828302946CDE900733A
S21403F0D020463346FEF7B8FB04B0BDE8F081222095
S21403F0E0FAE7F0B51F46002387B00D4616460446DA
S21403F0F08DF81730A8B1C3610DF11701FEF7FEFBBB
S21403F1009DF817207AB9BDF83430294602939DF846
S21403F11030302046CDE900733346FEF795FB07B043
S21403F120F0BD2220FBE70320F9E738B5FFF7B0FE72
S21403F130054600F016F804462846FFF7A4FE2046C8
S21403F14038BD4FF0B04301285B6904D0022805D1CF
S21403F150C3F3C000704703F00100704700207047F8
S21403F16070474FF0B0439A6A1207FCD4186A704788
S21403F170704708B5FFF7FCFF00F01DF808BD10B593
S21403F180FFF779FE012104460846FEF739F82046C4
S21403F190BDE81040FFF76ABE10B5044600F012F84B
S21403F1A02046FAF7E3FC2046F7F7F4FDBDE81040E7
S21403F1B0F9F7ABB9704708B5FFF7FCFF08BD0120A8
S21403F1C0704770470020704730B589B00446ADF8E5
S21403F1D006108DF81020FFF7F1FC05462046FFF7D2
S21403F1E0FDFC03469DB1BDF80600ABB900F0BAF8C6
S21403F1F0FF2808BF00200DF10F038DF80F001A46F5
S21403F200204604990593FEF77FFD09B030BD00281C
S21403F210F5D00DF10603F2E700F0A4F8FF2808BFC7
S21403F2200020BDF806308DF80F00ADF81A308DF8C3
S21403F230180006ABE3E7008870470170090A4170BF
S21403F2407047012070470120704738B5DAF7BEFCD7
S21403F2500446CFF739FF051E18BF2546D0F706F834
S21403F260041E18BF2C46FFF7ECFF002818BF2046E5
S21403F27038BD38B5FEF714F90446F6F741FF0428FF
S21403F2801ED002284FF0000508BF0124F7F751FEF1
S21403F290042817D0022808BF0124F7F769FB0428BF
S21403F2A012D0022808BF0124FFF7CDFF04280DD093
S21403F2B0022808BF0124002D18BF0024204638BDAD
S21403F2C00125E3E70125E8E70125EDE70024F5E757
S21403F2D0FF20704708B5FFF7FBFF002008BD08B501
S21403F2E020B1FFF7D1FA00F0010008BD0120FAE7CC
S21403F2F008B5FFF7BDFABDE80840FFF7F0BF008882
S21403F30010B1C9B2FFF70ABB70472DE9F041B0F858
S21403F310008006460C46D5B2B8F1000F11D0294638
S21403F3204046FFF7FBFA2246074629464046FFF7C4
S21403F33009FB3A4629462046FFF704FB3480BDE81E
S21403F340F0810F46F5E703461B8808468B4202D03A
S21403F3500021FFF7E3BA002070470069003818BFA2
S21403F3600120704700207047F8B506460D46FFF7A4
S21403F37045FC0328044621D02846FFF73FFC032814
S21403F38007461BD010F0020318D1A0070DD5F907C6
S21403F39016D401233C43E20704D431892A899142D7
S21403F3A018BF002303F00100F8BD082229463046A3
S21403F3B0DCF718F8B0FA80F35B09EBE70020F3E715
S21403F3C01846F1E770B50D4600210646FFF797FF8E
S21403F3D0044630B1FFF76AFA01462846FFF7C4FF32
S21403F3E008B1204670BD21463046FFF7ACFFEFE775
S21403F3F007B50DF10701FFF72DFC20B19DF80700B7
S21403F40003B05DF804FBFF20FAE708B500F009F83F
S21403F410FF2804D0FFF7C2FCC0F3C00008BD0120DC
S21403F420FCE701460020FFF731BC08B5FFF75EFC9A
S21403F430FF3818BF012008BD2DE9F84307460846E4
S21403F440154688461C469DF82090FFF72FFA461966
S21403F450A4B19EB14046FFF745FA254485420FDC2A
S21403F4602246B9F1000F06D131463846DBF7C0FC19
S21403F4700020BDE8F88339463046F7E72120F8E751
S21403F4801D20F6E70000000000000000000000005A
S21403F4900000000000000000000000000000000064
S21403F4A0F8B500BFF8BC08BC9E467047F8B500BF69
S21403F4B0F8BC08BC9E4670475FF800F03D65002028
S21403F4C05FF800F0D96500204465766963652074AB
S21403F4D0797065206368616E67652064657465632B
S21403F4E07465643A202564202D3E2025640D0A00A9
S21403F4F050726573732064657465637465640D0A7E
S21403F500004D756C7469207072657373206465743E
S21403F51065637465643A2025640D0A0052656C655C
S21403F5206173652064657465637465640D0A004CD5
S21403F5306F6E672070726573732064657465637499
S21403F54065640D0A0072656C61795F737461727429
S21403F5505F6C61746368696E675F70756C73653A38
S21403F56020616E6F746865722070756C73652069B0
S21403F57073206163746976650D0A0072656C617940
S21403F5805F6F6E0D0A0072656C61795F6F66660D5C
S21403F5900A0072656C61795F746F67676C650D0A44
S21403F5A00057726974696E6720636F6E66696720B9
S21403F5B0746F206E763A2025730D0A0053697A65B8
S21403F5C03A2025640D0A004661696C656420746FF1
S21403F5D0207772697465204445564943455F434F17
S21403F5E04E4649475F4441544120746F204E562C83
S21403F5F0207374617475733A2025642E202862790B
S21403F6007465733A202564290D0A00737563636570
S21403F6107373210D0A004661696C656420746F205C
S21403F62072656164204E565F4954454D5F444556A6
S21403F6304943455F434F4E4649472C207573696ED1
S21403F640672064656661756C7420636F6E666967B0
S21403F65020696E73746561642C20737461747573AA
S21403F6603A2025642E202862797465733A2025642F
S21403F670290D0A005573696E6720636F6E666967A6
S21403F6803A2025642063686172732066726F6D0D7D
S21403F6900A25730D0A00703168347A7576683B471D
S21403F6A069726965722D342D67616E673B5341300D
S21403F6B0753B5243303B4943323B534133753B52D0
S21403F6C044313B4941363B534134753B5242303B10
S21403F6D04941353B534231753B5243313B494430F4
S21403F6E03B4D3B004E6574776F726B207374617489
S21403F6F07573206368616E67656420746F20256484
S21403F7000D0A004D616E75666163747572657220CD
S21403F710746F6F206269670D0A004D6F64656C2015
S21403F720746F6F206269670D0A00496E69746961B8
S21403F7306C697A696E67205A6967626565207769BE
S21403F74074682025642073776974636865732C2056
S21403F75025642072656C6179732C20256420636FA1
S21403F7607665722073776974636865732C202564E5
S21403F77020636F766572730D0A00436F6E66696762
S21403F7802070617273656420737563636573736653
S21403F790756C6C790D0A0072656164207665727308
S21403F7A0696F6E20666F726D206E6577206C6F636F
S21403F7B06174696F6E0D0A004661696C6564207436
S21403F7C06F207772697465206C6173745365656E18
S21403F7D056657273696F6E20746F204E562C2073B5
S21403F7E0743A2025640D0A004F6C642076657273A4
S21403F7F0696F6E3A2025640D0A0043757272656E52
S21403F800742076657273696F6E3A2025640D0A005C
S21403F810524553455420414C4C210D0A0068616CF7
S21403F8205F6770696F5F63616C6C6261636B3A20DC
S21403F83065787469206C696E6520256C6420737422
S21403F8406174757320256C750D0A0068616C5F67BB
S21403F85070696F5F63616C6C6261636B3A206E6F95
S21403F86020667265652045585449206C696E657339
S21403F8700D0A002F686F6D652F72756E6E65722F99
S21403F880776F726B2F747579612D7A696762656518
S21403F8902D7377697463682F747579612D7A696738
S21403F8A06265652D7377697463682F73696C61622B
S21403F8B0735F746F6F6C732F73696D706C696369B4
S21403F8C074795F73646B2F2E2E2F2E2E2F73726315
S21403F8D02F73696C6162732F68616C2F7A69676234
S21403F8E065652E630044726F7070696E67206F6C77
S21403F8F064204F544120696D6167652C20637572DF
S21403F90072656E74206F66667365743A20256C752F
S21403F9100A00556E6B6E6F776E20636F7665722086
S21403F920636F6D6D616E643A2025640D0A00556E33
S21403F9306B6E6F776E20636D642025640D0A00423C
S21403F9407574746F6E207072657373206465746566
S21403F950637465642C20627574206E6F2062757400
S21403F960746F6E20697320707265737365640D0A15
S21403F97000427574746F6E206C6F6E6720707265CC
S21403F98073732064657465637465642C2062757490
S21403F990206E6F20627574746F6E206973206C6FAF
S21403F9A06E6720707265737365640D0A004E6F2070
S21403F9B0636F7665722073776974636820636F6E0E
S21403F9C066696720696E204E562C207573696E67CC
S21403F9D02064656661756C74730D0A0041747472F5
S21403F9E06962757465206368616E6765642C20655B
S21403F9F0703A2025642C20636C75737465723A2004
S21403FA0025642C20617474723A2025640D0A00550F
S21403FA106E6B6E6F776E204C6576656C4374726C96
S21403FA2020636F6D6D616E643A2025640D0A005580
S21403FA306E6B6E6F776E204F6E4F666620636F6DCC
S21403FA406D616E643A2025640D0A00496E6465781C
S21403FA5020617420777269746520617474723A2029
S21403FA6025640D0A004E6F207377697463682063FC
S21403FA706F6E66696720696E204E562C2075736913
S21403FA806E672064656661756C74730D0A00496E53
S21403FA9076616C69642072656C61795F696E646512
S21403FAA07820256420696E204E562C207265736577
S21403FAB07474696E6720746F2064656661756C7410
S21403FAC00D0A003E2000556E6B6E6F776E206572D2
S21403FAD0726F7200496E7075742062756666657221
S21403FAE02069732046554C4C004D6178696D756DE1
S21403FAF0206E756D626572206F6620617267756D24
S21403FB00656E747320657863656564656400546820
S21403FB106520617267756D656E74206973206E6FFC
S21403FB207420666F726D617474656420636F72729D
S21403FB306563746C7900496E636F727265637420D3
S21403FB40617267756D656E74207479706500496EB1
S21403FB50636F7272656374206E756D626572206F73
S21403FB606620617267756D656E7473004E6F2063F1
S21403FB706F6D6D616E6420666F756E640075696E79
S21403FB807438006164646974696F6E616C002A007E
S21403FB90756E6B6E6F776E0077696C646361726403
S21403FBA0006865786F707400737472696E676F703F
S21403FBB0740075696E7433326F70740075696E7491
S21403FBC031366F70740075696E74386F70740068C0
S21403FBD0657800737472696E670075696E74313682
S21403FBE00075696E743332002E2E2E200068656C05
S21403FBF070000A25730A25732573002573200800F1
S21403FC002F686F6D652F72756E6E65722F776F72C4
S21403FC106B2F747579612D7A69676265652D7377C5
S21403FC20697463682F747579612D7A69676265658F
S21403FC302D7377697463682F73696C6162735F747D
S21403FC406F6F6C732F73696D706C69636974795F1A
S21403FC5073646B2F706C6174666F726D2F7365724D
S21403FC60766963652F6C65676163795F68616C2F7E
S21403FC707372632F626173652D7265706C61636561
S21403FC806D656E742E63002F686F6D652F72756ECB
S21403FC906E65722F776F726B2F747579612D7A6923
S21403FCA0676265652D7377697463682F7475796108
S21403FCB02D7A69676265652D7377697463682F7338
S21403FCC0696C6162735F746F6F6C732F73696D70A9
S21403FCD06C69636974795F73646B2F706C617466A7
S21403FCE06F726D2F736572766963652F746F6B65BC
S21403FCF06E5F6D616E616765722F6C6567616379B0
S21403FD002F7372632F736C5F746F6B656E5F6D61B9
S21403FD106E616765722E63002F686F6D652F72754F
S21403FD206E6E65722F776F726B2F747579612D7A8D
S21403FD3069676265652D7377697463682F7475796F
S21403FD40612D7A69676265652D7377697463682FB9
S21403FD5073696C6162735F746F6F6C732F73696D15
S21403FD60706C69636974795F73646B2F706C61740C
S21403FD70666F726D2F736572766963652F746F6B2A
S21403FD80656E5F6D616E616765722F6C6567616333
S21403FD90792F7372632F736C5F746F6B656E5F6D11
S21403FDA0616E75666163747572696E672E63004370
S21403FDB0757272656E7420436F6E6669673A2025A6
S21403FDC030780053657420434341206D6F6465208B
S21403FDD0746F2025643A2025307800656E61626C66
S21403FDE065640064697361626C6564006F7574288A
S21403FDF0636C69656E742900696E20287365727674
S21403FE00657229004D464720537472696E673A201F
S21403FE102573004170704275696C646572204D46A7
S21403FE204720436F64653A20307825303458006E97
S21403FE306F6465205B004164646974696F6E616C0E
S21403FE4020696E746572666163657300202025649D
S21403FE503A200070616765205B25645D20636861F6
S21403FE606E205B25645D20707772205B25645D00E1
S21403FE706E6F7420616374697665006572726F7263
S21403FE80203078253038580070616E4944205B3046
S21403FE9078253034585D206E6F64654944205B30A6
S21403FEA078253034585D20007870616E205B30789A
S21403FEB000706172656E744944205B307825303477
S21403FEC0585D20706172656E7452737369205B258A
S21403FED0645D006E6F646554797065205B005365DE
S21403FEE0637572697479206C6576656C205B253062
S21403FEF032585D006E6574776F726B20737461742D
S21403FF0065205B253032585D200042756666657253
S21403FF102062797465733A202564202F20256400B7
S21403FF20457020636E743A2025640065702025644E
S21403FF30205B656E64706F696E742025732C206475
S21403FF4065766963652025735D20006E776B205B9D
S21403FF5025645D2070726F66696C65205B3078255A
S21403FF603034585D206465764964205B30782530EC
S21403FF7034585D20766572205B3078253032585DC4
S21403FF800020202020257320636C75737465723AF5
S21403FF902030782530345820004E776B20636E74FB
S21403FFA03A202564006E776B202564205B25735DFD
S21403FFB0005072696D617279202870726F29002073
S21403FFC0206E6F646554797065205B307825303217
S21403FFD0585D002020736563757269747950726F7B
S21403FFE066696C65205B3078253032585D00455075
S21403FFF02025643A20257320004572726F723A20DA
S21404000020556E6B6E6F776E20656E64706F696ECA
S214040010742E00456E61626C65206576656E74208C
S214040020646562756720696E666F20696E20436F2B
S214040030726520434C4920636F6D706F6E656E74F5
S214040040006F6E6C7920636F6F7264696E61746F93
S21404005072732063616E20666F726D0A006A6F6940
S2140400606E203078253038580A006C656176650055
S2140400702573203078253032580A0072656A6F6915
S2140400806E4469666644657669636554797065008E
S2140400906578742E2050414E2049443A20004E572D
S2140400A04B206F70656E3A20257520736563004E8D
S2140400B0574B20636C6F7365640066696E64206AD0
S2140400C06F696E61626C653A20307825303258006C
S2140400D066696E6420756E757365643A203078259B
S2140400E0303258004368616E67696E6720746F200B
S2140400F06368616E6E656C2025643A20307825301E
S214040100325800696E76616C6964206E6574776F28
S214040110726B20696E6465780053686F7274204948
S214040120443A203078253034582C20455549363406
S2140401303A20002C2050616E2049443A203078251D
S2140401403034580053746172746564206D756C7431
S214040150692D70687920696E7465726661636500DE
S2140401604661696C656420746F20257320257320AE
S214040170307825303258005465726D696E61746546
S2140401806420257320307825303258004B6565701E
S21404019020616C69766520737570706F7274206563
S2140401A06E61626C65642E006661696C65642074B9
S2140401B06F20736574206B65657020616C69766565
S2140401C0206D6F64652E007375636365737366755F
S2140401D06C6C792073657420746865206368696C38
S2140401E0642074696D656F7574206F7074696F6EC2
S2140401F0206D61736B2E006661696C656420746F94
S2140402002073657420746865206368696C64207460
S214040210696D656F7574206F7074696F6E206D619B
S214040220736B2E00646973636F766572004D617438
S2140402306368202573792066726F6D2030782530C8
S21404024034582C206570202564004E574B2041649A
S214040250647265737320726573706F6E73653A208B
S2140402603078253034580049454545204164647249
S21404027065737320726573706F6E73653A200053EE
S2140402806572766963652025737920646F6E652EC2
S21404029000232020747970652020206E776B202040
S2140402A06C6F6320202072656D202020636C75734C
S2140402B02020206E6F64652020206575690020204C
S2140402C025642020202030782530345820203078AB
S2140402D0253034582020307825303458203078257E
S2140402E03034582000736C5F7A69676265655F67AF
S2140402F065745F62696E64696E67204572726F72B8
S2140403003A203078253038580A002564206F662055
S21404031025642062696E64696E677320757365640C
S21404032000656E61626C6564207072696E74006448
S214040330697361626C6564207072696E74006164CE
S21404034064206C696E6B206B6579004552523A20C6
S21404035043616C63756C6174656420435243206426
S2140403606F6573206E6F74206D6174636800455208
S214040370523A20496E7374616C6C20436F64652036
S2140403806D75737420626520382C2031302C203132
S214040390342C206F7220313820627974657320699A
S2140403A06E206C656E677468004552523A2041456B
S2140403B0532D4D4D4F2068617368206661696C65E6
S2140403C0643A2030782530325800536574206A6FBA
S2140403D0696E696E67206C696E6B206B6579007355
S2140403E065742062696E642025643A20307825306E
S2140403F0327800454D50545900554E494341004DFE
S214040400324F4E45004D554C5449003F2020202085
S21404041000496E6465782049454545204164647208
S2140404206573732020202020202020204E574B491F
S2140404306E6465782020496E2046432020202020C4
S21404044054544C28732920466C6167202020204B86
S21404045065792020202000256420202020200020EC
S214040460202564202020202020200020202530382D
S2140404705820200020307825303458202000496E3B
S2140404806465782049454545204164647265737304
S214040490202020202020202020496E204643202093
S2140404A02020205479706520204175746820204BE4
S2140404B06579002D20202020200025632020202080
S2140404C020256320202020200069657300574152B0
S2140404D04E494E473A202052454144494E47204F04
S2140404E046204B45592056414C55455320444953C4
S2140404F041424C4544204259204D464720544F4BD8
S214040500454E004E574B204B6579002573206F757A
S214040510742046433A2025303858002573207365E6
S21404052071206E756D3A2030782530325800257368
S214040530206F75742046433A20253038780054439B
S21404054020257320002573205461626C65002564A1
S2140405502F256420656E74726965732075736564EF
S2140405602E005472616E7369656E74204B65790053
S214040570256420656E7472257320636F6E73756DC3
S214040580696E67202564207061636B6574206275EC
S2140405906666657225732E0057494C4C0057494CC5
S2140405A04C204E4F540054727573742043656E7419
S2140405B0657220257320616C6C6F77207472757376
S2140405C0742063656E7465722072656A6F696E73F3
S2140405D0207573696E672077656C6C2D6B6E6F770C
S2140405E06E206B65792E005365742074696D656F93
S2140405F0757420666F722054727573742043656E2A
S2140406007465722072656A6F696E73207573696E9D
S214040610672077656C6C2D6B6E6F776E206C696ED9
S2140406206B206B657920746F202564207365636F77
S2140406306E64732E004552524F523A20002573734F
S2140406407461636B206D75737420626520646F77C4
S2140406506E2E0052656164696E6720416C6C6F771C
S21404066065640048617368696E67206F6E6C790014
S214040670736C5F7A69676265655F6B65795F7365DE
S2140406807474696E67735F743A2030782530345812
S2140406900020205065726D697373696F6E733A201B
S2140406A02573004572726F723A204661696C656400
S2140406B020746F2067657420636F6E6669672C20EC
S2140406C07374617475733A20307825303858004650
S2140406D061696C65643A20307825303858004D736B
S2140406E0673A20636C7573203078253034582C2094
S2140406F0636D64203078253032582C206C656E206B
S2140407002564006275666665723A2000454D42456A
S214040710525F00257353454355524954595F4C451F
S21404072056454C3A2025303258002573657261735D
S21404073065206B65792025643A2030782530385852
S21404074000636D64206E6F74206275696C74007348
S214040750726320657020253032782C20636C7573A4
S21404076020253034780073656E64696E6720746F74
S214040770206D756C7469636173742062696E6400BD
S21404078025733A2065703A2025642C20636C3A2041
S2140407903078253034582C20617474723A203078BE
S2140407A025303458002C207376723A2025630025B1
S2140407B0733A20726561643A2030782530327800C6
S2140407C02C207376723A2025632C20647479706525
S2140407D03A2030782530325800417267756D656E60
S2140407E07420617420696E6465783A2025642069F3
S2140407F073206F7574206F662072616E67650043A0
S2140408006F6D6D616E6420616C72656164792062DF
S21404081075696C742E202043616E6E6F7420736548
S21404082074204D4647207370656369666963206368
S2140408306F646520666F7220636F6D6D616E642EE3
S214040840004D464720436F64652053657420666FE9
S21404085072206E65787420636F6D6D616E643A20E5
S21404086030782530345800557365204E65787420EA
S21404087053657175656E63652053657420666F7283
S214040880206E65787420636F6D6D616E643A2030F7
S21404089078253032580044697361626C652044657B
S2140408A06661756C7420526573706F6E7365205341
S2140408B0657420666F72206E65787420636F6D6D44
S2140408C0616E643A20307825303258004552523AE8
S2140408D02072656164696E672061747472696275FA
S2140408E074652025303278004552523A206174747B
S2140408F07269627574652073697A6520256420744C
S2140409006F6F206C6172676520666F722062756611
S214040910666572004572726F723A20617474726909
S2140409206275746520494420307825303458207226
S21404093065706F727461626C65206368616E67656A
S2140409402069732073697A65202564422C206275B9
S214040950742025644220656E74657265640A006EB0
S2140409606F20636D64004572726F723A20434C497F
S2140409702053656E64206661696C65642C2073740C
S214040980617475733A203078253038580045727291
S2140409906F723A2020455549363420617267756D6A
S2140409A0656E7420697320656D70747920616E6459
S2140409B0206C6F6F6B7570206279206E6F64652093
S2140409C04944206661696C65642E0047726F7570D1
S2140409D000556E696361737400556E62696E6420B7
S2140409E0257320257330782530325800526571758A
S2140409F06573743A20005A444F2073696D706C65B1
S214040A002064657363207265712025303278005A3D
S214040A10444F206E6F64652064657363207265714D
S214040A202025303278005A444F206D617463682064
S214040A3064657363207265712025303258005573DF
S214040A40696E67206D79206C6F63616C204555492B
S214040A50363420666F7220646573742045554936B3
S214040A603420696E2062696E64696E67005A444F6A
S214040A702062696E642072657120253032780063C6
S214040A806C7573746572206C696D69742072656127
S214040A906368656400696E76616C6964207061677A
S214040AA0653A202564206F72206368616E6E656CFB
S214040AB03A202564004368616E6765206368616E4A
S214040AC06E656C207374617475733A2030782530C3
S214040AD03278006475726174696F6E206D75737414
S214040AE020626520696E2072616E67652030202D55
S214040AF0203500636F756E74206D7573742062659F
S214040B0020696E2072616E67652031202D203800C2
S214040B107363616E20737461747573203078253046
S214040B203258006E6574776F726B207570646174EA
S214040B30652073657420737461747573203078252A
S214040B4030325800416374697665204550207265DA
S214040B507175657374207374617475733A20307894
S214040B6025303258004C5149205461626C6520721D
S214040B706571756573743A203078253032580042B2
S214040B80696E64696E67205461626C652072657173
S214040B90756573743A20307825303258004C656198
S214040BA0766520257330782530325800506F776587
S214040BB0722044657363726970746F722025733093
S214040BC07825303258005573696E67206D79206C2D
S214040BD06F63616C20455549363420666F72206415
S214040BE065737420455549363420696E20756E62E7
S214040BF0696E64696E6700526F757465205461622D
S214040C006C65202573307825303258002F686F6D58
S214040C10652F72756E6E65722F776F726B2F747593
S214040C2079612D7A69676265652D7377697463687F
S214040C302F747579612D7A69676265652D73776996
S214040C407463682F73696C6162735F746F6F6C731F
S214040C502F73696D706C69636974795F73646B2F45
S214040C6070726F746F636F6C2F7A69676265652F35
S214040C706170702F6672616D65776F726B2F636F2C
S214040C806D6D6F6E2F736C5F7A69676265655F73EF
S214040C90797374656D5F636F6D6D6F6E2E6300455B
S214040CA07874656E64656420526573657420696E35
S214040CB0666F3A203078253034582028257329006A
S214040CC02F686F6D652F72756E6E65722F776F72F3
S214040CD06B2F747579612D7A69676265652D7377F4
S214040CE0697463682F747579612D7A6967626565BE
S214040CF02D7377697463682F73696C6162735F74AC
S214040D006F6F6C732F73696D706C69636974795F48
S214040D1073646B2F70726F746F636F6C2F7A69676E
S214040D206265652F6170702F6672616D65776F728C
S214040D306B2F636F6D6D6F6E2F7A69676265655F83
S214040D406170705F6672616D65776F726B5F736CEE
S214040D506565702E630053746179206177616B65F5
S214040D60207768656E206E6F74206A6F696E65649E
S214040D703A20257300466F72636564207374617944
S214040D80206177616B653A202020202020202020D7
S214040D9020257300466F7263696E67206465766902
S214040DA0636520746F2073746179206177616B6565
S214040DB000416C6C6F77696E67206465766963655D
S214040DC020746F20676F20746F20736C65657000E5
S214040DD02F686F6D652F72756E6E65722F776F72E2
S214040DE06B2F747579612D7A69676265652D7377E3
S214040DF0697463682F747579612D7A6967626565AD
S214040E002D7377697463682F73696C6162735F749A
S214040E106F6F6C732F73696D706C69636974795F37
S214040E2073646B2F70726F746F636F6C2F7A69675D
S214040E306265652F6170702F6672616D65776F727B
S214040E406B2F636F6D6D6F6E2F7A69676265655F72
S214040E50737461636B5F736C6565702E63005258C0
S214040E603A205265736574546F466163746F727981
S214040E7044656661756C747343616C6C6261636B24
S214040E8000657A737020636F756E7465727320667E
S214040E9061696C656420257500657A7370205265F7
S214040EA0736574205468726573686F6C6420657229
S214040EB0726F7220257500657A73702053657420EE
S214040EC05468726573686F6C64206572726F722002
S214040ED02575002575292025733A20257500536548
S214040EE07474696E67205468726573686F6C6420E6
S214040EF0636F6D6D616E64003F3F3F004D6163201C
S214040F005278204263617374004D616320547820E4
S214040F104263617374004D616320527820556361A7
S214040F207374004D616320547820556361737400B4
S214040F304D61632054782055636173742052657440
S214040F407279004D61632054782055636173742070
S214040F504661696C004150532052782042636173A5
S214040F6074004150532054782042636173740041E6
S214040F7050532052782055636173740041505320B7
S214040F805478205563617374205375636365737373
S214040F900041505320547820556361737420526581
S214040FA074727900415053205478205563617374E9
S214040FB0204661696C00526F7574652044697363DA
S214040FC020496E69746961746564004E6569676872
S214040FD0626F72204164646564004E656967686286
S214040FE06F722052656D6F766564004E656967683A
S214040FF0626F72205374616C65004A6F696E204993
S2140410006E6469636174696F6E004368696C64201A
S2140410104D6F76656400415348204F766572666C62
S2140410206F7700415348204672616D6520457272A1
S2140410306F7200415348204F76657272756E204574
S21404104072726F72004E574B204643204661696C9D
S21404105075726500415053204643204661696C759D
S21404106072650041534820584F666600415053202D
S214041070556E617574686F72697A6564204B65791C
S214041080004E574B2044656372797074204661693C
S2140410906C757265730041505320446563727970B1
S2140410A074204661696C75726573005061636B6584
S2140410B0742042756666657220416C6C6F63617459
S2140410C065204661696C757265730052656C61795A
S2140410D065642055636173740050687920746F20CA
S2140410E04D4143207175657565206C696D69742082
S2140410F072656163686564005061636B657420564D
S214041100616C69646174652064726F7020636F75C6
S2140411106E74004E574B207265747279206F766534
S21404112072666C6F7700434341204661696C757242
S21404113065730042726F61646361737420746162E4
S2140411406C652066756C6C00505441204C6F2050C2
S21404115072692052657100505441204869205072CB
S214041160692052657100505441204C6F20507269BA
S2140411702044656E696564005054412048692050D7
S21404118072692044656E69656400505441204C6F52
S2140411902050726920547820416272740050544181
S2140411A02048692050726920547820416272740085
S2140411B04164647265737320436F6E666C6963740E
S2140411C02053656E740043534C2052782073636832
S2140411D06564756C65206661696C6564000D004421
S2140411E065627567207072696E742067726F7570B9
S2140411F02025730A0057726F6E6720706172616DE6
S214041200657465720A0046696E6420616E642042E5
S214041210696E6420496E69746961746F723A20431A
S2140412206F6D706C6574653A2030782530325800DE
S2140412305374617274207461726765740046696ED3
S2140412406420616E642042696E642054617267652E
S214041250740025733A2025733A20307825303258A6
S21404126000467261676D656E746174696F6E2052B4
S214041270582077696E646F772073697A6520736582
S2140412807420746F202564002F686F6D652F727547
S2140412906E6E65722F776F726B2F747579612D7A07
S2140412A069676265652D7377697463682F747579E9
S2140412B0612D7A69676265652D7377697463682F33
S2140412C073696C6162735F746F6F6C732F73696D8F
S2140412D0706C69636974795F73646B2F70726F7472
S2140412E06F636F6C2F7A69676265652F6170702F04
S2140412F06672616D65776F726B2F706C7567696E59
S2140413002F667261676D656E746174696F6E2F66A1
S2140413107261676D656E746174696F6E2E630052D8
S214041320583A2041646447726F7570526573706FE3
S2140413306E7365203078253032582C20307825306E
S21404134034580052583A205669657747726F75705C
S214041350526573706F6E7365203078253032582C62
S214041360203078253034582C20220052583A204712
S214041370657447726F75704D656D626572736869E2
S21404138070526573706F6E736520307825303258EE
S2140413902C203078253032582C00205B30782530CD
S2140413A034585D0052583A2052656D6F7665477220
S2140413B06F7570526573706F6E7365203078253064
S2140413C032582C203078253034580065705B253030
S2140413D032585D2069645B253034585D00436C6583
S2140413E06172696E6720616C6C2067726F757073CA
S2140413F02E004552523A204661696C656420746F2B
S214041400206372656174652062696E64696E672024
S2140414102830782530325829004552523A204269FD
S2140414206E64696E67207461626C652069732066F9
S214041430756C6C004552523A2077726974696E670F
S214041440206E616D6520737570706F727420253020
S21404145032580052583A2041646447726F757020BF
S2140414603078253034582C20220075760052583AAD
S214041470205669657747726F75702030782530344A
S214041480580075767300766965775F67726F757056
S2140414900047726F7570733A206661696C656420E4
S2140414A0746F2073656E6420257320726573706F85
S2140414B06E73653A20307825303258006765745F5D
S2140414C067726F75705F6D656D626572736869705B
S2140414D020726573706F6E73650064656661756C03
S2140414E0745F726573706F6E73650052583A204766
S2140414F0657447726F75704D656D62657273686961
S21404150070203078253032582C007575620047728A
S2140415106F7570733A206661696C656420746F2019
S21404152073656E642025733A20307825303258006F
S21404153052583A2052656D6F766547726F75702003
S214041540307825303458004552523A204661696C4A
S214041550656420746F2064656C6574652062696ECA
S21404156064696E6720283078253032582900726501
S2140415706D6F76655F67726F75700052583A2052C9
S214041580656D6F7665416C6C47726F75707300524B
S214041590583A2041646447726F75704966496465B9
S2140415A06E74696679696E67203078253034582CF5
S2140415B0202200616464004368616E6E656C206E70
S2140415C06F742076616C69643A20256400507269F1
S2140415D06D617279002573206D61736B206E6F7771
S2140415E020307825303858005365636F6E64617216
S2140415F079004D61736B206E6F742076616C69643C
S2140416003A202564007072696D61727900736563AF
S2140416106F6E646172790025733A205365742025D1
S21404162073206D61736B20746F20307825303858C2
S214041630005374617475730025733A2025733A0059
S2140416404368616E6E656C206D61736B3A00202092
S214041650202028312920307825303858205B002077
S21404166020202028322920307825303858205B0066
S21404167053746174653A2030782530325820282512
S21404168073290043757272656E74206368616E6EAA
S214041690656C3A20256400546F74616C2062656141
S2140416A0636F6E733A202564004A6F696E20617416
S2140416B074656D7074733A202564004E6574776F94
S2140416C0726B2073746174653A2030782530325812
S2140416D00053746F700025732053746F702E20208F
S2140416E0436C65616E696E672075702E0042726F7A
S2140416F0616463617374696E67207065726D697482
S214041700206A6F696E0054727573742063656E7414
S2140417106572206C696E6B206B65792075706461E8
S2140417207465207374617475730025733A20574189
S214041730524E494E473A20736C5F7A696762656514
S2140417405F7365745F696E697469616C5F73656302
S21404175075726974795F7374617465206661696C07
S21404176065642E20436F6E74696E75696E672077A4
S2140417706974686F757420696E7374616C6C206329
S2140417806F64652E004572726F723A20696E7374C8
S214041790616C6C20636F6465207365747570206675
S2140417A061696C65642E20497320616E20696E73CE
S2140417B074616C6C20636F646520666C6173686525
S2140417C064206F6E746F2074686520646576696340
S2140417D0653F00D0D1D2D3D4D5D6D7D8D9DADBDC7E
S2140417E0DDDEDF00FFFFFFFFFFFFFFFF005A696734
S2140417F0426565416C6C69616E63653039002573BA
S2140418003A2069737375696E67207363616E206F1F
S2140418106E202573206368616E6E656C7320286D78
S21404182061736B2030782530385829002573206979
S2140418307320616C726561647920696E2070726FC2
S2140418406772657373005374617274004578616DD2
S214041850696E696E6720626561636F6E206F6E20C5
S2140418606368616E6E656C202564207769746820F1
S21404187070616E49642030782530345800546869A5
S2140418807320626561636F6E206973206E6F7420C7
S21404189070617274206F6620746865206375727256
S2140418A0656E74206368616E6E656C206D61736B23
S2140418B02028307825303858292E204765747469D6
S2140418C06E67206E65787420626561636F6E20773C
S2140418D0686F7365206368616E6E656C20626974F8
S2140418E06D61736B206973207365742E0045727284
S2140418F06F723A20257320636F756C64206E6F7464
S21404190020617474656D7074206A6F696E3A203055
S2140419107825303258004E6F20626561636F6E73AF
S214041920206C656674206F6E2063757272656E74C3
S214041930206D61736B2E204D6F76696E6720746F11
S214041940206E657874207374617465002573206A4C
S2140419506F696E696E6720307825303458206F6E54
S214041960206368616E6E656C2025640025732053C1
S214041970746174653A202573004572726F723A205A
S214041980257320636F756C64206E6F7420736574A2
S21404199075702073656375726974793A203078259A
S2140419A0303258004572726F723A205363616E206B
S2140419B0636F6D706C6574652068616E646C6572C7
S2140419C02072657475726E656420307825303258DE
S2140419D0002573207363616E20636F6D706C65748D
S2140419E0652E20426561636F6E732068656172645C
S2140419F03A20256400257320737461636B20737426
S214041A006174757320307825303258002573206E43
S214041A106574776F726B206A6F696E65642E002535
S214041A207320747279696E67206E657874206E65AB
S214041A3074776F726B2E004E6F6E65005363616E23
S214041A40205072696D617279204368616E6E656CB0
S214041A507320616E642075736520436F6E666967D4
S214041A6075726564204B6579005363616E2050720D
S214041A70696D617279204368616E6E656C7320616E
S214041A806E642075736520496E7374616C6C2043B4
S214041A906F6465005363616E205072696D6172797C
S214041AA0204368616E6E656C7320616E64205573A6
S214041AB0652043656E7472616C697A6564204B6553
S214041AC079005363616E205072696D6172792043A8
S214041AD068616E6E656C7320616E64205573652054
S214041AE04469737472696275746564204B65790021
S214041AF05363616E205365636F6E6461727920432D
S214041B0068616E6E656C7320616E64207573652003
S214041B10436F6E66696775726564204B657900531A
S214041B2063616E205365636F6E64617279204368E7
S214041B30616E6E656C7320616E64207573652049F2
S214041B406E7374616C6C20436F6465005363616EDE
S214041B50205365636F6E64617279204368616E6EAC
S214041B60656C7320616E64205573652043656E74DE
S214041B7072616C697A6564204B6579005363616EA3
S214041B80205365636F6E64617279204368616E6E7C
S214041B90656C7320616E64205573652044697374A4
S214041BA072696275746564204B6579005363616E6F
S214041BB0205072696D617279204368616E6E656C3F
S214041BC07320616E642055736520416C6C204B65F0
S214041BD079732028696E7374616C6C20636F646516
S214041BE02C2063656E7472616C697A65642C20645B
S214041BF06973747269627574656429005363616EEF
S214041C00205365636F6E64617279204368616E6EFB
S214041C10656C7320616E642055736520416C6C207E
S214041C204B6579732028696E7374616C6C20636FDE
S214041C3064652C2063656E7472616C697A65642CC5
S214041C4020646973747269627574656429004F6EE2
S214041C502F4F6666207365742076616C75653A202E
S214041C60253032582025303258004552523A2072D8
S214041C70656164696E67206F6E2F6F666620253017
S214041C803258004F6E2F6F666620616C7265616411
S214041C90792073657420746F206E65772076616C86
S214041CA0756500546F67676C65206F6E2F6F666688
S214041CB02066726F6D202530325820746F202530D0
S214041CC03258004552523A2077726974696E67201A
S214041CD06F6E2F6F6666202530325800496E737417
S214041CE0616C6C6564205479706520284261736564
S214041CF0293A2020307825303258004361706162DA
S214041D00696C69746965733A20202020202020209D
S214041D1020202030782530345800426F6F746C6F62
S214041D20616465722056657273696F6E3A2020206E
S214041D30202030782530345800536563757265204A
S214041D40426F6F746C6F61646572204B65793A20DC
S214041D50202020202000426F6F746C6F6164696ECF
S214041D6067206661696C65642100446F776E6C6FEA
S214041D706164206661696C65642E0044656C6574F4
S214041D80696E67206661696C656420646F776E6C43
S214041D906F61642C207374617475733A20307825EF
S214041DA030325800496D61676520646F6573206E34
S214041DB06F7420636F6E7461696E20616E20557057
S214041DC0677261646520496D6167652054616720A8
S214041DD028307825303458292E20536B6970706962
S214041DE06E6720757067726164652E00457865635A
S214041DF07574696E6720626F6F746C6F61642063BC
S214041E00616C6C6261636B2E005374617274696EEC
S214041E10672045424C207665726966696361746919
S214041E206F6E0045424C206661696C656420766579
S214041E3072696669636174696F6E2E0045424C2050
S214041E40706173736564207665726966696361742C
S214041E50696F6E2E002573696E67204F54412063A8
S214041E606C69656E74207374617465206D61636853
S214041E70696E650073746F7070004572726F723AA3
S214041E80204E6F20696D61676520617420696E64F9
S214041E906578202564004E6F7420737570706F72B9
S214041EA07465642E00436C69656E7420696D6167A1
S214041EB06520717565727920696E666F004D616E76
S214041EC075662049443A20202020202020202030F7
S214041ED0782530345800496D6167652054797065FB
S214041EE02049443A202020203078253034580043B6
S214041EF0757272656E742056657273696F6E3A20D9
S214041F0020307825303858004861726477617265ED
S214041F102056657273696F6E3A20004E4100517503
S214041F206572792044656C6179206D733A202020AF
S214041F30202020202020202020256C640053657259
S214041F4076657220446973636F766572792044659A
S214041F506C6179206D733A20256C6400446F776E4B
S214041F606C6F61642044656C6179206D733A20203F
S214041F7020202020202020256C640052756E2055D9
S214041F807067726164652044656C6179206D733A8C
S214041F90202020202020256C64005665726966790E
S214041FA02044656C6179206D733A2020202020201F
S214041FB02020202020256C6400446F776E6C6F61AF
S214041FC064204572726F72205468726573686F6C11
S214041FD0643A202025640055706772616465205752
S214041FE0616974205468726573686F6C643A202063
S214041FF020202564004F544120446F776E67726139
S2140420006465733A2044697361626C6564004F5476
S2140420104120446F776E6772616465733A20456E3B
S21404202061626C656400426F6F746C6F61642073E8
S214042030746174653A20257300496E76616C696430
S214042040204550202564207768656E20747279696F
S2140420506E6720746F2073656E64204F5441206D44
S2140420606573736167652E0053656E64696E6720D9
S2140420705570677261646520456E6420726571757B
S2140420806573742E0025733A20696E76616C6964F4
S21404209020636D64496420307825303258004572D8
S2140420A0726F723A20204661696C656420746F20F2
S2140420B073656E64204F544120636F6D6D616E646A
S2140420C0203078253032582C207374617475733A36
S2140420D02030782530325800536572766572207544
S2140420E06E6B6E6F776E2C2066616C6C696E672003
S2140420F06261636B20746F20646973636F766572C4
S214042100792E004D6178696D756D207175657279EB
S214042110206572726F72732068697420282564299A
S2140421202C207374617274696E67207365617263C0
S2140421306820666F72206E6577204F544120736561
S214042140727665722E0A004170706C79696E67202B
S214042150757067726164650025733A20696E7661EE
S2140421606C6964206F666673657420637572726545
S2140421706E7454696D652830782530385829203EA9
S214042180207570677261646554696D6528307825BA
S21404219030385829004F544120436C757374657267
S2140421A03A207761697420666F7220256420730074
S2140421B0525865642074696D654F757420307825AF
S2140421C030385820732C204D41582074696D654F63
S2140421D07574203078253038582073004D6178693E
S2140421E06D756D20757067726164652072657175B2
S2140421F065737473206D61646520282564292077CF
S2140422006974686F757420726573706F6E73652079
S21404221066726F6D207365727665722E00557067F0
S214042220726164696E6720616E79776179004F54D4
S21404223041205365727669636520646973636F76BB
S2140422406572792070726576656E746564202D20DB
S214042250616E6F7468657220697320616C72656163
S214042260647920696E2070726F67726573730046B6
S21404227061696C656420746F20696E697469617441
S21404228065207365727669636520646973636F7627
S2140422906572792E004F54412053657276696365E2
S2140422A020446973636F7665727920696E20707254
S2140422B06F677265737300436C69656E7420766528
S2140422C072696669636174696F6E206661696C65BC
S2140422D0642E005369676E61747572650043757386
S2140422E0746F6D00706173736564004641494C45B4
S2140422F044004E6F207369676E617475726520764C
S2140423006572696669636174696F6E20737570704F
S2140423106F72742C20617373756D696E6720696DB6
S214042320616765206973206F6B61792E00257320C1
S214042330766572696669636174696F6E2025733A9F
S21404234020307825303258004D6178696D756D20DF
S2140423506E756D626572206F6620646F776E6C6F43
S2140423606164206572726F7273207265616368209F
S214042370282564292C2061626F7274696E672E00AA
S2140423804F544120436C75737465723A20736574B8
S21404239074696E67204945454520616464726573B7
S2140423A073206F66204F544120636C757374657296
S2140423B0005061727469616C2066696C6520646F94
S2140423C0776E6C6F616420666F756E642C20636F25
S2140423D06E74696E75696E672066726F6D206F66BF
S2140423E0667365742030782530385800466F756EED
S2140423F0642066756C6C7920646F776E6C6F6164AC
S21404240065642066696C6520696E2073746F7261FA
S2140424106765202876657273696F6E20307825307C
S2140424203858292E00466F756E642066696C6520E0
S214042430696E2073746F72616765207769746820AB
S214042440646966666572656E742076657273696F14
S2140424506E202830782530385829207468616E201C
S21404246063757272656E742076657273696F6E201A
S21404247028307825303858290046696C6520696EFE
S2140424802073746F726167652069732073616D656C
S2140424902061732063757272656E742072756E6E39
S2140424A0696E672076657273696F6E2028307825AA
S2140424B030385829004E6F20696D61676520666F55
S2140424C0756E6420696E2073746F726167652E0082
S2140424D04F5441205365727669636520446973637B
S2140424E06F7665727920756E626C6F636B656400D7
S2140424F049676E6F72696E672073657276657220BF
S21404250066726F6D206C6F6F706261636B206164BE
S21404251064726573730049676E6F72696E67203004
S2140425207825303458204F5441207365727665728E
S21404253020696E20736561726368206F6620544359
S2140425400053657474696E67204F54412053657256
S21404255076657220746F20307825303458004465D0
S2140425606C6179696E67202564207365636F6E6499
S21404257073206265666F7265207374617274696E27
S21404258067204F544120636C69656E740054696D0E
S214042590656F75742077616974696E6720666F72FB
S2140425A0206D6573736167652E00426164204F5425
S2140425B04120636F6D6D616E643A20307825303249
S2140425C058004F544120636F6D6D616E64203078FF
S2140425D02530325820746F6F2073686F7274202809
S2140425E06C656E202564203C206D696E2025642968
S2140425F0004F544120636F6D6D616E642066726F88
S2140426006D20756E7265636F676E697A6564207394
S2140426106572766572203078253034582E20204D29
S21404262079204F5441207365727665723A2030786B
S2140426302530345800496D616765204E6F746966AD
S2140426407900476F7420756E657870656374656489
S2140426502025732E2020537461727420646973637A
S2140426606F766572792E0064656661756C74004FCA
S21404267054413A206661696C656420746F20736502
S2140426806E6420257320726573706F6E73653A20CE
S21404269030782530325800496D616765206E6F7456
S2140426A069667900476F7420756E65787065637423
S2140426B065642025732E202049676E6F7265642E2C
S2140426C0004F54413A2044656661756C7420726507
S2140426D073706F6E736520666F7220496D616765EF
S2140426E0206E6F746966792C207374617475732018
S2140426F030782530325800496D616765206E6F74F6
S21404270069667920636F6D6D616E6400257320754C
S2140427106E69636173742C207175657279696E676E
S21404272000496E76616C69640025732025732070F9
S21404273061796C6F61642074797065203078253017
S21404274032580025732025733A206F7574206F66FF
S2140427502072616E6765206A6974746572202564E8
S2140427600025732025733A207061796C6F616420AC
S2140427706C656E67746820646F65736E2774206D6D
S2140427806174636820747970652030782530325817
S21404279020282564203C20256429002573202573E1
S2140427A02064756520746F206E6F6E2D6D61746382
S2140427B068696E67206D616E7566616374757265AF
S2140427C0722049440025732025732064756520749F
S2140427D06F206E6F6E2D6D61746368696E67206915
S2140427E06D616765207479706520494400257320FF
S2140427F025732064756520746F206D617463686941
S2140428006E67206669726D7761726520766572738D
S214042810696F6E0025732025732C20527827642058
S2140428204A69747465722028307825303258292C09
S214042830205069636B6564204A6974746572202845
S21404284030782530325829005175657279206E65C6
S214042850787420696D61676520726573706F6E7336
S214042860650025732072657475726E656420307811
S214042870253032582E20204E6F206E657720696DE5
S21404288061676520746F20646F776E6C6F61642E69
S21404289000257320746F6F2073686F727420282568
S2140428A064203C202564290025733A204E65772051
S2140428B0696D61676520697320617661696C616220
S2140428C06C6520666F7220646F776E6C6F61642E21
S2140428D0002573206973206E6F74207573696E67A4
S2140428E0206D7920696D61676520696E666F2E00BC
S2140428F04552524F523A204E65787420496D6167AE
S2140429006520697320746F6F2062696720746F2076
S21404291073746F72652028307825303858203E202E
S21404292030782530385829002573207265747572FE
S2140429306E65642073616D652046696C65566572C4
S21404294073696F6E2061732063757272656E746C42
S2140429507920696E7374616C6C65642E004F544103
S21404296020446F776E67726164657320446973618F
S214042970626C65643A2046696C6556657273696F65
S2140429806E20626568696E642063757272656E7423
S21404299020696E7374616C6C6174696F6E00537435
S2140429A0617274696E6720646F776E6C6F61642CF5
S2140429B02056657273696F6E20307825303858005B
S2140429C04572726F723A204661696C656420746F52
S2140429D02064656C65746520696D6167652E0045C5
S2140429E072726F723A204661696C656420746F2057
S2140429F06572617365206F6C642074656D70206405
S214042A006174612E00496D61676520626C6F636B4B
S214042A1020726573706F6E7365004F54413A204997
S214042A206D616765426C6F636B5265706F6E73653C
S214042A3020636F6E7461696E7320696E76616C696B
S214042A4064206F7220696E636F6D706C65746520A8
S214042A5064617461005570646174696E67204D69C1
S214042A606E20426C6F636B205265717565737420BB
S214042A70506572696F6420746F202564206D73003E
S214042A80446F776E6C6F61642064656C6179206254
S214042A907920736572766572202564206D73004410
S214042AA06F776E6C6F61642061626F727465642008
S214042AB06279207365727665722E00536572766548
S214042AC07220646F65736E277420737570706F72EE
S214042AD074207061676520726571756573742C2047
S214042AE06F6E6C79207573696E6720626C6F636BAA
S214042AF020726571756573742E00536572766572FF
S214042B002072657475726E65642027756E737570B1
S214042B10706F7274656420636C7573746572206379
S214042B206F6D6D616E64272E00556E6B6E6F776EDB
S214042B302025732073746174757320636F64652035
S214042B40307825303258002573206861732064611C
S214042B5074612073697A65202825642920736D6161
S214042B606C6C6572207468616E2061637475616C48
S214042B70207061636B65742073697A652028256408
S214042B80292E002573206572726F723A204578707C
S214042B906563746564206F66667365742030782593
S214042BA03038582C2062757420676F74203078256E
S214042BB03038582E202049676E6F72696E6700257C
S214042BC07320696E666F20646964206E6F74206D6E
S214042BD061746368206D79206578706563746564D4
S214042BE020696E666F2E202044726F7070696E675F
S214042BF02E004661696C656420746F207772697470
S214042C006520746F2073746F7261676520646576DF
S214042C106963652100446F776E6C6F61640055705C
S214042C20677261646520656E6420726573706F6E8A
S214042C307365005365727665722061626F7274659F
S214042C406420757067726164652C20737461747592
S214042C50733A20307825303258004572726F723AD3
S214042C602025732068616420696E76616C6964202F
S214042C7025733A200066696C652076657273696F01
S214042C806E00416464696E67202564206D732E208F
S214042C9064656C617920666F7220696D6D65646920
S214042CA061746520757067726164652E00436F7584
S214042CB06E74646F776E20746F20757067726164CB
S214042CC0653A202564206D73002053746174653A58
S214042CD02020202573002057616974696E6720667A
S214042CE06F7220726573706F6E73653A2025730079
S214042CF0204E657874204576656E742054696D653B
S214042D00723A202564206D73002043757272656ED6
S214042D107420446F776E6C6F6164204F66667365CB
S214042D20743A2030782530385820282564252529FB
S214042D300025733A206661696C656420706172735D
S214042D40696E67204F544120636D642030782530C7
S214042D503258004F54412044656661756C74207285
S214042D606573706F6E736520746F20636F6D6D612D
S214042D706E64204944203078253032582C207374F1
S214042D80617475732030782530325800496D616758
S214042D906520626C6F636B20726571756573742051
S214042DA074657374206F6E6C7920776F726B732002
S214042DB07768656E20737461746520697320424F6A
S214042DC04F544C4F41445F53544154455F4E4F4E0D
S214042DD0450052616E646F6D2044656C61792062B3
S214042DE065666F72652073746172740044697363F8
S214042DF06F766572696E67204F544120536572760C
S214042E00657200476574204F544120536572766599
S214042E107220455549004F627461696E206C696E74
S214042E206B206B6579005175657279696E67204E03
S214042E3065787420496D61676500446F776E6C6FC2
S214042E406164696E6720496D6167650056657269DD
S214042E506679696E6720496D6167650057616974B4
S214042E60696E6720666F72205570677261646520AC
S214042E706D65737361676500436F756E74646F7711
S214042E806E20746F205570677261646500576169BF
S214042E9074696E6720746F2075706772616465204C
S214042EA0766961206F75742D6F662D62616E64207D
S214042EB06D656368616E69736D0025733A202564D9
S214042EC0252520636F6D706C65746500496D6167B8
S214042ED0652025640020204552524F523A20436F05
S214042EE0756C64206E6F74206765742066756C6CF0
S214042EF02068656164657221002020486561646508
S214042F00722056657273696F6E3A203078253034B5
S214042F1058002020486561646572204C656E6774AD
S214042F20683A202025642062797465730020204660
S214042F3069656C6420436F6E74726F6C3A2020303F
S214042F4078253034580020204D616E75662049443B
S214042F503A202020202020203078253034580020A5
S214042F6020496D61676520547970653A20202020D9
S214042F702030782530345800202056657273696FE7
S214042F806E3A202020202020202030782530385803
S214042F900020205A69676265652056657273696FFA
S214042FA06E3A203078253034580020204865616415
S214042FB0657220537472696E673A20202573002068
S214042FC020496D6167652053697A653A2020202080
S214042FD020256C6420627974657300202053656331
S214042FE0757269747920437265643A2020307825B6
S214042FF0303258002020557067726164652044653D
S21404300073743A2020200020204D696E2E204857E5
S214043010205665723A202020203078253034580017
S21404302020204D61782E204857205665723A20207D
S2140430302020307825303458002020546F74616C7A
S21404304020546167733A20256400202020205461B0
S214043050673A20307825303458002020202020205D
S2140430604C656E6774683A20256C64004572726F0E
S214043070723A20436F756C64206E6F74206F6274AE
S21404308061696E2074616720696E666F2066726F70
S2140430906D20696D6167652E000A256420696D617F
S2140430A067657320696E204F54412073746F726194
S2140430B067652E00496D6167652064656C65746597
S2140430C025732E004572726F723A2020436F756C1A
S2140430D064206E6F74207265616420626C6F636B2B
S2140430E03A203078253032582E0A005374617274B0
S2140430F0696E672065726173652066726F6D206FF6
S21404310066667365742030782530385820746F20CE
S21404311030782530385800436F756C64206E6F74B1
S214043120207374617274204552415345212028301F
S21404313078253032582900454550524F4D20457267
S21404314061736520636F6D706C657465002F686FBE
S2140431506D652F72756E6E65722F776F726B2F7436
S2140431607579612D7A69676265652D73776974630D
S214043170682F747579612D7A69676265652D737732
S214043180697463682F73696C6162735F746F6F6CC4
S214043190732F73696D706C69636974795F73646B9C
S2140431A02F70726F746F636F6C2F7A6967626565D0
S2140431B02F6170702F6672616D65776F726B2F70FA
S2140431C06C7567696E2F6F74612D73746F726167A7
S2140431D0652D73696D706C652D656570726F6D2FE6
S2140431E06F74612D73746F726167652D6565707297
S2140431F06F6D2D706167652D65726173652E630052
S2140432002F686F6D652F72756E6E65722F776F728D
S2140432106B2F747579612D7A69676265652D73778E
S214043220697463682F747579612D7A696762656558
S2140432302D7377697463682F73696C6162735F7446
S2140432406F6F6C732F73696D706C69636974795FE3
S21404325073646B2F70726F746F636F6C2F7A696709
S2140432606265652F6170702F6672616D65776F7227
S2140432706B2F706C7567696E2F6F74612D73746F26
S214043280726167652D73696D706C652D6565707206
S2140432906F6D2F6F74612D73746F726167652D6522
S2140432A06570726F6D2E63004F54412053696D70C4
S2140432B06C652053746F7261676520454550524FA4
S2140432C04D207761726E696E673A20636F756C6421
S2140432D0206E6F742067657420736C6F7420696E3B
S2140432E0666F20666F7220736C6F742025642028C6
S2140432F06572726F7220307825303258292E204439
S214043300656661756C74696E6720746F207370658A
S2140433106369666965642061646472657373206FAB
S2140433206666736574730053746F726167652044D0
S21404333072697665723A20202020202020202020E2
S2140433402020204F54412053696D706C65205374BF
S2140433506F7261676520454550524F4D20506C751D
S21404336067696E0052656164204D6F6469667920F2
S214043370577269746520537570706F72743A2020A2
S2140433806E6F00534F4320426F6F746C6F616469B5
S2140433906E6720537570706F72743A2020202079FF
S2140433A0657300426F6F746C6F616465722053744A
S2140433B06F7261676520537570706F72743A20552A
S2140433C0736520666972737420736C6F7400536C33
S2140433D06F7420746F207573653A20202020202097
S2140433E020202020202020202020256400437572E1
S2140433F072656E7420446F776E6C6F6164204F66DE
S214043400667365743A2020202030782530385800BA
S21404341045424C205374617274204F66667365741B
S2140434203A202020202020202020202030782530FC
S214043430385800454550524F4D2053746172743AC3
S2140434402020202020202020202020202020203063
S214043450782530385800454550524F4D20456E6407
S2140434603A20202020202020202020202020202039
S214043470202030782530385800496D61676520492A
S2140434806E666F2053746172743A202020202020C8
S2140434902020202020307825303858005361766567
S2140434A0205261746520286279746573292020206F
S2140434B02020202020202020307825303858004F27
S2140434C06666736574206F6620646F776E6C6F61D2
S2140434D064206F6666736574202020307825303843
S2140434E058004F6666736574206F662045424C200C
S2140434F06F66667365743A2020202020202030787A
S21404350025303858004F6666736574206F662069E8
S2140435106D6167652073746172743A2020202020E0
S2140435202030782530385800736C5F7A6967626596
S214043530655F61665F6F74615F73746F7261676500
S2140435405F6472697665725F726561645F63622840
S21404355029206661696C65642100426164206D619E
S214043560676963206E756D62657220696E20666990
S2140435706C653A2030782530325820307825303241
S214043580582030782530325820307825303258008C
S2140435904261642076657273696F6E20696E206678
S2140435A0696C6520307825303458004572726F7225
S2140435B03A2072656164416E6456616C6964617434
S2140435C06553746F726564496D6167652829207454
S2140435D07269656420746F2072656164206D6F7211
S2140435E0652064617461207468616E206974206368
S2140435F06F756C6420686F6C642E00736C5F7A69F8
S214043600676265655F61665F6F74615F73746F722E
S2140436106167655F6472697665725F726561645F2F
S21404362063622829204641494C454421004C617375
S21404363074206F666673657420646F776E6C6F6152
S2140436406465643A203078253038580053746F72B5
S214043650616765204D6F64756C653A204F54412050
S21404366053696D706C652053746F72616765205082
S2140436706C7567696E00496D616765732053746F76
S2140436807265643A20202564206F6620310A00257E
S2140436903032583A006570202530325820636C75F5
S2140436A073202530345820617474722025303458C1
S2140436B02073767220256300206D666720253032DD
S2140436C05800207265706F7274206D696E20253004
S2140436D03458206D61782025303458207270742D4B
S2140436E063686720253038580020726563656976FC
S2140436F0652066726F6D202530345820657020254D
S2140437003032582074696D656F75742025303458CE
S2140437100072656D6F766500636C656172696E67CD
S214043720206C617374207265706F72742074696D96
S21404373065206F6620616C6C2061747472696275B2
S2140437407465730074657374696E672074696D6953
S2140437506E67206F6620766172696F757320726576
S214043760706F7274696E67206F7065726174696FCA
S2140437706E73002D2D2D2D2D2D2D2D2D2D2D2D2D16
S2140437802D2D2D2D2D2D2D2D2D2D2D2D2D2D2D2D60
S2140437902D2D2D2D2D2D2D2D2D2D2D2D2D2D2D2D50
S2140437A02D2D002D2D7461626C6520726561647325
S2140437B0202D2066756C6C207461626C652D2D005E
S2140437C0726573756C74203D202564206D73002D1E
S2140437D02D696E6974202F207363686564756C6543
S2140437E0207469636B2D2D2D002D2D6C6F61642064
S2140437F0636F6E66696775726174696F6E2064655F
S2140438006661756C74732D2D002F686F6D652F724D
S214043810756E6E65722F776F726B2F747579612D66
S2140438207A69676265652D7377697463682F747542
S21404383079612D7A69676265652D73776974636843
S2140438402F73696C6162735F746F6F6C732F736927
S2140438506D706C69636974795F73646B2F70726FD3
S214043860746F636F6C2F7A69676265652F61707019
S2140438702F6672616D65776F726B2F706C756769F2
S2140438806E2F7265706F7274696E672F7265706FD3
S2140438907274696E672E6300524541445F525054F9
S2140438A05F43464700726561645F7265706F727449
S2140438B0696E675F636F6E66696775726174696F58
S2140438C06E005265706F7274696E673A206661693D
S2140438D06C656420746F2073656E64202573207293
S2140438E06573706F6E73653A2030782530325800F1
S2140438F04552523A2072656164696E6720636C753E
S214043900737465722030782530345820617474726C
S2140439106962757465203078253034583A203078DA
S21404392025303258004552523A207265706F7274D0
S214043930696E67206F66204C4F4E47207374726919
S2140439406E67206174747269627574652074797028
S21404395065206E6F7420737570706F727465643A48
S21404396020636C7573746572203078253034582063
S21404397061747472696275746520307825303458C1
S214043980005265706F7274696E6720456E74727942
S2140439902046756C6C202D206372656174696E67B1
S2140439A0206E6577207265706F7274004346475FB9
S2140439B052505400202D20646972656374696F6EDA
S2140439C03A253032582C20617474723A25303458B3
S2140439D000202020747970653A253032582C206DEA
S2140439E0696E3A253034582C206D61783A25303487
S2140439F058002020206368616E67653A0020202006
S214043A0074696D656F75743A2530345800636F6E4B
S214043A106669677572655F7265706F7274696E67E2
S214043A20002054434C4B2075706461746520616CAF
S214043A30726561647920696E2070726F677265734F
S214043A4073004D616E75616C2054434C4B20757049
S214043A5064617465206661696C65642E2573005321
S214043A6074617274696E672075706461746520741D
S214043A70727573742063656E746572206C696E6B00
S214043A80206B65792070726F63657373005570647C
S214043A90617465205443204C696E6B204B65790035
S214043AA0204E6577206B65792065737461626C6956
S214043AB0736865643A00204572726F723A0050610A
S214043AC072746E65723A20005A434C20676C6F62BB
S214043AD0616C20636C757374657220636F6D6D61C1
S214043AE06E647300646972656374696F6E006469FA
S214043AF073632D636F6D2D67656E00646973632D44
S214043B00636F6D2D726563006578706563742D72DE
S214043B1065706F72742D66726F6D2D6D65007577A6
S214043B2072697465006E7772697465007265706F89
S214043B3072742D726561640073656E642D6D652DF7
S214043B40612D7265706F727400437265617465737B
S214043B50206120676C6F62616C20646973636F76A2
S214043B60657220636F6D6D616E6420666F7220747B
S214043B706865206173736F63696174656420766138
S214043B806C7565732E00636C757374657249641F77
S214043B9061747472696275746549641F6D61784EE8
S214043BA0756D626572546F5265706F72741F004350
S214043BB0726561746573206120676C6F62616C2046
S214043BC073656E64206D652061207265706F727413
S214043BD020636F6D6D616E6420666F722074686515
S214043BE0206173736F6369617465642076616C75B4
S214043BF065732E00636C757374657249641F617413
S214043C007472696275746549641F64617461547979
S214043C1070651F6D696E5265706F727454696D6558
S214043C201F6D61785265706F727454696D651F728A
S214043C3065706F727461626C654368616E67651F58
S214043C400043726561746573206120676C6F6261FE
S214043C506C2072656164207265706F7274696E6739
S214043C6020636F6D6D616E6420666F722074686584
S214043C70206173736F63696174656420636C757324
S214043C807465722C2061747472696275746520613F
S214043C906E64207365727665722F636C69656E74E4
S214043CA020646972656374696F6E2E00636C757345
S214043CB074657249641F61747472696275746549C7
S214043CC0641F646972656374696F6E1F00476C6F66
S214043CD062616C207265706F7274696E6720636FC0
S214043CE06D6D616E6400656E64706F696E741F63DB
S214043CF06C757374657249641F6174747269627555
S214043D00746549641F6D61736B1F0043726561744B
S214043D106573206120676C6F62616C2072656164F4
S214043D2020636F6D6D616E64206D65737361676586
S214043D3020746F20726561642066726F6D207468EB
S214043D406520636C757374657220616E642061749B
S214043D5074726962757465207370656369666965F3
S214043D60642E00636C757374657249641F617474A1
S214043D7072696275746549641F004372656174658F
S214043D8073206120676C6F62616C2077726974655A
S214043D9020636F6D6D616E64206D65737361676516
S214043DA020746F20777269746520746F2074686558
S214043DB020636C757374657220616E64206174741C
S214043DC07269627574652073706563696669656493
S214043DD000636C757374657249641F6174747269E8
S214043DE06275746549641F747970651F64617461D3
S214043DF01F00437265617465206120657870656391
S214043E00742D7265706F72742D66726F6D2D6D658C
S214043E10206D6573736167652077697468206173C4
S214043E20736F6369617465642076616C7565732E5F
S214043E3000636C757374657249641F617474726987
S214043E406275746549641F74696D656F75741F00C7
S214043E50437265617465206120446973636F766597
S214043E607220436F6D6D616E64732047656E657274
S214043E706174656420636F6D6D616E642077697428
S214043E8068206173736F6369617465642076616C1E
S214043E907565732E00636C757374657249641F735D
S214043EA074617274436F6D6D616E6449641F6D61F5
S214043EB078436F6D6D616E6449641F005365747357
S214043EC02074686520646972656374696F6E206621
S214043ED06F7220676C6F62616C20636F6D6D616ECC
S214043EE064732C2065697468657220636C69656EFA
S214043EF07420746F20736572766572206F722073F7
S214043F00657276657220746F20636C69656E742EB4
S214043F100053657473206120666C616720736F209C
S214043F207468617420746865206170706C6963617C
S214043F3074696F6E206672616D65776F726B205759
S214043F40494C4C204E4F5420726573706F6E64203B
S214043F50746F20746865206E657874205A434C200C
S214043F606D657373616765207468617420636F6D33
S214043F70657320696E206F766572207468652061AB
S214043F8069722E0053657473206120666C61672025
S214043F90736F207468617420746865206170706C37
S214043FA069636174696F6E206672616D65776F729E
S214043FB06B2057494C4C20726573706F6E64207486
S214043FC06F20746865206E657874205A434C206DA3
S214043FD0657373616765207468617420636F6D65CB
S214043FE07320696E206F7665722074686520616937
S214043FF0722E005365747320746865204469736177
S214044000626C652044656661756C742052657370D5
S2140440106F6E7365204672616D6520436F6E7472B1
S2140440206F6C2062697420746F2075736520666FE8
S2140440307220746865206E65787420636F6D6D6198
S2140440406E642069662074686520636F6D6D616EAA
S21404405064206973206E6F7420616C726561647984
S214044060206275696C742E0064697361626C6544C1
S214044070656661756C74526573706F6E73651F0048
S214044080536574732074686520666C616720746F6A
S214044090207573652074686520696E6372656D6546
S2140440A06E7465642073657175656E6365206E75E0
S2140440B06D6265722066726F6D2074686520667224
S2140440C0616D65776F726B20666F72207468652009
S2140440D06E6578742072617720636F6D6D616E64AF
S2140440E02E007573654E65787453657175656E63D9
S2140440F0651F00436C6920636F6D6D616E64207488
S2140441006F2063616C6C20736C5F7A6967626565A7
S2140441105F61665F7365745F74696D652066756E4E
S2140441206374696F6E20646F63756D656E74656421
S21404413020696E2061662E680075746354696D6527
S2140441401F0053657473207468652074776F20624B
S214044150797465206D616E756661637475726572D7
S214044160207370656369666963206964656E746943
S2140441706669657220746F2075736520666F722099
S214044180746865206E65787420636F6D6D616E6407
S2140441902069662074686520636F6D6D616E6420A7
S2140441A06973206E6F7420616C7265616479206235
S2140441B075696C742E006D6667537065636966690D
S2140441C06349641F0054727573742043656E746586
S2140441D072204A6F696E2048616E646C65723A207C
S2140441E0737461747573203D2025732C2064656395
S2140441F06973696F6E203D20257320282530325858
S214044200292C2073686F72746964203078253034E2
S2140442105800554E73656375726564206A6F696EDF
S21404422000646576696365206C65667400554E7334
S2140442306563757265642072656A6F696E0075736E
S2140442406520707265636F6E666967757265642053
S2140442506B65790073656E64206B657920696E20E2
S21404426074686520636C6561720064656E79206AA3
S2140442706F696E006E6F20616374696F6E00616CA7
S2140442806C6F772072656A6F696E73206F6E6C79D7
S214044290006E6F742000534C5F5354415455535F63
S2140442A04E4554574F524B5F555020307825303486
S2140442B0580054727573742043656E746572204595
S2140442C05549206861732025736368616E67656469
S2140442D02E00534C5F5354415455535F4E45545728
S2140442E04F524B5F444F574E00534C5F5354415408
S2140442F055535F4E4F545F4A4F494E454400534C06
S2140443005F5354415455535F5A49474245455F4E9F
S2140443104554574F524B5F4F50454E45443A20251F
S214044320642073656300534C5F5354415455535F84
S2140443305A49474245455F4E4554574F524B5F4393
S2140443404C4F5345440025733A2025730064697323
S21404435074726962757465640063656E7472616C08
S214044360697A656400466F726D002573696E67200E
S2140443706F6E2063682025642C2070616E4964206B
S214044380307825303458004572726F723A2044658E
S2140443907669636520646F6573206E6F7420737529
S2140443A070706F7274202573206E6574776F726BED
S2140443B020666F726D6174696F6E004A6F696E0075
S2140443C0496E76616C6964205365637572697479A5
S2140443D02050726F66696C653A2030782530325802
S2140443E000704A6F696E20666F72202564207365BC
S2140443F0633A20307825303258004C696D69746908
S2140444006E67206475726174696F6E206F662070C3
S21404441065726D6974206A6F696E2066726F6D20AE
S214044420666F726576657220283235352920746F7A
S214044430203235340052583A205A444F2C20636FA9
S2140444406D6D616E64203078253034582C2073747A
S214044450617475733A203078253032580053696D8C
S214044460706C650052583A202573204465736320A7
S21404447052657370004D61746368002C204D61743E
S214044480636865733A20256400446576696365202D
S214044490416E6E6F756E63653A20307825303458F9
S2140444A00052583A20494545452041646472657374
S2140444B07320526573706F6E73650052583A2041CC
S2140444C0637469766520455020526573706F6E7309
S2140444D0652C20436F756E743A202564004E6F6415
S2140444E065002C204D6174636865733A2030782526
S2140444F030345800737461636B207665722E205BCB
S21404450025642E25642E2564002025732062756993
S2140445106C642025645D005A444F005345004841AE
S21404452000436C757374657200476C6F62616C004F
S21404453025737478203078253038582C2000507233
S2140445406F66696C653A20257320283078253034E8
S21404455058292C20436C75737465723A203078257C
S2140445603034582C2025642062797465732C00201E
S2140445705A434C20257320436D642049443A202531
S21404458064005072652D52656C6561736500416CFC
S214044590706861203100416C706861203200416CA3
S2140445A0706861203300426574612031004265748E
S2140445B06120320042657461203300474100526531
S2140445C073657420696E666F3A20307825303258E9
S2140445D020282573290064656C6574652062696EFD
S2140445E064696E673A2025303258202530325800E8
S2140445F00102030405060708090A0B0C0001010161
S21404460001010101010101010100575249544520ED
S2140446104552523A200025736570202530325820C2
S214044620636C7573202530345820617474722025A9
S214044630303458206E6F7420737570706F727465A2
S21404464064002573696E76616C69642064617461C4
S214044650207479706500257361747472206E6F74AB
S214044660207772697461626C650057524954453A02
S214044670206E6F2077726974652C206A75737420B7
S21404468061207465737400524541443A2061747421
S2140446907269627574652073697A6520746F6F2019
S2140446A06C6172676520666F722063616C6C6572FC
S2140446B000636C6E74007372767200525700524F29
S2140446C000202052414D20200020746F6B656E2020
S2140446D00065787465726E2000454E44504F494E0E
S2140446E054202530325800636C7573202F2073696C
S2140446F06465202F2061747472202F206D666720F5
S214044700202F74797065286C656E292F20727720A7
S2140447102F2073746F72616765202F206461746143
S2140447202028726177290025303458202F202573DD
S214044730202F2025303458202F2000202F202530ED
S214044740325820282530325829202F202573202F30
S214044750202573202F2000556E737570706F727449
S2140447606564004F544120524541443A2065703AEE
S21404477025303258206369643A25303458206174F1
S2140447807469643A25303458206D736B3A25303298
S21404479058206D66636F64653A2530345800524578
S2140447A041443A20636C757320253034582C2061BC
S2140447B07474722025303458206661696C656420F0
S2140447C02530325800524541443A20636C757320B4
S2140447D0253034582C206174747220253034582CBB
S2140447E020646174614C656E3A20253032582C2062
S2140447F04F4B00282563292530325825303258255A
S2140448003032582530325825303258253032582523
S214044810303258253032580064697361626C650022
S2140448202573642C2064726F7070696E67206570DF
S2140448302030782530325820636C75732030782504
S21404484030345820636D6420307825303258004761
S214044850656E657261746564005265636569766544
S2140448606400446973636F76657220436F6D6D618F
S2140448706E647320726573706F6E73652028636F41
S2140448806D706C6574653A202563292C2025732089
S2140448904944733A200030782530325820005F456A
S2140448A0585400524541445F4154545200575249AB
S2140448B054453A20636C757320253034582061744F
S2140448C07472202530345820004641494C20253047
S2140448D032580057524954453A20746F6F20736813
S2140448E06F727400444953435F4154545200257315
S2140448F025733A20636C757320253034580053763C
S2140449006320446973633A200025735761697469A8
S2140449106E672025642073656320666F7220646961
S21404492073636F7665727920746F20636F6D706C35
S21404493065746500537461746520636F7272657381
S214044940706F6E64696E6720746F20746865207477
S21404495068652072657175657374206E6F74206661
S2140449606F756E640A002573636F6D706C6574658D
S2140449702E0A00257353657276696365204469734D
S214044980636F76657279205374617465206C696D03
S21404499069747320726561636865640A00257349E7
S2140449A06C6C6567616C2062726F616463617374BA
S2140449B020616464726573732C2072656D61707017
S2140449C0696E6720746F2076616C6964206F6E650B
S2140449D02E0025734661696C656420746F207365C8
S2140449E06E64206D6174636820646973636F7665B2
S2140449F072793A2030782530325800257353746122
S214044A007274696E6720646973636F766572792061
S214044A10666F7220636C7573746572203078253007
S214044A2034580025734661696C656420746F20737E
S214044A30656E642073696D706C652064657363725B
S214044A406970746F7220726571756573743A20307C
S214044A5078253032580025734661696C6564207485
S214044A606F2073656E642049454545206164647211
S214044A7065737320726571756573743A2030782592
S214044A803032580025734661696C656420746F2063
S214044A9073656E64204E574B20616464726573734D
S214044AA020726571756573743A20307825303258F3
S214044AB0004572726F723A20257320626164207317
S214044AC0696D706C652064657363726970746F7267
S214044AD0206C656E6774682E0025734D657373616C
S214044AE0676520746F6F2073686F72740025734D4A
S214044AF065737361676520746F6F2073686F727473
S214044B0020666F72206E756D2E20656E64706F69F8
S214044B106E74730025734D61746368257320666F25
S214044B20756E642066726F6D203078253034582E8A
S214044B30004572726F723A20257320696E76616C36
S214044B406964206C656E6774682028256420213D9E
S214044B502025642920666F72204163746976652077
S214044B60456E64706F696E7420726573706F6E73D1
S214044B7065002573676F74206163746976652045E4
S214044B805020726573706F6E7365005554432074BD
S214044B90696D653A2025642F25642F2564202564D5
S214044BA03A25643A256420282530385829002855A3
S214044BB06E6B6E6F776E20636C75732E205B307829
S214044BC0253034585D29000D0A54253038583A00EB
S214044BD05258206C656E2025642C20657020253084
S214044BE032582C20636C7573203078253034582066
S214044BF000206D66674964202530345800204643FB
S214044C0020253032582073657120253032582063B1
S214044C106D642025303258207061796C6F61645B56
S214044C20004261736963004F76657220746865207C
S214044C3041697220426F6F746C6F6164696E6700BD
S214044C402573525820706B7420746F6F2073686FCE
S214044C5072743A202564203C20256400257352583B
S214044C6020706B74206D616C666F726D65643A209B
S214044C702564203C20256400202048617665205267
S214044C806F7574657220537570706F72740020208F
S214044C90456E6420446576696365204F6E6C7900C2
S214044CA02020456E61626C6564002020446973614F
S214044CB0626C6564004572726F7220726574726904
S214044CC06576696E6720696E666F20666F72206C03
S214044CD06962726172792049442025640025732034
S214044CE06C69627261727925732070726573656E81
S214044CF074005A69676265652050726F0042696E77
S214044D0064696E6700536563757269747920436FCE
S214044D107265005365637572697479204C696E6BAD
S214044D20204B6579730043424B45203136334B3173
S214044D300043424B4520445341205369676E004567
S214044D4043430043424B4520445341205665726911
S214044D506679005061636B65742056616C696461A2
S214044D607465005A4C4C0043424B45203238334B52
S214044D703100454343203238334B310043424B45E0
S214044D8020636F7265004E4350004D756C74692045
S214044D906E6574776F726B00456E68616E636564EA
S214044DA020426561636F6E205265710043424B4535
S214044DB0203238334B31204453412056657269669D
S214044DC079004D756C74692D50414E002F686F6DD7
S214044DD0652F72756E6E65722F776F726B2F747592
S214044DE079612D7A69676265652D7377697463687E
S214044DF02F747579612D7A69676265652D73776995
S214044E007463682F73696C6162735F746F6F6C731D
S214044E102F73696D706C69636974795F73646B2F43
S214044E2070726F746F636F6C2F7A69676265652F33
S214044E30737461636B2F636F6E6669672F736C5F41
S214044E407A69676265655F636F6E666967757261C6
S214044E5074696F6E2E63002F686F6D652F72756EA2
S214044E606E65722F776F726B2F747579612D7A6900
S214044E70676265652D7377697463682F74757961E5
S214044E802D7A69676265652D7377697463682F7315
S214044E90696C6162735F746F6F6C732F73696D7086
S214044EA06C69636974795F73646B2F70726F746F67
S214044EB0636F6C2F7A69676265652F737461636BC1
S214044EC02F6672616D65776F726B2F6165732D65E2
S214044ED063622E63002F686F6D652F72756E6E6544
S214044EE0722F776F726B2F747579612D7A6967628A
S214044EF065652D7377697463682F747579612D7A87
S214044F0069676265652D7377697463682F73696C66
S214044F106162735F746F6F6C732F73696D706C6905
S214044F20636974795F73646B2F70726F746F636FE9
S214044F306C2F7A69676265652F737461636B2F7370
S214044F40656375726974792F7A69676265652D730E
S214044F50656375726974792D6D616E616765722D0E
S214044F606E6F2D7661756C742E63004572726F7267
S214044F703A20204661696C656420746F207265610E
S214044F80642066726F6D20454550524F4D20617403
S214044F902030782534582C207374617475733A2045
S214044FA0256400454550524F4D20496E6974696129
S214044FB06C697A65643A20256300454550524F4D26
S214044FC020427573793A20256300506172746961D2
S214044FD06C20576F72642053746F72616765204348
S214044FE06F756E743A202564004164647265737349
S214044FF03A2030782534582C205061727469616CDC
S21404500020576F72643A203078255800636F6E66B6
S21404501069726D656400617373756D6564000A4535
S2140450204550524F4D20496E666F004E6F74206196
S2140450307661696C61626C6520286F6C64657220A9
S214045040626F6F746C6F616465722900506172746C
S214045050204465736372697074696F6E3A20202009
S214045060202020202020202573004361706162697F
S2140450706C69746965733A20202020202020202043
S2140450802020202020307825325800506167652083
S21404509045726173652074696D65202873293A200A
S2140450A020202020202564005061727420457261FF
S2140450B073652074696D65202873293A20202020A2
S2140450C02020256400506172742045726173652047
S2140450D074696D6520286D73293A202020202020CD
S2140450E0256400506167652073697A6520286279B3
S2140450F0746573293A202020202020202020256C47
S21404510000506172742073697A6520286279746528
S21404511073293A202020202020202020256C0057A8
S2140451206F72642073697A652028627974657329BE
S2140451303A202020202020202020256420282570A6
S2140451402900454550524F4D20696E69743A203007
S214045150782558002F686F6D652F72756E6E6572B0
S2140451602F776F726B2F747579612D7A6967626514
S214045170652D7377697463682F747579612D7A6900
S214045180676265652D7377697463682F73696C61EC
S21404519062735F746F6F6C732F73696D706C696381
S2140451A06974795F73646B2F7574696C2F706C7592
S2140451B067696E2F706C7567696E2D636F6D6D6FA2
S2140451C06E2F656570726F6D2F656570726F6D2ECC
S2140451D06300556E61626C6520746F20626F6F7435
S2140451E020696D61676520617420736C6F74202577
S2140451F06C640A00536C6F74204D616E616765724F
S214045200206661696C656420746F206572617365DD
S21404521020736C6F740A004D617820726561642097
S2140452206C696D69742073657420746F202564201E
S21404523062797465730A004164647265737320202E
S2140452402020202020202020446174610A00307829
S21404525025346C7820202020202020307825780AD9
S214045260004661696C656420746F20726561642011
S21404527066726F6D20666C6173680A00536C6F7497
S21404528020256C640A2020416464726573732020B0
S2140452902020203A20307825346C580A20204C658B
S2140452A06E6774682020202020203A203078253429
S2140452B06C582028256C64206279746573290A006A
S2140452C020205479706520202020202020203A2099
S2140452D0004E6F2047424C2070726573656E740AE8
S2140452E0005A69674265650A005468726561640A13
S2140452F000436F6E6E6563740A00426C7565746F66
S2140453006F74680A00426C7565746F6F7468206108
S21404531070706C69636174696F6E0A004D43550A58
S214045320004F7468657220283078256C58290A0066
S214045330202056657273696F6E20202020203A2044
S2140453403078256C580A0020204361706162696CCD
S21404535069746965733A20307825346C580A0020DD
S2140453602050726F6475637420494420203A2000EC
S214045370307825582000536C6F74204D616E616739
S21404538065723A206661696C656420746F20696E84
S214045390697469616C697A6520626F6F746C6F6199
S2140453A064657220286572726F72203078253478AE
S2140453B0290A0056657273696F6E20202020203AF1
S2140453C02025640A005061727420202020202020AA
S2140453D0203A2025730A004361706162696C69741F
S2140453E06965733A20307825780A00506172742013
S2140453F073697A652020203A20256420420A0050EA
S2140454006167652073697A652020203A2025642028
S214045410420A00576F72642073697A652020203A26
S21404542020256420420A00536C6F747320202020C9
S2140454302020203A2025640A004661696C656420B1
S214045440746F20726561642066726F6D2073746F6A
S2140454507261676520666C61736820286572726F76
S21404546072202564290A00496E76616C696420738B
S2140454706C6F7420256420286D617820736C6F74BB
S214045480202564290A004661696C656420746F20CF
S21404549067657420696E666F20666F7220736C6F22
S2140454A0742025640A00536C6F74204D616E616726
S2140454B065723A20736C6F7420777269746520661F
S2140454C061696C7572652E2041646472657373201D
S2140454D06F66667365742028256429202B207772EE
S2140454E0697465206C656E677468202825642920B5
S2140454F067726561746572207468616E20746F7477
S214045500616C20736C6F74206C656E6774682028F9
S2140455102564290A00536C6F74204D616E616765BB
S21404552072207761726E696E673A20736C6F7420AE
S2140455302564206C656E6774682028256429206EAF
S2140455406F7420616C69676E656420746F20706187
S21404555067652073697A6520282564292E20546897
S2140455606520656E7469726520736C6F7420776944
S2140455706C6C206E6F74206265206572617365645E
S2140455802E0A00536C6F74204D616E616765723A23
S214045590206661696C656420746F2065726173654A
S2140455A020256420627974657320696E20736C6F9D
S2140455B074202564206174206164647265737320AA
S2140455C0307825347820286572726F7220307825FA
S2140455D078290A004572617365642025642062791F
S2140455E074657320696E20736C6F742025640A00DA
S2140455F04661696C656420746F2073657420736CEF
S2140456006F7420746F20626F6F7420286572726FD7
S21404561072203078253478290A004661696C6564FE
S21404562020746F20736574206C697374206F662011
S214045630736C6F747320746F20626F6F74202865A8
S21404564072726F72203078253478290A00466169B0
S2140456506C656420746F20676574206E6577206CB3
S214045660697374206F6620736C6F747320746F2074
S214045670626F6F7420286572726F722030782534DA
S21404568078290A00426567696E6E696E6720696DDF
S21404569061676520766572696669636174696F6EB1
S2140456A02E2E2E002E6661696C65642120284572B4
S2140456B0726F72203078253478290A002E70617350
S2140456C07365642120426F6F74696E6720736C6F14
S2140456D0742025640A00666E692B00666E69006E87
S2140456E0616E00666E692D006C6962730062736594
S2140456F06E64007265736574007261770073656E1C
S214045700645F6D756C7469636173740073656E644D
S2140457102D7573696E672D6D756C7469636173742A
S2140457202D62696E64696E670074696D6573796E5F
S21404573063006765742D7074692D726164696F2DDA
S214045740636F6E66696700636F6E6669672D636371
S214045750612D6D6F6465006576656E7473007365A0
S214045760637572697479007A69676265655F7072D9
S214045770696E7400706C7567696E006E6574006B94
S214045780657973006F7074696F6E00706C7567006E
S2140457906368616E67656B6579006368616E6765EB
S2140457A06B007A646F007072696E742072656C6147
S2140457B074656420636F6D6D616E64732E0061742E
S2140457C07472005A646F2072656C61746564206339
S2140457D06F6D6D616E64732E00726F757465007004
S2140457E06F776572006D676D742D6C7169006D67F7
S2140457F06D742D62696E64006E6F64650073696D06
S214045800706C650069656565006E776B00756E6221
S214045810696E64006E776B2D757064006F75742DF9
S214045820636C2D6C69737400696E2D636C2D6C69E2
S2140458307374005A646F20696E2D636C2D6C6973E3
S214045840742072656C6174656420636F6D6D616E3F
S21404585064732E005A646F206F75742D636C2D6C00
S2140458606973742072656C6174656420636F6D6D12
S214045870616E64732E005A646F206E776B2D75709C
S214045880642072656C6174656420636F6D6D616E0F
S21404589064732E007363616E2D6368616E2D6D6193
S2140458A0736B007363616E006368616E50670063B8
S2140458B068616E005A646F20756E62696E64207249
S2140458C0656C6174656420636F6D6D616E64732EC0
S2140458D000756E6963617374006368616E67656BF7
S2140458E065792072656C6174656420636F6D6D61A3
S2140458F06E64732E006C696E6B004F7074696F6E05
S2140459002072656C6174656420636F6D6D616E648E
S214045910732E0072656769737465720064697363D5
S21404592000696E7374616C6C2D636F6465006269E4
S2140459306E64696E672D7461626C65007072696E60
S214045940742D72782D6D736773006170737265744D
S21404595072790041505320726574727920666C61C6
S2140459606720666F72636520636F6D6D616E647326
S21404597000456E61626C65732F44697361626C6581
S21404598073207072696E74696E67206F6620527831
S214045990206D657373616765732E00656E61626C56
S2140459A0650042696E64696E67207461626C652086
S2140459B072656C6174656420636F6D6D616E64738B
S2140459C02E005365637572697479206B657973204C
S2140459D072656C6174656420636F6D6D616E64736B
S2140459E02E0064656C657465004E6574776F726B23
S2140459F02072656C6174656420636F6D6D616E649E
S214045A00732E00666F726D0072656A6F696E2D6420
S214045A106966662D6465766963652D7479706500BC
S214045A2065787470616E69640069736F70656E0082
S214045A3062726F61642D706A6F696E006368616E6E
S214045A4067652D6368616E6E656C00696E697400C7
S214045A506368616E67652D6B6565702D616C69762C
S214045A60652D6D6F64650074696D656F75742D6F53
S214045A707074696F6E2D6D61736B006D756C7469EF
S214045A802D7068792D7374617274006D756C746909
S214045A902D7068792D73746F700066696E64006E7D
S214045AA06574776F726B2066696E6420636F6D6DC4
S214045AB0616E64732E006A6F696E61626C65007550
S214045AC06E7573656400736C6F742D6D616E6167BB
S214045AD0657200636F756E746572730066696E64D2
S214045AE02D616E642D62696E6400667261676D6511
S214045AF06E746174696F6E0067726F7570732D7360
S214045B006572766572006E6574776F726B2D73744A
S214045B10656572696E67006F74612D626F6F746C71
S214045B206F6164006F74612D636C69656E74006FD9
S214045B3074612D73746F726167652D636F6D6D6F1D
S214045B406E006F74612D73746F726167652D656581
S214045B5070726F6D0069646C652D736C656570009A
S214045B607570646174652D74632D6C696E6B2D6B32
S214045B706579007570646174652D74632D6C696E47
S214045B806B2D6B65792072656C6174656420636F38
S214045B906D6D616E64730074696D6572006E6F7707
S214045BA000436F6D6D616E647320746F20636F6E57
S214045BB074726F6C2069646C696E672F736C6565AC
S214045BC070696E67206F6620746865206465766900
S214045BD0636500666F7263652D6177616B6500614E
S214045BE077616B652D7768656E2D6E6F742D6A6FA1
S214045BF0696E6564007265706F7274696E67207290
S214045C00656C6174656420636F6D6D616E64732E7C
S214045C1000636C6561722D6C6173742D7265706FB0
S214045C2072742D74696D6500746573742D74696D72
S214045C30696E67006F74612D73746F726167652D8A
S214045C40656570726F6D2072656C6174656420633F
S214045C506F6D6D616E64732E0077697065006F7486
S214045C60612D73746F726167652D636F6D6D6F6EF2
S214045C702072656C6174656420636F6D6D616E641B
S214045C8073007072696E74496D616765730072653E
S214045C906C6F61640073746F726167652D696E66FC
S214045CA06F00646174612D7072696E74006F746144
S214045CB02D636C69656E742072656C61746564200E
S214045CC0636F6D6D616E64732E00766572696679B6
S214045CD000626C6F636B2D74657374007061676526
S214045CE02D7265717565737400757067726164658D
S214045CF02D726571756573740064697361626C6591
S214045D002D646F776E67726164657300656E616299
S214045D106C652D646F776E677261646573006F746B
S214045D20612D626F6F746C6F61642072656C617450
S214045D30656420636F6D6D616E6473006E65747761
S214045D406F726B2D7374656572696E672072656C0D
S214045D506174656420636F6D6D616E64732E00708C
S214045D6072652D636F6E666967757265642D6B6503
S214045D70792D736574006D61736B2072656C617444
S214045D80656420636F6D6D616E642E007375627456
S214045D90726163740067726F7570732D73657276C3
S214045DA065722072656C6174656420636F6D6D61E5
S214045DB06E64732E00667261676D656E74617469D5
S214045DC06F6E2072656C6174656420636F6D6D61BF
S214045DD06E64732E007365742D72782D77696E6405
S214045DE06F772D73697A6500617274696669636991
S214045DF0616C2D626C6F636B2D64726F7000466904
S214045E006E6420616E642062696E642072656C61E3
S214045E1074656420636F6D6D616E64732E00696EC5
S214045E2069746961746F7200656E61626C655F7433
S214045E3079706500737461636B00617070007A63D7
S214045E406C006C65676163795F61665F6465627543
S214045E506700636F756E746572732072656C617427
S214045E60656420636F6D6D616E64732E0070726975
S214045E706E742D636F756E7465722D74797065001B
S214045E8073696D706C652D7072696E7400707269DA
S214045E906E742D7468726573686F6C6473007365D2
S214045EA0742D7468726573686F6C640072657365CC
S214045EB0742D7468726573686F6C64730073656EB2
S214045EC0642D7265717565737400736563757269A4
S214045ED074792072656C6174656420636F6D6D619E
S214045EE06E6473007365742D616C6C6F772D7472B9
S214045EF07573742D63656E7465722D72656A6F6949
S214045F006E2D7573696E672D77656C6C2D6B6E6F71
S214045F10776E2D6B6579007365742D616C6C6F7785
S214045F202D74727573742D63656E7465722D726547
S214045F306A6F696E2D7573696E672D77656C6C2D47
S214045F406B6E6F776E2D6B65792D74696D656F75E5
S214045F5074007365742D6B65792D72657175657340
S214045F60742D706F6C696379006D66672D746F6B42
S214045F70656E006170730053656375726974792089
S214045F806170732072656C6174656420636F6D6DF7
S214045F90616E64732E004765742F736574204D46D6
S214045FA04720746F6B656E2E00656E64706F696E45
S214045FB0742072656C6174656420636F6D6D616EC8
S214045FC064732E00656570726F6D207574696C69F4
S214045FD074792072656C6174656420636F6D6D619D
S214045FE06E647300536C6F74204D616E61676572E6
S214045FF02072656C6174656420636F6D6D616E6498
S2140460007300626F6F742D736C6F740065726173C6
S214046010652D736C6F74006578742D666C61736897
S2140460202D696E666F00736C6F74732D696E666F80
S214046030005072696E74732074696D652E00507218
S214046040696E7473206174747269627574652E0067
S214046050436C6561727320746865205A444F206CE3
S214046060697374206F6620636C69656E7420286992
S2140460706E2920636C7573746572732E00416464B4
S2140460807320636C75737465727320746F20746800
S21404609065206B6E6F776E20636C69656E7420285E
S2140460A0696E2920636C757374657273206F6E2035
S2140460B074686973206465766963652E00436C654D
S2140460C061727320746865205A444F206C69737437
S2140460D0206F6620636C69656E7420286F7574295A
S2140460E020636C7573746572732E00416464732048
S2140460F0636C75737465727320746F20746865209E
S2140461006B6E6F776E20636C69656E7420286F758E
S214046110742920636C757374657273206F6E2074B3
S214046120686973206465766963652E0053656E64DA
S2140461307320616E20757064617465206368616E97
S2140461406E656C20726571756573742E0063686184
S2140461506E6E656C1F0053656E647320616E2075E9
S2140461607064617465206368616E6E656C2070612E
S2140461706765207265712E205468652073746163A8
S2140461806B2073656E6473206E776B20656E686132
S2140461906E63656420757064617465207265712031
S2140461A0666F72206E6F6E2D7A65726F20706167EF
S2140461B0652E006368616E6E656C1F706167651F8F
S2140461C000506572666F726D7320616E20656E6531
S2140461D0726779207363616E2E00746172676574EA
S2140461E04E6F646549641F7363616E4475726174AF
S2140461F0696F6E1F7363616E436F756E741F004222
S214046200726F6164636173747320746865204944B3
S214046210206F6620746865206E6577206E657477D7
S2140462206F726B206D616E6167657220616E6420AB
S214046230616374697665206368616E6E656C732E3F
S214046240006E776B4D676549641F6368616E6E65A3
S2140462506C4D61736B1F00506572666F726D7320B0
S214046260616E20656E65726779207363616E206F58
S2140462706E20676976656E206368616E6E656C2055
S2140462806D61736B2E007461726765744E6F64651E
S21404629049641F7363616E4475726174696F6E1F1F
S2140462A07363616E436F756E741F6368616E6E65AB
S2140462B06C4D61736B1F0053656E64732061206EB2
S2140462C06574776F726B2061646472657373207291
S2140462D065717565737420666F72207468652067CF
S2140462E06976656E20494545452061646472657328
S2140462F0732E00696565651F005265717565737454
S2140463007320616E20494545452061646472657357
S21404631073206261736564206F6E206120676976FE
S214046320656E206E6F64652049442E006E6F64654A
S21404633049641F0053656E647320612073696D7031
S2140463406C652064657363726970746F722072651D
S214046350717565737420666F72207468652073683F
S2140463606F7274206164647265737320616E642056
S214046370656E64706F696E742073706563696669B0
S21404638065642E00646573741F7461726765744572
S2140463906E64706F696E741F0053656E647320615B
S2140463A0206D6174636844657363726970746F7298
S2140463B0735265717565737420746F2074686520F4
S2140463C0676976656E2064657374696E6174696F57
S2140463D06E20776974682074686520676976656ED0
S2140463E02070726F66696C652E006E6F6465496412
S2140463F01F70726F66696C651F0053656E64732048
S21404640061206E6F64652064657363726970746F6F
S21404641072207265717565737420746F20612067CD
S2140464206976656E20746172676574206465766942
S21404643063652E007461726765741F0053656E642D
S214046440732061205A444F2042696E6420636F6D46
S2140464506D616E6420746F2061206465766963657F
S2140464602073706563696669656420696E20746864
S2140464706520636F6D6D616E6420617267756D650E
S2140464806E74732E0044657374696E6174696F6EFE
S2140464901F536F7572636520656E64706F696E74E2
S2140464A01F44657374696E6174696F6E20656E64EB
S2140464B0706F696E741F636C757374657249441FDC
S2140464C072656D6F746545554936341F646573741B
S2140464D045554936341F0053656E647320616E203B
S2140464E061637469766520656E64706F696E742086
S2140464F07265717565737420746F207468652064A2
S21404650065766963652077697468207468652067B2
S2140465106976656E2073686F72742049442E005342
S214046520656E647320616E20756E62696E64207297
S21404653065717565737420666F72206120756E6967
S214046540636173742062696E64696E6720746F2079
S214046550746865207461726765742064657669631F
S214046560652E007461726765741F736F7572636558
S2140465702065756936341F736F7572636520656EA2
S21404658064706F696E741F636C75737465724944C6
S2140465901F64657374696E6174696F6E4555493618
S2140465A0341F64657374696E6174696F6E20656EFA
S2140465B064706F696E741F0053656E647320616E39
S2140465C020756E62696E64207265717565737420D9
S2140465D0666F722061206D756C74696361737420D4
S2140465E062696E64696E6720746F207468652074CF
S2140465F06172676574206465766963652E007461EC
S214046600726765741F736F75726365206575693686
S214046610341F736F7572636520656E64706F696E80
S214046620741F636C757374657249441F67726F7563
S21404663070416464726573731F0053656E647320DF
S21404664061205A444F204D616E6167656D656E74B6
S214046650204C6561766520636F6D6D616E64207491
S2140466606F2074686520746172676574206465764B
S2140466706963652E007461726765741F72656D6F59
S21404668076654368696C6472656E1F72656A6F69C5
S2140466906E1F0053656E64732061205A444F204D6C
S2140466A0474D542D42696E64202842696E64696EB3
S2140466B067205461626C6529205265717565737430
S2140466C020746F2074686520746172676574206432
S2140466D065766963652E007461726765741F7374EA
S2140466E0617274496E6465781F0053656E64732026
S2140466F061205A444F204D474D542D4C5149202873
S2140467004C5149205461626C652920526571756547
S214046710737420746F20746865207461726765747E
S214046720206465766963652E0053656E6473206124
S214046730205A444F20506F77657220446573637205
S2140467406970746F72205265717565737420746F06
S2140467502074686520746172676574206465766960
S21404676063652E0053656E64732061205A444F207F
S214046770726F757465207265717565737420636FC6
S2140467806D6D616E6420746F207468652074617228
S2140467906765742E007461726765741F696E64653C
S2140467A0781F00696E6465781F65756936341F69DD
S2140467B06E7374616C6C436F64651F00696E646508
S2140467C0781F65756936341F6B65791F005443203E
S2140467D06C696E6B206B6579207265717565737470
S2140467E020706F6C6963791F417070206C696E6BE2
S2140467F0206B6579207265717565737420706F6C93
S2140468006963791F00426F6F6C3A20616C6C6F7716
S2140468102074727573742063656E74657220726575
S2140468206A6F696E207573696E672077656C6C2D68
S2140468306B6E6F776E206B65791F0070726F66697A
S2140468406C6549641F636C757374657249641F00D4
S21404685074617267657449641F00456E61626C6595
S21404686073207072696E74696E67206F6620527842
S214046870206D657373616765732E005365747320AA
S2140468807468652062696E64696E67207461626C00
S2140468906500696E6465781F636C75737465721F32
S2140468A06C6F63616C45701F72656D6F74654570BF
S2140468B01F65756936341F00436C656172732074F6
S2140468C068652062696E64696E67207461626C65CF
S2140468D02E005072696E7473207468652062696E47
S2140468E064696E67207461626C6520746F207468D6
S2140468F06520636F6D6D616E64206C696E652E0035
S214046900436C6561727320616C6C20736563757289
S214046910697479206B6579732E0044656C657465BB
S2140469202074686520737065636966696564206CA5
S214046930696E6B206B657920696E6465782E0050ED
S21404694072696E747320616C6C207365637572690A
S2140469507479206B6579732E005465726D696E6167
S21404696074657320746865206D756C74692D504861
S2140469705920696E74657266616365005573656453
S21404698020746F207374617274206D756C74692D35
S21404699050485920696E74657266616365206F7429
S2140469A0686572207468616E206E6174697665200D
S2140469B0616E6420666F726D20746865206E6574FF
S2140469C0776F726B2E2054686520737461636B2036
S2140469D0757365732073616D652050616E4964201C
S2140469E06173206E617469766520726164696F20D4
S2140469F06E6574776F726B2E00706167651F6368CF
S214046A00616E6E656C1F706F7765721F6F70746948
S214046A106F6E734D61736B20284269742030203D7D
S214046A2020526F757465727320616C6C6F77656441
S214046A302C204269742031203D2042726F616463C9
S214046A4061737420616C6C6F776564291F004174F0
S214046A5074656D70747320746F206368616E676507
S214046A6020746865206368696C642074696D656F5A
S214046A707574206F7074696F6E206D61736B20740B
S214046A806F2066696C746572206F757420756E6409
S214046A906573697261626C652076616C75657320D6
S214046AA028652E672E206E6F206D6F7265207468C1
S214046AB0616E20332064617973292E0074696D65D4
S214046AC06F7574206F7074696F6E206D61736B1FC1
S214046AD000537769746368657320626574776565C7
S214046AE06E20646966666572656E74206B65657093
S214046AF020616C697665206D6F64657320737570AC
S214046B00706F72746564206279206120726F757488
S214046B1065722E004B65657020616C697665206D24
S214046B206F64651F005072696E7473207468652004
S214046B3063757272656E74204E6F64652049442CCA
S214046B402045554936342C20616E642050616E20F1
S214046B5049442E00496E697469616C697A657320CC
S214046B6061206E6574776F726B3B2074686973205E
S214046B7069732061207465737420636F6D6D616E34
S214046B8064207573656420666F722074632D737752
S214046B9061702D6F75742074657374696E672E004A
S214046BA05365747320746865206E6574776F726BB2
S214046BB020696E6465782075736564206279206147
S214046BC06C6C2066757475726520434C4920636F3F
S214046BD06D6D616E64732E20204265666F7265204B
S214046BE0657865637574696E67206120434C492037
S214046BF0636F6D6D616E642C2074686520667261C7
S214046C006D65776F726B207377697463686573203C
S214046C10746F2074686973206E6574776F726B2E58
S214046C20202041667465722074686520636F6D6DFC
S214046C30616E642066696E6973686573206578653D
S214046C40637574696E672C20746865206672616D5E
S214046C5065776F726B2073776974636865732062F7
S214046C6061636B20746F2074686520707265766942
S214046C706F7573206E6574776F726B2E2020546860
S214046C806520434C492075736573207468652073CA
S214046C90616D65206E6574776F726B20696E6465CE
S214046CA07820756E74696C207468652064657669EE
S214046CB0636520726573657473206F72206974202F
S214046CC06973206368616E676564207468726F75A3
S214046CD06768207468697320636F6D6D616E642ED7
S214046CE000417474656D70747320746F20636861FA
S214046CF06E676520646576696365206F76657220C5
S214046D00746F206120646966666572656E742063BC
S214046D1068616E6E656C20676976656E20696E20A4
S214046D20746865206368616E6E656C206172677551
S214046D306D656E742E00546865206368616E6E65BA
S214046D406C20746F206368616E676520746F1F0023
S214046D5066696E64556E7573656450616E49640049
S214046D6066696E644A6F696E61626C654E657477B7
S214046D706F726B005065726D697473206A6F696E0A
S214046D80696E67206F6E20746865206E6574776F11
S214046D90726B20666F72206120676976656E206E5E
S214046DA0756D626572206F66207365636F6E6473BB
S214046DB020414E442062726F616463617374732071
S214046DC061205A444F204D676D74205065726D697A
S214046DD074204A6F696E696E672072657175657393
S214046DE07420746F20616C6C20726F757465727396
S214046DF02E00412073696E676C6520627974652085
S214046E00696E6469636174696E6720686F77206C65
S214046E106F6E6720746865206465766963652073A1
S214046E20686F756C642068617665207065726D693C
S214046E3074206A6F696E696E67207475726E656415
S214046E40206F6E20666F722E20412076616C756509
S214046E50206F662030786666207475726E73206FB5
S214046E606E207065726D6974206A6F696E20696E33
S214046E70646566696E6974656C792E1F004368657F
S214046E80636B73206E6574776F726B20706A6F69BC
S214046E906E207374617475732E005772697465730B
S214046EA02074686520657874656E64656420706116
S214046EB06E20494420666F72207468652064657687
S214046EC06963652E0065787470616E69641F00528C
S214046ED0656A6F696E7320616E206578697374697C
S214046EE06E67206E6574776F726B20696E20612002
S214046EF0736563757265206F7220696E736563755A
S214046F007265206D616E6E657220776974682061A3
S214046F1020646966666572656E7420646576696366
S214046F206520747970652E00426F6F6C65616E2003
S214046F306E6574776F726B206B6579206176616914
S214046F406C6162696C6974791F4368616E6E656C06
S214046F50206D61736B1F416E20656E756D65726181
S214046F6074696F6E20696E6469636174696E672004
S214046F707468652064657669636520747970652035
S214046F80746F2072656A6F696E2061732E5468652B
S214046F9020737461636B206F6E6C79206163636524
S214046FA070747320534C5F5A49474245455F454EBB
S214046FB0445F44455649434520616E6420534C5F04
S214046FC05A49474245455F534C454550595F454EDF
S214046FD0445F4445564943452E1F0052654A6F692F
S214046FE06E732061206E6574776F726B2E00426F2D
S214046FF06F6C65616E206E6574776F726B206B655F
S2140470007920617661696C6162696C6974791F4381
S21404701068616E6E656C206D61736B1F004C6561F4
S2140470207665732061206E6574776F726B2E0054DC
S21404703075726E73207065726D6974206A6F696EFE
S214047040696E67206F6E20666F72207468652061B3
S2140470506D6F756E74206F662074696D6520696E39
S214047060646963617465642E00412073696E676C9D
S21404707065206279746520696E6469636174696EFB
S2140470806720686F77206C6F6E672074686520646D
S21404709065766963652073686F756C6420686176CD
S2140470A065207065726D6974206A6F696E696E67B3
S2140470B0207475726E206F6E20666F722E204120CB
S2140470C076616C7565206F66203078666620747508
S2140470D0726E73207065726D6974206A6F696E20B3
S2140470E0696E646566696E6974656C792E1F004AFC
S2140470F06F696E732061206E6574776F726B206F94
S2140471006E206120676976656E206368616E6E65C1
S2140471106C2C2077697468206120676976656E2018
S214047120545820506F77657220616E642050414E2B
S2140471302049442E00546865206368616E6E656C51
S214047140206F6E20776869636820746F206A6F69A1
S2140471506E20746865206E6574776F726B1F4F6E51
S214047160652D62797465207369676E65642076613F
S2140471706C756520696E6469636174696E672074F2
S214047180686520545820506F77657220746861745F
S2140471902074686520726164696F2073686F756C0B
S2140471A0642062652073657420746F1F54686520BC
S2140471B050414E204944206F6E20776869636820EA
S2140471C0746F206A6F696E20746865206E657477C4
S2140471D06F726B1F00466F726D732061206E65744C
S2140471E0776F726B206F6E206120676976656E20FC
S2140471F06368616E6E656C2C207769746820612004
S214047200676976656E20545820506F7765722061E2
S2140472106E642050414E2049442E00546865206315
S21404722068616E6E656C206F6E207768696368208F
S214047230746F20666F726D20746865206E6574774F
S2140472406F726B1F4F6E652D627974652073696764
S2140472506E65642076616C756520696E6469636129
S21404726074696E672074686520545820506F77657B
S2140472707220746861742074686520726164696F32
S2140472802073686F756C642062652073657420745F
S2140472906F1F5468652050414E204944206F6E206D
S2140472A0776869636820746F20666F726D207468EF
S2140472B065206E6574776F726B1F0054686973205F
S2140472C0696E6974696174657320612054434C4B1C
S2140472D0207570646174652070726F63656475727E
S2140472E0652E00537065636966792074686520614D
S2140472F06D6F756E74206F662074696D6520746F8B
S2140473002077616974206166746572206F6E6520EB
S21404731054434C4B20757064617465206F706572BD
S2140473206174696F6E20636F6D706C65746573202D
S2140473306265666F726520626567696E6E696E6700
S2140473402061206E65772054434C4B207570646131
S2140473507465206F7065726174696F6E2E00546870
S2140473606520616D6F756E74206F662074696D6537
S214047370206265747765656E2073756273657175D2
S214047380656E742074727573742063656E746572AA
S214047390206C696E6B206B6579207570646174650A
S2140473A07320696E206D696C6C697365636F6E64B7
S2140473B0731F00536574206F7220636C65617220BE
S2140473C073746179206177616B65207768656E20D8
S2140473D06E6F74206A6F696E656400536574206FFF
S2140473E07220636C65617220666F726365206177D4
S2140473F0616B6500446973706C61792074686520FC
S214047400736C6565702073746174757300464F52AF
S2140474102054455354494E4720505552504F5345D7
S21404742053202D206761746865722074696D696ED7
S21404743067206D65747269637320666F7220726567
S214047440706F7274696E67207461626C65206F7009
S21404745065726174696F6E732E00436C6561727336
S21404746020746865206C617374207265706F727422
S2140474702074696D65206F66206174747269627524
S2140474807465732E00416464732061206E657720F2
S214047490656E74727920746F2074686520726570E6
S2140474A06F7274207461626C652E00546865206C7B
S2140474B06F63616C20656E64706F696E74206672AB
S2140474C06F6D2077686963682074686520617474DA
S2140474D0726962757465206973207265706F727460
S2140474E065641F54686520636C75737465722077D1
S2140474F06865726520746865206174747269627563
S2140475007465206973206C6F63617465641F5468C6
S21404751065204944206F662074686520617474721F
S2140475206962757465206265696E67207265706F3E
S214047530727465641F3020666F7220636C69656EB2
S214047540742D7369646520617474726962757465F8
S21404755073206F72203120666F72207365727665B1
S214047560722D7369646520617474726962757465DA
S214047570731F546865206D696E696D756D2072653C
S214047580706F7274696E6720696E74657276616C6A
S2140475902C206D6561737572656420696E20736551
S2140475A0636F6E64732E1F546865206D6178696D11
S2140475B0756D207265706F7274696E6720696E747B
S2140475C0657276616C2C206D6561737572656420D6
S2140475D0696E207365636F6E64732E1F546865202E
S2140475E06D696E696D756D206368616E676520747C
S2140475F06F2074686520617474726962757465209E
S214047600746861742077696C6C20726573756C7429
S21404761020696E2061207265706F727420626569DD
S2140476206E672073656E742E1F0052656D6F7665E7
S2140476307320616E20656E7472792066726F6D2099
S214047640746865207265706F7274207461626C650C
S2140476502E0054686520696E646578206F66207411
S2140476606865207265706F727420746F206265207E
S21404767072656D6F7665641F00436C656172732076
S214047680616C6C20656E74726965732066726F6DCA
S21404769020746865207265706F7274207461626C01
S2140476A0652E005072696E74732074686520726566
S2140476B0706F7274207461626C652E005769706511
S2140476C07320616C6C206461746120696E20746838
S2140476D0652073746F726167652064657669636597
S2140476E02E005072696E74732061726269747261DE
S2140476F07279206279746573206F662074686520D9
S2140477004F544120696D616765206F6E206469730C
S2140477106B2E0054686520696E646578206F662059
S21404772074686520696D61676520746F207072697E
S2140477306E742069747320646174611F54686520D4
S2140477406F666673657420696E746F20746865204E
S2140477504F544120696D61676520746861742077B1
S214047760696C6C206265207072696E7465641F00B3
S2140477705072696E747320696E666F726D61746997
S2140477806F6E2061626F7574207468652073746F01
S21404779072616765206465766963652E0052656C60
S2140477A06F6164207468652073746F726167652006
S2140477B06465766963652E0044656C65746573203C
S2140477C074686520696D61676520617420746865F6
S2140477D02073706563696669656420696E6465789C
S2140477E02E0054686520696E64657820617420777D
S2140477F06869636820746F20626567696E206465D3
S2140478006C6574696E672074686520696D61676568
S2140478101F005072696E74732074686520696D6108
S2140478206765732E00456E61626C6573204F544124
S21404783020646F776E6772616465732E00446973A3
S21404784061626C6573204F544120646F776E677273
S214047850616465732E0053656E647320616E2055F3
S214047860706772616465456E64526571756573749C
S21404787020746F20616E204F5441207365727665C4
S214047880722E0043616E20626520757365642074F1
S2140478906F2064796E616D6963616C6C79207475B0
S2140478A0726E206F66662073656E64696E672070FC
S2140478B0616765207265717565737473206F6E20D9
S2140478C074686520636C69656E7420736964652CDE
S2140478D02069662074686520736572766572206414
S2140478E06F65736E277420737570706F727420746E
S2140478F068697320666561747572652E00426F6FE1
S2140479006C65616E2076616C7565207475726E693F
S2140479106E67206F6E20283129206F72206F66668E
S2140479202028302920746865207061676520726598
S214047930717565737420666C61671F0053656E64A9
S2140479407320616E20696D61676520626C6F636B7E
S214047950207265717565737420666F722061206687
S214047960696C652074686520736572766572207329
S214047970686F756C64206E6F7420686176652E205F
S2140479802054657374206861726E657373206F6E1D
S2140479906C79202874657374206361736520392EAE
S2140479A0352E36202D204D697373696E672046691F
S2140479B06C6529005072696E747320696E666F7206
S2140479C06D6174696F6E206F6E20746865206375D0
S2140479D07272656E74207374617465206F662074A9
S2140479E06865204F544120636C69656E7420646F2B
S2140479F0776E6C6F61642E0053746F7073207468B6
S214047A0065204F5441207374617465206D6163680A
S214047A10696E652E005374617274732074686520F1
S214047A204F544120636C69656E7420737461746589
S214047A30206D616368696E652E20546865207374D2
S214047A40617465206D616368696E6520646973633B
S214047A506F7665727320746865204F544120736591
S214047A60727665722C207175657269657320666F0F
S214047A7072206E657720696D616765732C20646F6C
S214047A80776E6C6F6164732074686520696D6167D6
S214047A90657320616E6420776169747320666F7203
S214047AA0207468652073657276657220636F6D6DE9
S214047AB0616E6420746F20757067726164652E0051
S214047AC05072696E747320746865206D616E756695
S214047AD0616374757265722049442C20496D616730
S214047AE06520547970652049442C20616E642056C4
S214047AF0657273696F6E20696E666F726D61746904
S214047B006F6E207468617420617265207573656495
S214047B10207768656E2061207175657279206E65C0
S214047B20787420696D6167652069732073656E7467
S214047B3020746F207468652073657276657220629F
S214047B40792074686520636C69656E742E005065D0
S214047B5072666F726D73207369676E617475726591
S214047B6020766572696669636174696F6E206F6EEC
S214047B702074686520696D61676520617420746887
S214047B80652073706563696669656420696E6465FB
S214047B90782E0054686520696E64657820617420C8
S214047BA0776869636820746F20626567696E2076FB
S214047BB06572696669636174696F6E206F662074A6
S214047BC0686520696D6167651F00426F6F746C6F2E
S214047BD06164732074686520696D616765206174EB
S214047BE020746865207370656369666965642069D6
S214047BF06E6465782062792063616C6C696E6720B8
S214047C00746865204F544120626F6F746C6F6164B2
S214047C102063616C6C6261636B2E00546865206936
S214047C206E64657820617420776869636820746F71
S214047C3020626567696E20626F6F746C6F61646939
S214047C406E672074686520696D6167651F005072F1
S214047C50696E747320696E666F2061626F75742036
S214047C6074686520696E7374616C6C656420626FF9
S214047C706F746C6F616465722E0053756274726102
S214047C806374732061206368616E6E656C2066722F
S214047C906F6D2065697468657220746865207072FB
S214047CA0696D617279206F72207365636F6E6461AB
S214047CB07279206368616E6E656C206D61736B20EB
S214047CC06F6620746865206E6574776F726B2D73AB
S214047CD074656572696E6720636F6D706F6E656E2E
S214047CE0742E00546865206368616E6E656C206D42
S214047CF061736B20746F2073756274726163742091
S214047D00746865206368616E6E656C2066726F6D5C
S214047D101F546865206368616E6E656C20746F20FE
S214047D20737562747261637420746865206D617320
S214047D306B2066726F6D1F0041646473206120635C
S214047D4068616E6E656C20746F2065697468657210
S214047D5020746865207072696D617279206F722074
S214047D607365636F6E64617279206368616E6E65B5
S214047D706C206D61736B206F6620746865206E6579
S214047D8074776F726B2D7374656572696E672063A2
S214047D906F6D706F6E656E742E0054686520636830
S214047DA0616E6E656C206D61736B20746F20616408
S214047DB0642061206368616E6E656C20746F1F5466
S214047DC06865206368616E6E656C20746F206164FC
S214047DD06420746F20746865206D61736B1F005394
S214047DE065747320656974686572207468652070AC
S214047DF072696D617279206F72207365636F6E6449
S214047E00617279206368616E6E656C206D61736B58
S214047E102E00546865206368616E6E656C206D6123
S214047E20736B20746F20737562747261637420744C
S214047E306865206368616E6E656C2066726F6D1F80
S214047E405468652076616C756520746F207365745C
S214047E5020746865206368616E6E656C206D61735E
S214047E606B20746F2E1F005365747320746865202E
S214047E707072652D636F6E66696775726564206BD4
S214047E80657920736F207468617420746865206A4D
S214047E906F696E696E6720646576696365206361E1
S214047EA06E20656E74657220746865206E657477DE
S214047EB06F726B2E0053657473207468652070723D
S214047EC065636F6E66696775726564206B65791F96
S214047ED00053746F707320746865206E6574776FD2
S214047EE0726B207374656572696E672070726F6357
S214047EF06573732E005374617274732074686520FE
S214047F006E6574776F726B207374656572696E67DD
S214047F102070726F636573732E0041206D61736BFE
S214047F20206F66206F7074696F6E7320666F7220A0
S214047F30696E6469636174696E67207370656369EA
S214047F40666963206265686176696F722077697412
S214047F5068696E20746865206E6574776F726B2D21
S214047F607374656572696E672070726F6365737388
S214047F702E1F00446973706C6179732074686520E1
S214047F8063757272656E7420737461747573206F92
S214047F906620746865206E6574776F726B207374E0
S214047FA0656572696E672070726F636573732E0001
S214047FB0436C65617273207468652067726F7570B0
S214047FC073207461626C65206F6E206576657279C5
S214047FD020656E64706F696E74005072696E747397
S214047FE020696E666F726D6174696F6E2061626F70
S214047FF075742074686520636F6E74656E74732080
S2140480006F66207468652067726F7570732074617C
S214048010626C652E004172746966696369616C6C92
S214048020792064726F70732074686520626C6F6365
S2140480306B206E756D62657220646566696E656434
S21404804020627920746865207061737365642061AA
S2140480507267756D656E74206F6E6C79206F6E63D3
S214048060652C20616E64207468656E20616C6C6F8C
S21404807077732069742075706F6E20612072657442
S21404808072792E0054686520626C6F636B206E757F
S2140480906D62657220746F206172746966696369C3
S2140480A0616C6C792064726F7020746F20666F72D6
S2140480B063652061207265747279202D207365745F
S2140480C020746F203078464620746F20646973618C
S2140480D0626C651F0053657473207468652072654E
S2140480E063656976652077696E646F772073697A4D
S2140480F0652E2020427920646566696E6974696F0E
S2140481006E20696E2074686520536D617274204514
S2140481106E657267792070726F66696C6520697423
S214048120206D7573742062652073657420746F20E7
S2140481303120627574207468697320616C6C6F7783
S2140481407320697420746F206265206368616E67AB
S21404815065642E00546865206D6178206E756D62C6
S2140481606572206F662074686520626C6F636B733B
S214048170207265636569766564206265666F7265FC
S21404818020616E204150532061636B206973206721
S214048190656E6572617465641F004D616B6573205E
S2140481A074686973206E6F646520737461727420DA
S2140481B06964656E74696679696E672061732061A7
S2140481C02074617267657420666F722062696E64DB
S2140481D0696E67207769746820616E20696E6974B9
S2140481E06961746F72206E6F64652E005468652032
S2140481F0656E64706F696E74206F6E20776869634D
S2140482006820746F20626567696E2074686520460E
S214048210696E64696E6720616E642042696E646983
S2140482206E67207461726765742070726F6365731D
S214048230731F004D616B65732074686973206E6FDD
S21404824064652073746172742074686520696E694D
S214048250746961746F722070617274206F66207422
S21404826068652066696E64696E6720616E64206264
S214048270696E64696E672070726F636573732E002F
S21404828054686520656E64706F696E74206F6E2026
S214048290776869636820746F20626567696E207406
S2140482A068652046696E64696E6720616E64204264
S2140482B0696E64696E6720696E69746961746F7249
S2140482C02070726F636573731F00456E61626C6520
S2140482D02F64697361626C652064656275672060EB
S2140482E06C656761637920617070206672616D6584
S2140482F0776F726B20646562756760207072696E52
S2140483007420747970652E00456E61626C652F6406
S214048310697361626C651F00456E61626C652F64EB
S214048320697361626C6520646562756720607A6350
S2140483306C60207072696E7420747970652E0045C6
S2140483406E61626C652F64697361626C6520646536
S214048350627567206061707060207072696E742048
S214048360747970652E00456E61626C652F6469735E
S21404837061626C652064656275672060636F726510
S21404838060207072696E7420747970652E00456E74
S21404839061626C652F64697361626C6520646562F2
S2140483A075672060737461636B60207072696E74A5
S2140483B020747970652E0053656E64732061207294
S2140483C065717565737420666F72204F544120631F
S2140483D06F756E746572732E0052657365747320C0
S2140483E0616C6C207468726573686F6C6473207655
S2140483F0616C75657320746F203078464646462E49
S21404840000536574732061207468726573686F6CBA
S214048410642076616C756520666F722061207061D9
S21404842072746963756C61722074797065206F6606
S21404843020636F756E7465722E0054797065206FB4
S2140484406620636F756E7465721F54687265736810
S2140484506F6C642056616C75651F005072696E748B
S2140484607320746865207468726573686F6C6473CF
S214048470206F6620616C6C2074686520636F756E6F
S214048480746572732E00436C6561727320616C6C44
S21404849020636F756E7465722076616C7565732ED5
S2140484A0005072696E747320616C6C20636F756E15
S2140484B07465722076616C7565732E005072696EF1
S2140484C07473207468652076616C7565206F662009
S2140484D07468697320706172746963756C61722064
S2140484E0636F756E7465722E0054686520636F75CD
S2140484F06E746572207479706520746F207072696A
S2140485006E741F005072696E747320616C6C206305
S2140485106F756E7465722076616C75657320616E16
S2140485206420636C65617273207468656D2E0053F5
S2140485306574204D464720746F6B656E2C2043414E
S2140485404E4E4F5420424520554E534554204259D2
S21404855020434C492E005072696E74204D464720C5
S214048560746F6B656E2E005072696E74206163744E
S214048570697665206576656E74732E00446973614A
S214048580626C652074686520656E64706F696E74CD
S21404859020666F72205A434C206D6573736167655D
S2140485A0732E00456E64706F696E7420696E646520
S2140485B0781F00456E61626C65732074686520657B
S2140485C06E64706F696E7420666F72205A434C2016
S2140485D06D657373616765732E005072696E7420DF
S2140485E0737461747573206F6620656E64706F694A
S2140485F06E74732E0053686F7773207468652076E4
S214048600657273696F6E206F662074686520736F79
S2140486106674776172652E005365742074686520ED
S214048620636F6E66696775726564203830322E3102
S214048630352E3420434341206D6F646520696E20D7
S21404864074686520726164696F2E205365652064C2
S2140486506F63756D656E746174696F6E207265679D
S214048660617264696E67205241494C5F49454545CD
S2140486703830323135345F4363614D6F64655F74FF
S2140486802E0041205241494C5F4945454538303219
S2140486903135345F4363614D6F64655F7420766182
S2140486A06C75651F0052657475726E73205054495C
S2140486B020726164696F20636F6E66696720696EF5
S2140486C0666F726D6174696F6E20746F2064657472
S2140486D065726D696E65207468652050485920740B
S2140486E0797065206265696E6720757365642062BB
S2140486F079205241494C2E2072657475726E20762C
S214048700616C756520697320656E756D20524149EC
S2140487104C5F494545453830323135345F507469CD
S214048720526164696F436F6E6669675F7420652E75
S2140487306720205241494C5F49454545383032311F
S21404874035345F5054495F524144494F5F434F4E5E
S2140487504649475F32503447485A203D20307830E7
S2140487603055205241494C5F4945454538303231F1
S21404877035345F5054495F524144494F5F434F4E2E
S2140487804649475F32503447485A5F414E5444493D
S21404879056203D203078303155205241494C5F49AF
S2140487A04545453830323135345F5054495F52417F
S2140487B044494F5F434F4E4649475F32503447481B
S2140487C05A5F434F4558203D20307830325520526A
S2140487D041494C5F494545453830323135345F5060
S2140487E054495F524144494F5F434F4E4649475FA1
S2140487F032503447485A5F414E544449565F434FBB
S2140488004558203D2030783033550053656E6473E8
S21404881020612072656164206174747220666F72D0
S214048820207468652074696D65206F6620746865B9
S2140488302064657669636520737065636966696537
S214048840642E2049742073657473206120666C61FD
S2140488506720736F207768656E2069742067657477
S214048860732074686520726573706F6E7365206913
S2140488707420777269746573207468652074696DF2
S2140488806520746F20697473206F776E2074696D29
S2140488906520617474722E0049641F737263456E9A
S2140488A064706F696E741F64657374456E64706F6C
S2140488B0696E741F005768656E2073656E64696E12
S2140488C067207573696E6720612062696E64696EDD
S2140488D0672C2073706563696669657320776865BD
S2140488E0746865722061206D756C74696361737455
S2140488F02062696E64696E672073686F756C6420A5
S214048900626520757365642E007573654D756C74A9
S214048910696361737442696E64696E671F005365A8
S2140489206E64732061207072652D6275666665726A
S2140489306564206D756C746963617374206D65730A
S2140489407361676520746F206120676976656E20A1
S21404895067726F75702049442066726F6D206120BF
S214048960676976656E20656E64706F696E742E0036
S21404897067726F757049641F7372632D656E6470D9
S2140489806F696E741F00437265617465732061209D
S2140489906D657373616765206279207370656369BA
S2140489A06679696E672074686520726177206279DB
S2140489B07465732E20557365207468652073656E20
S2140489C06420636F6D6D616E6420746F2073656ED2
S2140489D06420746865206D657373616765206F6EC7
S2140489E0636520697420686173206265656E206320
S2140489F07265617465642E2045783A20726177202A
S214048A00307830303046207B3030203041203030D3
S214048A102031312032322033332034342035357D32
S214048A202073656E64732061206D6573736167657A
S214048A3020746F20636C757374657220313520283A
S214048A4030783030304629206F66206C656E677447
S214048A5068203820776869636820696E636C75647B
S214048A60657320746865205A434C206865616465A4
S214048A70722E00436C757374657249641F44617486
S214048A80611F0052657365747320746865206E6F89
S214048A9064652E005772697465732061206D657372
S214048AA0736167652E00456E64706F696E741F434C
S214048AB06C75737465722049441F417474726962DC
S214048AC07574652049441F4D61736B1F446174615E
S214048AD020747970651F4461746120627974651F1F
S214048AE00052656164732061206D65737361676508
S214048AF02E00456E64706F696E741F436C757374D4
S214048B0065722049441F41747472696275746520E5
S214048B1049441F3120696620736572766572206445
S214048B206972656374696F6E2C20302069662063F1
S214048B306C69656E7420646972656374696F6E1F10
S214048B400053656E64732061206D65737361676599
S214048B502E0044657374696E6174696F6E1F536F7B
S214048B607572636520656E64706F696E741F446504
S214048B707374696E6174696F6E20656E64706F6974
S214048B806E741F00536F7572636520656E64706F34
S214048B90696E741F004C6973747320776869636820
S214048BA0206F7074696F6E616C206C69627261729A
S214048BB0696573206F662074686520737461636BDF
S214048BC02061726520696D706C656D656E74656490
S214048BD0206F6E2074686973206465766963652EF9
S214048BE0005072696E747320696E666F726D61747C
S214048BF0696F6E2061626F757420746865206E6597
S214048C0074776F726B2073746174652C20636C7553
S214048C1073746572732C20616E6420656E64706F65
S214048C20696E74732E006F66667365741F005072E7
S214048C30696E747320696E666F726D6174696F6EA7
S214048C4020666F7220616C6C20617661696C61626B
S214048C506C6520736C6F74732E00526561647320A8
S214048C6072617720646174612066726F6D20666C31
S214048C706173682073746F726167652E0041646463
S214048C807265737320746F20726561641F4E756D10
S214048C90626572206F6620627974657320746F2033
S214048CA0726561641F005072696E747320666C612D
S214048CB073682073746F7261676520696E666F727D
S214048CC06D6174696F6E2E004572617365732074EE
S214048CD068652073706563696669656420736C6F84
S214048CE0742049442E0053746F7261676520736C58
S214048CF06F74206E756D6265721F00426F6F7473B9
S214048D002074686520696D61676520696E207468E3
S214048D10652073706563696669656420736C6F7437
S214048D202049442E00434C4920696E7374616E6377
S214048D3065206578616D706C650064756D6D795F2E
S214048D40696E7374005A434C20636F6D6D616E6474
S214048D507300626173696300676C6F62616C006DB7
S214048D6066672D636F6465007573652D6E6578742C
S214048D702D73657175656E636500782D646566612F
S214048D80756C742D7265737000746573742D7265DA
S214048D9073706F6E73652D6F6E00746573742D72C9
S214048DA06573706F6E73652D6F6666005A434C204C
S214048DB0626173696320636C757374657220636F94
S214048DC06D6D616E6473007274666400436F6D6DDE
S214048DD0616E6420746861742072657365747320B0
S214048DE0616C6C2061747472696275746520766156
S214048DF06C75657320746F20666163746F72792076
S214048E0064656661756C742E005241494C006C6F43
S214048E107765722D6D61632D7261696C2D38303201
S214048E202E31352E342E63006C69627261696C2EA5
S214048E306100756E636C61696D6564006275666673
S214048E4065722D6D616E6167656D656E742E630067
S214048E506576656E742D71756575652E63007A6921
S214048E60676265652D75707065722D6D61632E631E
S214048E70006E65696768626F722E63006173736F54
S214048E8063696174696F6E2E630031383231730022
S214048E903134323231003132310032730031323201
S214048EA0313132003132323131003238310038312A
S214048EB031003138323131003132313131323132F0
S214048EC032323173003132320031323131323231A2
S214048ED000313131310032323800726F7574652DCD
S214048EE07461626C652E63006D61632D6D756C74C0
S214048EF0692D6E6574776F726B2E63006C6567619F
S214048F0063792D7061636B65742D62756666657230
S214048F102E630000000002000000000000000000B5
S214048F20BA04000000000200000000000000000078
S214048F30BA040000000102030E312E312E322D62D7
S214048F4064653661316235000100000203030100E6
S214048F5006000000000003000000000013B779FAC2
S214048F60C925DDB7ADF3CFE0F1B614B801020000B1
S214048F7000000000FFFFFFFF0100000001000000EA
S214048F8000000000000000000000000000000000D8
S214048F9000000000000000000000000000000000C8
S214048FA0000000000000000000000000033F1F0057
S214048FB0CB500300C7500300A550030073500300B2
S214048FC003510300D5500300755003002C00000025
S214048FD0020202030000000001020000000801B4BF
S214048FE0849004000008015A4090040000080040E1
S214048FF0FC8F040000000000000000000000FCFEDF
S214049000FFFF000000000000FFFF0000000000005B
S214049010FFFF000000000000FFFF0000000000004B
S21404902040001806F4D200002C00B0023DBE00003A
S2140490301700F2000C7C00000C0041009E42000069
S2140490406400FCFEFFFF000000000000FFFF0000BD
S214049050000000005A00F306A554FEFF2100A301F9
S214049060A1FEFFFF1100A600832700000A0061008E
S214049070DC26000006003B00F82000000300150074
S214049080AD130000C800FCFEB4008B087BC0FBFFD9
S2140490904D00E402E756FFFF2C00A20183EBFFFF1E
S2140490A01A000301B31A00001100A300552900009A
S2140490B00A005E005A28000006003A00212200003A
S2140490C0040018007316000009460400C6FA0300DC
S2140490D0C6FA0300C6FA0300C6FA0300C6FA03007B
S2140490E0C6FA0300C6FA0300C6FA0300C6FA03006B
S2140490F0C6FA0300C6FA0300C6FA0300C6FA03005B
S214049100C6FA0300C6FA0300C6FA0300C6FA03004A
S214049110C6FA0300C6FA0300C6FA0300C6FA03003A
S214049120C6FA0300C6FA0300C6FA0300C6FA03002A
S214049130C6FA0300C6FA0300D4FA0300C6FA03000C
S214049140E9FA0300C6FA0300C6FA03000EFB03009E
S214049150C6FA0300C6FA0300C6FA0300C6FA0300FA
S21404916036FB0300C6FA0300C6FA0300C6FA030079
S214049170C6FA03004EFB0300C6FA03006CFB0300AA
S2140491800B0000000B00000002000000000020207E
S21404919000000000030000008C8C3C00000000006F
S2140491A0000000000000000000000058120000004C
S2140491B000000000FFFFFFFFFFFFFFFFFFFFFFFFB2
S2140491C0554E4B00474F200042544C00474F320048
S2140491D0474F3300474F3400474F3500474F36005C
S2140491E0474F3700474F3800474F3900474F410035
S2140491F0474F4200474F4300474F4400474F450000
S214049200474F46004A4D50004244520055505200C3
S21404921042544D004D534D0046544C00554E4B00A1
S214049220474F200042544C004241440046544C00F0
S214049230465243004F54410044534C0042415000B0
S21404924055504700544D450046415500545A460073
S214049250554E4B0050494E00454D3400554E4B007C
S21404926048562000554E4B00455850004C574D006C
S214049270554E4B005242540044534C00454D340066
S214049280554E4B0041535400554E4B00564659001C
S214049290494E4800554E4B004C434B0058544C0026
S2140492A04F424600554E4B00485244004D454D0033
S2140492B0425553005553470044424700444D41002D
S2140492C056435400554E4B00555020005250200033
S2140492D0415030004150310041502000445020009D
S2140492E044454300C0910400C49104001C92040049
S2140492F0509204005C92040064920400709204008D
S214049300809204008892040094920400A4920400BC
S214049310C4920400554E4B004649420042544C0049
S214049320455854005057520057444700205357009E
S214049330435253004653480042414400464C5400AE
S21404934042524F0001040103030601050105010909
S2140493500600060B0000070B050B000000000000CB
S214049360000000000400E40C0A00010410010000E0
S214049370000500020000030000960400FC950400AB
S214049380E8950400E4950400E0950400DC950400E8
S214049390CA950400BA950400A095040098950400A4
S2140493A08E9504008C950400749504007195040051
S2140493B06995040058950400489504003695040001
S2140493C01C950400149504000895040004950400F4
S2140493D000950400F2940400E7940400CE9404007C
S2140493E0B594040059940400589404004894040066
S2140493F020940400159404001494040000940400BB
S2140494000000000000000000000000000000000053
S214049410000000000F000000000000000000000034
S2140494200000000000000000000000000000000033
S2140494300000000000000000000000000000000023
S2140494400000000000000000010000000000000012
S21404945000000000000000000F00000000000000F4
S21404946000000000000000000000000000000000F3
S21404947000000000000000000000000000000000E3
S21404948000000000000000000000000000000000D3
S21404949000000000000000000000000000000000C3
S2140494A000000000000000000000000000000000B3
S2140494B000000000000000000000000000000000A3
S2140494C00000000000000000000000000000000093
S2140494D00000000000000000000000000000000083
S2140494E00000000000000000000000000000000073
S2140494F00000000000000000000000000000000063
S2140495000000000000000000FFFFFFFFFFFFFFFF5A
S214049510FFFF000000000000000000000000000044
S2140495200000000000000000000000000000000032
S2140495300000000000000000000000000000000022
S2140495400000000000000000000000000000000012
S2140495500000000000000000000000000000000002
S214049560000000000000000000FFFFFFFFFFFFFFF9
S214049570FF9C0000FF000000000000000000000048
S2140495800000000000000000800000000000FFFF54
S214049590FFFFFFFFFFFFFFFF00000000FFFF0000CC
S2140495A000000000000000000000000000000000B2
S2140495B000000000000000000000FFFFFF000000A5
S2140495C00000000000000000000000000000000092
S2140495D00000000000000000000000000000000082
S2140495E00000000000000000000000000000000072
S2140495F00000000000000000000000000000000062
S214049600FC03010101010101010101010101010144
S2140496100100000000000001002006000000060112
S2140496200100002002041104040211101A080A02A0
S2140496301801081110111A080A04020D0B19195CF6
S2140496400110280B011400000000000000000000B8
S21404965000000000000101010101010001010101F7
S21404966001010100000101010001000101000000E8
S21404967000000000000000000000000000010000E0
S21404968000000000000000000000000001FF0100D0
S21404969023E1010075E4010063E2010063E50100D3
S2140496A062E1010079EB010064EE010024E10100AF
S2140496B025E1010026E1010027E1010028E101007F
S2140496C029E101002AE101000000010080000100F8
S2140496D00001010080010100000201008002010077
S2140496E020E20100000301000005010080050100DE
S2140496F0000601002C890100800601000007010015
S21404970001E5010002E501000008010080080100EF
S2140497100040010086321010FFFFFFFFFFFFFFFF2F
S214049720F3030400F9030400FF0304000504040023
S2140497300B0404005A6967426565416C6C69616E86
S214049740636530394E574B205374656572696E678E
S214049750000095969595950507090D0000000000F4
S2140497600001020304060000371A0400D22D040088
S214049770EC2D0400032E0400162E0400262E0400EE
S2140497803A2E04004C2E04005C2E0400782E0400AE
S2140497908D2E04000208010D0D01010112010000C6
S2140497A0FFFFFFFFFFFFFFFF0000000000000000B8
S2140497B00109050100020000000000031EF1EE0B83
S2140497C0D0970400C83A040009460400FE000000CE
S2140497D0E43A04003099040000000000EE3A040065
S2140497E02099040000000000FB3A040010990400CD
S2140497F000000000083B040000990400000000007C
S214049800263B0400EC980400000000001E3B040005
S214049810D898040000000000253B0400C498040007
S21404982000000000333B0400B4980400000000006D
S214049830A5390400A0980400000000002C3B040096
S2140498409098040000000000383B04007C98040054
S21404985000000000240204006C98040000000000CD
S214049860000000000000000000000000B9680300CB
S214049870493B0400863B0400010100FF29E6000082
S214049880AF3B0400F43B0400010100010107FF00A4
S214049890E5E50000413C0400AC3C0400010100FF87
S2140498A025E50000CD3C0400E63C04000001010070
S2140498B0FF000000CB6803000B3D0400633D04007A
S2140498C00101FF00B36803007A3D0400D13D0400A3
S2140498D001010207FF000000AD6803007A3D0400A2
S2140498E0D13D040001010207FF000000A768030041
S2140498F07A3D0400D13D040001010207FF00000088
S214049900D9E40000F23D0400313E0400010101FFE9
S21404991079E40000503E0400953E0400010000FF78
S21404992035E40000503E0400953E0400010000FFAC
S214049930BDE40000BC3E0400C23C040000FF00007E
S214049940A1680300113F04004C6A0400FF000000F5
S2140499509B680300843F04004C6A0400FF00000078
S21404996015E40000F33F04006840040000FF000014
S214049970EDE3000080400400E240040000FF000025
S2140499808D680300F34004003941040002FF000020
S214049990B5E3000042410400B641040001FF0000A4
S2140499A02F42040012420400214204002D42040007
S2140499B03E420400544204006A4204007442040016
S2140499C07E420400000000008245040011000000EE
S2140499D08E450400120000009645040013000000A3
S2140499E09E45040021000000A64504002200000055
S2140499F0AD45040023000000B4450400AA0000009E
S214049A00BB450400FF00000000000000FFFFFFFF4E
S214049A10FFFFFFFF00000000000000000000010838
S214049A200109020A030B040C050D060E070F0810A5
S214049A3001180119021A031B041C051D061E071F24
S214049A4008200121022203230424052506260727CD
S214049A5008280129022A032B042C052D062E072F7D
S214049A6008300131023203380239043A08E004E1CE
S214049A7004E204E802E902EA04F008F11000000037
S214049A800000000002050000E89A040002000F002F
S214049A90109B040002000F00389B040002000F0015
S214049AA0609B040002000F00889B040002000F0065
S214049AB0B09B040002000F00D89B040002000F00B5
S214049AC0009C040002000F00289C040002000F0003
S214049AD0509C040002000F00789C040002000F0053
S214049AE0A09C040002000F0000000000C89C0400B4
S214049AF00300000040000000000000001900000001
S214049B00EC9C040004000F0080000000000000002D
S214049B1000000000C89C0400030000004000000091
S214049B200000000019000000EC9C040004000F0074
S214049B30800000000000000000000000C89C040034
S214049B4003000000400000000000000019000000B0
S214049B50EC9C040004000F008000000000000000DD
S214049B6000000000C89C0400030000004000000041
S214049B700000000019000000EC9C040004000F0024
S214049B80800000000000000000000000C89C0400E4
S214049B900300000040000000000000001900000060
S214049BA0EC9C040004000F0080000000000000008D
S214049BB000000000C89C04000300000040000000F1
S214049BC00000000019000000EC9C040004000F00D4
S214049BD0800000000000000000000000C89C040094
S214049BE00300000040000000000000001900000010
S214049BF0EC9C040004000F0080000000000000003D
S214049C0000000000C89C04000300000040000000A0
S214049C100000000019000000EC9C040004000F0083
S214049C20800000000000000000000000C89C040043
S214049C3003000000400000000000000019000000BF
S214049C40EC9C040004000F008000000000000000EC
S214049C5000000000C89C0400030000004000000050
S214049C600000000019000000EC9C040004000F0033
S214049C70800000000000000000000000C89C0400F3
S214049C80030000004000000000000000190000006F
S214049C90EC9C040004000F0080000000000000009C
S214049CA000000000C89C0400030000004000000000
S214049CB00000000019000000EC9C040004000F00E3
S214049CC080000000000000000000200120000000CA
S214049CD0080000000400422130000000609D0400DB
S214049CE000FF420030000000000000000000F00802
S214049CF040000000819D0400010023044000000091
S214049D00899D0400060030014000000000000000A9
S214049D10FDFF2102400000000100000019000004BD
S214049D2019000101190002041900030119000504B1
S214049D30190006011900070404004100E9000100A7
S214049D40060041003971030019008100D91D010085
S214049D50190084006528010000800000000000004F
S214049D6006435553544F4D00000000000000000009
S214049D7000000000000000000000000000000000DA
S214049D8000FFFFFFFFFFFFFFFFFFFFFFFF000401D1
S214049D900401040104010401040104010401040192
S214049DA0040104010401FFFFFFFFFFFFFFFFFFFFA5
S214049DB0FFFFFFFFFFFFFFFFFFFFFFFFFFFF0001A7
S214049DC002030405060708090A0B1F1C1F1E1F1E94
S214049DD01F1F1E1F1E1F07021F012F0037013F00F3
S214049DE05701DF02E700FF02000000000000000049
S214049DF0000000000000000000000000000000005A
S214049E00000000000000000000000000214C0400D8
S214049E1019000000274C0400FFFF000000000000AB
S214049E20F24C0400FD4C040009460400054D0400F1
S214049E30134D040009460400264D0400314D040069
S214049E403F4D0400434D0400534D04003F1B0400E3
S214049E50634D0400674D0400724D04007C4D0400FD
S214049E60864D04008A4D0400984D0400AC4D040051
S214049E70C24D040000800000000000000000000046
S214049E8000000000FFFFFFFFFF00000000000000CE
S214049E904DAD010000000000000000000000F03F8F
S214049EA000000000000024400000000000005940AC
S214049EB00000000000408F40000000000088C340FF
S214049EC000000000006AF8400000000080842E4174
S214049ED000000000D01263410000000084D79741C0
S214049EE00000000065CDCD41B81E0400D8B40400BF
S214049EF000000000E8560400C8B404000000000097
S214049F00ED560400B8B4040000000000EE56040049
S214049F10A8B4040000000000333B040094B404001A
S214049F2000000000263B040080B40400000000008B
S214049F30F356040070B4040000000000F956040050
S214049F4060B4040000000000FD56040050B4040091
S214049F50000000000C57040040B404000000000099
S214049F602957040030B404000000000032570400EF
S214049F7020B40400000000004757040010B4040096
S214049F80000000007A2C040000B404000000000066
S214049F9057570400C0B30400000000004E5B0400E2
S214049FA04CAB0400000000000A4B04000CAB040099
S214049FB0000000005E5704004CAA040000000000E5
S214049FC06757040050A904000000000074570400FA
S214049FD044A5040000000000904D04001CA40400E6
S214049FE0000000007B5704001CA4040001000000CD
S214049FF07F570400DCA3040000000000845704001C
S21404A000A0A2040000000000B8FB0300A0A2040005
S21404A010010000007457040044A50400000000007A
S21404A0208B57040044A50400010000009057040068
S21404A0306CA20400000000009A5704006CA20400FE
S21404A04001000000A25704009CA0040000000000C9
S21404A0502903040068A004000000000000000000BB
S21404A060000000000000000078A00400A6570400CA
S21404A07009460400FE000000BE570400F4AB0400CA
S21404A08000000000235C0400E4AB040000000000B1
S21404A090000000000000000000000000ACA0040067
S21404A0A0C357040009460400FE000000D957040004
S21404A0B074AD040000000000DF57040064AD040023
S21404A0C000000000E557040054AD04000000000042
S21404A0D0EE57040044AD0400000000006A000400CB
S21404A0E034AD04000000000074FE0300FCAC040061
S21404A0F0000000007B070400E8AC04000000000039
S21404A100F8570400D8AC04000000000068030400FC
S21404A110C8AC040000000000FD570400B8AC0400FE
S21404A1200000000004580400A8AC0400000000006E
S21404A1300958040098AC0400000000000D58040000
S21404A14038A204000000000014580400E0A1040033
S21404A150000000001C580400ACA10400000000002D
S21404A1602858040078A10400000000000000000045
S21404A170000000000000000088A10400335804001A
S21404A18009460400FE000000B315040014AC0400E5
S21404A190000000006442040004AC04000000000058
S21404A1A0000000000000000000000000BCA1040045
S21404A1B05458040009460400FE000000B3150400C9
S21404A1C034AC0400000000006442040024AC040024
S21404A1D00000000000000000000000000000000076
S21404A1E0F0A104007658040009460400FE000000AE
S21404A1F09458040084AC040000000000725D04005F
S21404A20074AC040000000000A358040064AC04000E
S21404A21000000000A858040054AC0400000000002D
S21404A220AF58040044AC0400000000000000000026
S21404A230000000000000000048A20400B458040017
S21404A24009460400FE0000007515040020AD040055
S21404A25000000000D15804000CAD0400000000000B
S21404A2600000000000000000000000007CA20400C3
S21404A270D958040009460400FE000000F5580400FE
S21404A280B4AD040000000000904D0400A4AD04002A
S21404A29000000000000000000000000000000000B5
S21404A2A0B0A20400FA58040009460400FE000000A8
S21404A2B01359040064AE04000000000036120400C3
S21404A2C054AE0400000000001C59040044AE040010
S21404A2D000000000F558040094AD040000000000DF
S21404A2E02159040084AD0400000000002E59040027
S21404A2F09CA30400000000003C59040068A304006A
S21404A300000000004A59040028A3040000000000CE
S21404A3105E5704004CAA0400000000000000000081
S21404A320000000000000000038A304005359040095
S21404A33009460400FE000000978D040034AE0400B5
S21404A34000000000A88D040024AE040000000000F5
S21404A3506726040014AE040000000000000000009D
S21404A360000000000000000078A3040071590400F7
S21404A37009460400FE0000009B59040084AE040055
S21404A380000000001848040074AE0400000000003A
S21404A390000000000000000000000000ACA3040061
S21404A3A0A259040009460400FE0000002903040024
S21404A3B0B8AE04000000000064420400A8AE040026
S21404A3C000000000725D040094AE0400000000006B
S21404A3D0000000000000000000000000ECA30400E1
S21404A3E0C259040009460400FE00000029030400C4
S21404A3F0E8AE040000000000E2590400D8AE0400F1
S21404A4000000000064420400C8AE0400000000001F
S21404A4100000000000000000000000002CA404005F
S21404A420E959040009460400FE000000035A04002B
S21404A4301CB00400000000001C4204000CB0040021
S21404A44000000000365A0400FCAF040000000000C0
S21404A4506A000400ECAF0400000000003742040069
S21404A460DCAF040000000000085A0400CCAF04006F
S21404A47000000000205A0400BCAF040000000000E6
S21404A480295A0400ACAF040000000000305A04004F
S21404A4909CAF0400000000003C5A04006CAF0400AB
S21404A4A000000000725D04005CAF040000000000C1
S21404A4B04B5A04004CAF040000000000262704009A
S21404A4C03CAF040000000000505A04002CAF040007
S21404A4D000000000675A04001CAF040000000000DF
S21404A4E07B5A040008AF0400000000008B5A0400E6
S21404A4F0F8AE0400000000009A5A040010A50400F8
S21404A5000000000000000000000000000000000042
S21404A51020A504009F5A040009460400FE0000001B
S21404A520B65A04008CAF040000000000BF5A0400B2
S21404A5307CAF0400000000000000000000000000E3
S21404A5400000000054A5040009460400094604005F
S21404A550FE000000C65A04008CAB04000000000095
S21404A560D35A0400D0A9040000000000DC5A0400FA
S21404A5701CA9040000000000EA5A0400E8A804002D
S21404A58000000000F85A0400B4A80400000000000C
S21404A590065B04001CA8040000000000175B04000F
S21404A5A0F4A7040000000000245B040054A7040081
S21404A5B0000000002F5B0400FCA60400000000005E
S21404A5C0425B0400D4A6040000000000173A04000E
S21404A5D070A6040000000000555B040030A60400CA
S21404A5E000000000605B0400FCA5040000000000FE
S21404A5F00000000000000000000000000CA604009C
S21404A600735B040009460400FE000000975B040028
S21404A6103CB00400000000009D5B04002CB0040065
S21404A6200000000000000000000000000000000021
S21404A63040A60400A15B040009460400FE000000D6
S21404A640231704006CB0040000000000D35B040071
S21404A6505CB0040000000000DF5B04004CB00400A3
S21404A66000000000000000000000000000000000E1
S21404A67080A60400F55B040009460400FE00000002
S21404A68029030400D0B00400000000006442040063
S21404A690C0B004000000000011370400B0B004008D
S21404A6A000000000B31504009CB004000000000085
S21404A6B0115C04008CB0040000000000285C040058
S21404A6C07CB0040000000000000000000000000051
S21404A6D000000000E4A60400345C040009460400FC
S21404A6E0FE000000595C0400E0B004000000000016
S21404A6F00000000000000000000000000CA704009A
S21404A7005E5C040009460400FE000000825C04004F
S21404A71030B1040000000000E259040020B1040037
S21404A720000000008E5C040010B10400000000006D
S21404A730955C040000B1040000000000A25C040064
S21404A740F0B004000000000000000000000000005C
S21404A7500000000064A70400AD5C04000946040081
S21404A760FE0000001B5B0400E0B1040000000000D3
S21404A770CA5C0400D0B1040000000000B81E040047
S21404A780C0B1040000000000E62D0400B0B10400CF
S21404A79000000000955A0400A0B104000000000068
S21404A7A02317040090B1040000000000D15C0400EC
S21404A7B080B1040000000000DC5C040070B10400FA
S21404A7C000000000E95C040060B104000000000022
S21404A7D0F95C040050B10400000000000C5D0400A5
S21404A7E040B104000000000000000000000000006B
S21404A7F00000000004A804001E5D040009460400CE
S21404A800FE000000B81E0400F0B1040000000000C2
S21404A8100000000000000000000000002CA8040057
S21404A8203C5D040009460400FE00000023170400F3
S21404A83060B2040000000000E62D040050B20400DC
S21404A84000000000955A040040B204000000000016
S21404A8505F5D040030B20400000000009E5804004F
S21404A86074A80400000000000000000000000000BF
S21404A8700000000084A80400765D04000946040075
S21404A880FE000000725D040020B204000000000018
S21404A890B315040010B20400000000008C5D040030
S21404A8A000B20400000000000000000000000000E9
S21404A8B000000000C4A80400955D040009460400D6
S21404A8C0FE0000002903040080B20400000000001B
S21404A8D06442040070B2040000000000000000009F
S21404A8E00000000000000000F8A80400B55D0400A5
S21404A8F009460400FE000000D55D0400A0B2040072
S21404A90000000000E85D040090B2040000000000AF
S21404A9100000000000000000000000002CA9040055
S21404A920FE5D040009460400FE0000001E5E0400EE
S21404A930C0B204000000000036120400B0B20400E6
S21404A94000000000000000000000000000000000FE
S21404A95060A904000946040009460400FE0000003D
S21404A960285E040078A9040000000000000000002F
S21404A970000000000000000088A904000946040046
S21404A98009460400FE000000345E040010B3040010
S21404A99000000000814D040000B304000000000025
S21404A9A03A5E0400F0B20400000000003E5E0400BC
S21404A9B0E0B2040000000000425E0400D0B20400CE
S21404A9C0000000000000000000000000000000007E
S21404A9D0E0A90400525E040009460400FE000000DC
S21404A9E02903040090B30400000000006D5E040018
S21404A9F080B3040000000000805E040070B304000E
S21404AA00000000006442040060B30400000000007C
S21404AA108D5E040050B30400000000009E5E040037
S21404AA2040B3040000000000AC5E040030B3040031
S21404AA3000000000BD5E040020B304000000000017
S21404AA400000000000000000000000005CAA0400F3
S21404AA50CA5E040009460400FE000000E45E04002A
S21404AA60E4AD040000000000175F0400D4AD040049
S21404AA7000000000525F0400C4AD040000000000A3
S21404AA80695F0400D8AA040000000000735F040095
S21404AA90A4AA04000000000000000000000000005B
S21404AAA000000000B4AA0400775F0400094604000E
S21404AAB0FE000000978D040004AE040000000000B1
S21404AAC0A88D0400F4AD040000000000000000009F
S21404AAD00000000000000000E8AA0400965F0400DE
S21404AAE009460400FE0000004E120400B0B3040041
S21404AAF000000000725D0400A0B304000000000023
S21404AB000000000000000000000000001CAB040071
S21404AB10A95F040009460400FE000000290304009F
S21404AB20F0B30400000000009B590400E0B30400E6
S21404AB300000000018480400D0B304000000000021
S21404AB400000000000000000000000005CAB0400F1
S21404AB50C45F040009460400FE000000A25C040072
S21404AB6008B504000000000023170400F8B404002D
S21404AB7000000000B81E0400E8B404000000000052
S21404AB800000000000000000000000009CAB040071
S21404AB90E45F040009460400FE00000002600400AE
S21404ABA058B50400000000000C60040048B504001A
S21404ABB0000000001760040038B504000000000020
S21404ABC0333B040028B5040000000000266004009F
S21404ABD018B504000000000000000000000000009B
S21404ABE0000000007F68030031600400094604008A
S21404ABF0FF0000007B6803003E6004000946040072
S21404AC00FF00000029EB0000506004000946040021
S21404AC10FF000000C5EA00007D60040045680400EB
S21404AC2001FF000029EB0000BD6004000946040093
S21404AC30FF000000C5EA0000EB600400456804005D
S21404AC4001FF00005DEB00002C6104004D61040070
S21404AC5000FF00005DEB000056610400B3610400D1
S21404AC600000FF00D9EB0000C1610400DA610400B3
S21404AC70010001FF45EC0000FF610400416204008E
S21404AC800102FF00D9EB000057620400866204004C
S21404AC9001000102FF00000055E90000B76204004D
S21404ACA0F362040007FF000075E90000F96204007F
S21404ACB02C63040001FF000089E9000034630400EB
S21404ACC0846304000100FF00E5E9000099630400C2
S21404ACD0EA6304000101FF00B9E90000FA63040016
S21404ACE03464040001FF000039EA00003C640400F8
S21404ACF085640400010000010707FF0075EC0000EE
S21404AD00D76404002C63040001FF000075ED000006
S21404AD101F65040063650400010700010700FF00C7
S21404AD20DD680300B8650400FE6504000107000141
S21404AD3001FF0000FDEC00003A660400756604009E
S21404AD40010000FFCDEC000093660400D766040003
S21404AD500100FF009DEC0000EA660400D7660400CC
S21404AD600100FF0045ED0000296704003464040078
S21404AD7001FF0000B5ED0000646704009567040059
S21404AD800100FF00E5D6000009460400A36704009E
S21404AD90000707FF89D6000009460400BC670400C4
S21404ADA0000707FF95DB000009460400C867040097
S21404ADB007FF000095DB000009460400C86704008E
S21404ADC007FF00002F68030009460400CD6704004F
S21404ADD00000FF0071DB000009460400473E040043
S21404ADE001FF000039DB0000094604000568040082
S21404ADF000FF000069D60000094604000946040066
S21404AE00FF00000069D60000094604000946040055
S21404AE10FF00000005680300094604000946040014
S21404AE20FF00000005680300094604000946040004
S21404AE30FF000000056803000946040009460400F4
S21404AE40FF00000039D60000094604003B680400F1
S21404AE500101FF0025D600000946040050680400DE
S21404AE6001FF0000016803000946040009460400C7
S21404AE70FF000000EDD500007959040009460400DF
S21404AE80FF000000EDD500005A68040009460400DF
S21404AE90FF0000006DD700007B6804009268040081
S21404AEA00001000007FF0000FD670300B868040007
S21404AEB009460400FF000000E9D40000D26804003C
S21404AEC009460400FF0000007768030000690400D8
S21404AED009460400FF000000696803001A690400BC
S21404AEE09C67040000FF000069DE00003F69040060
S21404AEF009460400FF000000BDD3000059690400A1
S21404AF0009460400FF00000051D300007C690400D9
S21404AF10F969040000000310FF0000002DD40000AF
S21404AF204E6A0400BC6A040001FF000001D400005D
S21404AF30D16A0400146B040000FF000015D300005F
S21404AF40256B040009460400FF000000FB670300AD
S21404AF50546B040009460400FF000000F1D2000010
S21404AF60A06B04009C67040000FF0000BDD2000034
S21404AF70E16C0400366D040000FF0000A1D200005E
S21404AF80506D040009460400FF00000085D200004E
S21404AF90606D040009460400FF000000EB67030030
S21404AFA0746D0400F26D040000FF000055D200002A
S21404AFB07D6E040009460400FF00000011D2000064
S21404AFC09A6E0400C56E040007FF0000D1D100008D
S21404AFD0CF6E0400286F0400000500FF89D100002E
S21404AFE0DB6F0400EE6F04000002FF0065D1000072
S21404AFF01D70040009460400FF000000EB67030010
S21404B0002F7004006970040000FF0000F9D00000EF
S21404B010EF70040035710400000301FFE9D000005E
S21404B020D57104001B720400000301FFDD46010015
S21404B030BB72040009460400FF000000FB74030012
S21404B040E37204005E73040002FF000095F1000042
S21404B050B37304004C6A040000FF000061F10000B2
S21404B060DB7304004C6A040000FF000011F10000CA
S21404B070F473040009460400FF000000E9380100E8
S21404B0800D74040009460400FF000000C1380100E6
S21404B0905A74040009460400FF0000004D380100FD
S21404B0A085740400AB74040000010100010102FF72
S21404B0B0253801002A7604005276040000FF0000BA
S21404B0C0053801007976040009460400FF000000F4
S21404B0D04D370100A376040009460400FF00000073
S21404B0E0CD730300BC76040009460400FF0000008C
S21404B0F01D2C0100E2760400137704000002FF0012
S21404B1002F7203007077040009460400FF00000055
S21404B1102B7203009D77040009460400FF0000001C
S21404B120D12B0100B8770400E277040000FF00008A
S21404B130912901001278040009460400FF0000006B
S21404B1400D1501002578040009460400FF000000E0
S21404B150F51401003D78040009460400FF000000D1
S21404B160A77103005678040009460400FF00000097
S21404B1709371030083780400FD78040000FF000048
S21404B1809D2801003C79040009460400FF000000E5
S21404B1908D270100B479040009460400FF0000006E
S21404B1A0B1130100F879040009460400FF0000000A
S21404B1B095130100157A040009460400FF000000F8
S21404B1C00D140100C07A040009460400FF000000C4
S21404B1D0011401004E7B0400937B040000FF000072
S21404B1E0CD130100CA7B04001B7C040000FF000092
S21404B1F0F91101004E7C040009460400FF0000001B
S21404B200910601007A7C0400E37C04000000FF0041
S21404B21091060100387D04009A7D04000000FF00BA
S21404B22031070100DF7D0400127E04000002FF00E7
S21404B23001710300677E0400B57E040007FF00006A
S21404B24065080100D17E040009460400FF000000E2
S21404B25079060100F57E04001A7F040000FF000052
S21404B26085070100737F040009460400FF00000000
S21404B27049000100B07F040009460400FF000000F6
S21404B28011000100DA7F040009460400FF000000F4
S21404B290D96F0300158004008480040000FF0000BA
S21404B2A06DF90000D58004005481040000FF0000FE
S21404B2B0CB6F03009A810400EC81040000FF0000B9
S21404B2C0AB6F0300338204008082040000FF00009A
S21404B2D0A16F0300CA8204000883040000FF000074
S21404B2E09B6F0300188304000883040000FF00001B
S21404B2F0956F03003F8304000883040000FF0000EA
S21404B3008F6F0300668304000883040000FF0000B8
S21404B310896F03008E8304000883040000FF000086
S21404B320656F0300B783040009460400FF000000AD
S21404B3306B6F0300D983040009460400FF00000075
S21404B34015F40000018404003A8404000001FF00A0
S21404B35041F400005B84040009460400FF0000007A
S21404B360676F03008684040009460400FF0000009B
S21404B370FDF30000A184040009460400FF00000059
S21404B380B9F30000BC840400E984040000FF000054
S21404B390A1F300000485040009460400FF00000031
S21404B3A0E9DB00002F85040009460400FF000000C6
S21404B3B0E9DB00005685040009460400FF0000008F
S21404B3C0D9D000006785040009460400FF00000089
S21404B3D0A5D000007C850400A385040000FF0000BF
S21404B3E0A5D00000B3850400A385040000FF000078
S21404B3F03DD00000DA85040009460400FF00000082
S21404B400E3670300F585040009460400FF00000016
S21404B41099CC0000188604008286040000FF000011
S21404B42079CC0000A586040009460400FF0000004D
S21404B43061E800000B88040098880400010000FFFF
S21404B44045E70000B58804000989040000FF0000F1
S21404B45079E700001E890400708904000100FF00DB
S21404B460E5E6000086890400738A04000107FF00ED
S21404B470E7670300838A040009460400FF0000000F
S21404B48045E00000948A0400A68A04000001010036
S21404B4900007FF003DDF0000E18A0400F28A040092
S21404B4A000010100FF00000079E70000418B040062
S21404B4B0528B0400010000FFB5DE0000418B04003F
S21404B4C0848B040000FF0000317A0100958B040091
S21404B4D009460400FF000000CDCC0000E18B040008
S21404B4E009460400FF000000D39503000946040043
S21404B4F009460400FF0000005588010009460400C0
S21404B50009460400FF0000001988010009460400EB
S21404B510268C040002FF0000C58F01002E8C040058
S21404B52009460400FF000000518F01005A8C0400F5
S21404B5307D8C04000200FF0055960300A68C0400D0
S21404B54009460400FF0000002D8F0100C88C04008B
S21404B550E68C040002FF0000058F0100FB8C04004B
S21404B560E68C040002FF000001000000704C00207E
S21404B5700000000000000000FFFF0000456F03000D
S21404B5800000000003000000FFFF0100B96F030085
S21404B5900000000004000000FFFF010047700300E5
S21404B5A00000000004000000FFFF0000CB70030052
S21404B5B00000000006000000FFFF00003D710300CD
S21404B5C00000000019000000FFFF0100D371030013
S21404B5D03E5E0400BC69002000000000000000007D
S21404B5E00000000000000000528D040054B6040061
S21404B5F000000000588D0400C097040000000000FE
S21404B6005F8D04009099040000000000235C040091
S21404B6108099040000000000688D040070990400FE
S21404B620000000007A8D0400609904000000000009
S21404B630898D040050990400000000009A8D0400CF
S21404B6404099040000000000000000000000000014
S21404B6500000000064B60400AC8D04000946040033
S21404B660FE000000C78D04007CB604000000000045
S21404B670000000000000000000000000679A0300BD
S21404B680CC8D040009460400FF03010001013F04B9
S21404B6900201003F040202003D040202003D0401D0
S21404B6A0020001020003010002023D04020100023E
S21404B6B00202010002020000002020202020202098
S21404B6C02020282828282820202020202020202049
S21404B6D02020202020202020208810101010101059
S21404B6E010101010101010101004040404040404A5
S21404B6F0040404101010101010104141414141413F
S21404B7000101010101010101010101010101010120
S21404B7100101010110101010101042424242424230
S21404B72002020202020202020202020202020202F0
S21404B7300202020210101010200000000000000098
S21404B74000000000000000000000000000000000F0
S21404B75000000000000000000000000000000000E0
S21404B76000000000000000000000000000000000D0
S21404B77000000000000000000000000000000000C0
S21404B78000000000000000000000000000000000B0
S21404B79000000000000000000000000000000000A0
S21404B7A00000000000000000000000000000000090
S21404B7B00000000000000000000000000000000080
S21404B7C0A001000028140020000210000C510020E4
S21404B7D0C81500200000020800000000FFFFFFFF5D
S21404B7E0FFFFFFFFFFFFFFFF000000000000000058
S21404B7F00000000000000000000000000000000040
S21404B800200000009DBB0100100000007DBC01006C
S21404B81000000001000001010001010120C001B880
S21404B8200000000000000000FFFFFFFFFFFFFFFF17
S21404B830FFFFFFFFFFFFFFFFFFFFFFFFFFFFFFFF0F
S21404B840FFFFFFFFFFFFFFFF0001020203030405E3
S21404B85006080C0C0C00010203040707C8C8C8C875
S21404B860C8C8C8C8C8C8C8C803040408080808085C
S21404B87000B801B802B800B05CD4040044D4040094
S21404B880030404080805000000000000000000008F
S21404B8900000000000000000EA06000048704C0F9C
S21404B8A044700E0E30707E1302989A173870340F58
S21404B8B034705A0F307048102C7048102870D0110D
S21404B8C02470E81120703E0F1C70901218700C1330
S21404B8D014703A0FB110086001D80A7104B87F7862
S21404B8E0020C7E78641000C6881F00A01DB870780D
S21404B8F003B018600F3027B30F330111C048069801
S21404B9007C0229B0086001D8087109DD047109BBFE
S21404B91011101660A048086004100112FF3221506E
S21404B9200860D048086000880698381400C4441F8D
S21404B93000A000BA03DF107109DF0672029836030E
S21404B9401DB8507800A044132814411581100860CF
S21404B95002D8147110880698201900C014C000B8C4
S21404B9600698861B0091069892020160B83020D88B
S21404B97006711EBC637C784D5412F03240DE0472AD
S21404B980404804DB08720DDD0C72044BEF3014489B
S21404B9900698F20400C4E0400054441208620132DF
S21404B9A02140087C811140D91C72B1123032CF4A32
S21404B9B0013AB1DA107208D8067104D80871804CBE
S21404B9C0237C5670684C441200C4A41E00A0441481
S21404B9D0413AF3240164415C412A047580B800C4EA
S21404B9E06040005481D8367140D90472237C084BD9
S21404B9F00698F20404BA1CB9767900C1204001B84E
S21404BA0035797F216121007906B906A901D8067126
S21404BA1002981002804C307C0298640208D86A713E
S21404BA2000C1544000B8141110D95E71584C441229
S21404BA3080BDA26DFF25784C4412FC22513A28148E
S21404BA40104C00C20CC101B8241228140862281431
S21404BA500862281408622814304C304C00C11C407C
S21404BA6000B814111814086100C5284001B854150C
S21404BA70FF35047110491814B04C441208620132A0
S21404BA80067102980401804C08D80C7107BA24D8B1
S21404BA90047106BA187004D80C7101BA40D80E7135
S21404BAA002BA0A7005BA20D8047203BA204C4411AC
S21404BAB0C04C1814086118149111383111429111B0
S21404BAC0186110D90472EF3200C1084001B814118D
S21404BAD010311E6111422814A11108611814069829
S21404BAE06C1B181400C1084001B814111861FF310A
S21404BAF0181400C1448001B81411181408611814ED
S21404BB003088024806989403009308DB047101F811
S21404BB1000A027B00F3000A01088B111186180D99A
S21404BB200A7100C1884000B80811009100A000C442
S21404BB30684000B8441000A000C0884000500411BB
S21404BB408261041082601050F07200A054155045B3
S21404BB501271069802050698920407B8707802B81F
S21404BB6041781EBA5B7A5C7A5D7A00C220C001B85E
S21404BB70241206982A1900C5481F00A0541551140B
S21404BB8000C3FF010000313D09647F3406989C021F
S21404BB90015851280475015841280E758111086111
S21404BBA002D90472FF0FCC7007B8727800F8EBBDA8
S21404BBB000C0441F00A00411113D10D91271FF33B8
S21404BBC0186300C1781002B8381107B97479581090
S21404BBD000A0069892020D300472044809DC047230
S21404BBE0084800C11CC101B8141100C3D01E00A02F
S21404BBF0911504351A7218131CBB08D804716C7B93
S21404BC0004D804716A7B1DBB2F7C5B7B1670044BC7
S21404BC1018131CBB08D804716F7B04D804716D7BA1
S21404BC20217C0C30026006987E040698C40B00B88B
S21404BC30B111186140D906720298580401BC00C2BA
S21404BC40084001B800DC0A7124150265604A0A70CF
S21404BC502C4A241508654C4A043508D90471202456
S21404BC6000C13C1F00A0141200DC327120D80671FB
S21404BC7001B80C70F0DA0C720CDB087102B8069886
S21404BC808604482400C3384101B834138F7B0E71F0
S21404BC9002B9911308DB047203B928707C491411A5
S21404BCA01110FD300DDC1C7200C0A01E00A0041094
S21404BCB080D8107100C0448001B80410E5200475D3
S21404BCC0804900C3884000B8FFB8012011410871BC
S21404BCD0014118130824014200C1284000B8141179
S21404BCE001411C655141911520351E6551411813BB
S21404BCF02813481300C3844000B8341003D81671C0
S21404BD00073005DC1071B1108F780A7200C384C442
S21404BD100350217B1DB8507800B800C13C1F00A01A
S21404BD2014121C602150F0300152281100A0402447
S21404BD30076400C0FFFF0100013C17B00220015851
S21404BD404028067518AC01EC00A0208800C020C06E
S21404BD5001B8041217B4211304123052F87119648E
S21404BD60402400C35C1F00A0341014110698F60D7E
S21404BD701961009211592129067600BB11590698BB
S21404BD80D60D8762313B0472215A412A00A000C2B4
S21404BD90686000B8B8B91F610D49181200A0308851
S21404BDA001B9116100C30000C0FF3110312800BC86
S21404BDB0002D0C75115418AC01EC312DF470196477
S21404BDC051134155312C009300A000C3C00FFEFF51
S21404BDD050B2313A014250AA00A006983E07FFB07E
S21404BDE0867808715CB86B786E7800C2548001B8A7
S21404BDF000C0D81F00A004100812B822217A237AA3
S21404BE0052B8417801B80C6021A809B819604CA84A
S21404BE1000C0FFD1C1FF4FB2013A00C0002E30006F
S21404BE2001424FAA24B86E78ACB9FFB004D80471A6
S21404BE304CB923A90698A80500C0139001000698DB
S21404BE402E0500A00698020519B81460FFB28C628D
S21404BE500F32826A214006982E0549BC21B952B891
S21404BE6049B207DE2A7105DE0871627C607C1D0C0F
S21404BE706179677864786B786278657863786078D7
S21404BE80617C010C010C6878020C69786C78020CF1
S21404BE9000C22C8001B8277A287A267A6A78050C9C
S21404BEA041790A0CB11040D806710298BA06784A4D
S21404BEB02B7A327A584A247A00C400011100404A88
S21404BEC000C0108400000812508800C584100100C9
S21404BED0FBAD10BD01BB8A6B21B9FAA9C44A18127E
S21404BEE0217A227A00C0341F00A00410FCA88264C1
S21404BEF0411030300129F9A9F8ADFBB08260FBA8E7
S21404BF000330A0652110044820EC237A0410037A39
S21404BF10184A2411DC4A01580029241004753150AB
S21404BF20F8B1115081632A71514031400812FCB1B6
S21404BF308461FCA90F310E7117B0112817B111597D
S21404BF401028FA76C44AF9B11812217A227AA07017
S21404BF5000950812F8A800C20C8001B8207A844A1A
S21404BF6000B80812020CA44A087A020C21B84178D8
S21404BF70784A0B7A127A00C2C81F00A0FFB008D80D
S21404BF800472184A241000DC0A7140A80422241003
S21404BF9041A806989C0200C2481F00A02410015124
S21404BFA000C4FF01000041391150081200A0069891
S21404BFB03E0700BC00C20C8001B8217A52B849780A
S21404BFC0020C4878020C49B8417852AC21AC204A9D
S21404BFD0087A067A077A49AC00A059B840785AB16C
S21404BFE001D9FC72427857B8407858B101D9FC722E
S21404BFF0427800A000C20C8001B8217A227A21B8C7
S21404C000547852B8BC4A24119979127107B915614B
S21404C0104CA9617800BB03BC0C64147009B919619F
S21404C0204CA9417801BB126300C4002E300000C046
S21404C030FFD1C1FF4FB1013941414FA9E44AC8B805
S21404C040081224AB4CB823A80698A80500C0049090
S21404C0500100FFB186790471084806982E0500C0D1
S21404C0608009004040A809B8FFB108D9047103B894
S21404C07053A8B11004D80C7156BB607B57BA627AC9
S21404C080607A02D80C7156BB607B59BA627A607AC1
S21404C09004B86E783DB8607800C05638000000C119
S21404C0A0B08001B814119979087200C0D604000053
S21404C0B000C124C000B814119F79047208484CA823
S21404C0C02EB8FFB108D906714AA804704BA80FB859
S21404C0D034A800C00C5E000046B2014246AA00C165
S21404C0E02C4001B8141108610631087100B906988D
S21404C0F0501106983E14B11101D90E710698921B80
S21404C10002D906720698A00C06983814511406989C
S21404C110920406982A110698641700A006984E17EB
S21404C12001D80A711CB85B7807B8757800B84CA8B3
S21404C1304AA84BA800C0F321FFFF46B1013946A91F
S21404C14004B86F7800A0FABC1964415C512C00C096
S21404C150581F00A00410012C067506989204069831
S21404C160780FB110186005D8327140BA06980E14CC
S21404C17004B86578911004D816711CB86E7800C09F
S21404C180684000B821780698781101400A721DB8F4
S21404C190427806984A1402985E0B1DB8717804B863
S21404C1A06C7841B8427863784478FFB104D9067253
S21404C1B00298CA0900C004900100FFB18679047190
S21404C1C0084806982E0500C32C1F00A000C274C0A1
S21404C1D000B82414481300BC48121C4B1C4A2414F0
S21404C1E0481300BC4812084B584A2414481301BC90
S21404C1F048124ABA447A427A4BBA447A427AFFB030
S21404C20086780472617A4CBA647A657A3DBA607A42
S21404C2104DB942B83FBB5B7966796179020C6479A3
S21404C220050C63796079050C627965795A7900C2E0
S21404C230340102B8241305B819603140081242B814
S21404C2406A78020C4A78020C40BCFFB208DA06711F
S21404C2504ABA06704BBA627A657A677A667A6A79F7
S21404C260667B0298A40A00C32C1F00A000C274C0F8
S21404C27000B8241448131C4B1C4A241448133FBC0F
S21404C28048121C4A00BC4812084B444A241448135B
S21404C29001BC48124ABA647A627A4BBA647A627A01
S21404C2A0FFB3867B0472617A4CBA647A657A3DBAC7
S21404C2B0607A01D94E71647800C1708001B800C0FC
S21404C2C08000080008110698860B42B861784DB9BC
S21404C2D07F797E796A7868786278020C7B790F0CAD
S21404C2E07A79140C7479417860787579050CFFB204
S21404C2F008DA06714AB804704BB8657801BC16644F
S21404C300407002D93C710698860B42B84DB96878DD
S21404C310407841787F797E797B790F0C7A79140C92
S21404C320FFB208DA087171794ABA067070794BBAA6
S21404C3307279657A6A78020C4A78050C01BC166430
S21404C340020C417940790C0C00C04C0102B848102C
S21404C3500698F20400C4784000B8007C00C0A01E12
S21404C36000A0041180D93271911104D92C727F2057
S21404C37021200411FD310DDD207200C0448001B877
S21404C3800411E521147600C0244001B804118A790A
S21404C3900871207C104C207C2AB86278511400C0A6
S21404C3A0581F00A00410012C17B00111876801580B
S21404C3B041280E7605218769415C412D112D0670B2
S21404C3C00698920442B84DBB7C7B6478020C29B86C
S21404C3D068785114404406750698920442B8447826
S21404C3E02AB84278FFB101D90C7100C1548001B853
S21404C3F0CBB80811911004D8147100C0A01E00A078
S21404C400041080D8067107B8537800F807B800C13E
S21404C410CC1E00A000C220C001B8241228117778D0
S21404C42000F8B1109478387106989C02E4B9115952
S21404C4301128067600B80C70A0B9115901290475A4
S21404C440A0B8826000C3C01F00A03413012B3410B0
S21404C45000C3FFFF00FF42B13139114042A800A0DB
S21404C4601DB09178FA7142B86478020C00BA29AA11
S21404C47000C4548001B842B84DB900C3C04001B8E6
S21404C4803413977B047240EC020C44785C7953AA0C
S21404C4900A0C281442B84DB9FFB301DB2671244CAC
S21404C4A000C3FF0FFF01381454794078417855795A
S21404C4B0020C5B795A79140C5F795E794A78427873
S21404C4C0347002DB1471527951795079020C5B791D
S21404C4D05A795F795E791E7004DB1A7100C4FF070F
S21404C4E0000000C3342102B848133FBB467B020C4D
S21404C4F05B795A793DBB407B4CBB447B457B00C390
S21404C500301F00A03414403C207100C068C000B83E
S21404C510481028131C4B1C48341448102813144B7A
S21404C52044483414481028134AAA4BAA04B86D7811
S21404C5301DB851785CB84B784E7800A000C074C023
S21404C54000B80411108800B918106848041110883F
S21404C55001B90B6118102C4804111088008800C11A
S21404C560231C000018104AB864784BB86478260C6C
S21404C57028B000C1FFFF0FF0113871B90B611140EC
S21404C58028A828B97379747900C21010303045AAE7
S21404C59054790E0C00C0E84001B8041100C23030D3
S21404C5A0101045AA0E0C0410008810880698620D18
S21404C5B00091009020888F618F600698620D00902D
S21404C5C0886A21400112906A035800C13F3F000068
S21404C5D01138FFBC022441281138014245AA28B963
S21404C5E053794AB844784BB84478009000911810B0
S21404C5F000912C48181000916848181000A0916803
S21404C600436091694361115B012B11284160312815
S21404C610315B00BA302806763128204A4163302838
S21404C62006763128104A4163302806763128084AAF
S21404C6304163302806763128044A4163302806765A
S21404C6403128024A416330280476014A00A0115971
S21404C65010D906710860086008D90471086004D906
S21404C6600471046002D90471026001D90471016086
S21404C67000A000BA01D806710148112A1F610160A2
S21404C68001D8F6720138F67200A000C220C001B8C4
S21404C690241211592129127300210E7100C238C0C8
S21404C6A001B824120121212900A002B020D8147157
S21404C6B000C0B01E00A0041002B94579069876138F
S21404C6C0EA7003B09F78087200B806A800F80698C7
S21404C6D03E0700C5641F00A05088044D1CBC00C063
S21404C6E0B41E00A0811101D91E71407C009501156D
S21404C6F00C4D5088044DFFBB1863315B041106983B
S21404C700EE0D3129F8750698681A54150698921B8A
S21404C71001D908720698580706700698F4071CBBD9
S21404C720547B06984E1701D8067202981A0FFFB962
S21404C73001211038F67281129B7AF07100C244808F
S21404C74001B8241400C0C01E00A004100113002069
S21404C750041040500C7200B90698280F18B90A70D5
S21404C76018B90698280F00B900B806981E0F704A24
S21404C77008B806981E0F00C2284000B814B80698D9
S21404C7801E0F00C2EC4001B80CB806981E0F2022FB
S21404C79010B806981E0F108830880698580700931D
S21404C7A000910698280F00C0C41E00A00412FFB90A
S21404C7B0012121411810009500F831281128041091
S21404C7C0081200A004B831281128F8B1181000A0E7
S21404C7D0069880080E700698C40B0698800806987B
S21404C7E07212069812079112211900C02C4001B843
S21404C7F00A78097800F810B901BA0698041406985D
S21404C8002A110698641700C5641F00A081109D783D
S21404C810FC7200F8911203321CB900C3A01E00A0DB
S21404C820341300C4B04000541DB84278707903DE57
S21404C830067144783A707179A11020D8067102986E
S21404C840541080DB1C7102D8187205B80814A110A5
S21404C85010300248081400B8081491100860081430
S21404C8601DB86278A11000DC0676517900BA0698E5
S21404C8704E1701D82272911120311D61911004D8EF
S21404C8800E7200C1501F00A0141101D90A7120882D
S21404C89006985011009200C1204000B801DB1871C0
S21404C8A0084C03DE0471904C441400C3FF1F0000C0
S21404C8B0413BFF233811944900C3384101B834136F
S21404C8C0086380DB0C7103BA186206983C10087083
S21404C8D0186206983C100C4908790979141021400E
S21404C8E0081100A000BD0698760210B903DC047196
S21404C8F000B901BA0698041402D9067100404E72B3
S21404C90003B118610F3106987811FFD82872811088
S21404C91008D8187106DD0A710698760203DC0C72D4
S21404C9200698BC1106984A140C7006DD1071069819
S21404C930C211487020B804A806DD10720698800854
S21404C9400698120701F840B804A800F800C0A01E14
S21404C95000A00413086301DB227191100111186111
S21404C96011381DB910D8087144790298541002DBA6
S21404C970FA72A11328DBF47203BD06981E110698FA
S21404C98080081DBA7F7A0698F20400C5681F00A0C6
S21404C9900698760200BA03DC1672044DA11002D87B
S21404C9A004711C4D00C10CC101B80698AE045415A0
S21404C9B0212D06983E050298AA08911001550335C4
S21404C9C05150011900A000C14C1F00A0141001D83A
S21404C9D0427101480860FE200E75811020D8087147
S21404C9E000C1501F00A0141101D9287100C02C40AA
S21404C9F001B80412215108610F3118611152281030
S21404CA0000C0084001B8041191122151203111527E
S21404CA10211900A0811380DB067201B800A000C3B0
S21404CA2014C001B8341006302E726C4B34121C4BF2
S21404CA303410186002302072811080D8DE713410F1
S21404CA40014A08620460803021508C480A717F23B2
S21404CA504D233410013000A000BD06981E111CB8EA
S21404CA6047784578437802B8447800A0069880084A
S21404CA700698BC1100C5741F00A0541506983E0500
S21404CA800298AA08B1138F7B0A7200C384C40350A9
S21404CA90017B06983E1400C1384101B814118F7901
S21404CAA00E7100C1B84000B800BA06983C1050BADF
S21404CAB006980E1406987811FFD84A71911004D877
S21404CAC04872811008601CD8407220D9387211123E
S21404CAD0FF322151347180218021111400C0D81EE8
S21404CAE000A00413FFBA3151113A215111531DB954
S21404CAF038107B7940440E7200B900C2AC1E00A008
S21404CB001812067004B860780698381400F800B94D
S21404CB1000C2A44000541812644A0AB918121CBA77
S21404CB20507A517A1DB942795F7900A00698760248
S21404CB3007DC1072911000200A750698721202988B
S21404CB40660F0698120701B9911004D8047100B94B
S21404CB5010BA0698041400BA0040347100C0A01E2F
S21404CB6000A00411086101D9127104D9E27281107F
S21404CB70086001D8DA711DB8647800C11CC101B818
S21404CB800698AE0401B81160002A047600BA00C5FF
S21404CB90781F00A05415212D06987212069858077F
S21404CBA000C57C1F00A000F800BC811108D91672CD
S21404CBB080D9207201B910BA0698041400400E7188
S21404CBC001BC10700698BC1106984A1420B804A834
S21404CBD000F80698721281110231127100B900C26F
S21404CBE0144000541812244A02B918120698BC11AC
S21404CBF000C5801F00A054150698F01A0298AA08CB
S21404CC000411012114711CBA737A04200412281129
S21404CC10042004110121F47200A00698F20401F81D
S21404CC2006984E1701D81671FFB9012110380E72F6
S21404CC3081109B78087104B9677900F8911010D8B0
S21404CC40287100C51CC101B854110698EE0D00C524
S21404CC50C81E00A054155129EA7507B876781DB881
S21404CC60447801B804A800F8B110186010D82E71E2
S21404CC7000C05040005400C3084000B83114984C1B
S21404CC8044113411086101D9FA714412281008625B
S21404CC9028100862281008622810E8700298B0026B
S21404CCA006989202113804721E6202BB00C1D81E96
S21404CCB000A0141120390C72911210DA0672417B0E
S21404CCC000A006983E1400C2A01E00A0241220DA7B
S21404CCD00472617B1CBA527A00A01CBA727A811262
S21404CCE004DAFC7200A01CB86B7800C0684000B878
S21404CCF02F7800A006984E1701D83A7100C22C402F
S21404CD0001B82410036091112031015138311150BB
S21404CD101D6008121DB9457900C2448001B824126A
S21404CD2000C0C01E00A004101820002004102050CC
S21404CD300471657910631EB9637900B902EC00CDFD
S21404CD40114502EC00CC01DB087100BB0298D61832
S21404CD5003B841110731FA211C760621911210DA24
S21404CD60087102DD10721E7020B80698B20D3038B5
S21404CD70147208B806987E0400C02C4000B82978BF
S21404CD80207800F8056020D8067102980C1602EC8C
S21404CD9000CA05B823DA187104DBDA7120DAD67112
S21404CDA010DAD2721EB8617800B801DA067202ECA4
S21404CDB000C8911110D9267100C1B81E00A0141124
S21404CDC01150FF300C720761A110115002300A7125
S21404CDD080DB0A720AB89E701DB97C7918609111BE
S21404CDE011402111C031114001191EB8411108D952
S21404CDF00471667820D904726578A11002D8067288
S21404CE00C0DA1E711EB8273123DD087210DB1072DB
S21404CE10607825DD0A7121DD087208DB047162780A
S21404CE2003B8411107310872A1152035AA7102DD35
S21404CE302072A11120D9A07102D91672CCDA987288
S21404CE40411140D9927206B8054D5A720298AE1432
S21404CE5021114049C0D94C71A031411540350265B5
S21404CE6051410461086308DA1E7204DA3672104906
S21404CE70A1150235067110DB0E7201340A7108DB47
S21404CE8022711EB86778CC3211101A300ADC087288
S21404CE90CCDE0471FD3100C00D0F0C0D216001D8ED
S21404CEA05C7207B80298D81400BA411108D90C71FC
S21404CEB002EC00CA05B830DAEC720734F0310361CC
S21404CEC001DA0471014900C0F300A3E3216001D82C
S21404CED0D27100C09814406821604030014440DAA2
S21404CEE00471204C04320262204A111006301F607E
S21404CEF0014218311D6111420298F614204A00C0FE
S21404CF00051708502160113001422088FFBB0DDA56
S21404CF10507100C1DE1B250180BC04DA107208DAE9
S21404CF200A7200C120841000E024A0240863414350
S21404CF30026401DA06711E49024B00C0201F00A0DD
S21404CF4008633810BC2002DA127101B91159A11312
S21404CF5080DB087100C100FCFF01181002986218FB
S21404CF6000C4A01E00A0441080D87C710092D0DAC1
S21404CF7006710DDA0C711EBD437DEFBD06981403D1
S21404CF8004620DDA8672A11105D95C7100C24040B4
S21404CF90005424121424281401D9067202D93271BA
S21404CFA040D91E7102EC00CA211018320471FA220C
S21404CFB020D804720822FE22087502EC00C8F87015
S21404CFC001D90E7102EC00C802D9067204DC18728C
S21404CFD000C0A01E00A004101D6001D806711EB873
S21404CFE0647807B873780298D61800C0A01E00A00C
S21404CFF0041080300A7100C0C41E00A0041000A0F3
S21404D00006984E1701D82E71911010D828728110E8
S21404D010A0D8227203B084781C7200C12C4001B8D8
S21404D02014100DBA487A697A6B7A08111CB87B78A2
S21404D03007B8757800A0641000C6881F00A0C3B89F
S21404D04006987C0200C4441F00A014BA281400B832
S21404D050011AB1108F780A7200C084C40350017894
S21404D06091101030011905BA06980E1402D90671EB
S21404D07001B804A800C0A01E00A0041306986411FA
S21404D08080DB0671029858141DBA7C7A01DB6A713B
S21404D09000C2241F00A024111114FF3402EC00C89F
S21404D0A0FF24FA7608610698C20D046111380F3021
S21404D0B004611114011141100698C20D01D80872BA
S21404D0C003B80298D8140C4A01DB227124101128E4
S21404D0D01128041202300471106200C0FFFF000021
S21404D0E0213800C2204000B8FF2008124110086012
S21404D0F00698C20D01D87C7120BC1033767100BB33
S21404D10000C1201F00A01415C021112C5112186252
S21404D1100F320E71408851140698FA184143009451
S21404D120511208651C620F320E7141115114069893
S21404D130FA181C6441430865513B00C1DC1E00A07C
S21404D1401411111231100F30127100BA056101D892
S21404D1500471114201600FD8F472311003601E305E
S21404D160047201B8003A087204B80298D8140298F7
S21404D170C41600C0384101B804118F7914717F2099
S21404D180692004110861303110DD06711DBA637A16
S21404D1900698120300F830885088FF34087102ECB1
S21404D1A0FF24F87002EC00CD1410595001440421F9
S21404D1B0FF22F2720F4C0095009300A000C1A81E37
S21404D1C000A0141100A030880698421B8111086143
S21404D1D002D906720298061A1CBB557B086120D930
S21404D1E006710298F6190088A1101860069820198E
S21404D1F008211415FC251EBB5C7B5D7B00C1084022
S21404D20001B814110731FE21307608D82A7251135A
S21404D210FC23341304DB20711863FF33315B00C135
S21404D22010C000B81411086180490C71FF31302910
S21404D23054751EBB7B7B10707B7B7C7B00DD04718E
S21404D2407D7B01BB3815EC25541300DF547104258F
S21404D25005DF54715415211120880698EE0D0092AE
S21404D26051293E7500C1084001B8141102DB0C7147
S21404D2700731315B31292A760C7004DF08720161AC
S21404D28080D91E720698201900C010C000B80698EF
S21404D290861B069820191411FFD9607202984C1A3E
S21404D2A00090009300A05415A111186110D9A6721D
S21404D2B0082508D8A071082510D89A71208821114D
S21404D2C00698EE0DFC255412112AF82554110C2547
S21404D2D020D80871F02554111025202904762159E8
S21404D2E0181500920298B81907B97179811010D8E8
S21404D2F00A711CB8447802B841781CB9747904B928
S21404D300677900F88110A0D808711CB9497900A083
S21404D310086002D8FA7106982019108806983E14F8
S21404D320106210DA087108211415F025541100C291
S21404D3300020FEFF202912750698921B01D90A7256
S21404D340069880080698120700941CBB41100C200F
S21404D35006986413411108211410069864133128A2
S21404D360441111120861FF31FF320122105210726B
S21404D3701861181404244413042438140C70186117
S21404D38021411814082408140298381440441471CF
S21404D39000C1AC1E00A0141551131C630FDB0C72E5
S21404D3A0196506980205411500A000C3784000B828
S21404D3B03413807B06720698120706983E1408BB40
S21404D3C051140698B01A4415FC25541500C3784029
S21404D3D000B83413807B047100A002983E051CB983
S21404D3E000C3A01E00A03413086308DB1A7181135F
S21404D3F0A0DB0671497910706979086302DB08724C
S21404D40004B9677900F800A08111086102D9107187
S21404D4101CB97579069820191411FF3100A0FFB9BC
S21404D42000A0041008211411F421081100A0811191
S21404D430106110310E710698201908211411F82174
S21404D440141100A09CD604000000000074D404004C
S21404D450010000000000000000F049029CD6040011
S21404D4600000000098D40400010000000000000042
S21404D47000F04902BCD404004063598F404B4C0072
S21404D4800B000B001A00FF7F506A0020000000000B
S21404D4903ED9040000000000ACD504004063598F58
S21404D4A0404B4C000B000B001A00FF7F506A002014
S21404D4B0000000003CD9040000000000FC1F01032B
S21404D4C09CD804001CC0011000F807001CC00130E2
S21404D4D01402080050C001008741300424400601AD
S21404D4E0070062003870000000000000000000031F
S21404D4F00068010F40B8244058400101FC00690050
S21404D500804005012363E0119BC34A74F0030000C6
S21404D51003800000BE0A0000E04001013300000062
S21404D520F0400401590B0000640483078813C83ACA
S21404D53090200A0028410101001E00003C410B0116
S21404D54000148C00141A21282E343B4249504355AB
S21404D5507698BA0C286900000100000007212864A8
S21404D56014171A002004C869A1203A093C42010194
S21404D57029000000A080020170780300D5C00000D6
S21404D580A8800111F0010000A88001310542CB01FA
S21404D590AC800111F0010000AC80013105228D0041
S21404D5A0B080010100030002FFFFFFFFFC1F010320
S21404D5B0ECD804001CC0011000F807001CC00130A1
S21404D5C0F502080050C001008741300C24400601D3
S21404D5D007C0520000000000000000000000000326
S21404D5E00000000000000000584001016402FF0033
S21404D5F0804005014B01A0089BC34A74F003000059
S21404D6000000000000000000E040010133000000BC
S21404D610F040040100000000640483078813C83A3D
S21404D6209C200A0028410101031000003C410B0124
S21404D63000000000000000000000000000000000E1
S21404D64000000000000000000100000000000000D0
S21404D6500000000000000000000000003C42010141
S21404D66000000000A080020170780300D5C000000E
S21404D670A8800111F0010000A88001310542CB0109
S21404D680AC800111F0010000AC80013105228D0050
S21404D690B080010100030002FFFFFFFF0C40020000
S21404D6A0018014007F4000002040020000000000BB
S21404D6B000000000304007000000000000000000EA
S21404D6C00000000000000000000000000000000051
S21404D6D0A007000050400100000000005C4002006B
S21404D6E00000000000000000A84001000700000041
S21404D6F0B440040000400000FF4C0000004100005D
S21404D700FF4D000008C001000000000020C001100A
S21404D710FF00000020C001300043000024C00400C5
S21404D720EC80B3034375A802000000002E0200003C
S21404D73054C003000E2D09E654060708D1B60200AD
S21404D74064C008000430000040201006C8F24818E0
S21404D7501FE8F600BD4B721511A318051032547657
S21404D760980A000088C001000000000008000101BB
S21404D7700407000018000101000000002000010159
S21404D780088400001C4002011000000020F9130465
S21404D7905C4005014108000001000000B0070800D5
S21404D7A0A7000000000000009440070101011030AB
S21404D7B050707F7F000000000000000000000000A2
S21404D7C00000000000000000E4400101000000002A
S21404D7D0EC4001017DA8D98B0041020100612000C4
S21404D7E0B75635120C410301F954120020300429AF
S21404D7F088BB4000244101010000000030410301C1
S21404D8006406660C0C010000E853FA006841030144
S21404D810640483078813820000000000304203017A
S21404D820000000000000000E000000004442010159
S21404D830000000001080010103000000388002018F
S21404D840114910000100000088800101000000005A
S21404D8509C800101EB400200B48001013700000106
S21404D86088000202000C00044C0000009400010230
S21404D87000040000D00002020E0000009002960889
S21404D880E40001023D094204F40001020000000025
S21404D8901801010260005102FFFFFFFF12000000A2
S21404D8A0666666000000000050D9040040D90400F3
S21404D8B000000000001A9A00005A620280841E00CB
S21404D8C00420FE0011495002000000000000000081
S21404D8D0000000000000000000000000B1841E00EC
S21404D8E0000000000000000000000000120000001D
S21404D8F0666666000000000050D9040040D90400A3
S21404D900000C0000001A9A00005A620280841E006E
S21404D910042000001149500200000000000000002E
S21404D920000000000000000000000000B1841E009B
S21404D93000000000000000000000000005040000D5
S21404D940E1190000E11900000000000000000000DA
S21404D950193F01060410010000010106001027000B
S21404D960000900000000000000000000E1C40100FF
S21404D97091C401009DC401008DC501000DA00300E3
S21404D980A7A50300ABA50300AFA50300B3A503003A
S21404D990B7A503000001030464EE010010000000B4
S21404D9A024E101001A00000079EB010011000000D8
S21404D9B075E401001100000063E511000400000096
S21404D9C023E111000400000025E101000800000026
S21404D9D026E101000A00000027E101000200000021
S21404D9E0000000000000000058DB040047DB0400D1
S21404D9F00000000059DB04007F9E040000000000C5
S21404DA00799E04007B9E0400000000007D9E0400B6
S21404DA1025DB04006EDB0400809E04007A9E04006E
S21404DA20000000007E9E04003CDA0400779E04009A
S21404DA30789E04007C9E0400769E04000002030484
S21404DA400508090A0B0001020304051D2000B401A1
S21404DA5008020200AA00FFFFFFFFFFFFFFFFFFFF11
S21404DA60DD02030015220200815102000136030084
S21404DA7091540200D9AC0300DBAC0300DDAC030018
S21404DA80DFAC0300C9CC020039A20200E1E90200BF
S21404DA909D2F0300A1410200D5AC0300C5A60200D9
S21404DAA051200300B5320200D7AC03008995030069
S21404DAB0AD3902005F6A0300000000000013000096
S21404DAC0000000000000000000000000010000004C
S21404DAD0ADAA0200020000004FBE030003000000CF
S21404DAE005AA020004000000C9BD030005000000EA
S21404DAF0A5A9020000000000000000000023001B8F
S21404DB002200FF00000000000C09020200000000D2
S21404DB101C1A0B0303FF06080402020204020A0B83
S21404DB20030302030480FF0204FF0101010108004D
S21404DB30000000000000005A6967426565416C6C8D
S21404DB4069616E6365303980000018381030000053
S21404DB50000000008F8E8C8081815A69674265655B
S21404DB60416C6C69616E6365303906080C10800080
S20C04DB706C71FB7F010000004C
S21004DB7884DB040048660020DB0100008B
S21404DB840000000000000000FFFF00000100000089
S21404DB940000000000000000000000000000000078
S21404DBA40000000000000000000000000000000068
S21404DBB40000000000000000000000000000000058
S21404DBC40000000000000000000000000000000048
S21404DBD40000000000000000000000000000000038
S21404DBE40000000000000000000000000000000028
S21404DBF40000000000000000000000000000000018
S21404DC040000000000000000000000000000000007
S21404DC1400000000000000000000000000000000F7
S21404DC2400000000000000000000000000000000E7
S21404DC3400000000000000000000000000000000D7
S21404DC4400000000000000000000000000000000C7
S21404DC5400000000000000000000000000000000B7
S21404DC6400000000000000000000000000000000A7
S21404DC740000000000000000000000000000000097
S21404DC840000000000000000000100000000F00195
S21404DC94080000000810002001002301040000000E
S21404DCA410100020060030010100000014100020AB
S21404DCB4FFFFFFFFC0EA2101C0EA21010080000043
S21404DCC400F049029067002000600B00008000000A
S21404DCD430350020C8000000FE00000000000000EC
S21404DCE4B08F040018100020FFFFFFFF64930400A5
S21404DCF433000000E1EF0000330000002F6F030040
S21404DD04F80E0400FC0E0400090F0400160F0400A9
S21404DD14230F0400300F0400430F0400550F0400BF
S21404DD24620F04006F0F04007C0F0400910F0400BC
S21404DD34A40F0400B60F0400CB0F0400DA0F04008B
S21404DD44EB0F0400FA0F04000A1004001610040073
S21404DD542310040033100400451004005410040077
S21404DD64631004006C100400811004009610040070
S21404DD74AB100400CB100400D9100400F8100400FF
S21404DD84131104002611040033110400481104007E
S21404DD945711040066110400781104008A11040063
S21404DDA49D110400B0110400C61104000000000014
S21404DDB40F000000FF000000000000000000000048
S21404DDC40000000000000000000000000000000046
S21404DDD4000000000030E70400C81803371A0400E3
S21404DDE43C1A0400691A0400941A0400C21A0400B3
S21404DDF4F01A04001F1B04004C1B04007C1B0400C4
S21404DE04AC1B0400FC1B0400FFFFFFFF00F8030028
S21404DE14FFFFFFFF0000040000000400005C26056A
S21404DE24EC6800200600000070B504000000000042
S21404DE340100190001000000B84000200100190088
S21404DE4401000000B8400020010019000100000091
S21404DE54B84000200100190001000000B84000206A
S21404DE640100190001000000B84000200100190058
S21404DE7401000000B8400020010019000100000061
S21404DE84B84000200100190001000000B84000203A
S21404DE940100190001000000B84000200100190028
S21404DEA401000000B8400020010019000100000031
S21404DEB4B84000200100190001000000B84000200A
S21404DEC4344500200000000000000000E89E040022
S21404DED4704C0020A0690020304F00203A8D0400C6
S21404DEE4060000000000000000000000000000001F
S21404DEF4D0B50400E8B50400458D040009460400C2
S21404DF04FE000000D069002000000000404F0020FE
S21404DF14A84F00201050002000000000000000005D
S21404DF2400000000000000000000000000000000E4
S21404DF3400000000000000000000000000000000D4
S21404DF4400000000000000000000000000000000C4
S21404DF54000000009F9B0300BCB70400FFFFFFFF04
S21404DF64E39E0300DF9E0300FFFFFFFFE79E03001C
S21404DF74FFFFFFFF0DF00100FFFFFFFFFFFFFFFFA2
S21404DF84FFFFFFFFFFFFFFFFFFFFFFFFFFFFFFFF94
S21404DF940000000020A107000000000029E103009F
S21404DFA40000000000000000000000000000000064
S21404DFB40000000000000000000000000000000054
S21404DFC4505500200918020099310200094604003D
S21404DFD40000000000000000000000000000000034
S21404DFE450550020A11E020000000000094604004B
S21404DFF40000000000000000000000000000000014
S21404E00450550020E5280200993102000946040010
S21404E01400000000000000000000000000000000F3
S21404E024328E0400505500203D36020000000000E5
S21404E0340946040000000000000000000000000080
S21404E0440000000050550020C14A020000000000F1
S21404E0540946040000000000000000000000000060
S21404E064000000005055002031500200000000005B
S21404E0740946040000000000000000000000000040
S21404E08400000000505500202D650200000000002A
S21404E0940946040000000000000000000000000020
S21404E0A400000000B80B0000505500209D6A0200D2
S21404E0B40000000009460400000000000000000000
S21404E0C4000000000000000050550020FD7502000A
S21404E0D400000000094604000000000000000000E0
S21404E0E4000000000000000050550020C177020024
S21404E0F400000000094604000000000000000000C0
S21404E104000000000000000050550020D1B30300B6
S21404E114000000000946040000000000000000009F
S21404E124000000000000000050550020E97D0200B5
S21404E134000000000946040000000000000000007F
S21404E144000000000000000050550020598402001E
S21404E154000000000946040000000000000000005F
S21404E16400000000000000005055002053C00300C7
S21404E174000000000946040000000000000000003F
S21404E18400000000000000005055002091E9020041
S21404E194000000000946040000000000000000001F
S21404E1A40000000000000000505500200102030097
S21404E1B400000000094604000000000000000000FF
S21404E1C400000000000000005BC903005055002056
S21404E1D40D300300993102000946040000000000D3
S21404E1E4000000000000000000000000505500205D
S21404E1F4D1360300000000000946040000000000B5
S21404E204000000000000000000000000FFFFD0072C
S21404E214B80B0000FFFFFFFFCEFAEFBEFFFFFDFFC3
S21404E224FDFF0C002C01001E2C0140068000102764
S21404E234FFFF04F8FFFF0C0000000000000040008D
S21404E244FDFF2C019C000000FFFFFDFFFFFFFFFF06
S21404E25460EA8000800010C1CDAB0A013201FFFFE2
S21404E264FFFFFFFFFFFFFFFFFFFFFFFFFFFFFFFFB1
S21404E274FFFFFFFFFFFFFFFFFFFFFFFFFFFF01FF9F
S21404E28405FFFFFF0101FFFF0201FFFF640250FFC9
S21404E2940F010208031E0605021601010A0C0520D6
S21404E2A407051010010F080410010601010104FFFC
S21404E2B4030101FF0C01FF405AB47F0150403000B3
S21404E2C4FFFFFF0B03FF050B0101FF030103050218
S21404E2D40201FFFFFFFFFFFFFFFF010102FFFFFF35
S21004E2E440FF0101BD4C0000954C0000FA
S8040079057D
